real;imag
-115;223
-190;-284
255;-189
195;-178
-118;-147
-188;159
167;217
229;197
-163;147
188;-174
189;-152
185;-240
163;189
-194;-199
133;168
-168;137
-172;119
-165;185
196;-150
-178;238
221;215
43;-249
167;239
176;240
-110;-217
-140;-234
-241;-168
175;181
111;181
174;-146
106;-163
213;168
-242;228
-112;278
171;174
-169;-207
190;-201
177;-212
-111;221
-182;190
-172;-189
159;221
199;144
156;-177
-125;-142
172;-190
91;162
149;-148
140;-187
189;111
154;-136
85;176
-189;-173
194;-159
-151;137
-153;205
-138;215
165;205
142;-215
228;159
188;-191
-175;195
222;213
-149;123
-159;172
170;147
-200;188
147;165
-235;196
220;-215
-185;206
214;-169
140;187
-217;-184
169;-186
122;-114
-240;179
203;-158
176;124
215;-148
176;196
199;160
146;142
-163;170
167;-186
193;-141
187;-176
187;-158
143;158
217;161
-137;-172
-198;-193
-207;-209
-176;152
151;-299
-218;-177
-219;147
198;-186
-117;189
-120;-122
-200;210
132;261
-225;201
-176;164
-229;93
181;203
-178;-74
242;-155
-130;218
-232;266
163;210
-145;216
197;-281
-144;-158
-143;230
-158;-189
-202;-194
254;152
117;198
207;134
204;179
-228;-195
-176;-166
140;-183
152;204
-214;-182
189;210
-212;236
-173;-182
-144;-191
-188;142
-185;213
-158;161
236;-149
-114;-258
-205;161
-221;-155
113;117
163;148
-197;223
-198;161
-148;207
-183;-149
215;212
-159;-183
-177;-174
155;227
-183;-196
-180;177
152;206
197;-200
-156;192
-177;-143
248;-259
-224;187
111;-187
-266;-240
-241;147
160;-112
185;151
237;-149
-160;-132
-243;-253
-200;167
-171;-130
-163;-199
164;178
-170;-147
129;168
-185;-166
-130;-184
-163;168
191;-201
146;-151
158;-263
193;188
195;-185
193;134
-128;162
178;178
128;155
196;192
-154;-182
174;-122
155;-142
-147;184
193;174
180;227
-193;-222
-177;144
-176;-190
-172;163
-143;-189
-205;-201
-210;190
202;-127
126;-185
178;156
-162;-228
-238;-220
183;164
-189;-220
176;-167
145;-204
192;-77
242;-149
192;-192
193;-161
-216;-203
-230;180
-178;172
239;-210
-254;187
-205;-286
123;190
230;231
175;-204
-158;-181
207;-120
-131;162
176;198
163;-119
-175;-240
-245;118
152;161
-193;-161
-146;-194
-178;-138
190;207
-215;-121
-170;-117
-237;223
137;171
183;-179
-261;-165
-198;-144
177;144
132;156
-186;183
-228;-160
-192;141
170;152
-181;114
-174;257
196;-101
171;188
140;189
-191;137
-254;193
-161;-161
-162;116
-184;224
138;-77
180;162
164;237
229;-146
-186;-195
-179;-225
-155;-128
-191;181
-208;-205
119;143
170;239
193;-174
-172;146
154;178
125;147
108;-145
214;-156
-251;184
216;-231
-160;166
185;209
-227;-123
169;133
-199;-198
143;165
-173;-159
-173;-199
172;-154
164;-217
166;-170
200;-120
-175;213
186;163
146;207
-114;163
-262;-176
152;189
173;207
-180;-84
223;-166
-189;-201
-192;-251
181;-139
274;220
201;-137
264;-169
-173;146
152;194
245;165
-143;139
137;189
195;197
161;-192
-198;-173
193;159
-213;118
-194;199
-140;286
144;-146
198;99
209;146
175;-210
206;175
200;-186
-211;162
-198;-162
182;-211
-193;-202
104;147
248;233
-207;248
-196;-192
210;-198
-106;226
-124;184
191;-164
96;-155
139;174
267;200
168;124
-234;193
197;-206
-171;-194
-114;132
-205;247
-209;-221
-126;-183
-170;233
-195;170
163;-150
-252;166
-200;148
-199;-94
-180;122
-164;155
215;-206
-260;135
253;202
-212;219
255;210
197;243
299;-149
-199;-211
183;247
-166;-192
-212;-211
160;-230
-205;-173
-168;-214
-66;212
126;191
-193;-180
-221;177
190;125
-220;-183
-216;-167
-101;158
122;-218
-180;136
124;-191
-163;164
196;150
228;169
247;189
-202;-122
-137;-170
250;133
-135;-154
-164;171
-183;-146
-167;-155
-236;210
132;-190
127;-176
155;-193
190;-179
-171;129
140;-168
188;192
191;-203
-184;202
176;162
158;-175
-186;207
116;-250
-162;167
-248;-210
-176;175
193;-166
-231;-160
152;222
223;-156
210;191
113;-199
-252;233
-217;234
-196;167
146;-245
-210;-116
-181;170
-194;-181
-252;204
154;-221
165;-172
-167;-182
-206;-198
-148;166
157;-157
229;196
182;141
-202;-165
217;-217
-198;162
-169;-140
-149;-152
-208;-215
-179;-188
-191;-123
231;-144
228;200
-152;-221
-233;-152
192;136
215;173
214;159
215;267
-179;234
-144;161
-155;208
175;141
171;-207
-142;142
-264;243
-218;243
159;-152
-194;124
176;-168
190;-191
171;-149
-267;-180
184;207
164;227
152;187
162;-176
-237;197
-143;-219
-152;145
144;-163
-236;149
239;-183
182;214
205;-185
-200;-159
-148;-154
-231;208
-240;-188
142;-105
-171;-228
135;-225
-195;-256
-239;218
-187;204
-145;-222
179;-197
-201;208
215;204
176;-167
-214;-163
185;173
137;-257
-178;-119
203;-174
198;159
255;174
-146;131
265;-189
-143;245
207;97
-211;-198
-195;-196
249;-261
-197;-158
144;210
-211;194
195;-202
155;-120
169;112
165;-206
104;-144
151;-196
156;154
179;-114
197;213
202;-159
-243;-174
-125;228
235;-191
-193;-178
-128;-175
149;-179
-211;216
-214;-186
-206;-201
214;173
-141;-209
205;-175
188;196
-173;189
237;192
182;-146
218;284
222;195
-193;-214
139;214
-247;145
-175;196
212;188
160;-196
-195;158
-201;-219
-169;150
-221;195
-203;152
92;176
-106;-143
161;113
150;-210
153;222
212;168
244;155
-165;211
118;-173
-186;179
141;-160
150;-189
-168;-177
140;148
-179;146
164;-187
-175;149
-259;228
194;-199
211;202
167;-146
189;-180
239;215
-215;157
-139;164
-203;-293
-184;172
254;-194
-190;-196
193;212
222;-222
-156;208
239;-163
188;182
162;191
112;-126
169;187
-113;-138
-169;-170
-162;-200
199;157
-195;-140
-150;171
-119;-242
-129;-142
-252;-182
-117;158
161;-175
-150;195
-180;187
-129;-204
154;144
-188;173
196;189
-165;-226
-248;196
-197;-219
-222;-167
122;236
-182;195
200;224
-206;196
-215;-167
-204;224
241;-222
-240;-197
-229;-232
223;-207
158;249
-245;-246
250;174
-228;-168
228;241
-168;191
-228;229
84;-197
150;-195
-193;182
125;-151
-190;189
-133;-145
-184;191
204;138
276;-186
178;-125
-210;-233
167;233
-217;201
237;224
186;248
-222;178
194;197
146;-207
171;-206
150;253
-206;-196
208;133
-169;161
177;-202
-186;168
102;-139
-161;-121
193;182
187;201
-159;172
200;122
233;-195
179;-144
237;176
193;118
-174;-187
197;-149
-170;-140
-135;-207
100;185
200;-106
-186;-246
194;-143
199;210
-196;167
-145;184
-172;191
-192;198
-222;-259
-203;187
-267;-154
-222;221
-242;-206
208;-143
-231;-251
196;-178
-186;266
-211;188
-153;-170
198;-237
120;145
157;196
-209;-201
145;-212
184;-169
-201;-124
-214;-152
215;-190
-146;-282
122;155
194;-135
-265;-192
-232;101
152;139
225;139
178;161
-188;156
180;223
242;190
-155;-224
-167;197
-124;-193
157;-185
137;-238
-193;-170
-230;158
228;236
135;201
-135;228
244;-248
178;-223
177;-169
251;208
-151;-240
210;201
-142;80
-221;209
-147;183
196;-164
-177;239
134;230
182;-135
180;149
182;190
-201;-144
-218;-120
-245;-193
158;133
173;185
159;-253
120;-156
177;152
-218;219
-147;187
226;149
-175;-179
226;-263
185;-193
-166;174
-182;202
-140;-152
176;207
174;276
197;-190
-200;-271
198;-197
253;229
185;-258
202;-157
267;226
122;-218
174;203
-220;-257
159;-206
-60;153
-223;249
-175;166
200;157
199;-260
162;232
144;-228
-148;212
191;196
-178;137
-206;200
208;120
-276;210
253;188
-196;276
200;-172
-229;195
161;-177
147;222
-259;-179
98;-187
241;-142
-238;282
190;-234
167;160
169;-158
180;161
226;170
219;171
-146;242
248;-199
176;-212
99;-269
133;-233
194;127
165;137
-167;-168
-205;-205
-261;-185
-203;232
175;-179
-155;-172
-198;215
209;-191
-249;190
-172;-226
-228;113
250;184
-189;228
-189;266
-168;113
185;218
-120;-266
166;-184
-143;193
-197;216
223;160
-215;186
217;-216
-238;-237
-187;132
-155;-204
-173;-146
273;186
134;229
207;249
233;167
-139;-150
-175;-187
156;-230
270;206
-178;-123
288;153
-199;242
-192;-209
-222;-110
-181;243
-242;180
-169;111
153;-204
-187;-197
-92;216
-180;-200
161;162
105;205
-205;286
-167;248
-162;190
-214;-152
215;189
-271;-144
-229;-90
174;151
-219;-186
-173;159
204;189
153;-155
-149;226
-221;-200
200;-208
-207;129
231;-251
-130;-190
-225;289
208;-222
203;232
220;-207
-134;-173
-215;-138
-186;221
-260;-228
-141;-187
178;161
-164;-257
147;192
-219;-256
-242;-197
-147;207
217;-244
177;-158
205;-148
208;125
153;-218
178;234
-157;182
189;255
209;240
178;167
-230;-227
277;-215
121;-200
-176;125
201;120
206;178
-252;-183
-157;183
-167;-218
-184;213
-213;-181
-316;-140
-112;170
175;-187
187;-160
151;138
-227;-163
-172;-186
290;183
-282;-224
161;-203
165;-281
190;-185
122;-233
146;-228
160;-246
-256;-157
-143;263
-252;194
143;-182
-158;229
-150;-218
218;179
203;149
160;-198
-217;-216
207;-200
-206;211
248;256
216;-203
-198;-261
-219;163
146;193
-244;-192
-184;-206
-161;-207
164;164
-153;-229
-191;-218
-159;187
125;227
215;-177
-173;-193
-247;-176
233;174
200;252
-226;148
-153;-163
-198;236
183;267
-167;198
-178;151
205;-168
140;169
202;226
-205;194
-194;218
-217;-233
-168;232
-172;191
183;-254
260;118
265;200
209;-275
-173;-146
-133;-194
-212;-169
-239;229
-198;-156
186;206
178;101
139;-203
-171;256
201;145
194;176
200;-207
187;-207
-163;208
228;-141
-192;217
99;191
-203;-218
202;142
-228;-197
166;145
-205;-117
-151;-157
216;-197
98;-177
160;-142
101;-113
-161;112
160;187
126;159
-166;151
-161;-139
138;101
163;230
-174;-157
115;-144
-164;-124
-242;-139
103;-207
215;150
158;-192
187;-248
-105;114
89;61
108;268
-236;122
215;214
165;178
206;-124
-158;-202
154;224
-240;149
-174;272
-162;233
203;-122
164;163
192;211
244;-163
196;185
197;-194
-84;194
-161;-150
158;-197
-228;-156
224;227
214;190
-118;143
-123;-147
84;-139
-142;133
-170;130
154;-115
177;-171
114;126
181;160
153;226
-148;173
156;-190
-117;-170
-148;172
-88;176
-105;-150
-152;-140
-140;177
-134;163
124;-177
-162;196
-221;199
-220;-140
-157;202
-168;201
184;-153
-101;208
146;134
-185;204
163;100
170;116
148;-198
-187;-80
248;106
-183;-169
-251;-113
131;-179
-191;-162
-202;-202
-318;169
143;197
-132;-237
-231;113
158;184
-177;-142
-192;-160
-195;193
210;-149
-159;250
179;-237
-192;265
198;190
177;190
171;211
-160;-136
-197;-191
209;184
-153;-247
-167;148
-113;-68
-171;-106
-201;205
161;-147
238;-151
127;-156
184;-149
-241;177
168;-117
120;235
148;-124
-148;101
142;162
109;-141
-224;147
249;-176
-139;160
-140;-157
-162;148
128;-205
-179;-219
221;181
163;-179
174;155
103;-254
-169;162
-151;233
-223;191
151;-186
-207;-137
-207;175
-234;-130
-170;184
164;-241
189;-233
-193;-129
-252;-190
-200;169
123;-178
201;241
161;241
-144;-155
144;-107
-184;114
-137;-198
-136;-261
-191;-192
-180;-176
-204;-244
206;-204
208;177
-197;-146
-128;-203
225;218
178;157
119;191
140;201
-257;185
-216;146
-169;211
133;215
155;-209
-181;121
-148;176
-131;105
166;-186
-137;157
170;-101
234;-172
177;-135
-134;-107
143;146
122;150
158;121
207;-145
-202;141
-244;-196
-176;152
136;-128
-189;187
188;-175
174;201
181;-188
-236;-139
-300;-164
-174;171
-285;-143
179;-208
-296;-116
172;-241
-179;-123
-97;194
-157;176
-206;-217
145;-257
-145;185
206;102
184;-170
-206;-184
93;240
256;-161
-115;-208
174;-136
143;227
131;206
-131;195
211;-82
-210;223
141;180
-190;-132
-164;-186
197;-244
-123;-232
215;159
-242;175
160;-196
144;-230
158;169
227;-182
177;-227
144;-155
202;138
170;-147
144;180
126;-187
-132;-98
-164;135
173;-155
-161;-160
-124;-188
196;-135
-173;224
-84;-150
-133;-182
200;192
-201;-140
136;-179
209;158
-156;147
186;239
137;-174
217;187
196;176
-197;-189
177;143
-172;192
-118;166
184;168
88;-184
-162;198
-209;-161
-88;207
-185;193
-167;184
180;108
-161;-147
139;157
146;-152
178;145
160;145
206;126
-192;180
193;-146
-102;237
179;-214
162;-205
-174;-226
197;194
-159;225
173;-190
-239;183
-223;211
214;-169
139;220
189;-282
243;-222
148;125
-228;170
-160;108
-187;-174
-167;204
170;-207
-197;-161
227;143
199;-227
-211;195
198;-182
166;199
151;243
158;-190
198;62
-212;-169
-224;-155
-169;-137
179;146
-157;-163
-161;195
-219;-205
-175;-95
-200;-159
-179;233
183;-202
-133;182
-182;246
-189;-128
195;169
-233;241
136;163
-181;-178
-233;156
-242;-188
-212;-158
214;203
-168;205
236;154
-239;183
-210;-142
-262;168
186;-214
-176;-192
-159;-161
193;-198
210;135
-100;-165
244;190
-142;-196
184;137
-194;173
-133;96
148;-164
147;-124
-88;146
119;-161
-150;258
-137;-163
-166;200
167;159
180;-193
170;-198
-216;-162
193;123
-173;199
192;194
197;182
-179;264
196;145
208;-116
161;-198
144;207
-195;-168
174;131
-133;203
150;-208
-187;252
140;-123
-173;-149
216;211
200;190
-168;239
247;162
186;-212
162;-170
270;147
237;174
-207;-167
213;-232
-184;-106
-129;-163
163;171
175;-220
-212;-168
144;-210
150;127
-238;134
-211;169
-173;233
-93;163
-181;-193
-235;203
-209;-142
-194;198
-133;-235
206;-188
-172;-176
165;-198
-199;163
-174;157
-195;-145
204;-140
155;172
173;178
-221;-124
164;-167
208;-204
-200;-166
-87;-121
141;-181
-221;-94
262;149
182;-174
-204;-137
-156;200
165;200
149;213
155;186
-137;200
154;258
183;221
-168;-118
-221;96
-119;-166
193;-192
143;-129
-199;-204
-159;176
128;151
142;206
-208;195
147;-215
188;-202
166;-259
168;260
-162;-193
201;163
-165;187
-167;176
-220;202
153;-176
-172;211
229;163
239;-184
224;244
188;145
-132;-168
-161;-161
-213;-173
172;153
159;155
201;-253
122;-68
164;199
-149;180
-181;139
185;203
-168;-271
165;-118
170;-106
-155;175
-204;190
-125;-152
157;176
223;232
228;-135
-185;-182
196;-174
208;218
125;-240
151;-258
140;209
216;-193
259;241
-213;-232
197;-249
-209;132
-209;199
-156;195
216;225
167;-142
160;206
225;-152
-181;219
198;169
-194;145
-172;211
180;163
-153;169
195;138
-219;152
185;-160
-165;186
145;-203
132;155
-175;-201
209;-200
159;-210
-180;219
134;-182
134;182
241;-206
181;210
159;149
170;212
-203;196
240;-113
169;-281
146;-172
189;-209
270;175
209;159
-136;-202
-144;-167
-163;-179
-138;150
114;-270
-199;-129
-198;150
167;-171
-168;181
-190;-167
-225;211
135;191
-168;205
-239;57
-263;173
184;228
-250;-176
190;-172
-164;133
-224;144
171;187
-221;212
216;-221
-273;-200
-186;218
-151;-222
-292;-234
246;150
155;240
214;180
167;254
-267;-203
-162;-169
237;-208
167;152
-211;-269
259;177
-161;132
-167;-180
-129;-129
-216;152
-184;163
-137;172
108;-138
-211;-232
-154;178
-222;-182
194;153
175;303
-189;190
-175;252
-194;188
-169;-124
110;197
-268;-204
-195;-170
202;204
-186;-182
-135;218
177;178
162;-113
-231;178
-180;-201
181;-70
-146;116
119;-119
-164;-188
-155;226
137;-182
183;142
190;-262
-176;-195
-173;-160
-214;173
-200;-192
-205;-254
261;177
-148;-293
206;226
-206;-200
-229;-185
-216;199
197;-215
196;-182
195;-163
206;162
210;-193
203;171
-201;180
165;137
169;146
180;211
-193;-156
272;-200
145;-197
-192;210
202;186
224;161
-201;-169
-239;210
-213;-163
-248;191
-222;-169
-144;-183
-205;240
209;-187
151;-256
169;169
-254;-235
-222;-157
117;236
-182;-190
152;-220
195;-240
184;-191
193;-205
157;-239
181;-177
-209;-188
-165;229
-235;177
168;-142
-181;220
-176;-168
169;146
190;172
158;-264
-207;-83
209;-195
-192;148
213;202
153;-114
-221;-222
-169;199
191;246
-102;-183
-188;-179
-192;-159
179;210
-186;-202
-168;-227
-226;230
170;263
235;-177
-191;-174
-190;-175
153;194
244;156
-165;227
-212;-172
-184;146
72;200
-216;212
-148;161
172;-171
163;206
240;174
-163;177
-227;191
-169;-88
-191;182
-197;182
122;-160
136;151
147;155
210;-248
-259;-179
-146;-102
-232;-166
-173;159
-224;-163
135;153
163;121
184;-192
-202;177
148;210
164;189
179;-245
186;-155
-194;191
198;-89
-161;163
161;176
-188;-144
121;205
-142;-172
154;187
-150;-264
-184;-220
136;-151
212;-172
223;-219
183;-123
-218;238
189;198
208;140
-158;193
-214;-163
222;169
201;115
-215;-152
161;-154
-152;-127
-184;-169
110;-115
202;106
147;-143
173;-193
-149;155
199;135
166;180
-155;125
72;148
158;146
159;-157
-175;-163
175;128
-203;151
-241;105
-214;126
175;-121
136;136
160;268
187;-158
117;190
220;-108
-202;127
-162;-156
125;-177
-132;-206
220;202
198;144
-213;165
-178;-117
219;-161
-203;196
-234;165
203;-112
250;-175
157;139
209;165
233;154
-106;203
243;-195
-200;-111
-150;195
-202;140
-193;-169
-202;-185
-211;189
-150;175
154;-136
-163;184
-149;195
-189;-95
-133;222
-122;199
150;-126
-137;151
176;146
-121;189
194;156
206;134
154;-160
-195;-120
198;87
-209;-190
-148;-145
131;-158
-229;-132
-173;-138
-171;115
116;147
-110;-170
-169;149
171;156
-137;-164
-184;-181
-180;113
185;-176
-201;127
164;-115
-187;224
86;137
151;201
182;201
-201;-159
-132;-163
91;120
-142;-183
-205;218
-177;-180
-151;-157
-192;102
256;-225
260;-202
130;-192
180;-219
-221;193
249;-258
213;275
127;-189
-257;195
153;161
159;-160
-207;262
176;-159
-102;198
-153;-104
-149;233
162;-217
-180;-143
152;127
187;-115
155;148
72;-168
-169;137
-107;161
-152;156
190;-202
-171;-98
-58;143
-168;-132
-117;150
105;-158
85;-123
-190;-117
-138;-217
-141;227
118;-201
174;107
98;174
-109;-179
140;-198
-220;133
-152;-137
-147;-125
-142;-197
-143;-177
-185;-217
227;-141
100;130
-211;-211
-124;-192
137;224
168;186
135;197
215;251
-212;182
-256;194
-199;152
158;170
197;-172
-153;210
-135;205
-282;239
223;-220
-196;223
145;-174
158;-227
177;-181
-230;-208
214;242
128;90
136;266
224;-196
-189;164
-162;-166
-177;224
189;-225
-179;99
149;-171
145;136
121;-175
-154;-130
-189;-127
-104;183
-159;-153
198;-191
-205;-138
122;-193
-197;-74
-108;146
-160;188
-187;-170
171;-173
-87;170
124;177
132;-190
-138;-164
149;236
215;-181
-182;-166
114;-143
122;161
128;164
-169;160
173;-163
-176;181
95;190
-118;-170
-153;-180
206;-79
-206;-184
152;214
-155;190
266;-180
168;-201
178;162
104;-214
286;-219
161;-216
152;228
187;-216
191;258
195;-180
-168;-194
-170;211
113;-241
-228;-176
-150;-192
152;-264
-160;140
-152;-137
-130;-224
248;190
-185;-188
133;-163
149;171
-226;213
175;161
172;-187
107;113
160;178
-132;-100
184;111
-157;166
-141;116
184;100
124;-176
-124;162
-143;-88
-211;171
-115;234
-142;193
195;114
-183;-152
162;134
146;-197
173;109
214;148
188;270
-191;182
259;-245
-173;162
180;-161
178;-151
-174;-204
210;183
-217;174
133;-231
-119;218
-130;180
181;-271
216;191
167;-114
156;-159
233;206
-185;283
-256;205
-187;-130
-189;178
193;-206
-182;-241
219;211
209;-207
-277;168
251;-164
176;254
125;213
211;-217
264;174
-240;-169
-237;-165
-181;-286
159;230
-173;-194
-176;113
-191;-173
-190;-204
-163;-154
-163;193
191;-187
-195;207
-218;156
-206;-146
134;171
-201;156
102;202
-197;-148
-194;202
-187;-127
-156;-130
226;135
-210;139
188;157
-165;239
-210;-165
-217;150
190;-152
-214;-217
-179;-128
180;-188
179;224
-130;-134
96;217
-174;-148
98;174
-127;216
-233;212
203;-174
196;-226
-200;204
237;-136
-219;143
-231;-256
-161;168
257;224
186;-152
223;-196
-150;-211
179;190
-199;147
129;175
202;133
-205;113
177;224
156;-157
189;-119
156;245
-257;-177
284;155
-222;196
135;-224
-200;183
193;-205
-191;-210
155;160
130;185
-173;205
200;199
202;-216
165;-226
206;209
216;162
-171;-188
191;-156
-106;-197
-167;-195
185;119
191;-185
-183;-183
160;-177
196;112
-116;260
-189;161
-175;217
-155;122
-188;-234
-141;205
-220;-154
-166;159
-216;-213
148;-223
-203;-210
139;-161
-166;206
-219;145
-188;-218
170;-123
191;231
184;139
-165;-163
138;-219
238;-219
-204;-211
-207;-159
179;-214
-224;-180
191;218
148;-128
-229;-222
-234;87
191;251
164;187
172;247
-230;164
72;216
166;290
-123;-217
-202;157
-216;-170
125;-196
118;-145
-180;-136
-133;241
165;177
229;190
-161;182
130;-143
210;-162
108;-163
106;188
-124;-238
174;212
-229;180
-160;143
-163;199
186;-138
-173;177
166;148
165;-112
202;204
142;176
-176;-206
-175;-191
-283;-177
197;144
138;126
114;-145
122;-225
180;197
-181;167
-145;84
160;177
-220;-219
176;-129
165;-162
-161;132
-218;238
-171;-110
142;209
153;189
190;-153
-151;-130
174;-136
132;202
129;-158
105;-154
198;173
190;-217
194;145
-183;-166
149;-96
-159;210
-238;155
-160;125
133;117
195;-210
182;196
144;-202
-190;201
196;172
-142;184
-184;192
158;129
-145;233
216;231
-196;144
164;-179
-123;210
160;-219
228;201
-181;-233
152;-210
194;-190
-203;191
177;-211
197;174
151;-204
171;188
202;164
168;128
-181;124
163;-196
153;-175
192;-171
180;-166
171;94
182;86
-184;-232
-228;-161
-130;-201
-194;175
155;-214
-209;-135
-143;134
163;-181
-71;214
-170;-186
-193;197
153;199
-139;201
-107;204
-165;246
127;215
-232;-254
192;-205
-218;156
-145;159
168;223
-212;217
151;-126
-160;-158
-168;166
-116;-242
-185;-204
187;149
168;230
174;197
197;168
-164;-252
-200;-137
110;-209
129;202
-161;-195
211;271
-209;195
-213;-218
-171;-182
-170;135
-218;210
-155;198
201;-156
-206;-230
-222;193
-172;-166
190;183
218;211
-204;177
-246;207
-214;213
-202;-161
148;175
-165;-192
-156;-155
151;188
-163;-171
-119;137
224;161
187;-219
-195;155
-151;-213
131;-114
-254;192
198;-210
-171;-169
-242;161
167;-189
177;239
163;-164
-215;-113
-146;-165
-233;163
-167;-141
-139;-149
174;246
-135;-129
115;118
-178;-173
-127;-128
-131;155
164;-192
154;-164
177;-140
146;169
170;-158
170;127
-178;163
152;201
134;126
170;172
-133;-183
169;-190
133;-212
-174;153
177;211
185;175
-91;-226
-155;143
-190;-185
-196;179
-141;-195
-234;-167
-185;150
242;-203
280;-146
137;109
-249;-208
-181;-157
105;157
-135;-189
108;-178
146;-137
223;-103
177;-112
155;-108
96;-108
-161;-207
-107;194
-185;191
175;-217
-131;189
-145;-145
70;177
243;183
196;-179
-157;-134
171;-177
-197;145
242;177
120;-128
-149;-134
-221;188
148;119
-197;-226
-164;-217
-179;-212
137;145
-96;-198
-99;-218
-196;151
243;257
206;-118
-193;-157
-165;-158
81;91
152;187
-154;172
-192;-163
-160;175
150;205
-93;168
-129;200
119;-195
174;142
211;191
-131;185
-189;162
-180;-154
-143;140
-98;202
161;-186
155;186
177;188
161;-185
-150;-153
-209;-205
-202;-152
-144;234
-195;-153
241;212
217;178
110;-175
-122;225
132;176
162;114
218;-237
127;-173
-131;101
148;-235
-154;131
180;230
-218;-133
230;135
-124;-130
210;170
-206;-191
-171;-184
155;-261
103;-140
179;-182
188;-205
-143;223
182;178
220;125
-203;217
-249;-194
220;171
236;238
-139;-242
180;-273
-232;-192
-188;-175
144;-167
176;152
184;-124
154;-137
-118;154
95;165
189;176
-209;173
220;141
189;186
141;-249
-202;-158
161;110
-169;245
-171;168
-166;259
188;-205
243;233
277;151
174;-238
212;212
203;-222
-138;153
-160;-189
121;-195
-221;-173
184;96
169;190
-156;220
-145;-195
172;-187
-203;164
-177;168
213;-164
242;-158
133;181
239;180
126;173
-100;147
129;-188
-171;-182
-170;163
-157;154
-164;-196
-178;-189
-194;212
-210;116
115;-190
-197;166
-221;139
-235;-161
-166;107
-204;237
168;-135
-193;191
138;161
-153;176
183;236
180;173
126;-196
-159;-140
189;125
-176;-190
-130;-182
125;-122
-201;-144
-221;-205
-166;131
170;168
-208;-144
-98;181
242;130
-181;-164
-277;-159
-216;272
193;-191
-157;207
166;-162
-215;217
230;198
223;189
190;239
-165;-156
-184;-162
207;133
-186;-173
-181;208
-128;-192
-162;-217
-206;126
211;-207
155;-177
233;-144
167;-128
-164;206
181;-140
181;175
165;-143
-151;179
128;178
202;-168
-184;231
129;-198
-130;219
-174;-166
-161;114
214;-219
-172;-161
122;141
172;-185
194;175
196;-204
-206;138
-181;176
-200;157
146;-133
-174;-204
-186;146
-210;-189
-171;154
171;-154
227;-178
-118;-131
-196;-123
-113;239
193;-168
192;162
243;109
-193;-138
136;-144
-149;232
-216;-183
-206;-211
-168;-196
-211;-203
-192;-243
140;-218
199;250
-208;-125
-146;-217
159;210
242;146
200;190
173;196
-203;214
-105;179
-165;188
190;194
196;-209
-150;185
-201;153
-122;143
107;-134
-186;216
230;-238
222;-174
156;-162
-208;-184
146;190
193;126
185;147
241;-154
-158;160
-185;-186
-184;193
202;-198
-179;205
216;-230
147;162
195;-182
-150;-155
-257;-221
-224;165
-191;-171
203;-249
-197;-148
209;-197
-188;-90
-155;177
-174;141
-192;-213
184;-181
-184;140
152;173
230;-201
-182;-188
164;82
186;-146
-193;-209
199;-182
236;153
192;197
-147;276
179;-235
-172;201
219;188
-189;-263
-214;-193
137;-239
-186;-180
241;170
-195;157
145;-194
194;-220
185;196
255;-183
177;-182
170;-252
197;163
235;-229
168;172
189;-191
-147;-143
-168;140
138;-199
-139;-218
-121;-183
111;-118
-177;159
-217;-151
-195;-228
224;203
-219;-193
207;-220
151;198
-130;209
169;136
190;-217
181;174
229;172
-240;-163
243;172
-184;180
-121;188
138;168
194;-216
-211;147
-222;-198
-176;213
-172;189
-179;163
152;121
-179;-174
153;160
161;-170
217;180
224;154
175;184
-173;194
201;-170
-168;171
174;-205
254;-196
-196;-244
211;184
-178;157
184;-172
-177;224
-223;196
198;-188
106;126
229;-165
223;-157
191;189
-188;205
-263;114
-207;-190
-116;207
184;-191
-187;-100
190;159
162;-184
-171;131
133;-210
91;144
190;146
230;-183
167;174
-182;-139
-243;-149
-193;-163
155;183
-165;-226
-176;136
-204;-217
-191;-138
-133;-144
-152;95
227;-178
-245;228
-214;211
-227;-158
197;205
-181;202
257;179
-245;-169
-188;178
-273;-112
-173;-204
132;146
-204;199
199;151
-134;209
-183;-163
-109;179
157;-225
-196;-156
-170;-160
200;-191
58;143
-155;-120
270;181
-161;-163
193;189
-116;203
-284;132
177;-217
203;-96
-190;152
169;-191
-133;202
-204;-134
-137;107
223;113
225;-206
140;-149
-221;-123
139;94
-79;117
177;161
145;137
-149;166
176;251
140;-177
178;-183
161;202
-227;-146
183;181
-187;113
261;-167
-277;166
124;-204
-221;-179
187;200
153;116
-241;174
176;160
129;-133
115;-249
216;107
169;226
-171;-144
132;-199
-197;-301
-245;-179
220;152
138;-242
-197;-173
179;-137
211;140
-96;184
-239;212
-245;135
-186;250
-201;-169
-239;212
-171;-152
-168;219
-135;-165
228;-130
-155;-187
191;-158
-201;213
-229;154
-214;-237
239;-222
149;214
169;227
-166;-135
133;-199
158;-199
-132;-144
-132;-168
129;-210
-132;-153
135;148
192;-144
-135;-143
-208;179
150;116
158;89
186;161
-155;192
173;136
152;154
-133;-174
-159;201
-222;-164
112;-185
191;-212
-185;-187
-155;192
107;175
155;184
-189;126
244;-199
220;-165
219;-170
173;190
-150;-251
160;140
-149;141
-142;154
-231;203
182;-138
-149;213
199;105
168;-232
172;188
158;92
-236;-215
-196;-163
-96;-130
124;185
147;241
187;-136
142;-171
222;128
-243;176
-199;206
171;163
-198;-204
111;-281
209;-156
-153;197
-147;205
-244;-163
109;144
273;211
189;-235
-212;-161
204;-216
177;177
129;-166
125;-228
191;188
187;-169
185;204
-130;-176
208;-187
-115;203
-115;193
-139;167
182;194
166;-214
135;167
192;-148
-190;157
205;147
-202;130
-181;214
169;192
-194;208
177;148
-235;137
174;-170
-210;134
196;-184
162;232
-178;-161
188;-255
160;-158
-156;126
117;-202
191;192
197;-170
161;185
168;153
162;218
-178;176
95;-127
278;-120
137;-229
270;-217
180;230
189;166
-203;-151
-243;-286
-211;-199
-239;200
230;-223
-162;-172
-220;244
217;-221
-201;146
-165;-193
-218;151
199;213
-204;133
-233;203
-146;191
172;213
-168;-129
165;-202
-178;211
-176;181
218;187
-113;204
155;-140
-156;-178
-175;146
-226;-190
-160;-196
226;179
149;186
167;191
191;130
-149;-165
-209;-157
194;-154
202;238
-217;-171
199;191
-212;203
-150;-159
-171;-122
-125;137
-204;186
-222;132
145;-163
-229;-138
-204;142
-176;-174
159;220
157;194
-172;155
-197;119
-178;202
-146;-239
131;197
-118;-157
-196;-171
171;190
-206;-199
-173;145
178;198
169;-213
-197;191
-216;-144
242;-200
-159;189
190;-189
-201;-247
-185;255
251;-181
134;155
132;-152
-235;-234
-202;-163
-219;204
-164;-190
-167;-125
157;137
-191;-205
114;144
-196;-192
-127;-172
-211;143
152;-191
134;-208
224;-219
167;167
181;-196
141;105
-224;113
127;160
173;147
142;137
-157;-190
151;-196
211;-214
-122;183
200;149
101;146
-144;-189
-182;196
-194;-192
-145;136
-134;-120
-122;-203
-186;125
166;-172
194;-208
139;188
-141;-104
-175;-180
146;171
-196;-102
225;-185
202;-205
180;-133
155;-75
173;-185
226;-172
-216;-161
-233;241
-233;252
174;-205
-238;264
-132;-188
155;247
157;201
136;-292
-158;-310
127;-250
-213;191
178;190
174;-197
-177;-214
-152;154
168;175
-147;-158
-230;-187
-213;-117
230;187
-155;-140
-178;-150
-159;195
85;164
170;-202
-117;-172
-184;-173
162;150
183;198
-162;184
-184;-199
-171;126
198;126
-216;189
-178;162
129;-177
150;198
236;102
-201;163
-154;204
-182;-147
-138;185
-178;133
160;-126
226;84
214;179
175;-160
-211;-197
-159;-141
-221;-160
-189;181
-133;-195
193;177
130;194
179;-167
-154;170
169;196
135;195
215;-105
170;-182
-193;114
147;-246
-177;199
243;157
-218;-248
265;179
-186;-189
200;146
-134;-166
-191;-202
184;-228
187;-264
161;-277
181;-164
-156;158
158;185
168;130
-219;202
-157;-179
149;165
175;155
-180;-170
229;-180
-214;-160
-238;-157
251;-209
197;223
197;-233
209;-225
-195;131
225;221
265;168
-144;160
181;176
217;189
142;-222
-122;-174
226;175
-240;172
-102;207
-130;152
197;-225
188;158
230;158
135;-112
160;190
175;-200
-160;197
-138;-140
194;-113
-173;-155
201;170
244;143
-198;153
-168;-264
122;-145
-188;180
-170;187
177;-117
165;-184
187;156
145;155
192;145
-147;218
135;-231
-146;-192
-213;208
-178;172
-200;-209
-187;-193
-210;116
-219;229
189;-144
-160;194
-135;197
-201;-246
-237;138
-271;204
217;-169
-263;230
224;183
-234;163
189;169
207;194
198;-184
-177;-173
244;115
-272;-149
-277;-105
229;-254
-231;-159
-144;-160
-168;334
205;219
-170;-189
-138;188
176;106
-189;-175
-159;-160
-175;195
200;-229
-136;176
161;-194
-182;229
233;179
198;199
216;173
-247;-142
-182;-121
200;135
-174;-182
-149;252
-199;-173
-199;-173
-164;188
117;-158
256;-171
209;-194
255;-160
-174;176
197;-196
164;202
173;-154
-191;184
156;208
260;-191
-201;117
228;-141
-179;170
-204;-232
-116;175
223;-146
-120;-189
270;171
212;-217
187;248
190;-163
-191;180
-174;170
-291;204
249;-217
-166;-179
-277;211
-240;-209
-148;201
126;-178
267;-188
-170;-233
-250;-172
-149;221
198;-173
154;218
175;176
-200;-163
170;-145
-138;222
-243;-160
-219;-98
-199;-202
-180;-103
-173;-176
193;-171
171;200
-163;-252
-195;-196
284;138
148;201
134;173
219;186
-220;151
-128;232
-181;166
126;164
248;-159
-161;213
-212;137
-168;206
206;-202
-176;215
182;-164
200;-133
151;-222
-123;-268
169;220
211;148
164;158
214;-167
-182;182
-216;-248
-220;137
229;-107
-224;175
169;-165
183;189
148;-206
-208;-231
-245;-209
-171;193
-152;-141
131;-248
-160;-206
223;-183
-210;-264
-109;168
-203;198
-158;-207
203;-143
-187;179
271;287
216;-209
-222;-212
149;155
183;-254
-204;-162
115;-162
116;149
193;110
-115;229
205;-238
-189;163
192;157
-144;-194
-182;-135
142;-191
-171;-164
195;230
-174;217
142;-234
139;-177
152;203
169;-285
165;-195
119;-222
243;236
158;-170
214;188
198;-117
-211;-176
-208;172
191;-193
-185;-213
-241;-183
247;-155
-195;232
-117;-142
-148;-206
192;168
-126;-210
207;-230
138;170
-182;193
194;197
165;-214
148;152
178;174
-226;-220
241;260
-257;204
-195;198
238;265
163;-183
-132;167
-161;-230
-118;217
-212;174
-220;241
126;209
-269;-182
253;211
166;-203
157;247
159;247
187;93
-84;146
171;-192
-213;185
152;-242
184;-120
-191;-153
242;144
-125;261
214;-140
-188;232
-191;110
159;-215
201;165
180;-178
195;-192
171;207
-190;152
-155;150
-228;-202
-160;182
165;-164
-188;-201
230;190
163;-104
-190;210
124;-127
116;183
121;138
98;-198
212;98
-250;-104
-178;-156
-147;-167
144;185
-168;-129
-143;168
-197;-132
-160;-168
-157;-177
-161;210
194;-183
-199;232
-101;230
-185;-127
166;184
-136;119
158;170
-205;-193
-118;219
-255;-187
-186;-190
185;175
-243;190
96;150
-119;203
-173;-178
-169;215
137;-212
-121;-116
-194;-223
161;-123
215;191
-217;-124
100;237
-163;-142
168;185
-161;118
-169;188
181;-178
118;-179
-139;161
224;-230
-157;184
-137;-220
-193;160
177;161
164;-210
207;-131
-187;-157
114;258
-200;177
198;155
200;226
-191;172
167;191
215;-228
202;-186
165;166
-206;-173
183;143
-166;211
179;-165
-175;153
180;-190
-145;-151
202;176
185;102
-64;214
208;131
129;-249
202;-111
205;204
152;166
-159;-184
150;-137
-120;-190
-120;-187
97;165
253;-163
-174;-229
186;-216
195;115
-141;173
-214;205
-225;164
-200;173
-157;-186
-164;184
-215;-153
-215;199
-138;-258
198;-129
-161;-176
166;-212
-102;159
-147;169
-196;-127
136;-149
238;217
127;119
-198;-159
129;-161
212;-246
-155;-178
-145;-154
147;-180
-173;-203
170;172
125;-170
-146;-172
-211;200
246;246
167;194
156;160
-236;214
94;205
205;190
-157;-161
-212;173
-244;-126
136;-185
180;-164
-129;-139
-272;200
216;223
221;200
-119;139
210;-246
250;-169
156;-199
197;189
-165;-250
208;173
-151;277
-233;197
-185;205
190;-193
-246;198
184;192
193;-179
188;210
206;230
-174;-196
-136;-186
-190;-137
176;184
111;124
177;-132
109;-246
234;175
-186;194
-198;152
160;164
-181;-176
226;-149
160;-211
-249;168
-218;232
-184;-158
207;175
136;205
249;-196
-218;-175
168;-60
221;213
235;-159
211;-220
209;234
171;-180
174;200
-172;-250
236;-216
-183;155
-170;184
-178;189
234;250
154;-205
196;254
263;-182
-178;239
222;175
-241;241
-151;164
160;198
-163;172
193;171
-171;131
180;-126
-258;129
149;-118
184;247
-121;-159
175;-190
221;-131
-217;243
190;-191
109;181
94;-142
206;261
187;151
194;142
-226;144
190;-161
213;-142
193;-213
179;-161
127;196
171;183
-205;-193
-186;-245
-113;-137
-155;158
182;-183
-234;-139
-234;151
204;-197
-196;110
-101;-211
-93;170
150;261
-188;201
-189;166
-181;199
167;206
-197;-186
207;-253
-251;222
-240;212
194;229
-132;214
251;-175
-173;-146
-160;206
-218;-182
-274;-224
191;196
186;182
178;181
262;204
-162;-195
-188;-220
218;-215
222;146
-179;-242
143;178
-195;225
-158;-172
-160;-156
-149;167
-273;161
-177;177
191;-114
-212;-202
-186;147
-169;-135
205;162
260;227
-160;198
-157;166
-136;93
-180;-233
133;184
-234;-196
-176;-165
146;168
-151;-179
-74;213
176;164
166;-201
-196;178
-162;-147
270;-160
-240;189
223;-163
-158;-254
-239;129
261;-192
190;120
179;-220
-164;-184
-237;-187
-136;185
-174;-203
-214;-177
120;179
-107;-265
168;293
-113;-185
-226;-214
-287;177
128;-95
190;-199
163;-136
154;221
210;-218
217;221
-156;151
177;180
199;155
153;175
-184;-147
210;-205
127;-99
-212;165
192;128
193;204
-207;-273
-132;132
-168;-217
-278;194
-185;-204
-180;-212
-203;164
171;-148
196;-179
205;246
-171;-130
-157;-249
235;167
-138;-174
191;-228
218;-186
195;-201
220;-163
195;-140
172;-145
-166;-135
-156;169
-205;213
207;-197
-211;231
-151;-177
136;185
148;193
226;-245
-132;-159
180;-176
-211;224
199;140
131;-194
-193;-211
-184;199
193;225
-196;-183
-165;-208
-144;-193
105;268
-196;-162
-104;-124
-138;222
171;190
251;-189
-185;-146
-191;-146
134;254
224;172
-190;237
-166;-178
-237;162
170;201
-138;178
-210;176
129;-127
170;184
160;182
-192;170
-185;204
-119;-161
-185;133
-179;182
141;-188
206;229
120;134
236;-157
-143;-257
-210;-177
-163;-208
-160;204
-145;-228
123;183
164;186
166;-169
-145;158
135;183
165;145
209;-158
130;-136
-156;167
209;-262
-191;113
327;131
-113;-197
192;235
-199;-141
148;234
-183;-219
-218;-139
197;-154
282;-195
307;-181
251;-194
-172;213
141;152
221;173
-207;173
-144;-209
222;200
183;219
-199;-147
91;-151
-159;-205
-159;-175
136;-183
211;128
248;-179
209;-170
-265;185
139;195
210;199
-146;131
181;231
188;116
210;-203
-229;-137
172;166
-174;208
-143;221
-254;175
140;-242
172;196
244;204
149;-174
214;182
177;-168
-201;150
-207;-210
238;-123
-178;-157
169;299
180;222
-156;150
-185;-257
241;-141
-198;229
-274;231
212;-181
171;-209
128;253
157;169
176;152
-222;134
166;-193
-102;-211
-200;145
-236;212
-218;-147
-165;-202
-193;180
-129;161
173;-182
-162;222
-209;185
-160;-162
-154;231
-193;213
164;-169
-146;217
248;206
-177;198
134;121
181;144
129;-172
-265;-175
145;187
-153;-174
-217;-212
222;-186
-187;-244
-141;-171
-200;254
161;174
-284;-224
-229;192
221;173
-241;-166
-180;-153
-209;173
177;-170
-205;224
169;-202
-153;156
156;165
154;170
206;260
-179;-237
-143;-187
101;209
-182;-182
-166;160
-134;-215
-168;-230
-150;219
253;-265
173;-191
135;-169
239;-256
-220;135
279;-205
293;220
263;-187
-206;163
166;181
127;-222
-208;178
176;-165
-136;226
-127;-167
-168;150
145;-180
-152;-238
165;226
164;-198
214;152
147;-219
-165;222
-221;117
-236;250
131;-138
-181;-179
-179;220
-190;-228
-136;154
87;-207
180;-178
-146;-117
-152;-207
-149;129
204;-221
164;146
217;165
-207;-214
204;-254
-196;262
-150;-112
-203;-176
-220;-193
-215;-209
-246;-201
196;-182
241;205
-142;-220
-145;-222
100;196
199;146
167;229
143;189
-193;135
-227;209
-206;259
107;188
114;-174
-241;187
-159;211
-120;201
168;-186
-291;147
183;-201
211;-208
218;-201
-123;-200
189;137
157;202
180;127
224;-173
-127;110
-158;-191
-242;207
166;-138
-152;189
183;-179
165;185
178;-203
-245;-190
-201;-160
-234;214
-144;-141
129;-186
-134;-153
124;-157
-159;-171
-250;177
-174;206
-145;-144
207;-222
-170;176
191;244
172;-169
-232;-177
174;134
236;-232
-227;-193
204;-254
204;174
145;223
-219;268
152;-168
-145;222
239;232
-181;-168
-252;-97
164;-146
-50;-167
239;185
-258;143
241;-142
248;-218
220;274
187;-191
197;-163
207;-128
120;186
207;-156
161;166
226;-152
-185;-169
-233;188
189;-178
-177;-144
-184;-133
230;-216
-194;173
-168;-127
-214;-198
210;193
-149;-197
166;-208
174;177
-165;216
136;162
168;-216
166;212
178;97
-210;-178
220;162
-175;203
-163;208
236;236
186;-171
-89;197
-224;-188
-210;178
-168;152
-192;142
187;235
-163;-173
157;307
210;-119
187;225
259;186
165;238
-181;200
236;-242
-187;186
148;-165
123;-168
-198;-176
178;158
-194;146
255;-213
-86;104
-151;54
192;-176
191;144
218;-152
103;-142
116;121
-111;112
-185;188
-168;-153
-188;138
191;-173
-179;-174
245;111
149;-235
-210;147
183;-200
140;146
162;164
220;-287
197;217
-267;-123
-149;-243
-250;-196
200;207
-201;-151
-178;186
-208;-103
-242;-136
-198;-241
-156;250
150;-173
-153;219
-195;222
-201;-182
186;162
-190;226
198;144
-173;-186
-176;214
-156;-223
-206;-191
146;149
-165;159
195;192
-167;152
-114;-136
-160;141
177;-195
-151;-208
-178;-175
179;-179
149;202
-163;-159
183;157
-175;-165
163;174
-150;243
-191;147
158;-148
110;-148
-197;241
173;-126
-171;188
-188;-169
-216;89
178;180
149;-250
241;-196
-134;-226
216;181
-160;180
216;207
176;133
-207;196
117;149
242;-204
143;-97
138;234
-179;-164
195;192
-213;154
171;-178
-186;268
164;-197
-166;-167
211;180
153;172
-230;181
161;188
265;-277
147;-257
246;124
211;207
-199;-133
122;-135
-208;-216
-203;-133
187;166
237;-182
-135;-231
178;-186
217;170
-188;201
-157;194
-154;131
-220;154
-164;-145
-228;142
-162;-175
-203;167
-170;-184
218;-99
-250;-165
228;-125
-171;245
-182;171
-161;-225
151;-179
168;207
197;167
-176;-179
162;-103
258;-202
-155;-184
-183;-141
201;-187
-158;-164
157;205
193;-194
-202;-243
-194;164
184;148
203;219
139;246
-162;205
149;228
149;137
-221;-198
-169;169
-172;-232
207;-148
239;216
-168;164
-201;251
153;-222
211;-248
-184;177
136;-225
154;-179
131;101
166;-257
-188;-180
261;-268
-145;199
-238;141
-110;212
205;-150
-190;167
110;175
225;-147
236;210
116;131
-141;-184
-144;188
-242;179
243;-177
171;191
117;155
194;207
255;248
-212;-239
-108;-203
214;-195
-190;-164
167;220
172;205
-142;142
-163;196
-188;142
148;-157
201;-214
171;-191
-204;202
152;-201
144;-222
139;-197
133;-192
224;168
197;-235
198;-230
-227;183
249;196
-161;236
-112;245
-282;-183
200;216
266;-216
185;198
164;-214
-245;-195
220;-131
-194;-246
-156;-172
159;185
-120;224
173;-195
-218;173
128;163
-205;169
135;97
201;-198
-156;-225
87;-174
114;222
-210;177
220;-143
154;-180
154;214
220;166
165;204
113;-222
-247;209
95;-189
175;-138
197;144
188;164
172;-128
237;187
-235;-158
-186;-118
-172;-97
-287;225
202;-180
-136;-108
-129;245
283;-247
-175;223
-172;-183
179;215
192;224
166;-194
-193;175
-153;167
-202;206
200;-146
-178;-82
197;145
-174;258
-151;194
199;156
166;-178
169;237
-207;-158
-214;185
-137;-117
206;146
-240;-229
-200;218
-199;227
-151;174
228;245
187;201
-106;-133
-145;130
-134;-208
135;223
-191;-208
201;-141
110;143
146;-160
260;-155
146;191
-191;-135
257;-159
168;-198
-184;151
125;-174
-133;-170
148;187
-140;-182
-147;188
-146;-100
209;-152
-121;105
164;145
236;-241
162;213
-161;169
234;-226
-221;196
236;-156
-221;-246
-145;228
-148;-223
-178;216
-265;260
-199;-199
-131;177
-234;-165
-227;-139
146;-199
134;200
-160;-169
-146;-179
-172;191
-241;166
171;-199
130;151
-190;204
133;-148
95;193
165;-226
189;-130
169;185
-205;-159
-152;235
154;221
-134;182
-187;-187
-164;221
-206;146
163;-197
222;192
147;-180
243;-140
167;-199
187;137
160;-168
103;210
147;235
204;-155
132;-110
-201;-189
235;-144
-157;149
193;-160
142;142
193;204
-208;145
122;-164
-163;-200
161;-182
-164;-190
-153;156
-199;-140
131;-162
-142;-218
-221;-138
-170;197
-231;223
-242;-236
195;201
175;246
-156;-182
-194;222
-227;217
-162;174
-176;182
235;184
139;215
192;-218
187;133
162;-189
227;126
-251;-196
-208;-206
-164;-157
115;-211
-167;222
209;-143
161;-179
171;140
67;-164
-142;-256
-165;236
-201;-189
219;213
148;-252
-122;217
249;176
-212;-173
186;-152
219;151
-140;-174
159;-107
-153;-164
-181;155
-144;-199
-166;124
185;200
107;201
-140;-192
138;-169
197;-174
234;-169
186;-195
-165;132
160;-221
220;184
179;-152
-187;230
163;-274
210;181
-171;140
164;-149
228;108
195;149
148;186
220;258
-226;168
230;-169
-173;-176
157;-210
-206;112
208;-128
169;-194
-177;-167
-194;-163
-218;-158
-231;-165
-253;-133
171;123
230;125
167;165
224;168
-144;-144
229;156
161;212
-192;-193
-167;-155
155;190
-168;-199
-157;-223
-179;-110
-86;-188
173;180
-121;-181
180;-196
224;-191
168;203
148;206
-219;249
-174;-218
-178;-212
164;-166
127;220
164;208
172;239
167;-180
122;-248
-173;-142
-152;194
158;-193
153;163
184;-152
214;-228
189;-185
174;-225
149;141
-150;-174
147;-280
-159;176
172;-166
200;127
-111;153
185;181
130;164
208;133
-185;-136
233;48
-193;168
106;-230
171;-230
-169;90
-199;170
-173;-192
-156;-174
194;187
-108;209
-203;-177
118;173
202;160
-165;-213
-144;183
-156;170
-201;197
169;149
161;-126
-231;140
-195;177
-186;-172
174;201
198;164
165;-173
-191;218
-134;127
156;-170
146;187
-178;-193
205;223
199;-211
152;285
175;93
248;-164
280;220
226;-159
194;-123
-238;-170
-110;-214
153;-207
-205;176
134;184
206;190
231;-214
143;-188
-174;-174
198;-218
241;-191
214;180
-174;206
-247;-193
-199;210
164;-189
-194;-115
-181;-205
189;184
243;151
-155;-159
-182;172
-125;151
-170;-115
247;182
-161;172
-228;170
-164;-133
-222;-254
156;133
-125;232
64;236
-214;147
-197;176
-128;189
-140;-278
162;168
217;-190
-181;228
175;-131
185;183
127;148
215;240
-134;-182
-226;137
-129;156
209;-159
-209;124
-109;-110
217;158
-140;119
-239;-189
183;-176
-202;-200
148;-160
205;-186
217;-136
189;-159
-183;174
233;211
238;-131
-209;-174
188;133
-127;41
-166;206
-166;-209
-201;231
-241;-222
-158;187
-148;-256
-129;163
129;-153
169;-171
170;-259
113;-219
-195;-257
-221;-239
-171;173
-259;-207
-127;-180
146;-169
-201;151
-142;216
171;-177
132;-209
159;193
-213;202
-181;130
-157;-200
193;196
-227;171
-169;154
-229;125
176;-212
-167;-178
169;152
229;-149
-194;-177
262;208
-213;160
241;273
-152;-195
255;-143
199;-171
-143;-145
-178;-163
-210;191
178;144
-236;-196
-106;141
-162;116
-195;197
-167;155
-193;218
213;208
131;181
-149;199
213;209
229;201
152;-183
179;264
-193;202
-203;-243
291;-187
-159;-207
175;167
182;240
-228;180
-149;-205
212;123
156;-211
-182;-152
-259;-144
255;189
264;166
228;-242
188;-185
198;203
142;-214
-159;-162
-194;-176
-138;-183
174;-201
-163;135
179;159
-155;-141
-197;196
-183;-182
-154;-170
209;-191
130;-192
-224;-287
-282;208
143;-160
217;-153
180;-174
184;168
97;232
176;199
-170;-190
-204;123
212;-186
237;-195
-158;156
112;171
157;-111
148;-146
130;145
-133;-112
93;163
184;186
-150;123
-193;213
-184;235
221;159
158;154
133;207
-205;137
179;-214
-155;-148
-154;-153
154;-196
170;162
161;122
220;249
220;-116
-197;-180
225;176
-160;220
-154;-205
216;202
268;137
-198;-169
-204;-175
168;-151
-244;192
-134;-158
120;-214
-127;261
171;156
199;-194
178;-120
175;-151
171;171
173;134
108;133
220;-232
127;-230
-173;114
-170;166
194;-173
-157;-173
-234;152
-207;202
133;-111
-145;-146
176;119
177;146
-161;-167
197;-115
-180;-174
156;-170
-121;-154
-187;-182
165;-174
-181;-199
229;159
-144;-152
127;-122
164;211
-183;-175
177;-142
-171;-204
175;150
162;-193
-157;200
-219;-175
225;197
-188;179
-115;-227
233;-187
-228;161
258;116
-227;-149
201;189
158;-119
211;175
128;-199
191;-261
-228;241
181;-152
-195;-127
-207;196
153;188
-163;-182
147;-224
-146;138
174;-181
-166;194
-207;-194
134;-259
226;258
170;-164
170;-199
-190;-161
-157;-215
-155;-227
148;138
192;135
-229;184
-107;-163
-153;-134
246;-168
177;103
-187;166
158;157
174;235
-171;169
-169;115
220;171
169;-156
-178;-134
-190;-205
128;113
129;-166
159;-160
-155;-120
-202;-124
-166;210
201;-204
173;-194
124;-150
194;217
127;-129
-212;202
-203;139
212;-181
-244;-178
-193;232
128;-170
-250;-182
-199;214
206;-209
-224;-177
193;127
-199;181
180;-182
187;177
-215;220
-190;-164
142;153
158;-198
-187;-169
-150;-249
-147;-183
218;186
201;155
201;176
-163;102
-147;130
160;-181
-280;118
-185;-179
250;-196
194;-222
-194;-166
-197;174
191;206
122;106
-210;184
136;-168
153;-132
155;-112
121;117
-212;-114
186;111
-108;157
-129;147
-188;250
148;-174
-174;183
198;150
220;-185
169;181
152;176
-149;-212
-160;-171
-180;-160
139;139
216;126
130;-208
145;-175
193;165
-269;229
-204;174
215;155
-195;-155
168;-268
119;-179
-188;194
-161;190
-156;-163
180;205
154;213
216;-149
-210;-135
215;-171
116;158
139;-224
111;-238
135;112
142;-170
180;139
-218;-131
180;-152
-137;189
-145;137
-154;158
135;102
142;-195
175;217
84;-192
-218;158
186;88
-177;180
-172;137
191;160
-174;152
151;135
-101;188
147;-165
-192;162
187;-209
145;226
-195;-170
167;-236
173;-242
-203;164
229;-152
149;142
226;-169
201;254
171;186
148;146
-100;216
114;-192
198;-184
148;-103
184;-142
169;227
221;125
-227;-223
-168;-160
-266;-201
-197;203
150;-169
-166;-170
-236;253
168;-193
-230;213
-242;-240
-148;179
218;153
-168;127
-183;162
-142;164
178;169
-204;-194
149;-149
-149;157
-190;217
177;86
-158;226
229;-203
-132;-150
-136;128
-206;-152
-218;-145
235;159
198;133
147;119
139;196
-147;-175
-269;-142
203;-220
143;169
-206;-220
134;192
-167;142
-190;-253
-201;-146
-142;204
-172;142
-135;183
177;-260
-218;-193
-216;155
-194;-231
186;252
160;194
-246;191
-228;107
-154;236
-178;-178
204;230
-103;-269
-184;-204
184;223
-204;-182
-234;147
167;176
185;-144
-178;172
-269;-143
173;-157
-168;199
201;-221
-104;-131
-214;215
215;-271
203;160
91;-122
-171;-187
-229;-176
-175;132
-114;-107
-138;-220
165;175
-183;-134
154;185
-126;-186
-146;-143
-190;135
140;-144
124;-194
117;-135
147;144
94;-139
151;121
-199;195
207;151
198;199
148;133
-186;-148
128;-238
156;-146
-138;106
187;231
167;159
-226;-200
-143;217
-151;-229
-166;251
-105;-180
-241;-225
-186;185
192;-185
155;-226
208;222
-239;-227
-187;-231
186;226
-242;-144
171;-174
199;-104
182;-236
129;-115
168;-228
139;-164
-131;-156
-134;217
-178;134
219;-177
-231;138
-250;-170
199;193
245;219
224;-207
-195;-188
226;-254
-150;199
175;209
197;-147
-153;-190
-203;170
151;130
-188;-184
-210;-124
-190;-154
201;160
-174;-94
-225;-153
-143;153
123;178
153;-197
-138;-162
-180;-106
191;109
169;134
-102;107
-193;-133
-87;153
189;117
-146;198
-157;160
163;-187
156;144
106;190
-155;193
-171;171
-180;-190
-127;199
-133;139
288;-157
165;197
147;189
260;-226
-178;-139
-199;-159
-142;-177
-271;203
-144;-176
169;190
222;219
245;-174
-228;170
150;295
246;138
153;-97
196;-235
-117;156
118;-264
-183;220
206;162
-209;-191
202;277
-224;-229
226;169
-210;-214
-212;-125
136;-244
153;-217
192;-218
161;-209
-177;149
188;193
144;156
-117;229
-269;-88
155;213
237;192
-246;-200
201;-195
-224;-229
-92;-176
138;-186
228;172
244;-252
180;-175
-140;220
174;152
268;185
-108;211
201;163
212;148
167;-196
-233;-189
195;148
-184;196
-282;170
-185;316
179;-124
223;213
192;200
138;-124
121;169
169;-119
-131;189
-153;-173
154;-106
-237;-192
155;200
192;129
-175;157
-173;-208
148;-160
-119;219
-253;167
108;-133
160;-221
184;113
234;185
205;198
-171;260
159;-212
-201;-221
-204;152
-122;129
-210;-209
-125;-174
-133;140
-218;183
231;-111
-212;176
-168;210
-166;-143
-155;153
-171;131
196;-228
-185;237
140;163
-215;138
193;200
241;194
132;-154
-235;-129
191;122
-228;-147
-186;-168
164;-72
-225;-136
-180;-216
-197;216
240;195
-177;-79
-151;159
230;274
-184;-245
-157;-201
-163;189
177;-219
-161;148
183;-149
-182;239
131;263
202;188
183;179
-222;-160
-177;-199
219;147
-194;-183
-175;128
-188;-171
-213;-113
-98;259
209;-207
179;-123
119;-237
195;-205
-274;163
112;-166
210;187
206;-172
-204;222
207;153
131;-275
-267;199
224;-201
-137;209
-111;-175
-204;221
182;-215
-191;-236
164;203
236;-146
112;176
173;-82
-198;107
-231;213
-144;246
194;-148
-151;-153
-259;186
-155;-191
-205;261
175;-240
215;-191
-209;-147
-235;-126
-165;245
185;-155
200;162
213;96
-248;-231
167;-223
-200;192
-205;-236
-167;-203
-184;-160
-226;-218
-109;-180
241;-171
199;176
-118;-172
-206;-193
174;123
134;196
214;210
196;145
-211;189
-218;114
-111;262
206;186
189;-215
-179;168
-175;279
-166;213
142;-176
-151;232
112;-233
214;-188
105;-191
-192;-143
235;130
243;159
181;183
142;-149
-190;168
-128;-199
-193;91
198;-150
-170;203
199;-155
168;203
225;-134
-185;-197
-167;-143
-174;142
-177;-140
176;-188
-216;-185
184;-247
-203;-156
-180;279
-191;165
-255;-159
199;-170
-193;168
237;231
167;-138
-200;-239
164;184
160;-157
-183;-214
170;-191
269;191
193;205
-194;120
161;-267
-186;249
166;264
-212;-195
-157;-222
190;-175
-178;-225
195;183
-210;179
114;-220
209;-165
194;197
222;-216
199;-279
172;-205
185;228
174;-198
194;250
115;-205
-259;-51
-182;151
220;-165
-116;-195
-177;-165
198;-232
-200;226
-194;-167
-190;-155
144;151
-148;-233
214;-184
192;260
-179;182
164;216
210;-154
121;198
173;167
-171;-182
210;194
-124;229
-191;211
227;224
164;-102
-220;147
-111;-186
-180;212
-169;255
-217;191
166;166
-170;-134
169;162
234;-216
175;153
206;128
142;163
-120;214
270;-152
-214;268
173;-215
184;-195
-199;-226
188;175
-215;159
188;-142
-216;220
-125;160
185;-187
216;177
178;-118
217;-197
139;221
-229;245
-193;184
-148;-221
-184;149
177;-208
-204;-133
169;169
160;-151
-171;222
123;-200
124;200
213;156
182;-144
116;152
-102;-162
-204;-196
-192;-182
188;158
-203;-204
-177;104
-194;-191
-172;-220
-200;-207
-223;113
149;-160
-185;209
-203;245
-157;-181
190;197
-119;157
174;225
-197;-233
-182;217
-195;-159
-195;-134
226;194
-202;160
176;180
-210;129
-252;-221
-194;213
240;-225
-174;-121
-167;-205
138;-176
229;202
-226;-221
254;229
-174;-187
257;177
-196;250
-207;167
132;-202
242;-213
-169;143
144;-234
-151;197
-164;-207
-166;156
222;174
176;-147
133;-184
-141;-117
194;142
-141;222
175;192
223;142
-128;239
203;206
146;-159
114;-214
200;127
-115;-158
191;264
-212;127
136;-184
-135;179
236;-140
-188;-153
223;143
40;194
-134;185
156;221
194;-166
212;-248
186;214
249;172
-179;-137
168;-146
-160;-184
-178;-191
165;169
139;-246
-174;-142
170;-194
155;183
-166;135
-196;197
-112;172
-168;136
-155;-214
-180;168
-125;-53
-192;182
-239;-189
211;-196
-189;-200
210;-170
-117;199
-258;187
-214;-151
152;-256
200;211
201;174
-98;-215
161;-169
227;-217
-158;-135
-239;-118
156;-214
-229;-180
114;155
144;-200
-230;-240
-183;240
194;102
176;141
237;182
-229;234
227;219
182;170
-250;-172
-178;184
-215;-114
138;-218
132;-225
-174;-215
-209;248
170;165
195;182
-170;154
170;-129
166;-158
198;-209
236;203
-140;-175
211;154
-184;144
-167;173
-162;240
161;-154
-198;182
211;110
172;-144
178;185
192;145
-165;-160
-207;-191
-178;-184
216;171
143;237
153;-143
125;-198
228;187
-102;224
-143;203
164;152
-203;-203
170;-195
147;-188
-145;228
-204;180
-219;-174
147;167
203;128
173;-152
-171;-167
163;-166
186;218
166;-150
130;-170
140;168
148;-197
231;238
-200;-149
152;-171
-164;201
-169;201
-107;152
199;167
156;-217
139;247
195;-174
-106;181
215;144
-201;148
-154;136
182;208
-91;163
166;179
-182;180
161;-220
-217;225
202;-162
180;217
-206;-202
213;-196
197;-75
-109;236
165;-137
159;228
181;-175
78;183
196;209
215;119
-174;213
136;-172
99;-169
169;-189
203;-150
247;269
93;197
-214;-149
-174;-111
-184;-201
-154;174
179;-138
-170;-198
-215;155
152;-167
-196;172
-139;-190
-155;136
188;199
-191;235
-165;190
-212;165
128;224
-188;-209
217;-158
-165;147
-204;149
191;199
-158;136
130;-176
-164;-196
-105;154
-222;-184
-150;-165
115;270
251;190
224;224
123;166
-212;-112
-138;-188
137;-171
231;190
-225;-111
188;178
-102;224
-149;-122
-153;-144
-125;163
-155;211
-138;135
165;-150
-183;-184
-222;135
-186;-159
172;155
170;201
-133;184
-179;161
-110;192
-144;-178
136;178
-219;-135
-231;-155
185;191
-163;-188
-147;196
209;197
177;-219
-156;168
-212;-229
204;-227
-172;218
135;-211
-238;-232
-182;149
214;-167
235;165
180;-143
-117;-151
-188;-128
-155;217
-179;-160
-193;-173
160;175
-200;-174
165;100
-200;-190
-92;-152
-201;187
210;-138
151;-169
252;-178
176;173
191;-144
128;151
-133;111
157;147
179;133
230;130
-203;-121
196;-211
164;-185
-155;129
183;119
229;178
-153;-203
-179;169
-231;-119
-125;177
-204;-143
-201;-159
-120;153
175;-159
184;-168
171;135
-163;-203
-173;-115
188;253
-274;-210
211;-154
173;-213
171;-211
173;-157
138;-157
150;-189
-194;-172
-213;190
-127;182
175;-206
-181;174
-230;-80
185;170
207;142
144;-196
-158;-187
220;-176
-200;174
218;167
194;-185
-114;-111
-174;215
162;168
-203;-254
-156;-270
-183;-220
132;265
-157;-198
-185;-139
-193;136
125;149
217;-146
-196;-158
-217;-193
201;134
151;172
-120;199
-95;-172
-175;145
167;140
-210;175
-156;240
82;-186
193;186
229;162
-163;219
-181;180
-129;-188
-151;258
-182;190
146;-206
271;181
151;173
189;-165
-172;-134
-153;-183
-116;-168
-165;131
-121;-218
142;115
193;233
254;-166
-228;188
173;186
185;216
236;-194
165;-149
-162;161
89;-146
-187;133
225;115
-217;-140
158;159
-200;-165
182;130
-147;-204
-223;-126
114;-181
209;-150
153;-183
199;-143
-131;217
229;168
184;183
-146;179
-224;-256
167;201
131;148
-213;-168
164;-194
-178;-98
-201;-182
146;-164
148;211
228;-176
174;-242
-141;164
173;157
197;135
-143;96
184;180
115;160
190;-139
-123;-196
240;231
-205;90
-161;155
-169;166
167;-115
172;199
93;149
79;-175
171;156
198;-178
-143;181
-154;-124
142;-165
-163;-153
142;181
198;196
-211;163
-199;-195
179;-231
-200;219
-266;226
152;-252
230;-275
169;191
273;242
197;115
-212;145
132;-182
-182;-198
-240;160
-181;180
-237;-155
-226;-111
-145;235
-125;150
138;-173
-165;164
-147;173
-199;-193
-152;124
-175;214
206;-152
-203;180
224;157
-212;180
177;192
151;151
157;-199
-125;-191
202;124
-131;-166
-157;-161
177;-153
-152;-139
-58;-167
-212;134
226;112
-165;-166
-150;205
119;119
-183;-186
-150;-180
-147;118
212;-148
-145;144
110;-149
-165;128
220;209
139;122
189;158
-158;-216
-258;-179
185;173
-163;-225
-174;155
-214;-154
-189;-130
-170;215
114;-157
138;-177
125;-159
123;-172
-108;216
241;-179
139;190
204;-139
-241;212
187;189
219;-155
-127;162
192;-225
-186;216
-198;-170
-164;134
155;-190
-120;-188
187;196
152;-166
227;203
155;-230
-111;153
-162;134
-209;154
183;-209
-158;-211
-179;258
-240;-159
-77;180
159;-139
235;-177
-176;-174
-188;-196
-172;145
209;-187
170;144
233;157
-108;-145
140;-179
-145;225
-234;-123
-191;-163
-255;-195
-154;-155
-194;-226
169;-185
179;161
-174;-154
-197;-113
131;81
161;115
106;146
174;206
-222;187
-155;204
-153;202
240;133
222;-159
-173;219
-240;178
-230;193
208;-192
-233;216
144;-211
167;-122
142;-222
-247;-184
147;223
135;171
193;211
113;-156
-110;227
-110;-191
-170;215
128;-205
-103;228
64;-186
202;86
146;-128
-122;-119
-192;-132
-125;186
-173;-132
169;-201
-213;-200
196;-202
-213;-172
-155;191
-204;192
-213;-138
174;-231
-113;147
167;176
95;-167
-221;-156
189;148
163;-148
-154;-191
131;-180
192;197
160;170
-174;200
163;-129
-177;160
205;159
-206;-161
-152;-229
202;-233
-178;-141
176;121
-205;153
194;-207
167;-168
268;209
166;-206
136;-168
189;-148
235;234
210;-199
208;171
100;-166
-166;-170
-143;223
175;-199
-198;-250
-204;-208
243;-142
-178;206
-144;-226
-167;-227
162;163
-196;-186
145;-175
200;200
-110;177
134;181
144;-243
155;146
147;200
-260;-136
196;193
-226;218
-157;223
243;155
193;-179
-90;129
-190;-100
-118;233
-96;212
-176;188
130;166
-240;-171
137;130
197;-195
139;165
149;216
162;260
-181;167
225;-109
-244;144
199;-220
189;-221
-201;-150
230;234
-167;232
229;-206
-155;212
-204;180
159;-206
217;117
210;-85
223;-172
169;196
-167;173
-172;259
-226;-185
-136;112
115;-134
-189;-151
163;242
184;-173
-222;190
244;-221
226;219
156;297
145;-76
165;112
-152;-213
-130;-213
-157;-200
185;179
-201;-150
-199;191
-191;-195
-185;-133
-214;-227
-220;163
133;-262
-213;170
-150;126
-178;-208
172;118
-166;239
116;210
-224;-157
-196;178
-181;-187
-232;-208
159;224
-216;170
110;219
-169;212
-237;-186
-206;148
158;-185
-187;-162
-222;-185
178;-132
200;206
-173;-147
183;187
-159;-216
187;128
-198;203
-161;150
188;-145
186;-213
-182;129
202;-178
-187;182
-188;-174
-194;186
190;188
170;-223
179;-197
-125;-226
191;206
-207;221
166;226
117;152
-178;226
167;227
184;-144
268;-165
113;147
-99;-210
158;189
-109;152
239;-141
-167;119
167;-141
-206;-221
107;177
129;164
-178;223
176;224
230;-171
114;-218
188;228
162;182
-148;-159
175;-192
-183;-147
-93;-183
162;116
148;-172
-144;-244
141;-137
143;195
-173;143
-187;219
-160;173
-239;221
-186;-164
-155;122
-223;-225
-161;171
-174;-244
155;-205
-189;-168
166;-228
-97;172
-172;182
-129;-144
154;-124
188;206
197;176
-161;-172
209;-176
155;-209
-192;-182
-251;-160
222;-223
-233;-232
236;217
172;-163
-185;-172
-171;174
163;189
141;171
213;219
-207;200
130;213
215;140
-221;-192
-164;207
-163;-207
244;-179
131;-215
-206;-197
-195;220
174;158
167;217
-183;212
210;-151
163;-182
113;-193
208;133
-268;-225
166;127
-213;189
-165;211
-238;176
119;-220
-175;113
166;230
254;-157
123;170
268;156
-293;-198
-208;-252
-134;-184
164;239
213;192
264;-253
157;-144
152;179
-168;155
-144;181
140;218
-159;-136
199;-157
154;-125
-197;153
-207;155
-248;-206
206;176
109;212
197;-174
-217;-186
232;-158
151;144
223;-166
167;-191
197;178
162;-230
151;212
-179;-147
96;-187
-193;96
-136;204
-160;173
80;140
144;-181
164;142
169;-227
-203;202
169;138
-168;175
-211;192
125;156
-106;149
278;168
-149;201
200;-196
-167;167
184;-121
208;163
-218;-147
165;-211
164;-181
-166;223
187;-187
155;188
150;-233
222;238
138;257
162;224
-264;265
174;-247
244;-134
187;-213
148;-230
169;228
206;227
-198;-184
-197;-192
-172;-215
-165;179
198;-142
-143;-133
-81;201
164;-225
-226;183
-177;-164
-146;200
186;187
-86;220
-166;192
-184;167
163;188
-236;-216
248;-209
-221;226
-196;163
190;213
-166;235
134;-190
-196;-196
-185;223
-213;-201
-249;-151
212;177
160;206
201;180
225;185
-221;-185
-182;-119
191;-221
186;204
-201;-127
197;151
-207;142
-136;-174
-212;-163
-195;153
-159;206
-143;233
155;-196
-174;-157
-106;184
-150;-168
197;248
194;195
-190;140
-177;160
-232;159
-223;-244
146;181
-307;-202
-245;-202
266;190
-159;-202
-278;248
179;228
181;-156
-120;149
-227;-133
184;-191
-153;174
238;-172
-208;-179
-218;152
194;-143
161;222
235;-167
-92;-228
-195;-186
-166;176
-151;-181
-194;-169
182;208
-155;-176
162;166
-168;-156
-223;-157
-182;154
223;-180
161;-193
145;-196
153;152
124;-176
134;164
-183;171
184;126
140;184
201;167
-172;-113
196;-223
182;-175
-174;205
194;230
122;195
-205;-139
-178;145
-206;-169
-198;202
-211;-208
-160;-191
-153;203
251;-169
231;-208
146;202
-240;-248
-226;-155
276;154
-188;-191
178;-215
196;-217
225;-246
154;-241
219;-259
227;-303
-178;-187
-198;202
-225;174
138;-270
-204;191
-179;-196
165;226
162;188
220;-154
-169;-159
167;-169
-147;216
159;130
194;-211
-149;-174
-153;155
230;161
-209;-155
-163;-159
-175;-147
214;168
-156;-172
-174;-163
-291;180
172;229
232;-170
-195;-90
-136;-190
203;175
140;230
-180;166
-201;-149
-184;203
179;157
-132;258
-127;264
202;-194
152;173
216;181
-163;215
-155;157
-259;-161
-143;185
-94;240
181;-229
194;158
142;219
168;-176
-145;-114
-203;-123
-212;-199
-227;123
-180;-206
192;145
163;148
159;-264
-169;229
174;219
234;153
238;-258
186;-203
-236;261
243;-151
-214;212
155;228
-170;-287
207;231
-252;-247
235;194
-197;-181
-138;-173
243;-178
163;-149
131;-223
165;-161
-163;147
160;173
134;171
-173;232
-204;-136
276;211
162;259
-156;-180
165;-214
-233;-195
-215;-172
162;-136
161;145
124;-196
174;-148
-130;176
200;112
158;255
-160;187
160;268
162;190
202;-271
-161;-171
183;185
-270;267
-251;205
-317;96
219;-228
235;225
273;158
253;-187
215;175
195;-230
-125;153
-222;-176
144;-188
-168;-198
193;167
193;176
-215;192
-126;-195
128;-167
-178;186
-193;184
173;-108
105;-213
200;165
162;178
238;150
-173;260
193;-161
-175;-164
-191;222
-192;221
-231;-134
-201;-192
-186;186
-199;155
175;-153
-153;218
-129;171
-143;-110
-200;173
-213;105
219;-167
-138;147
175;183
-175;191
214;197
153;99
138;-142
-166;-113
145;146
-148;-201
-194;-155
143;-157
-190;-206
-131;-274
-177;171
253;153
-246;-223
-265;179
93;253
-190;-271
-181;-196
-248;209
228;-196
-190;251
185;-178
-252;189
254;216
200;200
209;221
-183;-150
-132;-186
129;159
-156;-175
-177;215
-215;-228
-214;-163
-180;151
185;-225
218;-180
129;-102
110;-189
-220;208
90;-120
193;189
214;-222
-160;225
171;54
185;-160
-216;237
138;-140
-154;168
-218;-169
-211;242
218;-186
-205;-107
198;188
134;-155
152;152
87;-243
-121;220
-174;97
-165;235
187;-110
-199;-221
-177;195
-165;-140
-159;259
155;-198
225;-140
-156;-189
-161;-155
-120;149
149;-167
243;222
192;219
-208;-195
203;-129
-229;219
-199;-213
-228;-248
-245;-177
-250;-196
-164;-143
257;-218
194;222
-236;-253
-230;-185
224;237
166;249
102;151
150;201
-203;133
-231;226
-183;240
182;177
197;-166
-218;197
-125;149
-121;223
138;-195
-158;170
85;-178
158;-219
150;-191
-173;-169
204;177
228;170
166;177
130;-257
-208;176
-138;-167
-162;194
206;-148
-185;193
149;-182
204;234
125;-192
-178;-111
-173;-209
-197;215
-181;-171
138;-185
-205;-133
124;-145
-191;-151
-145;185
-135;189
-131;-191
195;-147
-154;142
158;161
168;-196
-272;-171
177;171
210;-180
-199;-224
150;-113
175;194
237;271
-184;211
247;-166
-257;221
179;268
-135;-217
-223;-199
145;-226
-139;-146
160;273
-251;239
194;-197
174;-230
206;183
226;-200
172;-144
164;-194
259;212
195;-215
143;146
187;-210
-205;-111
-136;169
216;-205
-184;-261
-211;-122
146;-154
-190;147
-222;-178
-225;-140
199;232
-244;-209
185;-152
255;157
-100;184
229;187
160;-173
206;180
197;126
-117;-157
186;208
-101;133
-213;222
211;157
189;-224
-176;237
-150;-135
-73;160
-216;158
-182;162
114;128
-181;-92
168;194
167;-142
180;171
173;167
183;153
-208;227
217;-177
-136;209
146;-187
164;-167
-199;-208
157;170
-194;121
245;-138
-189;153
-171;123
160;-195
196;155
152;-167
181;-194
177;227
-145;235
-166;152
-210;-206
-191;175
218;-125
-153;-226
131;276
166;-210
-113;163
250;-226
214;150
146;196
168;-138
198;219
-153;-149
-228;-193
-183;-240
199;162
-173;-207
-226;247
-198;-236
-222;-229
-152;-177
-235;218
152;-164
-171;178
-225;178
-114;-181
122;188
-197;198
71;142
-126;-207
-172;236
-212;-115
-148;-194
199;121
-205;180
228;167
-143;124
-181;-194
-189;224
191;-157
-206;-134
-149;-195
193;-176
158;161
-143;-206
197;113
-153;-214
121;160
-164;245
-123;193
158;-278
154;-140
-160;188
151;-179
-212;160
-150;-247
-204;86
200;218
211;-180
160;-199
-182;-200
217;193
-153;118
181;202
94;131
-163;148
194;143
161;-250
204;-143
155;162
-190;-185
164;144
-176;151
135;-165
-154;205
189;-199
-162;-171
106;216
154;161
-186;164
127;187
157;-134
184;-177
190;160
149;250
-162;-220
240;-178
-180;-225
-121;-215
93;181
196;-173
-168;-205
188;-182
162;205
-155;177
-147;154
-134;209
-88;174
-147;-180
-142;204
-171;-146
-127;184
-138;-179
182;-195
-171;-183
232;-142
-135;191
-143;169
-191;-187
177;-184
243;225
224;182
-206;-173
174;-235
201;-163
-168;-209
-185;-195
177;-170
-214;-172
161;174
206;-228
-219;-131
-230;238
124;245
185;252
152;163
-146;155
174;157
154;197
-290;-126
-183;240
-168;-209
123;-129
168;-241
-199;-194
-210;199
196;173
86;180
-118;113
145;-135
181;-161
107;-159
166;158
-89;-130
97;233
-203;84
-154;164
-165;147
272;-130
-172;146
166;177
203;-164
178;158
188;206
-185;-133
-148;-107
-187;-235
203;149
197;160
161;-171
160;-176
162;154
-184;206
-150;190
123;127
-163;-183
166;-169
184;-127
-182;168
-212;156
-129;-230
151;176
186;157
157;-155
-120;-109
152;-144
137;158
183;-204
101;-204
123;160
175;-132
145;175
-195;-225
137;-219
-204;170
-195;145
-99;172
164;124
171;-148
47;209
218;-144
-136;111
150;128
-159;113
-181;200
140;170
-205;171
185;208
-175;213
196;-111
-95;167
174;-164
174;248
-189;-219
174;-203
197;-141
-153;131
260;-243
229;163
169;-249
176;168
213;138
220;154
-122;194
145;-189
195;-262
204;-201
220;-159
228;104
177;125
-153;-191
-151;-181
-143;-200
-155;201
136;-130
-168;-154
-164;197
167;-186
-208;107
-128;-208
-159;192
163;209
-196;144
-156;152
-208;158
179;246
-106;-157
198;-147
-136;203
-200;91
176;170
-157;129
114;-141
-221;-185
-193;162
-166;-141
-143;-155
126;109
136;191
160;140
235;186
-230;-198
-148;-208
98;-166
207;164
-137;-160
148;230
-108;175
-167;-186
-191;-155
-199;123
-178;186
-180;171
214;-165
-191;-158
-183;161
-181;-218
132;150
166;152
-186;174
-211;205
-149;226
-198;-125
125;139
-157;-158
-236;-160
200;164
-220;-195
-178;146
205;117
159;-186
-114;190
-180;-164
146;-138
-179;136
202;-220
-157;-149
-209;158
131;-185
109;170
121;-186
-147;-209
-136;-178
-185;155
-109;-147
-142;-149
199;134
-140;-201
119;154
-123;-129
-147;-184
-98;80
123;-140
172;-193
151;-182
123;135
148;-162
169;143
-147;152
157;207
171;211
178;149
-204;-185
171;-192
229;-173
-192;159
186;181
234;167
-142;-147
-140;176
-167;-223
-146;182
-229;-176
-100;-141
-174;166
136;-148
196;-204
151;224
-171;-194
-207;-190
178;146
-223;-192
132;-170
175;-173
161;-178
158;-162
197;-222
206;-188
-190;-141
-218;128
-173;189
169;-108
-152;171
-204;-160
181;143
233;117
149;-178
-165;-136
159;-142
-209;89
128;194
228;-170
-147;-243
-175;187
123;196
-146;-196
-156;-176
-161;-159
152;161
-126;-153
-135;-145
-119;174
187;123
153;-192
-142;-66
-109;-152
144;132
89;171
-204;129
-217;-180
-91;193
200;122
-176;234
-199;176
177;-156
220;154
167;261
-204;134
-211;193
-185;-128
-180;162
-199;231
163;-234
204;143
247;147
184;-164
-217;-219
-227;-155
-169;-173
-163;151
-219;-108
152;160
125;135
149;-177
-201;259
193;174
157;95
115;-205
115;-162
-169;183
263;-199
-200;157
208;179
-296;-242
215;225
-194;-138
213;281
-110;-121
-163;-269
216;-238
207;-211
171;-206
167;-225
-197;237
187;173
223;231
-246;92
-163;-207
196;313
184;200
-133;-211
190;-175
-137;-175
-178;-188
198;-109
164;206
157;-210
205;-183
-180;152
155;216
213;103
-233;228
266;157
238;121
192;-229
-178;-215
169;161
-252;180
-187;213
-204;245
174;-169
141;249
215;168
157;-102
157;242
130;-194
-224;175
-137;-123
232;-174
-229;-189
155;213
209;182
-154;194
-224;-162
144;-204
-110;203
-127;168
202;-239
137;-211
150;204
162;204
165;211
-206;142
159;-174
-239;-179
-116;155
-187;134
-145;-214
-186;-228
-277;124
-281;161
217;-108
-202;182
-230;150
-91;-186
-179;100
-170;188
194;-180
-157;99
171;164
-176;123
187;197
217;232
207;-188
-198;-205
124;192
-185;-159
-224;-207
198;-179
-193;-147
-232;-159
-180;302
151;209
-181;-195
-258;164
208;202
-228;-142
-201;-211
-175;209
118;-146
-185;97
215;-190
-151;198
270;114
193;203
274;195
-175;-188
-194;-168
152;227
-164;-187
-199;181
-191;-191
-267;-193
-241;198
155;-173
196;-104
168;-214
249;-194
-219;188
164;-154
192;165
148;-258
-249;185
196;221
162;-233
-140;185
217;-121
-170;197
-153;-289
-251;204
257;-80
-182;-186
252;177
207;-164
114;183
151;-215
-204;192
-207;109
-165;151
203;-217
-180;-162
-193;170
-151;-203
-241;112
212;-209
187;-189
-232;-220
-199;-229
-149;237
158;-203
222;186
202;250
-198;-182
185;-176
-227;192
-247;-178
-202;-192
-177;-146
-185;-192
-180;-189
146;-198
266;227
-191;-189
-159;-159
239;229
144;137
146;140
203;165
-190;188
-177;233
-85;149
181;202
219;-212
-256;202
-166;204
-239;174
205;-162
-226;210
189;-204
157;-220
146;-163
-200;-125
232;198
166;149
125;117
178;-166
-212;254
-206;-178
-145;226
188;-118
-234;176
212;-102
150;193
148;-200
-184;-106
-190;-203
-176;139
-166;-194
197;-167
-175;-199
216;-233
-133;-148
-222;207
-160;253
-208;-212
242;-182
-174;197
191;247
133;-206
-262;-208
199;188
186;-235
-195;-61
192;-145
188;108
170;164
-204;172
137;-188
-213;209
163;165
-234;-158
-105;-253
168;-165
-147;-191
199;155
-190;133
187;-277
198;-268
136;227
219;-186
197;-176
139;-141
198;108
188;-196
215;175
189;-160
-148;-158
-179;145
263;-238
-152;-160
-202;-292
199;-184
-198;266
-204;-236
-196;-141
112;178
-146;-228
171;-205
168;222
-232;147
191;238
199;-117
154;312
184;213
-122;-215
159;207
-212;149
-243;159
198;159
181;-196
-164;185
-144;-184
-139;138
-145;225
-223;182
202;216
-179;-212
233;141
188;-223
210;174
153;207
193;177
-187;182
215;-164
-176;243
223;-170
141;-192
-172;-193
121;206
-210;230
214;-214
-234;121
-166;183
189;-217
133;195
159;-95
154;-119
145;114
-202;147
-154;123
-155;-194
-201;109
221;-163
-115;-221
146;235
269;-126
-207;252
258;-173
171;265
258;203
150;-218
185;211
-177;-193
-257;-209
-220;-149
184;210
-165;-214
-221;171
-223;-149
-142;-108
-170;-228
-138;207
114;-232
-172;151
-187;155
-107;-167
200;170
-152;189
230;155
-230;-209
-162;199
-196;-148
-183;-107
243;139
-227;191
178;202
-157;209
-188;-209
-185;233
161;-138
-132;-123
-93;-210
223;-216
167;111
-127;-244
152;168
-154;-209
112;216
-145;164
-178;161
231;-113
190;-88
-196;123
236;-247
-264;139
-188;-222
-140;117
152;216
197;-157
226;-170
-143;-256
82;174
-223;163
140;240
218;212
-179;231
183;153
200;-184
231;-224
85;277
-177;-163
203;188
-139;214
200;-166
-186;206
143;-211
-216;-179
156;172
159;129
-185;186
214;242
166;-219
150;-212
202;108
145;192
-207;-124
129;-191
-158;-103
-215;-179
216;168
185;-240
-183;-194
135;-164
142;98
-198;191
-165;249
-190;174
-240;237
-195;-151
-266;146
-181;-196
-203;163
-138;-226
145;-203
-146;-148
249;-207
-90;131
-190;136
-152;-178
173;-166
232;175
166;200
-116;-255
227;-187
186;-132
-192;-219
-140;-224
262;-140
-106;-201
173;196
203;-193
-158;-231
-257;146
221;188
143;251
166;227
-228;201
205;219
147;251
-214;-183
-122;166
-154;-167
-164;-159
188;-159
-214;185
-192;183
-162;-181
176;-229
-215;-271
-205;-211
-221;185
145;164
194;187
-217;-192
-207;205
186;125
195;-209
-178;-197
99;166
129;133
196;-180
147;170
-96;-225
-153;-178
235;212
166;-165
195;186
-190;-147
197;211
223;-153
-181;-189
-196;-118
-226;156
-154;168
134;232
181;-149
196;178
151;-218
188;-153
145;149
187;-201
-146;-209
157;-188
-174;-185
-216;-198
146;164
190;-219
229;-207
248;-182
213;176
138;-177
140;211
-136;211
179;252
157;-191
127;232
128;154
-185;140
-196;183
-152;143
130;-229
-173;-161
235;168
-109;-138
-207;135
197;-157
-154;-181
205;207
-204;-225
185;-186
-174;172
141;-123
155;-132
-206;-140
137;166
207;-148
-165;-148
193;-159
233;176
188;-257
215;-183
148;-159
78;-169
-225;-214
209;-158
192;73
170;-164
188;184
271;-222
173;214
-42;-147
-123;-194
-76;166
-163;-167
185;-151
-177;-144
-186;119
204;199
-192;-172
-122;-243
-134;153
205;219
229;160
-179;167
201;-155
-207;129
-227;-178
-178;-160
-161;-212
-123;172
186;174
168;-216
188;181
131;127
-181;-143
-150;-156
125;178
-191;-179
-159;-262
133;117
154;-169
169;-154
-152;-183
165;-188
143;224
165;176
-119;163
-173;-183
171;182
-197;-154
-171;-139
182;239
-214;134
-192;-142
139;-148
-285;-167
162;100
-135;-188
224;173
-150;262
-178;201
-150;-186
-237;-202
-108;182
-129;262
196;136
-146;184
136;181
-234;-232
221;208
129;-65
-192;-147
135;200
176;-103
-149;-218
130;-199
-155;-189
112;162
170;-174
193;-164
186;-152
-124;-204
183;-203
-233;-332
236;-238
-215;-183
133;-205
-216;-219
172;-168
-135;-129
172;141
193;-185
-228;218
224;189
195;-174
-142;-162
219;-202
183;240
-201;152
-143;189
154;-184
237;-157
-154;219
-249;170
152;-216
-206;-187
-236;138
-197;-194
161;152
-95;-149
159;-188
-143;204
-152;212
-222;-226
200;176
143;-170
195;240
210;-213
-177;-207
-223;-136
-188;137
-196;-118
147;219
-162;204
176;213
-248;-149
-159;-172
-160;161
176;151
-120;151
-207;122
-210;162
157;198
-121;-160
-192;-145
-120;-163
158;-179
-169;-206
175;140
130;110
219;198
-153;-177
-150;-148
152;188
-212;-149
-97;193
196;183
233;169
189;-125
-177;-195
242;187
235;-244
161;-154
-164;-215
-152;-149
-160;-166
168;-106
140;161
144;247
-154;-142
-186;120
163;173
203;-133
-191;-145
-200;242
244;197
174;168
-145;134
173;-167
186;215
-239;156
-162;-150
-175;-170
-120;212
224;240
224;-170
120;178
-139;-229
203;204
170;-153
124;-187
-128;183
-204;156
-173;-138
201;-230
-141;-92
230;-219
215;-137
285;222
-199;-156
-194;-178
-218;150
187;-127
-212;188
121;157
169;-136
124;228
-192;-209
148;228
-165;181
185;124
-230;-181
-115;-202
156;-182
-194;-217
-209;194
-244;-248
127;-201
184;-166
145;218
-222;-195
177;206
-205;144
257;-159
209;-237
-190;177
-167;-153
188;231
-240;-187
214;197
-125;204
-115;183
171;171
-179;-121
179;130
-155;177
261;211
111;111
-170;190
-141;178
174;-220
159;-206
-191;-225
-206;197
179;204
201;-172
113;144
-169;255
-179;204
180;-132
-175;-153
-162;209
-212;246
-203;-170
-188;-152
-236;-272
-221;247
-172;-160
-197;-200
-218;-197
234;-139
-128;166
171;184
-187;171
-197;232
210;-129
-134;275
-96;-200
-239;187
187;156
-225;102
-203;160
-219;-182
191;-140
-194;238
-212;-175
145;-198
-171;-167
-172;104
-199;-176
-141;169
-171;183
-164;-168
172;-173
-222;140
-184;-181
202;150
-118;-160
-131;-167
-177;224
244;-128
116;-191
166;135
163;162
126;-172
217;-214
-135;-174
-176;186
198;198
98;-194
-149;-141
-174;128
198;-191
187;277
-182;193
186;-185
167;232
192;169
-142;137
-193;230
146;-249
168;-229
-209;-242
225;-229
-196;-221
-191;-190
-222;245
223;-152
190;187
-179;192
-142;-151
-178;208
215;243
-195;176
222;-203
181;-249
-130;-268
-136;168
173;204
154;-217
-106;120
-172;176
-176;-182
168;144
-166;179
191;-214
-218;-181
-212;224
-210;-155
-137;-220
120;-168
123;-131
163;-156
175;-151
133;191
-162;-147
-229;190
-149;154
189;-137
-139;154
-161;-207
-157;-148
196;185
176;164
-102;-169
147;132
-173;182
136;-216
-120;-110
182;140
-176;103
-110;-194
-187;-185
203;-189
146;177
-151;-154
166;-168
-181;189
-153;228
-235;107
155;230
-239;188
-251;144
-129;197
-182;-209
-124;187
-222;-226
-231;217
174;-177
-102;-162
205;185
254;-149
233;202
221;-194
227;-193
-175;-174
191;-212
198;267
189;183
-150;209
-161;120
-196;-171
177;199
-147;213
-173;-275
198;-202
-158;-138
267;-166
-115;111
-203;142
-210;146
-170;199
-213;150
147;169
78;227
246;193
-190;-189
155;-225
151;171
138;172
-185;-183
221;210
-184;-200
-199;-154
107;-153
217;141
-133;141
128;164
170;131
-149;104
168;-151
-209;-101
-183;210
-180;175
126;-230
-180;164
-189;200
-76;224
-179;140
-223;187
-134;-177
-164;176
-175;-222
-218;-214
-140;-225
302;217
187;161
-164;-180
148;192
-230;224
231;-189
203;-236
-159;-274
-211;-202
-209;-214
189;223
-205;165
-108;-217
-208;-202
-152;-253
-199;182
-200;-154
-165;174
215;-193
-141;-140
242;-184
-190;136
174;-95
146;-148
-178;126
-111;-157
184;-134
-100;-217
-204;-162
-140;-205
217;-168
-195;151
-145;196
172;-187
145;-222
188;176
186;-194
156;214
-206;151
180;170
-206;-247
186;-185
-135;-212
228;-184
89;-193
132;-256
198;-201
-167;-179
-294;213
-194;205
-172;213
212;-81
-164;-222
179;183
-127;201
-276;173
-180;-158
-188;-157
198;-206
-166;-222
-157;-170
-191;-178
135;210
157;277
203;-126
220;195
-141;138
-221;100
-273;-151
-185;157
140;190
147;181
205;263
-192;-167
194;177
182;155
-233;-229
-202;-156
199;172
-174;151
-201;-213
-172;197
-170;-135
221;121
-181;-182
206;126
-205;-202
179;220
222;143
185;200
-200;145
-176;-206
-214;189
-268;282
-176;217
-191;-229
262;136
-236;-189
-119;-172
137;-264
183;190
-253;193
212;175
-201;185
-180;196
155;-196
-223;-200
116;-195
174;142
176;-134
184;-189
154;-207
-195;166
210;-206
220;220
-170;-199
-225;-243
186;147
190;239
220;-147
237;-131
-175;-250
-149;-214
-176;-217
196;-152
-156;138
-171;-167
-229;176
-196;169
197;-208
204;-189
-163;211
-141;-182
-214;149
-211;139
-198;158
-155;196
260;-122
235;-225
153;210
-192;-116
198;-143
160;-160
190;-244
161;-206
-210;-173
178;-284
211;145
-186;169
159;192
-146;165
-197;-188
-187;-152
179;156
147;185
198;212
-172;187
-164;168
147;206
169;-182
-157;-221
-230;143
205;-167
-154;227
167;-211
162;220
209;239
168;-125
224;-221
-234;238
236;196
-123;227
124;224
-166;190
208;141
-141;-251
181;-184
213;-199
196;-133
79;180
164;-169
203;216
-267;112
231;-166
-221;-212
-125;-170
-152;128
190;-206
200;135
-166;-174
-122;-172
169;210
215;-200
-201;-101
141;156
157;166
255;177
146;-201
-199;152
129;-231
-170;169
-115;182
130;103
212;114
-115;179
157;163
165;-169
179;-197
123;222
-174;262
-154;248
-107;213
131;-239
94;-148
-187;174
202;-182
-154;-213
-209;-187
190;-228
-189;-186
161;57
-235;186
189;-153
-173;-199
-166;-151
187;-132
-148;-157
-268;-165
-190;-193
-241;210
-121;131
187;192
167;-185
191;154
202;-271
166;-245
260;113
-198;164
257;-238
-225;-243
-199;-202
193;141
151;-231
-203;-213
154;-235
147;-136
-110;247
-164;224
195;-166
136;218
136;167
-180;219
-130;179
-132;209
248;131
190;153
-216;-156
-164;226
170;208
-109;148
-202;176
-229;-216
193;122
-201;-138
-145;220
113;122
149;-212
241;204
131;-201
171;135
256;92
-230;-145
-258;-80
-147;167
-246;-191
-182;-158
238;-115
-209;-189
-172;200
177;-173
-171;-147
-132;156
142;-266
-207;150
211;-169
198;224
167;175
-187;186
124;148
176;211
-147;141
-201;-164
145;-158
-195;132
177;162
143;-165
-154;-195
145;-184
-121;179
217;205
147;228
-156;236
-286;-169
-183;-128
163;-251
-276;-232
-147;222
-197;-223
189;169
140;-169
122;-199
-174;-159
207;145
145;-159
174;218
-142;151
-181;184
-129;183
-195;-210
166;175
-121;135
216;-159
-163;-271
-69;139
233;154
182;99
-152;212
172;-149
-154;216
-185;-173
-227;-171
-135;186
184;-237
-136;222
-161;199
122;-155
178;198
125;-160
104;-91
-144;139
196;157
-144;180
190;225
206;-159
-177;203
-208;-192
-168;-114
-216;-235
134;113
192;196
-163;127
210;205
157;164
259;211
-147;173
115;-143
235;202
-206;-176
173;-174
-238;127
139;176
184;-157
191;197
-180;151
-165;257
185;125
-151;216
-192;-138
134;-138
-160;-178
-247;-84
-172;272
142;162
-238;181
-172;250
181;157
174;114
126;-220
85;-237
-197;-153
162;155
-180;-205
170;183
-159;220
147;-239
-191;195
-226;-161
-191;-197
-160;215
220;259
-188;-125
-121;235
169;166
186;151
185;-159
172;163
154;153
217;186
153;-219
-159;-153
150;212
-217;-203
166;90
-258;239
-176;-198
-179;189
-165;201
130;-191
134;-127
-205;-182
-173;-192
-138;181
-190;-104
179;-121
241;225
-190;-163
-235;-175
192;143
-171;221
143;102
-219;-183
-189;-107
-180;256
-217;259
-176;-202
219;181
178;150
173;-245
-180;-203
170;-254
194;174
-184;-149
-138;210
161;-179
188;-200
184;-221
137;157
112;-198
197;209
-215;212
194;-209
195;144
185;-164
155;208
-140;176
-190;212
192;141
-112;120
-205;-146
206;-206
-224;-159
-167;177
-162;-282
-192;212
183;116
-265;-164
222;166
209;172
-163;211
-194;-186
-232;215
-188;192
-158;-172
170;-139
-162;-139
-164;-186
-167;157
-224;-193
-123;155
179;122
-221;244
-182;173
-193;-172
177;181
-144;-132
-153;194
221;-152
201;-182
-174;230
197;233
197;-152
-280;199
241;-209
-266;-210
-201;-179
-176;186
197;-214
189;-178
-228;146
179;139
-194;169
-206;-164
108;158
136;147
93;-144
177;184
170;221
-124;250
124;254
-201;-175
-124;121
-197;144
189;-131
-213;227
172;126
-155;152
-186;137
-202;-207
-204;-182
211;-164
-200;243
187;-199
228;-116
172;-164
-194;163
215;220
145;-206
-225;-170
177;-213
217;-205
-218;202
139;-167
-197;-197
189;192
-229;224
152;176
286;-209
189;220
-124;214
-211;-289
246;190
-187;-166
-191;210
182;-196
-239;242
172;-141
200;-176
156;-110
196;-198
225;-168
234;219
-178;225
163;112
215;201
-200;-116
-218;-155
206;182
-169;169
193;203
-158;130
-220;-206
-186;-166
-191;178
243;-161
179;-213
-172;-162
-202;-178
-128;-210
192;-86
198;150
199;-220
150;154
166;-177
-133;-152
-145;124
-254;-173
-171;136
-184;196
-198;217
-211;161
-137;198
-122;-163
173;-211
180;162
145;-139
-172;-135
202;-187
-138;234
180;-209
-169;-190
-241;-147
-188;204
-185;160
-176;-159
138;161
-212;257
-210;180
200;177
-170;-175
-156;-151
133;-166
263;-209
250;-180
127;184
-208;-216
84;296
186;229
-220;231
-238;157
-236;168
-206;-231
-188;-252
-161;-278
-158;-228
210;-147
157;-217
-187;-127
141;174
-169;141
183;-205
-235;-148
192;198
-176;156
-194;-140
-172;174
151;-224
176;-239
189;242
-166;-131
-182;-207
152;185
-183;168
205;199
-207;156
198;-125
130;-222
-154;-182
-251;202
-123;-161
-175;208
-201;157
-227;-211
-229;-170
-155;-192
145;-152
-150;-162
169;192
236;119
-156;162
169;-230
-166;-214
-166;-104
205;-199
-219;-219
216;167
-163;189
-202;162
224;-190
-175;134
259;216
167;146
-167;-199
234;226
122;216
204;-229
-215;-170
201;-208
-242;-219
219;-202
148;241
172;-210
-195;146
194;-178
188;-197
199;248
-207;-143
182;-223
-159;167
237;-228
100;-230
246;-191
-193;128
-184;167
159;225
180;159
197;208
-173;194
-183;-99
-205;253
-182;-186
184;161
218;-110
-133;-150
184;-223
-142;201
191;216
168;187
198;-120
211;-123
164;-212
174;-136
244;151
190;160
-161;-242
-180;-150
-166;153
-133;167
-178;-216
243;194
-159;-133
-228;230
179;-213
194;-244
-184;-159
173;-129
205;199
197;-186
-216;-207
-280;182
235;189
-222;153
-154;-238
197;180
-171;200
165;-144
170;195
216;162
195;-227
224;232
-247;-224
-231;125
-130;163
-206;235
151;-175
-160;-181
180;-162
-221;-172
-113;117
-146;191
186;170
-184;-215
142;203
-177;-208
-128;-312
-167;171
184;-190
181;215
192;154
150;-180
206;144
-212;138
-181;-195
-216;-250
-204;144
157;173
-171;195
136;136
-190;-135
176;151
-214;-182
-119;194
-265;-117
150;-176
181;-145
205;151
210;175
-194;265
112;192
175;-150
192;134
184;-146
153;214
-175;-153
-169;-143
261;-199
-206;181
164;-123
181;169
-175;186
-181;170
-154;-178
201;153
135;-210
152;158
151;-223
150;114
-259;-245
-180;129
-135;-174
139;-205
-192;173
176;136
-196;-218
176;179
-161;-168
222;-170
-184;167
-190;103
-209;152
162;203
108;-213
-184;-143
152;164
-138;222
127;163
151;151
134;-152
-121;-162
150;-141
-215;-153
-111;-106
192;-148
182;231
-193;-113
177;141
-277;-191
-184;259
142;-215
178;-150
-118;275
169;230
-234;-122
-260;-163
-142;-152
-113;217
-207;-170
198;-153
-188;161
-96;192
-195;-216
164;-188
181;-220
-212;-149
-216;-132
146;-192
-166;196
134;-171
-155;-136
-140;177
140;-144
185;155
215;218
178;-199
200;-125
-140;-231
-112;201
200;211
-156;-275
-211;158
-161;-161
208;-143
-233;207
-226;-167
237;-245
193;158
-141;-150
-159;162
167;136
185;120
187;-122
215;198
178;147
-126;-213
-138;-251
181;174
179;-190
130;-159
132;-164
134;176
-128;-204
-151;-211
176;102
206;-154
-206;-145
134;-199
-157;217
90;-145
215;-170
199;-184
208;-178
192;172
-222;163
-102;145
-166;231
67;-177
-186;231
-201;-121
190;-164
216;-120
-136;-208
-161;157
260;221
119;170
-171;193
211;-162
192;-181
172;-151
185;234
-159;-162
247;248
-200;163
-141;239
-205;197
164;-149
-182;187
226;177
278;-216
252;112
174;150
-240;-137
-171;-137
-229;-180
197;99
200;152
168;-235
164;-171
217;158
-157;242
-160;222
231;112
-198;-184
118;-215
179;-230
-248;155
-239;223
-201;-170
209;180
198;190
231;-188
-252;-197
176;-146
234;269
157;-223
182;-150
217;205
228;-105
214;154
-190;-157
205;-227
-167;148
-135;178
-237;198
230;151
119;-244
186;207
183;-111
-198;213
191;175
-198;210
-214;140
168;135
-190;144
238;182
-210;212
166;-166
-212;166
163;-155
194;195
-197;-159
212;-227
105;-239
-242;169
175;-155
167;169
178;-149
110;176
219;149
136;202
-150;270
151;-288
175;-200
235;-182
186;-163
228;175
268;210
-205;-178
-122;-300
-274;-205
-168;239
125;-182
-178;-184
-157;182
152;-282
-180;205
-214;-160
-255;217
197;211
-221;234
-236;196
-188;138
233;194
-187;-173
204;-199
-122;183
-187;224
161;158
-181;190
175;-153
-188;-173
-198;152
-149;-215
-202;-149
242;223
177;191
191;164
194;143
-257;-168
-151;-181
138;-232
152;208
-203;-230
184;166
-128;159
-199;-166
-172;-91
-207;151
-158;219
-199;261
172;-152
-181;-164
-230;189
-174;-153
246;213
144;122
-222;218
-291;166
-166;205
-219;-123
192;185
-204;-166
-133;-160
199;123
-248;-143
-156;234
280;170
163;-232
-169;190
-250;-141
110;-247
-169;252
216;-172
-171;-190
-223;190
169;-261
142;149
267;-222
-186;-194
-67;-178
-188;220
-203;-185
-82;-189
203;195
-197;-110
145;213
-179;-280
-257;-151
-181;189
194;-229
181;-226
146;-263
144;100
220;-214
203;195
-153;216
191;168
225;121
184;141
-134;-207
206;-149
161;-139
-129;207
179;193
133;243
-137;-212
-172;97
-161;-191
-204;213
-174;-136
-208;-190
-203;248
120;-121
207;-174
187;208
-241;-225
-168;-192
212;208
-134;-167
153;-196
258;-211
136;-144
155;-184
136;-288
109;-226
-165;-240
-193;195
-210;270
232;-236
-162;156
-208;-231
164;66
249;167
250;-246
-224;-138
178;-195
-162;200
239;221
134;-197
-198;-160
-247;205
217;180
-163;-209
-224;-204
-233;-148
163;187
-215;-168
-202;-231
-220;224
211;153
184;-186
-230;-221
-156;-192
229;204
144;177
-261;276
-234;-228
-147;251
220;192
-222;165
-149;217
181;-288
176;198
109;216
-134;165
-243;132
-234;-171
-197;155
-237;203
203;-211
156;201
192;214
301;-255
-234;-190
-192;-117
-196;-158
-196;193
-218;-179
190;235
213;176
193;-257
-97;111
178;144
202;213
79;-206
86;-193
-190;245
211;-249
-198;185
111;276
-202;-188
204;242
-240;-164
167;152
-244;-179
-179;-155
144;-180
121;-188
188;-202
184;-127
-149;130
175;160
121;153
-160;185
-148;-189
161;180
146;222
-163;-212
203;-121
-168;-120
-144;-216
227;-135
207;138
131;-213
128;-203
-146;205
254;184
204;211
-272;121
209;230
133;255
254;-124
-212;-261
181;200
-156;172
-212;186
-161;192
273;-167
202;249
245;184
140;-136
118;220
150;-207
-146;257
-185;-133
200;-178
-202;-140
166;207
126;166
-143;175
-188;-178
88;-133
-154;132
-120;98
183;-92
142;-192
165;206
183;136
163;173
-178;184
179;-156
-200;-202
-178;161
-190;166
-120;-155
-136;-183
-114;152
-169;164
197;-136
-226;150
-241;153
-180;-175
-131;139
-156;144
236;-171
-181;178
244;174
-105;162
147;180
182;183
75;-181
-199;-150
127;145
-245;-245
-163;-191
227;-199
-192;-224
-187;-231
-261;179
77;192
-159;-205
-219;182
149;203
-255;-218
-236;-177
-158;245
190;-168
-149;211
157;-175
-170;206
238;205
238;261
165;199
-188;-134
-150;-140
205;154
-153;-195
-184;171
-177;-123
-206;-207
-117;180
162;-210
135;-205
161;-119
200;-114
-170;234
213;-209
204;102
188;-213
-201;181
181;207
202;-187
-143;124
155;-114
-205;115
-162;-133
-175;153
161;-140
-205;-195
174;144
175;-135
166;170
139;-142
-135;218
-182;193
-143;190
164;-132
-144;-208
-118;101
-215;-198
-152;182
136;-66
147;-190
-141;-208
-159;-154
-199;173
225;-179
171;136
243;269
-96;-226
207;-168
-158;158
-114;-214
-202;-243
-196;-199
-187;-209
-237;-201
197;-165
210;265
-167;-219
-229;-155
178;157
193;175
251;88
167;201
-182;150
-235;248
-131;195
205;176
191;-126
-182;195
-153;111
-204;198
179;-217
-85;143
169;-181
202;-142
203;-177
-207;-190
194;236
154;164
185;197
155;-168
-189;164
-138;-148
-223;158
128;-119
-166;132
158;-166
138;165
193;-57
-158;-221
-173;-186
-141;145
-113;-200
133;-212
-185;-126
150;-190
-164;-198
-195;188
-140;207
-154;-181
179;-130
-170;221
170;226
144;-136
-154;-163
160;208
229;-147
-228;-244
221;-181
237;235
202;245
-273;136
231;-260
-200;226
256;274
-223;-251
-203;-239
189;-214
-223;-142
208;244
-133;220
217;-166
131;-173
251;127
175;-249
164;-154
203;-193
205;129
215;-192
170;149
168;-165
-175;-191
-106;180
218;-167
-183;-176
-188;-220
239;-149
-214;155
-208;-184
-120;-236
168;105
-186;-245
212;-182
166;134
-176;209
135;168
184;-200
139;175
172;136
-180;-199
203;156
-200;131
-126;189
150;207
180;-152
-112;184
-182;-123
-159;205
-146;141
-124;210
224;202
-171;-93
195;214
179;-150
174;243
180;257
186;171
-228;178
180;-96
-143;225
127;-181
188;-190
-152;-156
146;232
-229;174
173;-278
-186;140
-177;191
221;-242
139;112
278;-130
154;-218
141;149
-153;133
-202;135
-128;-165
-143;146
209;-204
-178;-164
180;169
186;-172
-158;201
146;-162
171;138
185;199
227;-142
157;262
-110;-154
-199;-196
-206;-251
220;150
-153;-170
-152;220
-177;-195
-165;-209
-209;-216
-146;192
205;-204
-171;185
-171;193
-168;-170
223;205
-135;262
225;215
-213;-154
-200;188
-193;-224
-196;-253
209;119
-203;122
145;150
-178;234
-195;-173
-230;153
261;-166
-215;-231
-168;-195
139;-194
172;223
-163;-212
189;160
-137;-267
155;171
-120;151
-175;219
186;-164
77;-165
-175;177
243;-204
-155;146
-161;-181
-156;189
199;169
238;-177
171;-189
-148;-160
190;141
-166;106
165;231
167;163
-200;61
130;189
195;-195
265;-127
155;215
-196;-189
148;245
-124;231
183;-186
-129;209
224;-179
-217;-186
157;147
212;217
-260;165
159;121
191;-142
200;-203
216;197
212;173
-288;-104
219;-139
-173;-139
-261;-246
185;231
197;-266
-196;-265
230;-244
225;193
-170;260
-221;237
-158;145
-190;184
-211;-162
-267;221
-157;-162
-238;173
-209;-248
234;-207
-169;-166
181;-209
-187;186
-175;172
-245;-230
166;-165
168;177
175;146
-201;-150
160;-213
219;-138
-239;-203
-120;-135
199;-167
-141;-199
153;183
238;-175
-188;-140
-184;193
235;155
163;163
122;186
-212;141
199;241
205;187
-210;-195
-155;165
-152;-173
147;-193
166;-201
-180;-208
-209;121
162;179
246;251
-176;162
193;-117
158;-135
190;-173
122;250
-192;-242
203;191
-185;208
-205;153
-150;160
169;-165
-223;141
191;186
159;-138
162;167
262;141
-196;-183
-258;-157
-160;-206
221;172
203;223
228;-191
224;-151
138;168
-169;179
-220;142
132;114
-154;-143
193;-159
214;-197
-211;177
-167;163
-88;-146
175;186
207;171
188;-195
-189;-173
199;-188
168;144
190;-131
241;-171
151;222
207;-112
154;196
-168;-204
214;-188
-137;142
-268;141
-183;166
189;198
251;-137
167;176
174;-184
-150;200
108;225
-195;216
-242;206
197;140
-203;166
183;196
-185;150
194;-235
-146;201
221;-198
160;157
-177;-156
156;-158
219;-229
-167;182
177;-203
211;159
197;-262
231;208
202;217
230;134
-200;177
156;-221
175;-169
168;-208
160;-166
258;188
206;224
-209;-199
-144;-217
-185;-97
-180;149
237;-98
-152;-168
-165;173
253;-195
-133;156
-223;-137
-219;146
178;167
-183;160
-189;207
-177;166
124;179
-215;-163
235;-162
-232;225
-224;143
169;192
-218;133
233;-204
-165;-134
-222;208
-150;-244
-214;-165
151;188
211;261
182;201
160;185
-214;-180
-153;-210
183;-174
223;226
-187;-150
161;136
-263;186
-228;-154
-227;-205
-187;178
-187;100
-164;122
154;-167
-105;-159
-127;187
-190;-213
154;246
196;104
-260;204
-199;163
-115;169
-177;-179
217;179
-214;-226
-224;-147
150;150
-166;-203
-166;222
193;213
197;-130
-192;143
-160;-182
247;-152
-123;177
198;-202
-192;-210
-212;114
140;-116
161;218
230;-206
-144;-133
-190;-148
-200;157
-156;-178
-191;-174
196;199
-187;-251
174;190
-180;-255
-104;-254
-198;185
208;-163
176;-219
251;-134
117;150
188;-155
164;235
-169;240
204;163
161;219
181;170
-172;-195
173;-143
120;-181
-232;210
138;174
99;195
-183;-202
-180;148
-178;-218
-233;177
-163;-211
-211;-198
-198;182
201;-213
161;-199
177;197
-216;-215
-131;-204
225;144
-212;-148
161;-213
205;-235
163;-157
199;-212
141;-164
173;-212
-214;-223
-241;212
-249;163
97;-141
-225;158
-131;-131
191;176
161;184
103;-145
-121;-88
217;-190
-205;163
160;195
194;-152
-140;-246
-174;236
187;245
-164;-179
-199;-195
-181;-247
154;205
-179;-139
-109;-148
-128;156
122;161
257;-165
-177;-219
-210;-257
137;220
84;234
-158;230
-168;-202
-191;212
213;180
-200;137
-104;154
141;-187
215;152
189;250
-204;183
-142;232
-134;-148
-224;181
-148;222
205;-213
174;157
171;200
270;-232
-179;-140
-224;-122
-184;-188
-198;223
-200;-196
215;161
215;149
79;-220
-222;263
179;209
207;147
192;-213
155;-220
-157;210
206;-162
-180;238
241;127
-200;-183
66;84
-191;-158
197;154
-162;-179
-172;-213
198;-141
198;-106
179;-219
92;-195
-176;169
206;213
159;203
-134;262
-219;-208
174;205
126;162
-196;-245
156;-191
-257;-185
-169;-206
230;-256
199;160
180;-206
188;-171
-243;188
220;185
202;106
-159;157
134;167
145;170
174;-131
-169;-193
149;228
-128;183
-185;208
-190;136
250;-231
159;129
209;116
141;-189
186;165
176;-177
-150;167
-149;-140
170;-136
-138;-177
219;253
142;168
-140;218
-181;-177
150;-190
-169;200
-111;206
143;-144
128;-125
189;202
188;223
163;138
-104;234
190;-169
-167;-135
-92;148
-179;183
-126;-151
-191;-202
-172;194
-205;129
149;-196
-164;176
-177;172
-123;-186
-230;154
-153;192
162;-238
-135;177
210;223
-232;157
102;158
175;171
170;-134
-111;-193
177;196
-183;-233
-227;-208
167;-127
-198;-197
-133;-173
-245;197
171;209
-202;-164
-218;183
155;138
-195;-194
-127;-137
-139;162
135;-158
-169;226
202;-108
-164;185
187;187
206;150
192;185
-142;-134
-136;-165
188;177
-156;-163
-197;195
-130;-150
-170;-171
-217;207
170;-208
128;-206
144;-209
147;-162
-146;177
226;-117
177;224
163;-169
-164;138
203;228
102;-149
-99;140
192;-101
-123;166
-174;-200
-212;157
124;-184
-164;-179
169;129
196;-92
216;177
180;-176
-173;202
-147;175
-184;303
176;-176
-224;-219
-139;219
-164;-177
-244;198
191;-147
186;-228
-219;-135
-160;-240
-177;175
245;-205
146;188
183;147
-141;-137
134;-192
-112;112
-160;-156
-182;-168
-165;-187
-213;-215
-159;-206
127;-202
134;200
-163;-182
-157;-200
133;244
197;129
244;104
115;214
-161;197
-115;148
-205;150
209;147
177;-192
-169;207
-128;196
-166;192
137;-129
-151;173
117;-180
127;-166
176;-123
-180;-133
214;213
154;181
165;164
140;-147
-180;117
-172;-181
-171;144
219;-210
-169;200
150;-290
186;150
211;-176
-171;-194
-182;-201
-221;164
-152;-151
155;-145
-206;-167
181;-186
-217;-195
-205;124
-193;87
-168;-174
189;-162
-177;153
111;196
130;-213
-177;-211
196;138
167;-118
-103;-152
174;-194
207;206
241;154
-144;160
154;-203
-226;195
177;227
-146;-178
-210;-166
147;-212
-109;-192
222;238
-165;152
155;-193
216;-156
117;165
163;-204
193;-198
174;-179
135;92
134;-168
243;153
120;-167
-155;-195
-120;179
134;-183
-206;-105
-211;-121
185;-159
-161;143
-149;-230
-140;-211
154;171
-194;-214
194;-184
179;144
-168;175
182;162
180;-158
153;171
224;161
-196;-175
140;265
-123;176
-166;161
223;159
221;-146
-174;260
-207;-196
-140;249
-157;177
-94;151
203;202
-237;-176
174;204
130;-117
218;216
210;221
246;152
-182;285
184;-224
-201;263
196;-263
204;-236
-267;-243
200;200
-188;193
129;-131
-185;135
-161;192
181;-173
168;143
155;-180
190;-182
148;146
-173;157
-198;160
-138;-149
-141;194
192;-252
-160;-164
195;229
159;-219
-131;92
173;-157
173;128
135;192
182;-158
209;176
-177;-200
-175;-221
-120;-128
256;145
-257;-176
-254;281
-217;-123
-221;-254
-276;-243
-274;190
236;-308
-178;208
-154;134
-260;-220
248;171
-183;183
201;128
-247;-219
-233;219
-177;-172
-173;-163
211;181
-169;181
160;167
-131;161
-166;-158
-139;178
204;-170
-213;-134
-156;-121
189;-169
113;140
-134;-136
147;174
-234;-155
148;204
-180;128
-207;150
150;-123
167;-147
-224;163
140;-205
-152;111
-162;-248
-175;210
163;73
129;-164
189;-282
-234;-154
148;172
-171;190
128;203
200;125
-198;134
108;180
156;-160
71;-115
192;181
-247;-235
209;244
-130;118
144;-169
-197;216
206;-223
-232;-168
218;224
231;232
-190;263
220;137
286;-237
174;-243
204;180
216;309
-129;-121
200;-244
-209;-256
-169;-221
238;193
186;-214
-182;-142
145;-222
223;195
-187;196
-151;261
-159;198
-151;125
-128;-223
-173;176
-138;-229
-167;171
-171;-233
153;-138
-137;-171
119;-155
-171;172
-150;160
-172;-168
173;-187
193;181
203;179
-206;-191
118;-177
160;-132
-173;-162
-233;-147
119;-193
-190;-142
172;221
222;-222
-133;-159
-156;101
160;229
188;164
167;136
-249;122
167;182
128;167
-221;-115
-211;193
-207;-187
247;-216
172;-234
-149;-176
-170;149
118;155
146;178
-224;168
173;-213
205;-123
180;-135
117;165
-173;-211
170;229
-208;179
-275;114
-175;210
216;-206
-174;156
187;203
233;-142
190;153
131;144
-122;-134
-159;-160
-176;-221
221;162
151;151
97;-182
112;-266
203;208
-198;154
-190;147
184;201
-171;-160
127;-261
185;-229
-171;149
-178;209
-188;-137
113;141
186;135
165;-200
-167;-234
110;-161
211;197
223;-130
208;-193
114;153
181;-133
152;145
-109;-203
217;-168
-161;171
-196;181
-185;161
205;161
175;-143
147;254
183;-118
-227;132
179;203
-205;191
-227;178
198;214
-201;204
167;118
-250;168
136;-139
-144;168
198;-186
142;114
-130;-184
162;-103
194;-211
-182;133
121;-188
165;197
168;-195
154;236
135;142
161;146
-127;289
125;-226
225;-258
185;-127
91;-145
114;162
174;159
-225;-219
-216;-161
-185;-172
-177;258
162;-189
-208;-162
-209;256
185;-288
-215;195
-163;-137
-162;151
78;171
-167;211
-148;145
-187;190
172;271
-201;-166
129;-102
-178;210
-210;203
206;123
-226;204
230;-129
-126;-172
-195;195
-179;-202
-193;-177
206;177
168;150
188;232
167;226
-213;-169
-113;-186
190;-121
175;177
-121;-149
147;185
-147;152
-142;-212
-215;-194
-201;192
-196;147
-218;156
233;-230
-123;-209
-120;179
-174;-159
188;249
159;225
-216;188
-109;151
-192;183
-223;-119
132;149
-161;-252
-154;-187
204;224
-210;-174
-256;190
160;250
153;-144
-193;251
-184;-182
232;-189
-166;129
150;-201
-172;-212
-264;198
185;-195
244;142
177;-176
-230;-189
-248;-204
-110;172
-135;-139
-163;-210
102;197
-178;-187
202;206
-177;-205
-127;-183
-136;147
152;-215
206;-190
196;-113
162;253
127;-174
193;137
-134;162
163;178
164;169
215;150
-170;-223
158;-246
246;-141
-189;181
163;144
198;202
-109;-149
-219;95
-146;-157
-208;134
-147;-219
-178;-214
-132;144
213;-201
176;-155
154;119
-247;-149
-206;-157
152;174
-201;-162
155;-199
212;-110
159;-165
213;-181
220;-173
207;-210
-156;-191
-196;165
-219;205
314;-259
-154;198
-180;-182
151;182
243;167
209;-218
-207;-112
175;-156
-186;162
121;141
188;-227
-130;-232
-216;163
118;190
-248;-186
-195;-177
-98;-178
189;167
-221;-205
-170;-184
-172;223
106;194
189;-170
-248;-170
-122;-215
182;174
224;228
-212;178
-178;-225
-202;199
237;135
-147;166
-220;156
216;-143
202;158
147;161
-192;187
-186;165
-159;-219
-151;140
-249;157
179;-192
207;194
166;204
124;-144
-188;-188
-116;-253
-153;-136
-218;124
-158;-149
90;128
165;218
201;-172
-174;168
217;139
150;119
168;-180
206;-260
-172;151
93;-172
-189;248
164;200
-181;-169
182;190
-213;-223
231;168
-182;-180
-212;-228
262;-173
235;-222
263;-226
224;-242
-156;233
188;230
215;137
-228;211
-158;-168
212;220
93;177
-141;-111
132;-196
-217;-181
-138;-143
152;-237
204;194
100;-133
147;-155
-163;226
248;129
216;126
-192;155
181;131
149;204
137;-193
-168;-132
148;172
-222;236
-196;161
-240;157
169;-171
142;108
111;194
197;-146
231;184
234;-210
-239;194
-178;-144
244;-218
-209;-177
167;206
259;271
-268;184
-183;-167
263;-201
-218;272
-267;202
183;-224
195;-211
154;202
194;186
169;234
-134;161
254;-192
-154;-112
-218;189
-198;169
-188;-186
-162;-143
-108;160
-211;149
201;-171
-99;213
-155;150
-157;-128
-197;176
-169;177
92;-122
-206;180
200;132
-205;195
142;224
144;161
110;-178
-161;-209
172;158
-206;-124
-176;-165
177;-170
-160;-167
-225;-169
-107;146
169;128
-224;-209
-231;159
220;132
-201;-159
-162;-271
-224;204
203;-147
-154;123
170;-169
-235;134
164;178
113;152
163;190
-138;-163
-182;-245
274;176
-198;-219
-216;214
-265;-243
-200;-257
-190;154
230;-210
199;-301
247;-233
298;-158
-272;254
265;-172
231;170
181;-133
-163;185
196;147
153;-170
-175;193
165;-210
-193;196
-168;-124
-167;183
186;-117
-182;-148
115;113
126;-167
103;190
178;-218
-154;165
-102;196
-186;168
135;-197
-154;-140
-206;195
-178;-179
-241;162
154;-159
171;-135
-179;-160
-154;-161
-181;248
195;-207
202;137
261;162
-173;-171
222;-177
-188;224
-191;-193
-249;-135
-206;-153
-177;-173
-159;-231
203;-185
189;157
-226;-268
-229;-256
181;211
218;190
176;202
197;193
-274;253
-196;236
-229;218
224;305
211;-232
-199;215
-216;215
-213;225
265;-214
-240;193
156;-223
225;-203
195;-177
-254;-204
180;155
191;254
103;154
166;-189
-192;185
-190;-180
-225;137
222;-154
-148;153
138;-229
210;135
155;-119
-171;-177
-191;-179
-170;193
-202;-189
154;-112
-186;-195
83;-176
-206;-164
-206;151
-193;155
-197;-138
177;-185
-209;146
156;145
162;-178
-128;-76
216;138
149;-180
-118;-184
177;-208
137;194
158;189
-185;159
144;-179
-153;194
190;244
-181;-155
-164;-184
209;-135
-195;-190
180;224
-165;184
231;-168
155;-122
196;228
198;-242
214;-225
240;-213
141;160
214;-275
168;282
198;-238
-236;-198
-243;192
194;-144
-250;-185
-209;-147
228;-203
-191;120
-200;-227
-227;-168
168;144
-213;-187
182;-198
154;206
-193;182
163;196
201;-201
245;160
223;213
-140;-198
174;149
-171;147
-94;101
215;203
168;-181
-169;201
-144;-170
-127;142
-106;157
-162;137
163;210
-203;-142
186;107
160;-129
158;154
211;182
215;199
-126;185
214;-210
-171;156
214;-132
218;-236
-215;-181
235;247
-190;176
201;-196
-240;314
-150;240
205;-182
170;157
181;-171
180;-132
152;166
-174;157
-181;214
-183;-179
-194;181
142;-202
-214;-179
182;148
140;-182
-142;181
166;-201
203;142
228;208
288;-186
261;200
-154;-139
-289;-230
-217;-173
211;166
-195;-120
-136;134
-155;-251
-151;-261
-184;-129
-260;130
273;-170
-173;207
-190;136
-181;-172
146;184
-199;239
193;224
-128;-227
-128;229
-181;-163
-162;-138
186;191
-101;142
253;150
-164;213
-198;-126
-182;197
174;-177
-211;-181
-100;-164
188;-139
146;174
-166;-141
152;154
-125;-107
143;120
-171;212
-188;163
86;-101
184;-174
-171;197
130;-202
-169;240
-186;-147
-76;159
245;121
152;-176
200;-181
-188;-119
213;197
-162;200
188;115
238;109
-152;224
175;159
158;-192
143;-149
158;145
-262;-160
181;160
-218;247
166;-274
-164;222
156;-187
-152;-157
163;176
171;179
-155;135
213;115
223;-161
172;-220
209;209
179;177
-155;-230
181;-141
-198;-165
-213;-144
255;235
158;-225
-191;-181
141;-310
200;222
-231;182
-228;210
-217;139
-165;279
-239;-229
-189;166
-196;-184
-162;218
-166;-136
143;-188
-147;-193
89;-123
-102;82
-81;198
-165;-143
165;-126
229;204
238;142
-184;-243
156;-214
103;-194
-192;-119
-176;-188
193;-142
-267;-162
196;132
102;-187
-154;-121
-71;138
149;154
188;162
188;95
-157;147
97;131
226;166
-178;-155
-185;202
-158;-225
219;-219
242;-188
-138;-173
-164;211
181;209
207;141
-179;185
148;-187
147;-153
257;-205
205;103
-99;-172
172;273
-180;214
-231;181
-189;203
155;-220
-186;188
236;197
188;-217
207;137
207;169
-119;-181
-191;-129
-240;-206
186;218
195;230
142;-251
193;-105
78;209
-160;179
-184;69
115;219
-131;-229
160;-154
186;-165
-207;185
-179;119
-201;-208
128;216
204;204
181;-211
-142;-119
148;-247
182;226
192;-243
187;-178
122;167
255;-192
231;209
-238;-233
173;-130
-237;221
-143;194
-230;177
218;165
191;-192
199;161
159;-210
-155;154
121;194
-188;100
-256;146
201;180
-188;199
241;128
-108;163
197;-119
-135;212
261;-166
195;256
-247;-193
197;-150
209;-217
-203;166
150;-153
163;187
211;-221
131;220
268;197
169;197
-160;246
187;-284
191;-232
179;-214
238;-185
215;203
238;154
-152;-197
-134;-221
-121;-219
-139;145
205;-182
-135;-201
-193;130
177;-136
-172;208
-169;-121
-192;186
189;137
-155;119
-160;161
-192;215
131;178
-248;-149
196;-178
-124;190
-201;168
256;191
-220;166
141;-258
-255;-180
-219;166
-162;-140
-111;-175
169;229
205;178
211;260
187;179
-216;-242
-179;-153
197;-185
160;183
-212;-166
204;146
-192;151
-127;-199
-215;-210
-201;147
-192;192
-203;165
148;-149
-149;-108
-155;202
-150;-206
215;182
208;180
-198;203
-160;136
-193;205
-226;-307
162;124
-146;-207
-156;-214
281;186
-247;-182
-191;242
195;212
192;-174
-127;83
-148;-251
157;-128
-215;218
183;-189
-153;-217
-194;141
193;-207
165;177
180;-172
-128;-270
-154;-218
-166;98
-189;-175
-180;-151
129;242
-187;-261
207;223
-172;-187
-152;-217
-115;269
162;-108
227;-258
156;-152
187;148
165;-146
198;145
-166;132
128;234
117;197
97;142
-211;-177
203;-124
162;-182
-185;137
160;188
188;192
-191;-154
-171;229
-232;-195
-232;218
-260;-195
-139;-143
-236;204
225;-245
149;-212
192;202
-145;-189
-245;-179
210;219
-186;-193
160;-191
220;-214
153;-274
192;-206
210;-184
251;-294
-212;-178
-179;299
-202;127
193;-102
-198;161
-143;-152
114;190
140;133
188;-171
-139;-131
214;-167
-195;123
174;196
224;-194
-198;-221
-176;207
217;159
-252;-209
-152;-214
-203;-224
198;209
-199;-227
-131;-245
-185;135
303;161
168;-196
-143;-151
-204;-215
227;174
187;184
-194;236
-221;-153
-172;198
178;156
-147;173
-230;191
298;-186
152;217
170;187
-202;161
-182;286
-187;-189
-203;210
-179;191
176;-196
157;172
224;177
105;-167
-215;-213
-209;-178
-116;-167
-204;167
-122;-194
191;145
159;167
205;-165
-160;169
205;158
201;194
175;-183
100;-230
-165;224
108;-167
-131;235
244;39
-254;-101
181;212
-171;-156
200;153
-177;-176
-160;-224
200;-231
185;-139
240;-141
197;-171
-209;186
167;177
144;219
-83;143
-185;-149
182;129
97;133
-147;-185
188;-215
-200;-158
-194;-166
203;-180
223;167
188;-185
139;-127
-202;154
177;175
183;143
-112;211
221;214
262;101
167;-200
-214;-218
268;172
-123;213
-192;186
-164;214
173;-132
160;179
172;106
149;-190
177;269
167;-152
-233;158
-162;-202
174;-216
-199;-194
223;187
192;149
-192;199
-182;-236
158;-87
-203;185
-125;164
158;-116
187;-164
91;152
220;177
179;135
-160;201
136;-161
-146;-133
-99;151
-201;180
-147;-169
-115;-137
-130;148
-159;184
183;-152
-195;142
-179;228
-132;-148
-154;140
-180;177
208;-108
-207;193
122;186
-188;175
166;132
101;137
211;-121
-140;-201
128;199
-204;-155
-186;-128
103;-155
-142;-132
-186;-140
-151;243
136;158
-196;-191
-152;209
209;160
-263;-130
-147;-194
-214;177
249;-171
-132;169
184;-163
-167;169
136;165
146;255
217;167
-219;-156
-165;-169
139;108
-163;-230
-228;117
-140;-156
-136;-264
-175;124
180;-139
137;-139
175;-189
238;-186
-120;172
171;-123
121;142
160;-236
-118;175
118;175
135;-172
-147;103
243;-136
-171;102
-217;-148
-193;148
118;-194
-153;-200
171;170
139;-67
122;176
202;-116
-199;170
-170;102
-223;142
153;-142
-185;-214
-194;205
-153;-184
-207;161
160;-185
191;-174
-126;-208
-129;-170
-158;160
170;-182
185;149
225;190
-201;-173
202;-234
-188;183
-133;-103
-221;-122
-219;-104
-222;-209
-209;-199
142;-177
140;177
-186;-190
-120;-184
213;200
134;122
124;188
210;177
-183;208
-186;175
-132;182
162;159
101;-175
-129;155
-213;210
-152;117
186;-174
-251;142
203;-182
151;-178
141;-139
-99;-132
175;179
140;162
175;201
122;-221
-162;120
-224;-166
-182;183
153;-170
-176;144
154;-213
132;165
221;-230
-139;-190
-173;-214
-207;174
-166;-185
196;-134
-128;-165
222;-70
-163;-201
-217;154
-216;88
-182;-215
138;-201
-138;121
173;157
162;-207
-99;-155
252;88
181;-206
-253;-117
111;-163
159;130
218;229
-153;210
171;-232
-147;230
173;176
-173;-118
-213;-132
245;-173
-168;-201
150;189
-166;233
172;-179
173;-115
187;119
220;-153
197;-140
137;-168
146;98
219;-178
162;189
102;-220
-166;-199
-144;115
152;-229
-190;-118
-142;-214
186;-187
-131;126
-222;-134
-114;-114
179;124
-187;-187
172;-125
155;150
-156;106
140;150
187;-170
138;184
182;218
-156;-163
205;138
-183;185
-166;193
201;195
178;-158
-186;189
-155;-183
-181;132
-229;207
-193;93
152;163
-165;-162
172;162
161;-154
176;149
73;235
120;196
-144;214
210;-153
-181;163
166;-151
188;-225
-230;-102
124;168
-157;239
166;-250
-163;130
-195;170
128;-188
189;92
241;-170
221;-226
157;192
-220;127
-164;136
-181;-121
-100;240
175;-168
-187;-168
220;228
127;-113
-164;237
199;-151
130;125
201;179
222;-147
188;159
-169;-197
-93;-147
-191;-230
136;127
-196;-157
-178;164
-212;-153
-171;-122
-210;-199
-238;155
167;-197
-174;186
-160;194
-152;-134
215;181
-201;164
246;218
-170;-179
-159;229
-230;-263
-172;-161
185;221
-208;182
271;115
-194;209
-160;-137
-205;123
146;-169
-126;-151
-216;-255
181;-91
137;175
-137;-186
210;163
-210;-212
192;199
-196;209
-226;173
189;-151
166;-130
-185;189
174;-139
-220;194
-251;-128
-215;214
201;191
142;-221
152;-146
-175;-186
158;170
-152;177
208;160
188;157
-187;139
195;159
140;-142
226;-162
96;160
-166;-148
186;226
-181;187
251;-166
-212;171
200;-255
-231;-243
127;205
199;174
-123;158
135;147
176;-147
146;-216
171;133
151;143
-181;-101
175;-180
-237;-66
-245;-220
166;196
204;-150
-317;-166
218;-196
184;132
-249;220
-250;111
-157;171
-208;178
-177;-196
-238;274
-132;-226
-158;207
-208;-215
194;-173
-188;-155
205;-227
-201;129
-184;214
-198;-203
215;-90
114;160
218;188
-144;-179
115;-221
106;-206
-192;-184
-167;-174
166;-143
-240;-182
155;201
162;-231
-124;-130
-134;202
259;150
210;146
162;162
-181;197
158;192
184;198
-179;-178
-209;135
-276;-231
119;-221
231;-201
-196;-175
-96;152
236;143
186;167
-192;177
181;-192
194;-215
177;-219
152;150
-193;-178
209;176
-113;210
-199;223
-155;183
161;-135
-120;197
87;204
209;-232
158;181
134;139
-122;-128
-113;-175
-127;-151
209;180
138;134
200;-187
132;-197
175;164
-127;158
-185;193
98;162
-173;-178
152;-164
183;-171
-240;188
-170;144
-218;-162
124;163
197;197
249;-265
-200;-221
174;-147
198;156
157;-155
145;-191
126;219
242;-170
241;192
-164;-139
147;-202
-161;223
-117;135
-122;209
166;158
194;-185
161;171
204;-204
-157;135
228;167
-161;205
-155;132
157;170
-184;187
208;133
-186;159
245;-152
-143;95
211;-144
134;193
-182;-219
199;-134
176;-122
-145;158
141;-106
174;156
183;-197
146;110
188;173
144;163
-193;151
204;-190
147;-162
163;-137
164;-84
134;263
185;147
-216;-143
-172;-160
-160;-191
-183;148
198;-189
-190;-140
-240;141
130;-170
-202;228
-284;-157
-175;231
177;213
-153;141
-183;245
-186;196
240;125
-169;-142
104;-232
-276;170
-167;161
197;146
-139;210
105;-172
-178;-156
-197;181
-166;-206
-165;-167
191;211
226;226
205;123
208;98
-260;-213
-214;-179
168;-236
183;183
-235;-181
162;220
-131;143
-184;-138
-192;-186
-207;169
-190;127
-235;188
220;-152
-172;-175
-200;99
-152;-189
174;207
196;129
-215;153
-229;212
-181;134
-140;-160
189;173
-197;-156
-149;-178
105;145
-226;-190
-202;181
109;164
130;-205
-111;162
-204;-206
129;-181
-248;194
143;-267
-234;-119
-216;211
147;-230
110;148
198;-264
-273;-195
-270;-175
-208;186
-181;-114
-197;-164
222;71
-169;-162
164;144
-169;-140
-155;-174
-189;190
114;-168
68;-199
110;-192
161;180
133;-191
150;138
-221;237
221;200
163;120
172;129
-100;-167
217;-224
157;-177
-160;128
189;154
177;163
-216;-128
-167;182
-173;-140
-209;163
-129;-221
-159;-157
-195;128
186;-165
153;-184
190;165
-171;-218
-207;-176
151;176
-197;-175
192;-158
161;-194
223;-202
190;-126
168;-168
253;-148
-191;-221
-213;157
-161;224
176;-207
-215;167
-172;-153
202;165
253;207
235;-227
-227;-166
190;-156
-213;272
160;190
114;-238
-153;-160
-158;222
205;145
-171;-184
-234;-198
-125;-185
188;128
-186;-126
-150;-156
-120;163
214;211
86;-186
-213;-118
-146;-138
219;122
129;224
-189;171
-167;-129
-93;177
260;128
-178;155
-218;148
139;-122
191;145
163;179
-222;97
-197;133
-140;-145
-128;160
-191;169
213;-180
147;192
152;155
199;-131
-135;-176
-95;-179
-166;-99
-149;179
-169;-151
152;250
174;165
141;-144
-219;178
213;155
83;174
213;-124
209;-202
-229;189
138;-251
-123;195
181;165
-134;-197
226;257
-216;-159
182;220
-150;-131
-169;-130
208;-177
83;-245
202;-151
165;-201
-246;151
207;236
177;150
-217;157
-181;-242
187;189
172;266
-207;-167
188;-226
-235;-269
-195;-151
165;-222
178;177
235;-178
197;-148
-213;191
172;190
219;198
-174;244
282;222
177;229
177;-152
-198;-143
242;203
-160;185
-225;222
-118;125
186;-112
141;205
217;193
199;-170
200;140
196;-206
-187;145
-165;-200
173;-238
-164;-253
160;150
237;235
-172;229
-206;-148
116;-231
-168;159
-242;154
161;-211
178;-206
157;170
187;214
251;226
-215;215
212;-225
-182;-200
-170;250
-192;195
-216;-199
-185;-152
-239;221
-150;207
233;-185
-233;205
-180;187
-178;-200
-210;201
-229;171
226;-188
-242;195
198;163
-186;145
239;192
192;201
157;-156
-201;-211
165;128
-171;-163
-168;-152
208;-236
-154;-217
-185;-180
-169;175
251;265
-200;-192
-164;195
156;232
-164;-153
-140;-198
-192;188
231;-210
-196;221
148;-215
-192;178
282;165
184;128
142;204
-227;-133
-175;-158
161;190
-172;-253
-151;182
-226;-158
-207;-151
-218;223
188;-196
139;-206
206;-115
154;-216
-277;181
133;-209
196;151
192;-195
-236;173
202;181
230;-165
-232;231
218;-182
-166;186
-170;-136
-247;195
121;-211
-211;-272
196;218
177;-199
137;228
235;-216
-120;205
-189;225
-174;192
221;-180
-206;-172
-199;151
-252;-196
-170;229
194;-212
216;-206
-169;-157
-191;-146
-224;145
184;-143
99;221
198;237
-205;-186
188;-198
-249;159
-216;-165
-179;-189
-152;-168
-258;-233
-144;-186
146;-212
175;171
-184;-145
-166;-168
184;175
213;196
200;193
175;129
-159;183
-160;157
-141;193
201;199
213;-217
-123;140
-219;178
-157;165
191;-152
-239;131
148;-164
177;-173
163;-218
-239;-240
193;162
145;248
166;217
218;-150
-176;214
-134;-207
-297;175
269;-192
-239;167
217;-184
155;195
226;-150
-243;-179
-168;-188
-263;147
-141;-195
184;-223
-289;-304
202;-214
-256;-217
-272;165
-195;256
-245;-208
239;-189
-200;189
217;248
201;-186
-158;-192
161;184
184;-200
-183;-235
175;-194
138;179
167;155
-134;75
182;-162
-204;157
188;151
-186;-211
-195;-189
161;-232
-208;-208
218;210
-240;78
193;-232
159;-165
184;197
118;-151
208;-169
150;-228
206;177
165;-182
180;217
89;-195
-158;-198
-208;190
151;-196
-79;-127
-193;-227
167;-212
-130;218
-192;-223
-228;-172
161;220
-211;-177
227;-226
223;210
-237;205
299;216
186;-212
196;193
183;187
-144;-205
191;148
-205;275
-282;261
238;239
241;-174
-253;215
-159;-176
-183;150
-195;184
-149;202
229;212
-98;-208
214;183
236;-179
144;204
200;189
167;211
-233;211
212;-213
-150;208
93;-185
198;-208
-238;-223
188;180
-173;160
195;-197
-154;183
-203;244
168;-133
125;160
149;-180
152;-171
184;136
-222;210
-214;215
-146;-177
-196;184
206;-183
-117;-144
160;210
192;-167
-115;164
158;-226
208;199
157;140
187;-216
135;145
-193;-158
-205;-196
-200;-212
154;209
-256;-118
-208;173
-178;-187
-129;-203
-249;-236
-176;165
188;-150
-177;129
-151;123
-238;-126
252;115
-159;210
161;241
-163;-161
-163;155
-180;-177
-99;-227
177;164
-173;205
177;105
-240;199
-198;-114
-215;166
175;-200
-183;-136
-140;-207
212;-187
199;185
-220;-189
197;172
-192;-143
147;143
-164;142
-174;168
102;-140
142;-158
-191;149
150;-168
-173;251
-170;-166
-177;163
173;104
193;-207
145;-216
-95;-214
130;141
-149;241
191;143
222;127
-150;210
148;212
163;-211
161;-233
224;161
-190;-248
214;156
-194;145
189;-161
-182;235
167;-190
-160;-161
148;209
177;156
-226;179
245;242
160;-177
185;-132
111;176
192;172
-220;-221
171;-187
-196;-186
-153;-255
209;181
196;-210
-195;-183
216;-146
175;190
-172;186
-191;217
-162;186
-193;203
-188;-156
-160;146
-186;-183
-192;165
-213;-189
149;-206
-186;-171
188;-169
-141;160
-116;197
-187;-180
140;-157
204;140
145;143
-188;-193
215;-233
163;-223
-263;-86
-160;-203
233;-179
-177;-123
178;212
178;-191
-232;-173
-147;155
131;192
230;123
208;179
-191;194
173;234
189;214
-171;-125
-128;151
-141;-129
122;-173
167;-172
-226;-211
-151;185
209;126
161;166
-179;164
175;-157
172;-145
195;-192
133;124
-182;-216
119;136
-165;216
-169;161
-115;165
145;-168
-126;174
158;221
219;-153
215;176
125;181
-174;-191
-150;-180
-239;-215
173;166
178;160
201;-170
112;-133
256;109
-179;164
-132;172
147;130
-160;-141
203;-185
174;-208
-154;144
-119;137
-207;-184
97;104
242;133
145;-232
-225;-153
146;-192
183;209
178;-173
223;-177
212;161
149;-145
138;176
-201;-130
134;-138
-159;201
-151;163
-271;207
180;149
160;-177
121;200
185;-206
-134;103
146;124
-206;167
-161;148
147;149
-142;167
168;237
-180;146
154;-181
-176;103
233;-178
172;162
-124;-218
224;-216
206;-214
-205;140
167;-199
184;183
220;-184
115;224
123;265
169;226
-175;201
182;-217
253;-192
156;-207
159;-139
227;221
220;149
-173;-95
-183;-140
-189;-171
-112;203
181;-175
-198;-168
-151;181
166;-162
-179;184
-244;-192
-213;219
210;180
-126;240
-195;190
-191;125
204;230
-250;-101
130;-186
-156;231
-184;180
173;188
-207;216
134;-206
-280;-187
-157;186
-194;-223
-184;-201
208;196
136;152
220;197
214;220
-144;-235
-191;-218
127;-164
134;141
-177;-232
88;124
-203;144
-134;-254
-111;-148
-167;161
-180;214
-140;140
145;-159
-192;-104
-180;142
-163;-155
200;207
176;183
-216;189
-189;201
-218;173
-125;-238
162;147
-195;-206
-159;-165
268;264
-178;-149
-104;162
220;197
146;-139
-177;179
-159;-139
182;-196
-190;174
181;-173
-168;-163
-201;137
191;-165
153;167
142;-197
-189;-150
-163;-127
-189;227
-227;-127
-159;-167
116;150
-158;-133
163;187
-197;-191
-144;-191
-174;201
173;-103
209;-151
212;-185
153;161
257;-146
119;155
-93;167
153;216
136;193
142;165
-161;-161
133;-208
154;-163
-180;176
173;238
173;183
-152;-229
-219;177
-138;-168
-241;205
-181;-187
-235;-195
-137;122
164;-172
175;-217
185;169
-201;-217
-197;-187
164;198
-172;-226
198;-221
162;-126
133;-167
247;-149
162;-257
250;-127
-176;-208
-179;227
-132;190
158;-154
-176;173
-189;-159
152;159
167;148
134;-190
-194;-128
216;-194
-122;175
187;164
146;-150
-193;-132
-158;177
222;179
-150;-135
-228;-184
-128;-173
192;158
-198;-180
-272;-187
-209;120
125;103
163;-151
-237;-125
-146;-150
161;193
180;186
-180;178
-142;-160
-135;207
92;111
-186;64
-154;163
150;-134
133;211
175;140
-193;149
-202;147
-156;-165
-214;129
-176;144
205;-174
38;199
111;123
178;-182
-186;-186
-164;-164
-205;-194
-122;193
-164;-174
230;137
141;165
108;-218
-218;158
178;162
105;208
235;-137
219;-207
-157;245
161;-131
-193;166
195;202
-167;-216
210;189
-200;-174
200;229
-244;-270
-139;-143
258;-169
175;-167
149;-180
168;-80
-201;175
164;212
137;188
-179;138
-135;-161
185;185
160;172
-197;-196
130;-253
-176;-181
-181;-164
171;-162
184;151
221;-137
124;-182
-92;173
304;145
157;221
-261;141
207;267
150;159
198;-233
-189;-168
75;216
-249;123
-116;121
-95;112
193;-153
181;243
140;107
125;-207
177;141
135;-229
-254;165
-161;-147
162;-185
-221;-241
164;239
182;235
-159;179
-175;-178
162;-163
-133;197
-135;109
203;-240
114;-228
226;233
173;198
142;153
-124;140
196;-191
-163;-183
-198;182
-205;201
-110;-63
-187;-193
-204;187
-135;196
173;-185
-116;234
-135;160
-194;-134
-152;176
-171;172
139;-152
-153;236
162;127
-161;166
215;133
210;133
209;-242
-166;-140
269;131
-193;-122
-164;-169
129;-188
-244;-165
-167;-162
-186;170
161;244
-174;-166
-144;133
227;205
-112;-233
-204;-202
-235;218
171;-197
-247;251
132;-197
-86;171
203;177
172;187
167;245
-221;-156
-166;-105
136;156
-153;-199
-189;182
-215;-118
-172;-237
-127;252
236;-196
172;-164
212;-173
192;-117
-209;118
218;-145
122;158
150;-150
-202;189
172;152
168;-168
-176;202
191;-250
-162;224
-132;-146
-95;217
135;-183
-159;-140
131;173
192;-226
192;149
156;-160
-142;160
-112;184
-136;194
201;-132
-192;-121
-201;192
-162;-185
-231;266
222;-147
114;-128
-113;-138
-222;-191
-147;245
107;-152
144;214
142;219
-182;-151
199;-253
-217;114
-147;-199
-157;-214
-228;-155
-220;-204
-167;-198
244;-220
137;182
-212;-245
-285;-183
194;191
172;250
230;170
224;211
-239;191
-162;156
-171;119
111;118
164;-132
-168;171
-185;133
-197;201
161;-103
-137;172
157;-136
249;-206
140;-177
-181;-232
167;166
209;233
191;147
180;-180
-156;152
-161;-150
-187;185
173;-149
-218;166
157;-158
159;176
140;-213
-184;-174
-162;-208
-190;175
-186;-179
131;-194
-99;-137
177;-250
-221;-127
-167;127
-271;171
-196;-152
125;-239
-169;209
188;110
107;-225
-232;-130
157;210
231;-200
-138;-168
168;-185
189;239
117;151
-174;241
173;-147
-192;171
160;134
-203;-142
-203;-257
149;-150
-200;-130
158;163
-117;225
192;-157
204;-160
157;178
165;-205
168;-202
230;-137
159;207
178;-146
110;142
185;-169
-215;-112
-178;257
192;-182
-215;-173
-124;-108
187;-231
-159;202
-154;-180
-158;-215
176;137
-191;-142
191;-132
185;136
-109;193
167;152
162;-136
167;180
160;236
-165;-144
171;147
-108;168
-139;164
193;133
159;-124
-130;170
-200;-136
-152;205
-170;166
-133;213
163;187
-189;-154
164;172
158;-158
227;244
106;268
146;231
-135;171
167;-218
-178;166
221;-185
160;-153
-189;-179
238;154
-282;187
219;-118
-222;154
-283;138
210;-151
122;235
187;-186
236;-141
152;182
-215;148
-164;204
-170;-223
-155;214
154;-133
-117;-162
194;148
181;-96
-202;143
216;-140
172;150
117;159
154;-164
179;161
-201;-160
-146;-174
-216;-184
216;153
-187;-159
-84;279
-199;-154
-143;-192
-174;-156
-176;186
215;-118
-166;188
-185;176
-163;-206
124;194
-157;202
144;178
-156;-197
-209;157
-175;-231
-206;-154
199;221
-208;177
127;221
-214;93
-140;-254
-284;129
197;-145
-228;-283
-162;-221
253;-207
286;219
-145;-252
173;264
-179;-209
178;282
-170;203
-256;174
162;-146
233;-182
-234;194
189;-201
-166;221
-144;-162
-162;185
125;160
190;-222
147;-151
-181;-189
199;191
-155;166
215;100
157;161
-170;141
177;168
209;-205
146;-186
191;189
-201;-156
197;172
-115;138
222;-149
-232;206
144;-162
-188;-170
151;163
235;218
-166;119
211;181
208;-193
173;-165
194;202
160;187
-113;-196
201;-193
-211;-170
-157;-144
160;233
157;-195
-115;-132
202;-227
161;176
-187;124
-183;132
-183;218
-163;247
-232;-232
-211;174
-164;-157
-189;202
-191;-205
327;-109
-107;-308
168;-196
-210;150
-191;180
-193;-186
136;-188
153;146
200;226
-276;-192
193;-236
163;-178
-146;-251
-81;-212
187;-143
-176;-184
173;196
247;-177
-170;-170
-185;195
162;181
187;148
153;170
-114;203
193;211
152;150
-177;-159
-119;188
-185;-121
109;-264
201;-188
-248;-241
-158;182
208;183
104;161
-232;226
142;-179
165;-187
225;-118
205;219
-148;-238
159;192
-215;116
-198;89
-162;176
148;-221
-219;138
159;160
150;-156
137;194
186;233
-133;-181
-158;-118
-173;-211
159;141
158;179
152;-143
158;-200
182;215
-120;245
-246;176
247;172
-192;-202
170;-203
193;-208
-118;171
-154;169
-188;-216
201;187
227;210
131;-178
-120;-277
203;-206
148;207
201;-201
201;-148
211;234
215;-216
121;183
-184;-182
203;-194
-246;145
-254;214
-232;219
97;225
227;-201
225;163
236;-140
-214;197
243;172
-193;154
-169;125
159;139
-223;152
142;189
-203;192
157;-250
-164;157
205;-211
125;140
-192;-246
227;-166
195;-164
-156;109
230;-194
221;132
122;-155
206;196
177;157
163;181
-191;143
206;-238
134;-205
118;-173
149;-194
166;180
151;184
-219;-156
-243;-209
-229;-234
-119;179
197;-173
-119;-104
-162;212
216;-165
-190;166
-135;-173
-171;146
246;178
-202;198
-247;137
-237;160
114;206
-219;-199
122;-199
-243;200
-187;199
165;216
-266;101
165;-160
-144;-181
-197;117
-154;-172
-247;-167
211;189
235;227
271;139
164;197
-165;-130
-198;-217
202;-160
130;231
-163;-210
177;249
-167;178
-179;-267
-114;-144
-76;141
-180;176
-178;111
173;-135
-122;-207
-190;179
-227;-230
117;150
100;124
-218;194
-155;116
-152;192
-181;-196
138;179
-140;-160
-172;-162
194;196
-187;-166
-160;215
169;207
162;-243
-177;196
-168;-215
209;-183
-144;185
201;-177
-178;-212
-202;224
132;-149
218;183
179;-192
-208;-218
-254;-110
-199;158
-199;-214
-170;-221
145;272
-147;-224
146;173
-187;-191
-223;-197
-293;172
242;-153
217;-170
206;-215
226;181
183;-196
170;167
-217;207
141;200
215;182
153;232
-182;-168
205;-208
235;-169
-155;175
192;201
132;244
-101;-134
-210;218
-177;-168
-193;211
-166;-231
-139;-211
-187;187
215;-187
138;-167
149;141
-176;-153
-161;-167
242;147
-169;-200
155;-151
116;-174
168;-209
144;-188
152;-169
192;-144
-200;-170
-179;234
-141;261
132;-262
-150;166
-248;-232
183;164
151;198
229;-140
-182;-158
186;-190
-189;177
199;190
193;-252
-225;-264
-233;117
190;189
-191;-205
-174;-144
-176;-177
137;164
-160;-253
-165;-172
-188;171
171;196
285;-156
-136;-229
-163;-130
171;173
177;129
-192;160
-122;-194
-174;188
178;177
-177;120
-209;178
116;-183
169;142
197;218
-223;136
-194;242
-130;-192
-229;125
-186;169
156;-203
138;185
218;245
125;-133
-224;-196
-121;-165
-210;-109
-143;124
-136;-216
124;203
175;196
162;-184
-140;158
153;160
128;159
129;-202
136;-173
-128;115
199;-197
-130;215
239;181
-199;-132
212;180
-277;-157
236;116
-186;-186
-165;-155
194;-248
226;-144
152;-178
215;-217
-199;184
141;153
222;167
-179;223
-125;-173
173;193
126;155
-161;-171
222;-178
-213;-175
-260;-178
176;-148
209;197
184;-177
256;-154
-249;177
186;177
183;185
-241;255
233;148
157;213
238;-133
-241;-123
203;166
-190;166
-190;205
-156;191
187;-233
207;144
143;231
121;-187
218;197
256;-184
-152;147
-205;-157
160;-201
-202;-167
177;180
133;200
-188;200
-145;-186
158;-252
-227;138
-232;146
208;-155
233;-129
129;237
194;176
188;160
-168;104
209;-205
-229;-194
-203;180
-222;153
-137;-182
-176;-100
-260;154
-164;160
274;-95
-226;167
-164;226
-215;-183
-195;207
-191;122
150;-83
-130;170
205;135
-205;224
140;137
180;176
242;-174
-232;-209
197;189
-225;-210
-192;-226
191;-178
-154;-248
-206;-208
-223;180
150;205
-267;-180
-172;193
263;179
-195;-181
-167;-138
-165;245
189;-207
-122;293
171;-127
-241;184
205;218
201;141
158;146
-170;-212
-183;-148
163;157
-195;-188
-155;224
-203;-133
-187;-90
-127;132
235;-174
187;-210
215;-181
128;-184
-178;174
274;-197
158;182
174;-126
-180;160
212;261
273;-138
-193;184
179;-205
-200;199
-143;-206
-148;161
152;-193
-152;-203
190;198
151;-178
220;198
218;-125
-177;152
-217;183
-164;156
195;-232
-144;-207
-204;203
-196;-232
-192;211
234;-175
246;-121
-206;-224
-233;-187
-205;231
196;-194
261;146
197;172
-204;-173
164;-224
-173;241
-169;-189
-235;-256
-156;-191
-158;-131
-187;-211
185;-175
175;149
-116;-130
-170;-233
196;160
154;203
108;151
196;150
-202;172
-147;120
-126;153
174;208
183;-158
-184;162
-182;215
-178;138
192;-138
-222;150
204;-155
184;-184
168;-264
-121;-176
154;211
154;171
208;197
156;-172
-244;235
-219;-160
-202;189
200;-203
-168;141
197;-177
154;126
182;-120
-200;-197
-231;-210
-137;179
-153;-210
179;-218
-232;-167
218;-160
-230;-181
-194;232
-108;150
-195;-207
141;-197
-206;178
224;228
190;-175
-230;-141
176;178
175;-241
-186;-208
233;-280
202;192
125;139
-210;133
209;-266
-189;199
228;150
-166;-148
-209;-222
210;-168
-237;-176
241;156
-225;244
119;-190
148;-249
141;222
166;-187
208;-105
142;-183
150;212
141;-164
218;154
221;-215
-129;-184
-252;208
212;-126
-143;-172
-117;-202
113;-223
-152;218
-156;-199
-192;-204
172;221
-187;-262
174;-212
152;160
-111;129
148;139
237;-201
131;193
151;162
-148;-196
107;164
-187;162
-154;184
159;129
265;-227
-217;197
-128;-214
-126;142
-160;141
-240;213
187;196
-228;-250
135;175
161;-144
167;204
188;199
200;184
-202;179
119;-196
-173;118
261;-137
280;-173
-147;-200
143;213
-223;193
215;-178
-166;201
-148;177
180;-231
98;220
247;-210
163;-106
231;172
-245;208
-141;195
-181;-193
-188;155
109;-193
-218;-225
236;218
162;-147
-166;203
214;-194
239;152
217;190
193;-94
181;181
-153;-148
-226;-145
-202;-179
116;217
-155;-228
-224;169
-186;-175
-154;-246
-149;-138
-271;196
200;-131
-180;169
-228;115
-153;-254
154;155
-217;156
161;185
-133;-164
-212;130
-118;-238
-163;-174
170;170
-203;174
177;190
-168;197
-157;-223
-159;194
179;-265
-174;-141
-210;-161
130;-175
177;207
-186;-100
172;192
-133;-127
188;148
-176;177
-149;219
210;-145
140;-114
-128;217
110;-186
-123;142
-178;-204
-193;159
139;129
186;-208
127;-182
-209;-187
209;204
-213;164
152;147
197;163
-197;190
132;115
264;-216
234;-169
178;166
-241;-195
191;178
-215;189
173;-166
-264;106
246;-233
-170;-121
133;239
121;182
-222;212
198;240
184;-175
151;-184
208;221
130;197
-127;-154
204;-166
-189;-145
-205;-42
101;215
97;-138
-149;-138
260;-171
146;217
-244;175
-169;205
-195;164
-179;123
-186;-161
-160;164
-159;-163
-185;187
-149;-126
206;-158
-189;-148
247;-166
-163;177
-223;163
-127;-179
241;-188
144;137
159;196
-176;-180
170;-188
215;-198
-242;-150
-138;-201
157;-177
-203;-167
192;192
189;-189
-202;-137
-194;178
200;197
135;180
183;292
-204;201
200;205
156;187
-182;-241
-115;135
-159;-142
245;-216
148;-134
-208;-141
-195;207
187;201
175;141
-141;231
193;-193
129;-128
115;-231
200;132
-241;-172
217;130
-104;156
-216;206
-193;259
220;-143
-173;151
134;173
145;-177
82;146
129;196
-158;-185
-173;-209
-216;-178
208;211
173;272
211;-137
202;-217
122;188
-180;149
-123;131
112;116
-132;-195
154;-172
183;-176
-231;188
-145;195
-172;-188
212;160
141;119
171;-184
-183;-176
193;-214
186;141
251;-181
223;-172
216;157
217;-185
206;110
-144;-162
226;-174
-150;171
-195;192
-192;264
190;212
149;-228
161;160
141;-218
-78;138
194;204
-141;154
-133;224
249;132
-176;211
142;150
-212;127
241;-203
-130;202
145;-184
183;228
-235;-126
205;-150
148;-148
-182;159
163;-266
243;204
153;-194
181;185
152;142
131;242
-194;165
210;-120
222;-224
219;-159
268;-220
175;216
132;201
-235;-121
-173;-94
-187;-159
-66;262
177;-235
-168;-177
-185;114
151;-232
-156;178
-187;-199
-163;174
151;197
-179;195
-207;188
-193;171
134;162
-178;-165
158;-171
-167;217
-158;232
143;118
-187;172
205;-120
-205;-131
-193;140
-206;-186
-220;-199
261;186
156;192
172;76
222;109
-255;-94
-179;-156
217;-164
206;186
-215;-180
157;162
-205;253
-123;-161
-221;-176
-174;207
-205;196
-139;197
209;-218
-136;-194
-207;148
-190;-167
187;185
158;184
-203;176
-145;118
-224;186
-135;-216
119;219
-235;-206
-96;-171
178;179
-184;-262
-205;103
170;255
140;-191
-140;203
-193;-111
183;-194
-125;208
134;-209
-220;-134
-158;189
169;-184
161;131
107;-141
-180;-158
-144;-245
-118;189
-178;-149
-150;-183
121;210
-192;-190
187;183
-193;-180
-208;-111
-175;146
134;-139
175;-164
167;-251
125;192
150;-125
177;135
-204;237
144;205
197;159
114;188
-235;-139
99;-150
147;-135
-244;234
146;125
172;147
-203;-145
-163;174
-146;-145
-195;167
-95;-174
-110;-213
-154;145
174;-130
232;-122
218;187
-146;-167
-140;-168
185;209
-152;-182
213;-189
150;-117
164;-145
135;-159
213;-142
216;-147
-135;-222
-211;128
-174;194
203;-165
-209;110
-157;-145
167;169
192;139
121;-161
-179;-153
125;-202
-119;159
195;133
197;-122
-131;-141
-160;156
181;211
-185;-127
-190;-177
-206;-221
176;155
-171;-110
-213;-140
-100;158
186;155
179;-150
-200;-201
-184;-214
117;178
199;204
-110;168
-194;-149
-165;215
235;219
-174;97
-237;169
178;-235
172;203
178;135
-214;91
-142;178
-218;-183
-176;154
-186;189
170;-117
224;239
153;173
193;-209
-146;-139
-192;-185
-154;-213
-211;212
-131;-164
168;159
130;190
170;-208
-236;173
190;204
152;241
116;-152
188;-180
-193;97
183;-208
-228;131
150;255
-178;-224
174;190
-142;-192
180;194
-220;-177
-178;-228
206;-226
238;-148
184;-186
287;-214
-196;78
194;146
178;157
-140;117
-210;-196
235;144
165;264
-179;-156
161;-154
-132;-153
-191;-149
133;-135
239;179
116;-189
168;-219
-127;191
160;173
135;219
-221;171
165;201
223;214
243;-180
-168;-201
168;146
-165;201
-209;180
-237;176
237;-166
173;260
247;169
194;-169
160;143
273;-187
-178;168
-178;-186
170;-186
-105;-217
184;186
170;216
-199;169
-206;-236
198;-112
-156;176
-204;172
210;-152
160;-154
109;148
169;200
219;150
-191;156
236;-232
-119;-140
-194;212
-204;121
-159;-206
-210;-242
-171;247
-173;235
184;-99
-185;171
-192;153
-207;-162
-161;125
-158;187
213;-171
-88;194
176;160
-143;175
207;177
149;201
152;-281
-226;-177
167;167
-180;-146
-194;-179
130;-186
-157;-132
-160;-175
-223;194
112;272
-197;-193
-278;99
187;169
-185;-143
-156;-235
-179;164
197;-199
-208;116
252;-208
-223;176
179;191
141;199
147;211
-114;-156
-123;-183
133;189
-180;-146
-221;175
-174;-237
-139;-130
-129;147
192;-205
198;-156
208;-160
221;-210
-186;202
154;-158
218;158
206;-206
-164;115
153;161
108;-128
-220;175
265;-159
-239;187
-173;-171
-208;166
186;-186
-147;-184
201;182
148;-206
100;163
147;-150
-125;240
-174;106
-110;166
185;-168
-216;-189
-190;149
-243;-183
-160;182
137;-264
203;-210
-158;-207
-190;-149
-161;169
157;-203
220;212
200;187
-224;-206
283;-144
-153;124
-223;-289
-178;-173
-185;-243
-195;-180
-215;-230
176;-184
179;206
-196;-242
-166;-90
166;200
160;218
216;91
159;181
-162;190
-207;146
-225;241
242;262
180;-188
-119;178
-193;178
-148;232
176;-185
-180;235
183;-168
227;-179
150;-177
-169;-128
123;158
168;214
141;131
217;-206
-212;175
-140;-218
-147;168
178;-172
-193;172
243;-205
179;219
181;-209
-134;-228
-221;-184
-203;169
-135;-167
221;-107
-240;-176
185;-268
-207;-194
-153;191
-167;221
-163;-131
181;-242
-131;178
191;162
179;-115
-186;-145
210;245
159;-153
-185;-193
204;-208
112;212
177;148
-184;218
166;-159
-162;175
142;137
-195;-233
-221;-207
236;-212
-171;-278
156;149
-178;194
164;-235
172;-150
200;176
188;-242
194;-206
193;-229
235;186
190;-161
245;228
252;-174
-186;-211
-130;249
267;-131
-235;-135
-175;-168
245;-213
-188;114
-166;-203
-194;-306
222;190
-171;-221
167;-160
213;219
-172;186
177;188
248;-177
123;184
176;184
-199;-247
148;143
-127;216
-124;235
187;209
191;-152
-203;218
-210;-170
-172;155
-157;189
-159;120
165;100
-141;-134
158;159
158;-146
171;144
177;150
256;143
-157;134
222;-172
-67;223
159;-170
138;-181
-127;-178
191;102
-195;168
234;-85
-200;44
-207;158
158;-177
178;174
197;-199
221;-138
219;131
-265;156
-188;130
-214;-168
-164;220
162;-116
-189;-207
180;156
171;-207
-143;88
136;-258
183;80
171;141
131;-138
222;125
-257;-162
-222;-258
-142;-219
216;177
-166;-198
-140;130
-181;-162
-179;-152
-183;-117
-183;191
198;-152
-225;132
-148;121
-128;-214
187;171
-119;147
148;195
-84;-172
-176;145
-195;-182
-128;-155
229;154
-268;157
213;204
-108;187
-143;-173
-243;207
187;-157
-151;-198
-185;-160
130;-212
209;252
-212;-232
220;195
-193;-163
187;206
-151;169
-170;160
200;-209
234;-99
-146;171
147;-175
-190;211
-169;-219
-158;172
168;215
174;-178
210;-135
-183;-225
157;189
-172;181
189;141
192;203
-230;168
154;201
182;-178
152;-157
182;132
-203;-176
190;231
-53;190
127;-126
-250;256
137;-213
-162;-170
150;162
211;128
-207;191
179;224
160;-218
190;-163
219;196
93;173
-115;-215
148;-156
-142;-166
-186;-224
132;136
160;-204
-133;-209
167;-74
159;187
-158;143
-158;102
-150;103
-201;189
-178;-170
-144;197
-79;-196
-234;178
-177;-199
167;-185
-192;-199
149;-198
-222;219
-146;162
-165;-185
134;-206
237;169
196;187
-140;-237
125;-189
92;-174
-132;-182
-161;-173
150;-159
-167;-134
142;167
141;-146
-148;-226
-179;162
127;108
166;185
124;134
-129;201
218;133
205;110
-219;-191
-200;146
-182;-204
185;-201
219;-166
-197;-176
-165;196
218;198
198;157
-233;210
135;-190
219;-167
164;-232
199;165
-176;-164
232;226
-217;194
-184;175
-184;176
118;-197
-128;139
176;198
142;-174
163;203
181;140
-182;-191
-204;-168
-245;-155
253;150
236;181
219;-244
185;-156
224;182
-141;122
-240;148
217;267
-228;-213
240;-230
206;-217
-164;248
-104;182
-148;-115
137;169
199;167
161;-239
-194;-168
154;-158
191;210
151;-168
148;-155
176;143
204;-137
175;99
-172;-252
149;-220
-208;194
-218;161
-126;140
195;174
200;-152
132;144
189;-145
-182;164
153;150
-168;239
-170;169
164;116
-169;182
164;150
-218;144
156;-184
-208;124
181;-198
99;141
-163;-124
150;-195
212;-164
-178;109
171;-220
186;180
163;-139
171;134
109;149
172;114
-151;151
131;-191
168;-216
190;-205
140;-256
262;111
249;127
-186;-204
-172;-257
-145;-184
-146;220
218;-200
-198;-184
-215;274
216;-254
-174;154
-139;-96
-120;186
209;218
-183;211
-166;170
-154;175
174;176
-182;-138
201;-201
-187;209
-165;208
261;173
-136;85
190;-206
-213;-193
-173;155
-186;-211
-173;-215
183;155
233;159
112;173
231;147
-206;-183
-199;-212
129;-166
180;214
-193;-241
192;130
-155;146
-185;-146
-230;-178
-187;98
-168;158
-149;97
97;-180
-195;-215
-216;190
-158;-194
233;168
220;177
-226;219
-217;162
-185;228
-218;-168
254;229
-242;-127
-236;-227
235;118
-188;-245
-237;184
267;155
255;-129
-300;153
-163;-215
151;-180
-270;198
145;-233
-168;-125
-152;173
168;-174
147;164
137;-250
-170;-174
-200;-142
-184;194
-128;-191
-214;-160
129;208
-186;-183
176;185
-176;-179
-237;-154
-140;172
216;-155
104;-172
140;-120
256;172
196;-215
211;180
-152;201
164;201
132;233
171;224
-169;-125
165;-167
159;-255
-159;189
139;134
146;141
-129;-159
-153;183
-206;-123
-107;194
-187;-88
-151;-162
-172;184
221;-153
152;-302
153;189
-219;-203
-212;-205
164;143
-248;-90
181;-179
139;-243
155;-190
90;-236
112;-206
148;-241
-215;-186
-145;249
-176;137
159;-203
-259;158
-168;-179
169;237
204;206
189;-143
-221;-220
131;-217
-159;191
237;195
165;-211
-224;-105
-165;215
193;187
-247;-123
-97;-133
-216;-206
129;178
-204;-115
-216;-214
-167;201
173;122
133;-197
-211;-257
-214;-130
229;124
200;220
-163;103
-230;-222
-167;149
104;141
-166;232
-181;191
160;-167
188;166
151;140
-147;105
-143;205
-103;-133
-158;179
-208;193
176;-195
171;140
133;159
177;-222
-161;-121
-204;-129
-234;-118
-169;231
-175;-231
145;154
224;137
137;-196
-145;190
215;160
247;83
74;-240
94;-263
-122;259
189;-146
-187;228
217;141
-136;-207
162;174
-178;-201
134;162
-190;-161
-203;-198
153;-146
158;-242
186;-174
264;-199
-198;187
155;188
166;169
-165;206
-183;-183
195;194
171;188
-177;-134
203;-194
-213;-192
-246;-172
213;-190
209;159
126;-181
203;-211
-129;204
171;157
147;190
-156;149
117;151
199;183
215;-116
-183;-180
141;170
-157;238
-154;165
-155;142
85;-176
188;180
195;195
144;-146
183;153
198;-166
-159;182
-116;-130
118;-179
-227;-230
166;206
188;147
-172;182
-171;-229
213;-247
-225;225
-211;205
132;-161
250;-159
222;228
215;167
151;221
-240;123
200;-174
-127;-201
-189;129
-166;214
-184;-270
-186;-166
-109;144
-211;210
147;-212
-180;243
-234;115
-179;-164
-185;149
-229;157
176;-146
-224;160
223;155
-137;195
146;224
133;165
104;-201
-231;-188
187;95
-166;-155
-175;-180
240;-136
-198;-150
-175;-208
-155;139
222;166
-192;-122
-191;192
148;131
-164;-212
-172;-200
-197;182
170;-95
-185;199
187;-211
-151;269
157;185
139;141
249;201
-147;-211
-185;-153
176;174
-196;-170
-149;179
-144;-186
-138;-159
-201;243
178;-180
217;-187
217;-166
232;-176
-208;198
210;-252
159;141
91;-165
-152;191
191;187
189;-199
-154;180
141;-240
-173;228
-149;-232
-243;146
202;-107
-99;-134
186;221
198;-274
165;170
176;-204
-130;162
-156;151
-188;190
172;-176
-149;-134
-179;127
-173;-93
-126;180
203;-156
105;-179
-176;-233
-233;-196
-86;157
248;-234
266;206
186;108
-205;-202
142;-126
-248;188
-226;-179
-119;-153
-207;-201
-206;-209
-191;-170
147;-159
225;141
-200;-160
-173;-201
207;182
167;195
217;125
169;139
-233;146
-168;232
-230;196
172;182
169;-149
-199;207
-188;182
-201;150
166;-111
-186;171
197;-195
160;-232
173;-179
-175;-218
138;97
230;280
130;177
297;-182
-125;197
-180;-194
-95;176
168;-224
-229;174
224;-192
157;168
141;-199
-134;-191
-136;-177
-181;216
-204;-133
160;-144
-183;-238
125;-199
-154;-125
-166;217
-195;157
-246;-171
217;-187
-125;166
185;156
176;-236
-146;-215
212;187
111;-218
-200;-158
193;-218
154;192
185;165
-121;238
150;-139
-187;235
200;123
-197;-247
-226;-222
137;-108
-184;-151
192;194
-142;164
206;-230
218;-205
187;106
241;-232
189;-213
255;-165
227;229
197;-187
209;183
196;-260
-216;-153
-157;129
177;-183
-152;-179
-167;-173
146;-219
-170;161
-174;-158
-194;-159
255;80
-162;-129
217;-158
183;175
-137;252
167;189
188;-138
210;238
216;159
-205;-217
184;196
-142;168
-231;172
176;138
181;-182
-147;139
-269;-171
-163;185
-176;185
-154;136
215;196
-228;-163
202;106
101;-173
196;174
181;167
140;153
-196;184
154;-201
-181;96
181;-214
209;-203
-169;-231
202;179
-157;150
216;-160
-174;157
-175;163
171;-257
152;134
158;-122
166;-189
206;113
-211;173
-199;138
-158;-216
-152;170
183;-174
-177;-168
233;131
172;-205
-206;183
195;-166
188;166
137;169
145;-233
232;201
-169;-202
-233;-198
-174;-197
201;192
-231;-158
-178;223
-197;-147
-154;-155
-115;-173
-192;167
191;-152
-202;151
-217;160
-165;-183
194;200
-209;217
176;170
-166;-189
-262;152
-141;-175
-150;-200
208;172
-206;204
108;191
-192;155
-170;-183
-147;200
228;-175
-166;-159
-88;-160
211;-212
184;196
-155;-97
185;164
-197;-185
220;231
-205;115
-171;171
170;-226
140;-197
-221;130
163;-132
-156;161
-160;-196
-145;171
147;161
152;-152
178;-122
-130;-111
166;235
-192;221
216;188
165;202
-204;190
199;142
177;-171
130;-177
136;124
-173;-167
163;214
-187;230
192;-186
-117;110
176;-170
-147;-178
208;158
149;198
-151;109
158;202
172;-131
230;-152
214;188
188;191
-164;-186
150;-245
-123;-180
-136;-202
174;254
205;-233
-225;-191
153;-93
150;210
-217;155
-172;169
-186;206
-192;178
-119;-194
-162;142
-162;-189
-104;147
-119;-145
177;-170
-125;-241
104;-262
-146;166
-210;189
-167;-145
212;-238
212;213
243;182
-163;-177
189;-199
217;-144
-175;-149
-244;-238
204;-130
-186;-191
149;193
201;-166
-175;-120
-108;136
126;224
127;172
111;159
-224;189
191;202
207;155
-174;-147
-177;106
-98;-186
209;-221
213;-151
-113;-173
-179;145
220;192
229;157
-192;219
154;-266
200;-146
176;-154
182;177
-230;-145
192;232
-228;199
-128;116
-121;168
152;-173
-190;144
205;155
213;-183
185;188
150;192
-191;-190
-126;-175
-102;-155
116;170
127;98
116;-183
128;-175
123;172
-221;181
-228;136
146;168
-156;-179
156;-169
263;-183
-185;111
-226;196
-197;-142
157;247
187;166
203;-190
-189;-202
223;-197
214;132
205;-220
190;-213
197;209
78;-220
150;127
-129;-198
116;-214
-220;153
-157;162
-221;184
218;118
109;-200
210;237
145;-173
-215;232
174;134
-238;223
-190;190
128;220
-198;200
190;183
-161;122
163;-204
-213;189
169;-153
186;203
-161;-238
191;-145
222;-166
-171;140
123;-141
190;224
214;-180
154;201
142;174
133;215
-183;159
132;-179
133;-138
168;-165
149;-123
125;208
196;180
-165;-201
-142;-175
-115;-157
-181;151
142;-160
-159;-160
-138;174
193;-147
-189;129
-199;-140
-197;166
129;79
-150;76
-204;200
-155;161
215;110
-172;-273
165;-220
-188;239
-217;183
165;210
-57;181
170;-153
-221;-172
-235;163
-190;-193
-282;-72
197;272
171;152
161;160
232;188
-244;-233
-174;-143
171;-189
178;202
-186;-227
181;167
-240;202
-172;-188
-150;-203
-194;187
-206;138
-105;155
150;-121
-86;-185
-212;146
-189;-240
113;158
181;226
-156;139
-184;140
-151;166
-190;-128
181;197
-216;-189
-151;-204
176;129
-147;-220
-222;165
219;181
194;-172
-157;125
-130;-158
180;-80
-166;177
263;-124
-124;-193
-161;147
209;-152
95;212
193;-248
-170;-153
-202;-92
-199;175
-170;-226
-210;-172
197;212
-130;-223
134;188
-218;-242
-187;-151
-185;160
228;-185
148;-163
185;-142
141;176
145;-155
252;177
-116;127
106;216
223;158
173;241
-190;-154
206;-136
252;-112
-171;169
152;218
122;190
-129;-147
-204;159
-171;-182
-177;140
-191;-192
-111;-204
-148;152
161;-157
276;-120
124;188
-109;-143
-150;-201
130;169
-190;-155
194;-230
227;-146
182;-140
139;-164
172;-163
174;-213
-194;-163
-235;180
-148;114
116;-109
-169;118
-150;-174
136;157
113;115
157;-224
-110;-155
175;-160
-235;173
97;204
224;-186
-159;-178
-94;212
174;153
-154;-249
-187;-218
-188;-211
175;200
-226;-226
-135;-148
-239;166
259;189
150;-222
-233;-252
-197;-203
210;180
225;179
-116;230
-145;-168
-180;207
200;210
-121;222
-151;220
129;-168
140;212
171;219
-195;152
-251;193
-155;-244
-140;186
-219;200
172;-174
150;200
153;187
207;-193
-234;-164
-126;-185
-128;-185
-204;230
-108;-184
169;181
175;220
243;-125
-206;186
122;147
111;117
139;-154
167;-228
-116;150
127;-181
-183;127
175;98
-132;-138
134;194
-167;-174
158;129
-189;-146
-189;-127
138;-192
159;-147
130;-157
164;-220
-163;194
243;230
216;234
-244;184
-237;-162
198;178
180;192
-171;-181
213;-187
-146;-233
-189;-188
169;-118
175;235
205;-156
146;-186
-71;146
155;138
105;163
-163;140
122;118
117;131
123;-163
-143;-85
191;196
-156;131
-153;145
-198;171
171;-173
138;198
169;160
77;-215
156;143
168;-148
-104;218
-195;-162
157;-156
-176;-144
149;164
141;216
-159;186
-164;-183
216;-198
-179;203
-137;99
167;-192
173;-172
238;193
177;133
192;190
-211;154
279;-204
-255;-172
-205;135
-231;195
-196;-246
-172;-249
-279;140
-237;146
148;-164
-247;217
-154;220
-144;-206
-193;176
-139;184
111;-197
-137;143
118;129
-205;186
192;155
244;135
145;-165
-210;-221
204;95
-180;-116
-121;-168
187;-173
-168;-143
-130;-148
-173;112
107;181
-125;-148
-149;182
134;138
-113;-139
-148;-175
-184;200
102;-151
-188;130
110;-123
-168;179
100;175
127;172
157;197
-181;-134
-232;-178
165;105
-173;-162
-204;235
-235;-99
-220;-192
-167;161
105;-198
136;-248
159;-228
171;-182
-217;224
180;-280
181;172
121;-224
-236;198
146;251
200;-195
-174;166
214;-147
-256;243
-202;-199
-152;291
262;-186
-201;-246
151;154
192;-156
212;214
155;-116
-226;171
-169;232
-135;180
215;-124
-146;-175
-275;190
-174;-186
-152;172
140;-120
179;-183
-137;-175
-147;-118
-171;161
150;-138
133;188
146;182
-147;-122
156;-158
-183;218
-194;-117
-105;-112
-161;-151
-140;-104
-152;-165
99;-163
144;145
-140;-151
-141;-95
147;153
121;119
209;110
174;154
-152;128
-172;205
-195;205
148;141
138;-142
-147;216
-242;238
-161;149
167;-218
-207;199
205;-146
173;-243
195;-221
-209;-154
224;175
184;165
235;145
171;-172
-208;173
-207;-266
-234;164
250;-173
-205;123
192;-187
210;213
226;-170
-130;-186
-184;-286
-225;224
-140;-201
118;-177
-193;-189
201;-132
-174;-178
-95;127
-167;168
-142;-117
150;-166
-128;188
157;168
140;-155
-148;-159
118;156
180;-147
-134;-156
157;-167
147;178
142;125
-141;163
172;-193
-125;184
130;177
-188;-68
-195;-167
163;-124
-121;-121
227;191
-114;105
152;-147
140;-131
188;138
150;-145
124;-201
163;-191
247;192
121;-172
122;125
143;-193
-215;-149
-247;129
134;-290
-240;-197
-224;-283
169;-222
-165;201
-201;-105
-166;-199
197;197
-215;-139
197;-207
219;211
-211;254
104;216
149;-197
175;194
176;173
-136;-235
174;233
-217;179
-116;126
126;205
232;-154
-213;192
-133;-142
-146;168
-220;115
-140;220
165;144
-199;-191
122;185
146;-189
177;172
179;283
163;184
-243;158
218;-156
-193;174
185;-188
134;-156
-252;-177
199;135
-186;218
193;-111
-160;139
-158;201
182;-198
205;194
213;-237
212;-158
168;163
-171;211
-219;147
-88;-115
-185;165
215;-176
-147;-168
210;177
164;-187
-115;140
195;-170
163;159
121;143
226;-169
169;167
-173;-210
-128;-224
-211;-202
171;188
-163;-238
-229;230
-177;-216
-156;-165
-230;-156
-170;127
184;-247
-155;157
-238;142
-179;-265
161;225
-144;178
173;170
-190;-250
-142;189
-179;-196
-225;-189
204;212
-156;240
204;136
-209;219
-148;-178
-159;182
193;-149
-204;-178
-182;-175
132;-198
174;205
-168;-197
198;181
-153;-116
180;196
-206;169
-188;201
200;-161
188;-186
-188;133
170;-169
-139;166
-144;-234
-178;155
154;218
203;-189
134;-175
-199;-156
213;208
-147;139
129;166
236;139
-145;116
172;177
151;-177
140;-199
162;124
-164;-210
61;180
-213;211
223;-139
-225;159
240;-181
-155;-212
188;225
225;220
-186;198
309;226
221;-173
218;-165
179;126
199;252
-215;-222
230;-146
-163;-151
-142;-208
259;208
195;-187
-154;-205
78;-213
157;127
-219;213
-165;163
-167;237
-203;193
-167;-146
-191;240
-164;-203
-142;176
-205;-199
163;-169
-177;-179
148;-148
-169;200
-202;138
-182;-179
133;-189
123;189
193;155
-90;-240
225;-169
112;-176
-171;-193
-156;-227
193;-253
-191;-180
127;113
176;-173
-187;-150
-82;222
171;167
132;187
161;194
-113;207
151;137
135;158
-178;-147
-172;140
-106;-198
225;-126
202;-131
-174;-212
-215;231
195;192
174;213
-178;197
100;-186
188;-196
181;-186
109;136
-82;-221
172;207
-186;160
-169;258
-261;225
165;-267
-209;146
230;239
180;-123
148;110
200;185
-196;-229
-167;-158
-146;-266
220;179
145;180
308;-236
201;-122
102;137
-209;150
-154;181
147;206
-177;-165
210;-155
114;-169
-149;122
-191;162
-195;-204
131;229
105;176
199;-216
-193;-206
206;-107
198;148
137;-181
172;-182
210;211
175;-221
149;173
-154;-153
185;-140
-172;162
-190;164
-146;163
223;177
155;-159
212;141
180;-120
-224;208
220;185
-212;138
-182;236
204;182
-156;173
175;141
-249;236
222;-200
-108;118
176;-182
222;78
-260;-162
132;-149
162;-147
-152;115
222;-257
206;121
167;-192
181;169
181;225
172;230
-165;180
203;-236
193;-222
196;-229
254;-214
166;231
205;178
-161;-157
-92;-184
-143;-203
-186;156
198;-78
-158;-152
-165;133
184;-242
-189;170
-140;-154
-159;188
182;148
-126;182
-180;187
-227;120
188;200
-74;-215
121;-204
-181;205
-152;145
201;105
-174;185
152;-174
-193;-205
-237;144
-176;-142
-96;-223
131;151
184;111
156;173
249;150
-240;-167
-185;-196
182;-118
225;143
-202;-224
184;179
-110;190
-190;-243
-160;-171
-191;183
-174;149
-219;164
146;-161
-209;-200
-229;129
-214;-159
141;167
202;197
-196;266
-194;209
-147;236
-207;-126
196;225
-184;-222
-222;-230
154;193
-193;-179
-222;129
181;277
206;-174
-213;79
-161;-184
176;-142
-159;202
175;-144
-127;-186
-168;120
144;-169
186;159
136;-235
-187;-282
-131;-180
-231;194
-215;-286
-143;-136
162;164
-182;-167
158;162
-119;-127
-114;-244
-137;193
201;-129
125;-186
129;-144
184;210
169;-168
142;212
-124;225
193;191
173;139
265;218
-152;-144
161;-162
186;-139
-174;211
208;184
175;164
-164;-166
-160;184
-213;-132
-185;158
-189;-245
-170;-122
-219;198
141;-143
175;-151
233;219
-198;-248
-169;-240
219;209
-180;-173
192;-262
193;-211
178;-83
160;-119
239;-223
179;-141
-259;-196
-182;192
-132;160
225;-179
-211;107
-129;-181
141;244
167;210
211;-168
-163;-224
216;-163
-187;137
164;158
184;-123
-213;-184
-217;131
189;167
-196;-129
-164;-146
-148;-143
171;239
-164;-219
-157;-181
-194;113
165;166
100;-181
-197;-159
-165;-238
155;161
134;80
-161;133
-230;-167
-178;175
260;154
-188;143
-198;221
203;-73
179;236
160;157
-231;174
-108;192
-219;-221
-206;168
-137;148
257;-197
239;247
208;145
196;-187
-190;-228
-196;-140
-164;-149
-192;144
-163;-153
238;215
185;155
160;-210
-173;169
200;236
184;198
225;-144
208;-194
-172;167
127;-199
-227;204
150;111
-135;-128
140;206
-244;-159
248;134
-185;-133
-190;-141
220;-146
197;-242
157;-178
255;-226
-276;235
178;143
150;157
-222;264
-271;-207
209;195
191;187
-151;-157
207;-160
-182;-139
-123;-162
168;-249
180;207
224;-204
198;-236
-208;259
233;247
230;150
-173;189
175;180
182;187
223;-162
-249;-190
188;226
-148;152
-205;167
-177;167
97;-209
191;199
158;120
204;-165
203;187
199;-144
-168;158
-207;-121
112;-221
-191;-202
211;218
168;177
-209;165
-191;-219
215;-273
-188;217
-212;143
132;-198
220;-172
180;154
187;214
171;145
-212;168
118;-176
-150;-223
-250;173
-168;247
-219;-219
-191;-140
-211;209
-152;195
184;-108
-133;169
-114;169
-213;-194
-137;190
-175;200
128;-126
-157;220
217;187
-168;167
201;218
193;134
235;-204
-232;-159
170;183
-167;-194
-168;-207
201;-240
-148;-184
-252;-178
-133;202
119;131
-183;-157
-156;143
235;203
-287;-170
-153;-154
-151;211
188;-149
-159;232
209;-168
-169;262
256;206
288;273
221;176
-215;-131
-172;-236
224;178
-233;-203
-193;265
-184;-176
-170;-182
-294;206
164;-260
191;-122
240;-152
190;-119
-248;202
133;-322
237;118
166;-233
-211;147
214;169
199;-175
-188;192
194;-97
-72;223
-151;-189
-171;130
156;-172
-154;-132
127;170
226;-170
145;164
149;-167
-180;166
-207;178
-208;182
221;-195
-156;-145
-150;140
-185;-128
-168;130
207;-261
223;-144
-166;-210
-177;-193
-209;152
169;-235
180;144
216;149
-202;-98
169;-236
-140;209
-255;-114
-257;-162
-204;-124
-203;-145
-155;-163
134;-172
211;119
-205;-154
-149;-158
227;121
278;179
178;145
171;147
-190;204
-208;311
-208;109
221;176
168;-150
-152;195
-172;133
-157;239
281;-214
-223;222
176;-211
150;-153
250;-182
-215;-200
187;176
165;115
205;199
208;-110
-174;200
-255;-186
-206;178
214;-182
-164;121
136;-146
175;210
223;-169
-159;-222
-168;-177
-181;173
-155;-131
153;-171
-167;-168
172;-140
-223;-203
-194;162
-238;169
-202;-210
197;-203
-209;112
175;309
182;-165
-205;-218
217;181
158;-222
-202;-168
162;-168
163;186
128;197
-158;172
98;-226
-71;150
215;154
-205;-133
-166;-121
207;-178
-127;-133
181;198
-230;217
96;-183
217;-194
190;154
133;-244
124;-173
196;-210
241;196
194;-195
209;239
238;-263
-176;-166
-261;237
192;-142
-241;-162
-232;-273
122;-163
-237;177
-194;-247
-274;-188
174;266
-192;-197
150;-262
140;192
-151;197
135;117
143;-151
166;136
160;235
-108;-236
181;197
-263;196
-230;158
129;227
188;-135
-263;185
-183;-180
-152;168
-218;142
-193;146
223;240
-237;-209
179;295
216;-159
176;196
162;193
195;206
-187;259
93;-151
-155;161
151;-186
158;-171
-202;-171
212;151
-198;238
212;-164
-185;189
-164;170
178;-227
218;213
190;-236
180;-224
212;106
-157;154
-115;291
-197;-232
-166;181
235;-164
-114;-186
189;184
240;-249
-233;145
160;-101
229;172
238;250
180;-189
207;150
-178;-182
-203;-181
-187;-146
150;97
-182;-180
-175;153
-138;-123
-169;-136
-145;-145
-185;145
195;-231
-149;148
-172;199
-207;-147
234;170
-211;201
100;213
-178;-202
-238;181
-115;-199
-151;-169
245;154
-159;207
178;116
-177;178
-197;-81
-244;204
128;-197
-171;-86
-148;-152
123;-164
192;164
-148;-205
170;178
-166;-197
205;180
-203;149
-211;188
116;-218
120;-188
-171;202
176;-250
-245;193
-223;-172
-115;133
212;195
190;-167
166;-172
-187;-170
164;214
-235;160
176;218
166;221
-177;177
215;127
207;-254
176;-150
218;217
-162;-94
157;135
-167;196
150;-151
-98;173
171;-212
-200;-150
169;120
170;137
-135;212
142;137
127;-191
160;-153
192;161
181;218
-195;-167
170;-192
-234;-163
-194;-216
173;184
152;-221
-217;-154
116;-222
134;176
-272;191
-179;224
-182;190
-200;183
-204;-208
-222;224
-156;-258
-192;164
-158;-118
144;-180
-203;-135
113;-163
-183;219
-194;141
-243;-168
164;-153
97;169
151;198
-244;-109
180;-173
180;-123
-129;-213
-146;-224
199;-246
-190;-199
243;158
192;-153
-222;-157
-203;206
179;203
215;220
174;248
-214;237
251;175
147;237
-209;-188
-131;202
-163;-146
213;-194
195;-195
-176;-178
-112;94
161;114
185;184
-190;120
145;-130
123;-150
203;-295
235;212
-182;-169
156;220
-259;201
-208;227
-194;150
189;-108
-218;172
181;209
178;-241
143;163
164;188
-260;-125
-160;-215
-226;-238
268;215
192;245
79;-169
124;-189
228;150
-199;158
-203;201
182;187
-178;-197
174;-158
188;-160
-184;196
-122;114
-127;-145
184;226
131;167
96;-202
-149;-225
146;-152
218;177
148;-241
228;-220
220;183
141;-164
225;164
-289;-227
211;-182
-103;173
-189;152
-178;200
208;156
186;-161
172;186
203;-263
-149;191
150;182
-205;243
-177;139
183;151
-152;133
158;136
-251;196
220;-215
-166;194
188;-197
126;161
-144;-200
173;-198
212;-174
-167;137
260;-167
176;196
157;-114
182;197
222;221
189;188
-195;134
199;-179
202;-129
168;-258
144;-223
171;208
152;201
-111;-193
-183;-144
-154;-97
-99;158
144;-136
-194;-124
-172;157
190;-147
-159;182
-192;-211
-140;150
234;195
-161;204
-202;143
-97;200
180;190
-142;-199
149;-202
-174;217
-172;203
214;199
-198;210
138;-186
-164;-256
-181;173
-216;-167
-259;-273
155;208
132;160
124;205
179;193
-247;-210
-230;-173
157;-192
233;171
-142;-212
198;133
-131;163
-168;-141
-223;-152
-212;227
-178;160
-203;164
182;-165
-128;-212
-260;159
-175;-162
182;214
137;217
-213;236
-233;183
-209;161
-209;-124
188;242
-209;-190
-120;-233
246;137
-198;-164
-204;220
242;152
102;-190
-132;182
-177;-170
170;-184
-133;156
138;-206
-183;-143
-140;143
239;-222
205;164
157;-174
-235;-250
-238;-144
-132;205
-150;-199
-236;-192
207;203
-145;-120
199;188
-232;-116
-261;-137
-169;184
251;-248
207;-174
182;-210
240;168
211;-239
198;192
-168;201
229;175
156;127
200;168
-264;-158
193;-191
105;-211
-207;203
135;196
170;182
-176;-230
-208;154
-152;-217
-217;201
-152;-160
-170;-233
-194;182
193;-157
158;-143
211;146
-195;-182
-115;-222
174;149
-232;-136
219;-159
226;-272
174;-138
209;-208
187;-213
186;-231
-201;-237
-182;189
-177;163
146;-188
-183;163
-181;-110
151;203
182;131
176;-139
-192;-195
153;-223
-155;176
167;196
187;-147
-209;-159
-215;121
233;158
-214;-165
-199;-228
-179;-156
149;212
-210;-193
-162;-196
-151;219
212;189
185;-218
-149;-237
-188;-134
242;160
202;150
-192;158
-122;-168
-129;261
169;207
-175;161
-121;180
192;-210
202;171
194;159
-186;238
-178;175
-266;-180
-140;147
-236;154
243;-254
187;212
166;216
154;-148
-103;-174
-167;-225
-142;-129
-226;168
-140;-162
171;147
168;162
159;-255
-145;236
168;162
234;226
142;-156
171;-191
-134;199
140;-170
-182;196
168;56
-95;-194
136;182
-148;-189
171;135
-194;-136
-177;-180
248;-151
236;-229
201;-220
173;-174
-207;193
174;195
228;195
-143;144
-197;-158
205;224
273;178
-220;-180
208;-184
-211;-130
-179;-169
136;-200
187;209
105;-112
181;-159
-231;221
183;165
134;177
-160;103
255;227
109;210
170;-206
-148;-129
172;187
-193;129
-167;238
-177;190
227;-178
157;156
107;107
166;-119
107;151
105;-164
-167;166
-195;-167
212;-183
-188;-211
160;160
181;196
-214;264
-174;-189
249;-223
-161;176
-189;131
201;-225
196;-172
213;180
177;232
154;229
-242;144
224;-251
-133;-94
-176;174
-141;210
-176;-221
-245;-191
-142;240
-142;191
160;-222
-132;159
-149;171
-165;-193
-131;164
-199;182
165;-233
-147;224
184;152
-173;219
237;183
168;181
202;-162
-157;-151
200;195
-221;-142
-242;-191
142;-177
-225;-156
-150;-230
-258;187
151;180
-139;-226
-183;177
146;216
-183;-150
-165;-167
-230;105
176;-173
-150;153
114;-157
-186;182
146;170
154;180
160;199
-204;-174
-148;-147
175;187
-128;-165
-171;213
-175;-221
-175;-194
-232;170
209;-227
197;-174
213;-185
182;-122
-175;240
232;-178
188;146
82;-232
-168;252
190;182
210;-235
-214;220
180;-196
-162;165
-141;-138
-167;175
221;-219
-298;-216
142;234
136;-168
199;204
181;-150
-162;215
-175;215
-193;211
176;-211
-235;-85
-165;177
-148;-201
-140;205
155;-177
158;-265
-180;-115
-205;-133
-211;195
189;-231
176;199
159;212
-116;-205
198;-206
-177;140
-123;-118
-159;-219
-185;-161
-204;-190
-150;-171
112;-180
118;186
-106;-165
-137;-181
177;155
187;184
181;194
173;213
-183;113
-151;132
-222;173
164;160
169;-177
-176;151
-237;176
-206;220
248;-188
-177;203
187;-245
170;-134
141;-205
-180;-200
143;154
207;131
221;146
142;-125
-179;229
-219;-225
-141;222
150;-209
-167;203
114;-245
195;117
197;-227
-189;-108
-186;-153
-156;168
-236;-157
144;-208
-207;-161
171;-240
-191;-103
-171;177
-187;180
-161;-202
140;-205
-148;190
305;99
231;-197
-289;-188
153;149
188;-236
-162;-190
244;-144
121;158
129;159
-139;216
212;-206
-181;224
113;137
-207;-141
-208;-140
179;-182
-196;-118
187;216
-163;251
166;-253
226;-233
257;228
166;-189
185;-137
244;-142
201;222
191;-186
113;221
225;-185
-124;-173
-227;145
146;-238
-151;-187
-151;-132
133;-239
-241;164
-179;-144
-193;-128
197;145
-211;-186
188;-159
210;216
-225;236
197;199
163;-203
225;180
177;170
-222;-104
253;154
-222;131
-117;139
176;143
234;-130
-129;269
-201;-146
-145;163
-149;221
-195;195
143;170
-191;-188
173;178
186;-197
230;157
225;169
157;170
-256;143
204;-84
-201;202
180;-172
215;-204
-161;-180
157;170
-143;125
195;-181
-184;166
-150;181
161;-137
133;200
191;-126
130;-191
165;193
-155;155
-187;198
-156;-173
-192;136
172;-180
-173;-215
184;174
143;-142
-191;244
214;-233
206;131
192;197
151;-161
175;254
-203;-218
-165;-248
-209;-186
204;140
-193;-237
-159;140
-154;-229
-104;-167
-209;-197
-185;123
182;-137
-207;150
-134;180
-215;-171
163;278
-202;153
144;147
-144;-167
-193;177
-136;-133
-141;-163
146;218
-204;202
172;148
-173;201
-194;-177
-165;208
204;-138
-218;-194
-126;-134
157;-194
176;118
-220;-174
171;138
-127;-241
204;184
-242;127
-206;179
184;-129
164;-218
-147;193
176;-137
-129;171
-210;-185
-188;204
224;183
173;-202
213;-195
-209;-171
159;198
-116;218
188;153
165;153
-207;203
203;209
185;-233
224;-211
194;210
-114;-250
210;135
-218;213
195;-203
-218;132
197;-163
-186;-234
127;167
203;207
-143;183
229;183
204;-133
177;-107
117;174
139;110
-184;-186
217;-105
-150;-204
-153;-123
130;209
154;-137
-130;-165
154;-186
203;185
-193;166
-210;183
-183;132
-255;145
-223;-166
-266;150
-174;-203
-178;208
-211;-159
236;-132
-171;-129
190;-242
-159;180
-218;128
-165;-141
196;-181
194;207
186;150
-204;-182
190;-155
208;-224
-255;-124
-197;-246
125;-182
-163;-142
157;114
188;-174
-206;-227
-136;154
222;208
174;245
246;157
-237;165
199;255
169;184
-194;-226
-212;212
-225;-150
196;-85
226;-247
-224;-178
-214;148
155;200
231;194
-243;156
130;-133
110;-213
161;-251
163;180
-197;-183
197;107
-130;150
-193;240
-110;148
139;-251
-209;134
156;198
193;-161
191;217
123;104
-184;-166
-212;-184
-209;-167
215;239
237;287
222;-188
175;-185
117;134
-169;216
-167;189
218;245
-147;-112
203;-171
199;-187
-207;225
-159;221
-211;-180
159;190
171;106
118;-258
-161;-147
217;-260
189;136
204;-167
170;-265
149;128
173;-238
220;215
-229;-165
135;-124
-164;187
-134;271
-163;133
202;159
253;-206
210;203
204;-214
-166;153
187;92
-193;236
-143;190
252;191
-217;209
226;229
-134;148
143;-182
-135;200
192;-219
175;195
-150;-130
174;-147
138;-161
-176;167
224;-172
120;215
162;-163
146;192
134;150
125;169
-192;238
230;-238
198;-255
245;-216
233;-211
124;195
169;159
-201;-146
-210;-117
-178;-168
-147;222
196;-160
-244;-194
-197;167
169;-224
-211;187
-236;-207
-180;185
156;279
-154;187
-115;207
-196;150
183;214
-263;-137
215;-241
-217;167
-227;247
195;189
-208;269
188;-188
-217;-223
-165;175
-209;-215
-203;-155
202;160
234;138
165;175
190;190
-171;-130
-217;-114
155;-280
209;220
-232;-186
169;99
-155;184
-249;-217
-201;-178
-173;155
-236;183
-211;153
122;-210
-141;-128
-187;184
-129;-205
227;261
167;171
-215;122
-203;155
-183;136
-193;-193
179;260
-175;-218
-215;-155
218;194
-199;-214
-263;213
236;224
134;-236
-153;102
-194;-209
98;-187
-193;175
213;-168
-185;-212
-208;221
203;-228
208;167
148;-172
-187;-195
-195;-156
-208;182
-196;-212
-179;-138
174;147
-205;-125
204;240
-225;-178
-217;-223
-204;188
189;-154
183;-156
151;-205
192;233
160;-285
161;238
-164;230
174;160
180;154
247;151
-190;-171
136;-174
169;-202
-200;243
220;108
194;190
-133;-199
-117;139
-132;-131
-164;203
-156;-97
-148;-142
-173;206
217;-163
203;-165
225;241
-169;-233
-155;-147
174;124
-166;-143
143;-161
195;-213
249;-213
127;-257
188;-145
223;-241
-246;-240
-289;214
-183;108
166;-167
-218;72
-210;-135
223;137
164;177
153;-162
-118;-129
222;-135
-249;255
225;231
186;-247
-130;-218
-221;239
212;199
-226;-171
-160;-126
-183;-165
225;206
-201;-253
-162;-187
-119;216
182;163
128;-163
-137;-204
-215;-191
198;193
170;164
-67;292
-212;-90
-133;240
192;207
-202;304
-141;207
183;-327
196;158
198;169
-213;198
-125;146
-213;-114
-156;193
-212;196
183;-159
196;149
216;129
122;-216
-187;-116
-206;-233
-162;-187
-230;119
-199;-234
256;234
198;187
186;-237
-205;236
195;212
164;142
233;-184
212;-120
-255;310
182;-206
-184;243
170;162
-173;-147
137;190
-167;-205
178;193
-201;-181
-205;-213
181;-151
209;-156
147;-208
161;-106
-136;193
196;192
162;210
-257;122
-177;-152
182;180
248;149
-189;-166
182;-124
-163;-232
-229;-156
140;-218
151;146
150;-172
162;-231
-153;176
152;203
227;188
-131;176
232;206
157;170
229;-126
-146;-86
232;155
-118;155
-204;214
-205;223
190;-198
125;197
169;204
251;-227
131;198
146;-201
-123;139
-194;-159
165;-138
-249;-190
184;187
134;164
-229;160
-161;-235
162;-171
-224;223
-186;183
231;-111
186;-168
205;161
162;178
154;178
-157;225
176;-150
-193;-185
-212;195
-147;189
-127;-107
-170;-137
-153;150
-193;175
156;-179
-234;158
-146;187
-313;-238
-249;166
-133;225
134;-118
-172;161
231;135
-95;129
148;141
202;139
141;-175
-160;-194
190;144
-159;-145
-203;-180
205;-164
-151;-187
-204;-198
-245;194
143;238
-184;-146
-104;285
280;160
-233;-186
-66;-176
-221;137
146;-209
-175;166
140;-192
-170;217
193;169
178;176
201;201
-177;-193
-193;-118
181;205
-204;-230
-170;207
-183;-276
-207;-223
-136;185
164;-143
135;-143
189;-157
202;-179
-139;125
236;-147
174;155
213;-124
-148;90
180;161
177;-170
-169;198
180;-143
-201;132
-161;-183
-211;169
157;-163
-221;-148
198;211
179;-105
195;232
191;-238
-80;174
-168;151
-183;182
209;-193
-226;-231
-177;229
-183;-245
-229;117
209;-148
150;-156
-144;-165
-143;-211
-134;164
229;-133
175;217
195;175
-108;-145
223;-148
-226;253
-196;-204
-216;-208
-131;-245
-121;-245
-193;-226
197;-152
155;187
-163;-216
-135;-176
176;185
152;225
187;185
173;199
-193;170
-211;180
-238;165
219;141
179;-167
-182;206
-235;166
-204;228
176;-228
-159;129
206;-148
209;-99
221;-143
-152;-195
188;153
184;181
152;209
198;-120
-164;146
-191;-181
-150;236
177;-205
-173;121
233;-193
149;182
267;-306
-172;-172
-197;-173
-121;237
-181;-231
257;-190
-145;-198
175;-114
-240;-139
-150;186
-88;177
-195;-160
157;-180
-222;178
188;170
215;-149
-173;-97
143;183
191;-180
-166;-170
148;-195
166;202
139;152
-116;205
194;-194
-260;180
171;153
-149;-199
-241;-225
231;-202
-115;-183
166;180
-226;172
197;-190
131;-187
220;159
167;-167
178;-202
261;-133
192;187
222;-184
241;197
219;-211
-166;-250
-131;166
185;-147
-112;-216
-170;-166
179;-171
-220;141
-225;-190
-146;-173
187;147
-180;-165
143;-177
128;155
-184;183
178;197
150;-237
220;188
200;203
-140;-171
201;146
-233;258
-188;222
226;182
200;-169
-190;159
-165;-181
-186;184
-118;192
-182;171
167;197
-147;-211
136;109
196;-164
130;118
139;100
175;172
-180;192
283;-174
-248;216
205;-228
155;-180
-204;-162
225;154
-234;183
188;-211
-253;214
-191;201
188;-204
151;188
171;-188
196;-185
143;182
-168;155
-210;164
-83;-159
-204;158
135;-186
-211;-152
168;161
87;-110
-137;147
182;-233
168;89
116;176
162;-170
173;171
-167;-219
-103;-155
-212;-200
195;197
-167;-150
-207;183
-143;-226
-181;-214
-219;-234
-171;186
209;-273
-173;144
-218;158
-156;-207
204;185
-171;130
166;204
-203;-178
-195;168
-126;-194
-203;-184
221;199
-265;183
185;237
-212;154
-171;-223
-216;170
143;-157
-160;-172
-111;-230
183;-158
178;215
-146;-191
169;197
-214;-196
116;125
-190;174
-133;138
127;-163
160;-160
-186;134
149;-123
-158;127
-213;-119
-198;170
73;130
144;-150
150;-171
-133;-189
162;151
-153;158
164;153
136;167
-183;125
196;159
160;-187
161;-124
136;189
-133;-225
185;203
-210;166
185;-177
-188;141
181;-254
-173;-191
135;227
137;245
-220;140
227;204
181;-156
267;-174
223;193
169;152
-223;-132
174;-166
-129;-240
-221;-245
241;201
242;-116
-216;-202
184;-218
184;181
-185;184
-168;148
-217;175
-155;159
-168;-153
-237;185
-204;-152
-214;176
-126;-188
179;-188
-142;-216
103;-182
-176;180
-113;231
-163;-153
188;-219
126;193
147;194
-219;-135
164;-190
181;-216
-124;-117
-166;-146
115;-158
-223;-166
132;212
213;-217
-166;-113
-218;205
182;197
160;150
148;189
-152;209
126;167
216;199
-140;-123
-152;206
-210;-205
175;-234
199;-211
-169;-255
-227;197
149;200
120;209
-223;181
210;-130
199;-177
159;-171
177;191
-203;-181
231;180
-195;185
-198;169
-191;149
188;-141
-207;166
163;252
206;-181
179;177
194;145
-233;-186
-166;-151
-132;-269
173;241
153;194
201;-258
165;-161
195;205
-182;165
-178;220
216;171
-88;-152
235;-185
197;-232
-143;186
-160;154
-207;-175
169;278
268;213
194;-213
-139;-173
140;-143
234;161
231;-192
112;-183
246;170
212;-177
131;183
-197;-252
117;-198
-118;165
-169;233
-214;187
197;192
163;-118
174;213
298;-217
-209;161
193;173
-210;219
-244;155
76;226
-129;205
240;158
-235;228
207;-184
-166;240
209;-134
219;221
-231;-172
168;-265
155;-233
-268;177
249;-185
216;158
148;-203
182;185
201;219
145;178
-116;221
256;-176
170;-241
225;-225
198;-180
241;174
224;189
-168;-152
-211;-140
-240;-183
-166;165
174;-140
-191;-146
-141;225
158;-249
-195;190
-207;-138
-223;201
188;178
-179;182
-196;161
-199;184
202;245
-186;-222
183;-152
-202;184
-166;171
203;156
-106;236
173;-231
-151;-200
-155;148
-151;-165
-199;-200
189;173
237;202
223;149
134;128
-156;-229
-128;-169
215;-166
135;136
-214;-176
116;240
-191;246
-182;-184
-227;-212
-228;185
-223;231
-215;160
266;-146
-154;-151
-169;157
-173;-183
204;185
195;276
-214;175
-226;190
-136;148
-201;-231
153;293
-192;-221
-238;-178
135;155
-247;-200
-249;261
267;182
195;-194
-214;146
-240;-158
161;-210
-209;216
163;-228
-178;-247
-173;121
132;-144
174;152
161;-137
-136;-131
-168;-135
-154;208
-240;-175
-242;-205
143;154
-185;-215
243;236
-169;-144
-212;-270
-248;223
197;-207
213;-184
155;-133
170;219
236;-177
214;206
-211;140
105;191
195;252
219;188
-134;-207
150;-232
258;-151
-198;223
225;72
170;255
-206;-181
-100;168
-176;-214
-203;243
-244;-231
-169;-226
-243;205
183;-158
207;-199
209;243
-174;-164
-228;-187
237;190
-235;-231
201;-303
218;-226
123;-200
237;-209
153;-227
198;-288
-95;-108
-230;177
-91;222
201;-203
-254;176
-93;-126
257;183
185;266
162;-212
-172;-208
167;-198
-206;167
202;208
201;-144
-137;-160
-209;178
181;227
-147;-173
-175;-227
-185;-216
198;133
-226;-219
-263;-215
-161;233
168;164
142;-136
-196;-151
-216;-153
170;170
207;182
-255;158
-176;-193
-188;173
222;172
-190;98
-232;211
169;-231
152;190
158;153
-167;178
-186;201
-142;-212
-186;142
-185;137
194;-127
206;201
228;239
164;-202
-135;-226
-189;-107
-234;-290
-237;143
-258;-141
231;162
235;152
182;-289
-270;242
215;228
191;257
282;-239
193;-170
-191;114
151;-216
-197;194
139;201
-140;-172
149;188
-91;-183
229;116
-202;-173
-198;-186
187;-205
128;-171
155;-197
196;-206
-159;150
135;244
120;218
-196;204
-243;-141
123;206
203;164
-117;-172
185;-173
-159;-216
-126;-220
181;-135
196;244
146;-188
219;-187
-183;164
176;235
171;179
-132;179
239;169
150;184
195;-206
-224;-159
151;174
-175;159
-142;224
-170;155
162;-136
149;241
251;154
193;-70
218;199
137;-202
-155;176
-182;-126
223;-132
-128;-95
199;125
183;198
-165;153
-224;-98
108;-141
-159;187
-202;160
246;-209
190;-241
194;210
143;209
223;148
-223;169
176;-232
-221;-156
-142;127
-253;130
-156;-251
-151;-200
-141;175
-182;136
175;-170
-204;182
-250;82
-115;-126
-171;189
-157;160
282;-148
-230;174
95;139
-199;105
164;199
137;188
228;-167
-123;-236
143;165
-190;-249
-190;-141
153;-160
-88;-227
-178;-204
-120;198
185;211
-107;-234
-251;178
184;178
-131;-163
-152;-217
-180;160
178;-269
-160;184
239;-206
-130;178
175;170
177;224
221;186
-124;-198
-183;-107
175;214
-153;-168
-167;247
-155;-192
-197;-190
-153;134
190;-189
165;-109
135;-160
102;-171
-125;152
159;-152
172;233
137;-246
-162;128
186;200
173;-147
-127;164
183;-246
-226;155
-135;-181
-149;208
145;-218
-170;-188
139;199
217;-160
151;138
184;-177
-154;129
-183;148
-175;177
135;-172
-105;-160
-241;159
-167;-129
-232;180
188;-169
143;-64
-203;-207
-152;-178
-140;103
149;-156
73;205
132;88
-210;-209
179;-193
-183;216
-194;-154
-156;-177
-152;-249
-112;-147
-220;-108
188;-134
228;152
-203;-146
-133;-171
170;127
202;169
193;215
169;157
-197;155
-183;134
-252;131
162;194
163;-185
-138;218
-210;127
-118;133
168;-196
-247;176
225;-128
206;-185
212;-203
-149;-179
198;202
140;172
155;194
205;-125
-215;197
-87;-203
-185;139
159;-221
-174;182
288;-189
166;157
214;-287
-99;-208
-172;-117
-201;160
-164;-176
253;-125
-183;-212
223;-193
-120;-218
-151;165
-259;113
-195;-196
115;-151
-230;133
102;168
186;-159
-176;-169
222;172
226;-152
-197;-155
247;-203
194;128
141;154
-210;181
161;-211
-136;187
178;115
-234;-181
-154;-147
135;-211
-261;-196
171;194
-252;193
162;-117
138;-193
134;226
131;-205
148;-160
168;-159
179;210
224;-218
192;240
165;-248
-179;-217
-206;169
158;-178
-221;-159
-176;-144
183;-168
-186;137
-134;-188
-164;-170
170;151
-135;-190
198;-143
251;200
-153;195
157;119
244;-220
177;154
169;190
-211;-193
162;175
-203;166
-216;203
132;182
161;-67
-240;145
-132;-272
-254;147
-192;177
-228;205
102;187
-110;-122
174;175
214;-121
126;213
245;170
189;224
-218;220
229;-160
-221;132
168;-239
212;-223
-203;-199
182;278
-234;123
207;-173
-219;159
-185;142
173;-180
154;215
215;-149
212;-240
193;228
-215;130
-145;206
-243;-191
-128;248
142;-202
-221;-152
206;136
135;-175
-208;127
180;-162
152;252
220;129
184;-227
152;183
-234;-191
-215;-252
-175;-206
161;203
-199;-263
-218;292
-176;-211
-216;-211
-222;-222
-228;193
211;-181
-196;153
-211;190
-231;-213
167;206
-197;168
121;181
-193;-213
-276;163
-183;-138
-219;-260
170;200
-235;126
169;179
-120;256
-158;-161
-227;104
175;-186
-131;-232
-155;-212
185;-169
135;229
-148;-140
181;215
-241;-121
196;201
-167;205
-109;195
124;-198
170;-209
-167;132
146;-167
-116;181
-137;-173
-172;199
214;97
169;-231
163;-248
-191;-177
191;219
-175;237
222;269
201;196
-204;125
124;223
185;-235
242;-111
227;179
-238;-271
164;231
-227;218
190;-195
-234;162
228;-171
-191;-194
191;204
198;223
-166;247
197;168
238;-176
196;-140
159;207
107;234
-170;-209
172;-180
-212;-155
-129;-220
208;204
209;-133
-165;-234
173;-167
118;168
-218;185
-164;82
-222;194
-173;139
-160;-138
-206;179
-240;-156
-208;163
-174;-248
166;-193
-134;-137
247;-206
-209;146
-259;154
-237;-179
224;-260
130;184
204;147
-203;-196
137;-201
186;-239
-148;-207
-165;-118
129;-194
-189;-244
219;204
205;-187
-255;-158
-228;188
234;126
212;231
195;298
-173;215
263;149
166;183
-264;-277
-168;291
-135;-205
101;-221
248;-190
-140;-148
-156;129
180;135
243;185
-175;188
232;-159
216;-240
159;-205
197;148
-186;-209
170;185
-233;213
-131;180
-168;275
181;-163
-222;178
181;172
209;-260
138;192
232;187
-171;-103
-176;-90
-143;-150
204;195
176;217
207;-175
164;-231
211;150
-185;154
-198;212
175;183
-160;-201
173;-199
195;-233
-215;165
-97;230
-199;-197
177;151
148;42
203;-250
-187;-118
123;-171
238;182
208;-251
187;-161
236;154
103;-98
146;212
-207;-170
169;-162
-195;123
-196;187
-251;212
200;164
166;-151
202;269
93;-179
-220;204
208;211
-236;180
-168;86
203;187
-172;196
194;204
-222;128
192;-228
-201;251
216;-220
197;176
-195;-184
189;-209
182;-228
-176;167
192;-167
230;147
162;-176
198;223
172;188
206;246
-211;230
219;-218
210;-223
168;-176
205;-177
163;263
155;186
-176;-169
-265;-121
-215;-163
-153;233
140;-238
-216;-193
-166;154
200;-118
-168;152
-258;-171
-169;147
124;226
-173;224
-199;179
-182;193
237;238
-88;-211
244;-227
-174;246
-257;156
201;236
-230;239
158;-245
-208;-187
-194;130
-72;-91
-219;-198
157;132
189;165
188;205
207;228
-142;-236
-157;-214
194;-196
273;164
-122;-161
220;209
-243;175
-213;-243
-227;-171
-193;254
-153;159
-186;217
171;-205
-130;-154
-233;179
-215;-217
200;209
190;180
-254;179
-188;184
-163;177
-154;-225
164;173
-166;-250
-193;-193
160;167
-199;-195
-130;186
154;223
190;-204
-236;229
-209;-262
123;-178
-182;190
179;-188
-144;-196
-170;171
171;-115
153;211
143;-162
-284;-144
-126;-176
-184;202
-188;-193
-248;-173
197;174
-224;-141
192;208
-229;-174
-213;-210
-208;197
162;-264
173;-144
201;-135
183;180
180;-160
298;186
-180;200
198;144
184;137
196;111
-257;-186
153;-210
127;-160
-218;178
216;151
206;236
-196;-171
-225;169
-176;-176
-210;195
-210;-132
-187;-194
-218;169
166;-105
165;-141
199;199
-168;-115
-196;-229
194;171
-137;-161
162;-157
200;-95
161;-243
150;-160
164;-212
224;-177
-145;-190
-194;213
-158;219
145;-199
-117;193
-170;-160
230;138
182;155
124;-159
-142;-180
159;-106
-154;170
210;151
141;-143
-186;-209
-113;209
195;192
-207;-183
-199;-165
-184;-218
228;231
-159;-224
-158;-224
-126;209
187;163
243;-222
-158;-192
-177;-197
166;273
150;214
-236;207
-173;-180
-118;256
112;181
-196;170
-205;179
181;-187
158;225
180;194
-270;216
-221;269
-151;-219
-193;264
-182;218
183;-211
239;157
151;211
188;-149
-226;-208
-285;-227
-165;-227
-158;114
-128;-219
188;127
155;174
151;-135
-170;236
149;169
215;162
166;-226
207;-183
-168;181
257;-291
-137;156
180;147
-247;-190
180;125
-163;-221
134;173
-164;-156
-183;-195
180;-206
161;-135
147;-135
197;-158
-168;129
256;110
176;206
-158;185
-194;-156
117;182
246;173
-195;-250
183;-111
-142;-288
-133;-199
172;-213
159;185
169;-159
164;-231
-198;188
237;154
142;197
-249;183
150;176
149;133
230;-180
-211;-109
161;196
-159;186
-211;200
-119;162
194;-147
136;188
146;127
102;-120
91;161
99;-160
-153;149
-86;-158
183;-144
-163;-181
166;168
174;217
-129;151
-126;-161
182;-235
-177;238
-160;276
149;-253
183;-152
173;136
187;134
197;136
-164;261
188;-204
-208;-152
-212;132
-167;224
-155;-156
-139;-228
-189;178
-210;181
166;-152
-181;216
-165;222
-224;-258
-220;170
-236;173
142;-138
-201;152
118;177
-159;169
306;147
175;283
132;-169
-185;-187
175;207
-171;-179
-207;-245
240;-232
-220;-213
-213;-156
-172;172
209;205
-195;-217
-188;140
217;104
-213;-188
-113;-244
-99;124
126;-96
-144;234
165;-171
-162;176
180;148
156;195
176;154
-193;-80
-124;-185
131;76
-151;-199
-157;147
-205;-127
-151;-127
-137;141
156;-200
160;-155
180;-217
154;-132
-145;217
139;-240
225;127
164;-202
-153;195
202;96
144;-222
-188;184
220;-222
-183;168
-150;-199
-230;223
167;-130
-208;-234
175;183
187;-152
171;154
172;-141
-136;199
-182;136
-232;118
190;-199
-150;-186
-229;211
-165;-198
-239;103
211;-181
164;-128
-142;-194
-232;-216
-164;201
175;-106
199;183
209;123
-163;-140
213;-156
-187;180
-214;-180
-234;-186
-176;-218
-189;-177
-177;-267
205;-185
186;146
-134;-178
-121;-188
157;124
156;119
174;136
104;116
-142;173
-166;85
-141;140
144;216
216;-137
-175;155
-158;120
-161;163
181;-98
-88;185
197;-97
174;-158
167;-184
-207;-173
275;217
188;247
181;201
198;-198
-214;223
-168;-200
-214;228
153;-164
-214;205
242;-163
173;208
199;-196
-186;-217
-166;-259
-134;129
-185;-194
107;-175
-178;-241
120;-125
-148;-168
-218;177
-192;207
-122;-143
222;-222
-177;188
132;197
175;-128
-168;-208
137;186
106;-165
-233;-189
190;-239
167;189
197;146
-180;155
180;-156
-170;174
121;129
-100;-213
-212;-160
165;-127
-177;-153
163;137
-166;165
179;-197
116;-190
134;161
166;-162
144;-157
150;-209
110;202
163;-144
167;172
227;-159
-181;-130
-131;238
203;-199
-177;-167
-197;-217
146;-128
-209;184
-217;-165
-232;-204
168;159
-187;-155
175;-193
240;173
-153;160
128;225
183;-233
196;219
121;186
-161;-196
184;215
-180;211
-194;144
158;260
170;-147
-164;206
-117;-230
-227;207
-191;153
-174;192
179;255
-219;-184
154;216
193;-209
187;181
182;198
221;214
-193;194
139;-158
-203;175
208;-225
159;-139
-208;-206
78;256
-215;118
278;-160
-149;155
-148;159
210;-178
166;234
156;-217
175;-201
152;169
-204;192
-126;191
-125;-161
-148;211
193;-159
-186;-176
125;146
196;-156
-161;186
203;-141
101;188
162;261
230;-217
131;210
-183;-207
-187;-215
-154;-184
202;162
-116;-188
-228;174
-127;-138
-231;-160
-195;-197
-214;166
227;-187
-185;186
-189;213
-165;-204
213;126
-121;135
168;159
-178;-159
-268;211
-148;-158
-145;-176
164;178
-178;168
181;226
-219;140
-165;-194
-190;129
146;-146
-239;-182
-228;-182
187;-145
148;153
-122;-189
82;207
-230;-254
212;166
-179;218
-129;215
157;-140
115;-162
-151;157
150;-161
-142;109
-205;-144
-185;188
144;168
156;-129
84;-153
-182;-207
121;152
-242;160
208;172
267;135
-162;142
162;118
218;-156
172;-156
215;167
-249;-153
231;214
-202;181
157;-197
-192;231
252;-192
-157;-164
198;129
178;195
-223;216
168;182
131;-193
198;-104
142;166
211;210
-260;-192
214;-200
-157;-183
-181;-210
172;206
162;-127
-122;-198
186;-219
98;175
-230;149
-190;205
-172;206
-153;136
-228;-171
-185;202
-193;-225
-127;191
-186;-162
165;-132
-236;-164
210;-163
-167;246
-143;214
-250;-99
108;-142
184;121
118;182
-37;-171
93;-167
154;-136
-194;-134
-176;-174
136;-143
-215;-169
117;100
167;-161
-141;-185
-220;98
178;248
156;205
116;203
-256;122
157;282
155;269
-151;-237
-123;181
-173;-229
256;-112
263;-177
-178;-189
-186;194
207;175
157;268
-160;188
122;-220
104;-188
145;-232
149;119
-215;-155
186;140
-166;184
-171;199
-137;239
131;-184
-112;129
177;155
229;-149
186;244
203;241
-236;-271
-207;-148
-183;-141
263;213
200;209
203;-206
188;-101
136;162
-191;89
-208;128
182;172
-162;-153
194;-92
201;-139
-226;240
-169;241
-191;-197
181;206
233;169
181;-223
-178;-182
115;-187
150;168
143;-166
196;-180
117;107
240;-184
242;144
-214;-117
123;-203
-166;199
-133;157
-88;233
248;152
146;-246
147;153
168;-170
-156;188
159;93
-179;203
-188;211
191;108
-128;215
138;154
-129;182
211;-208
-161;146
209;-235
151;199
-197;-189
121;-105
197;-239
-152;199
212;-142
127;165
177;-171
252;226
197;176
135;134
-206;164
231;-180
187;-186
180;-143
171;-176
226;147
200;155
-187;-175
-221;-188
-173;-168
-168;144
221;-203
-175;-187
-182;138
172;-180
-214;133
-136;-174
-122;175
176;210
-152;184
-204;140
-166;230
132;93
-177;-190
184;-195
-122;180
-162;236
166;118
-110;125
231;-162
-187;-165
-158;181
-194;-124
-234;-135
195;161
186;161
188;146
186;124
-153;-138
-205;-161
173;-120
196;193
-234;-144
163;175
-207;169
-153;-187
-208;-192
-194;178
-162;125
-178;148
171;-148
-228;-232
-159;248
-243;-144
176;163
133;200
-214;178
-151;190
-81;194
-165;-210
212;255
-184;-163
-193;-158
267;171
-146;-203
-185;213
218;210
188;-154
-201;123
-206;-208
231;-144
-167;220
183;-129
-168;-186
-187;162
150;-135
189;160
154;-164
-139;-201
-215;-225
-211;172
-199;-214
-145;-183
185;162
-210;-221
163;138
-204;-153
-208;-157
-131;167
137;-170
174;-151
169;-257
219;108
143;-161
144;140
-141;185
187;122
167;146
131;121
-192;-118
200;-126
221;-177
-232;161
140;139
159;115
-205;-199
-143;234
-212;-147
-179;146
-178;-224
-149;-170
-100;185
146;-189
191;-146
240;150
-175;-200
-186;-177
177;236
-101;-145
175;-244
129;-246
166;-176
173;-173
174;-183
160;-182
-279;-199
-162;192
-151;163
156;-67
-171;201
-187;-142
168;172
148;143
226;-176
-128;-230
224;-163
-210;103
161;180
187;-154
-231;-173
-120;175
173;147
-252;-217
-206;-160
-239;-186
205;167
-214;-149
-140;-135
-141;217
110;169
160;-184
-100;-147
-197;-164
184;136
142;213
-184;169
-239;-210
-155;199
141;159
-149;174
-165;212
164;-211
181;181
187;130
-245;216
-195;135
-213;-185
-176;195
-143;122
209;-236
156;137
132;235
142;-196
-183;-149
-177;-158
-232;-175
-204;182
-206;-191
165;153
166;206
151;-152
-170;191
166;122
190;161
204;-200
219;-194
-247;241
218;-154
-145;225
266;117
-222;-118
223;118
-236;-174
186;187
-175;-184
-179;-122
148;-141
123;-196
190;-182
161;-141
-211;180
134;137
110;151
-211;198
-163;-150
222;178
147;220
-183;-164
194;-229
-242;-193
-199;-176
114;-180
155;176
83;-178
120;-194
-106;228
196;129
220;185
-207;148
206;204
257;145
191;-287
-210;-148
269;94
-127;218
-143;205
-131;206
204;-203
206;167
207;172
181;-208
189;192
201;-200
-176;228
-240;-134
179;-202
-249;-165
156;139
190;175
-104;153
-108;-203
172;-206
-115;159
-133;193
179;-83
198;-187
149;230
178;187
208;214
-140;203
160;-135
-134;-181
-173;236
-209;149
-188;-252
-134;-173
-183;153
-192;176
213;-159
-239;228
-153;158
-199;-119
-157;203
-186;177
122;-171
-126;208
148;183
-121;158
138;136
209;160
128;-124
-150;-158
192;131
-184;-116
-200;-161
153;-183
-240;-163
-215;-189
-133;179
228;185
-257;-248
-235;206
188;174
-124;-136
-236;-184
-235;197
190;-207
-182;226
73;-201
-166;174
210;90
157;158
192;109
-219;-146
-184;-188
183;230
-163;-143
-174;192
-142;-130
-166;-140
-138;174
157;-193
156;-175
161;-118
130;-177
-202;199
187;-259
164;200
162;-136
-227;244
211;129
221;-127
-213;149
179;-152
-167;120
-228;-194
-224;167
126;-152
-203;-204
158;211
119;-195
163;204
147;-235
-216;204
-192;128
-171;188
179;-187
-214;-130
-155;149
-187;-154
-138;163
141;-165
164;-150
-223;-138
-205;-223
-106;188
140;-151
148;198
212;137
-168;-191
120;-174
-161;202
-224;-107
-107;-142
-146;-87
-255;-189
-232;-176
206;-178
211;149
-178;-170
-221;-162
252;185
267;148
191;154
199;182
-194;133
-178;205
-125;189
181;130
178;-230
-124;206
-100;205
-181;141
170;-165
-183;150
203;-195
209;-175
145;-208
-133;-180
106;123
215;207
154;167
203;-203
-206;147
-160;-199
-225;107
263;-227
-208;176
201;-214
230;157
195;-161
-145;-206
-202;-171
-173;218
-185;-124
114;-161
-171;-150
139;-195
-166;-170
-171;148
-101;160
-173;-207
184;-155
-160;159
155;180
169;-191
-180;-105
186;255
267;-183
-223;-140
178;-149
236;212
186;177
-232;200
165;-172
-206;220
246;149
-200;-83
-172;-137
135;-213
-218;-147
170;221
-134;197
224;-190
140;-163
196;138
194;-195
117;-125
113;-170
168;158
193;-248
204;186
87;-137
-175;-166
-168;185
139;-202
-174;-170
-199;-174
164;-191
-219;179
-201;-242
-238;-197
186;133
-181;-253
220;-216
191;204
-187;218
240;136
148;-148
192;210
211;124
-176;-185
213;88
-128;283
-188;166
191;159
169;-158
-165;142
-130;-179
-181;147
-141;204
-146;144
230;103
-170;-160
195;109
157;-196
114;208
175;201
151;158
-183;156
151;-138
-195;158
142;-177
148;-203
-247;-258
195;250
-182;258
204;-113
-256;203
-273;190
127;-187
146;160
127;-169
137;-118
192;230
-213;120
-154;191
-181;-162
-126;154
177;-156
-154;-222
170;167
146;-169
-151;171
126;-138
250;120
199;136
153;-142
190;154
-113;-146
-174;-187
-128;-275
177;142
-193;-150
-97;133
-191;-185
-169;-192
-190;-194
-174;221
223;-186
-146;240
-161;220
-182;-110
168;161
-205;183
235;208
-157;-200
-232;129
-153;-193
-188;-242
197;201
-198;190
170;149
-237;185
-143;-205
-138;192
177;-159
-113;-182
-197;-102
118;-162
152;242
-124;-227
196;150
-111;-174
142;166
-206;231
-188;125
199;-171
142;-102
-132;181
167;-102
-184;163
-121;-188
-169;154
201;185
141;-124
148;-194
-186;-184
198;134
-188;131
184;151
124;139
-108;167
206;118
156;-221
95;-141
198;144
-114;-224
148;100
-149;178
125;-178
-182;210
167;-177
-196;-163
169;183
202;227
-132;166
183;190
211;-159
229;-164
178;171
133;171
-210;-199
268;-214
-207;-202
-32;-162
141;185
245;-185
-220;-239
239;-232
121;192
-151;235
-167;129
-204;200
-218;180
-212;-209
-148;176
-172;-157
-198;197
-174;-135
154;-128
-211;-253
141;-202
-231;130
-180;154
-215;-176
147;-177
114;149
154;178
-112;-233
186;-173
138;-91
-149;-178
-177;-120
140;-113
-232;-119
147;219
145;-207
-174;-192
-149;201
182;186
116;132
187;73
-156;157
207;107
222;101
-189;-129
-192;225
-171;-192
185;-133
249;-79
-170;-141
-213;133
138;179
111;211
-242;238
190;-114
162;-204
213;-204
189;103
-149;-215
211;175
-219;102
-190;196
-151;59
231;-223
-144;116
197;185
173;-235
162;158
176;217
-208;-147
-208;-106
-284;-190
192;216
185;200
192;-253
177;-117
63;207
-219;156
-192;155
166;227
-199;-189
208;-139
227;-193
-180;143
-162;217
-201;-194
202;121
184;167
204;-128
-190;-158
134;-211
172;209
123;-167
167;-169
177;214
225;-138
174;136
-146;-156
156;-206
-200;192
-203;201
-162;188
168;234
156;-178
264;137
227;-177
-206;177
178;189
-158;146
-241;168
146;159
-155;191
147;211
-252;192
163;-193
-177;251
181;-206
215;167
-211;-167
193;-181
138;-183
-234;190
191;-175
215;147
184;-147
196;184
263;144
153;233
-178;254
176;-159
157;-193
110;-257
187;-214
223;180
219;111
-199;-213
-166;-166
-134;-153
-128;192
148;-148
-185;-168
-203;205
234;-71
-187;202
-158;-217
-211;141
142;223
-201;201
-197;122
-164;167
194;193
-219;-213
208;-128
-152;168
-250;123
247;204
-170;210
171;-120
-201;-150
-231;144
-217;-232
-182;-157
155;193
172;230
281;118
175;195
-250;-196
-179;-138
175;-135
180;196
-183;-211
125;237
-149;231
-215;-203
-169;-171
-181;220
-186;219
-180;156
138;-128
-189;-193
-208;215
-158;-152
202;185
175;227
-225;206
-131;231
-196;208
-205;-224
179;78
-206;-150
-275;-226
205;182
-159;-166
-149;241
265;159
127;-142
-186;177
-148;-157
151;-188
-165;152
203;-116
-93;-205
-193;92
257;-128
132;193
125;-121
-142;-173
-180;-200
-162;202
-157;-266
-187;-151
180;182
-150;-175
184;218
-157;-176
-179;-210
-193;229
177;-174
174;-195
193;-236
261;108
153;-200
182;229
-237;231
181;135
135;170
206;194
-165;-197
233;-138
203;-161
-198;215
171;160
130;184
-203;-252
-143;178
-162;-209
-186;213
-181;-205
-173;-183
-89;138
216;-240
190;-162
167;141
-183;-203
-236;-175
196;163
-97;-192
190;-234
115;-176
187;-176
213;-208
206;-189
210;-215
-240;-196
-137;235
-154;146
216;-119
-109;62
-162;-172
128;202
192;185
171;-163
-179;-274
118;-204
-103;197
149;145
189;-231
-143;-256
-138;235
138;181
-134;-129
-203;-196
-119;-208
153;168
-218;-119
-156;-126
-150;235
191;148
185;-220
-201;-190
-236;-193
184;183
166;195
-196;177
-172;-199
-162;236
214;227
-222;214
-162;220
155;-311
185;239
183;153
-234;196
-167;195
-223;-207
-155;195
-229;113
208;-221
112;179
251;225
148;-234
-233;-142
-176;-165
-220;-244
-160;247
-174;-229
157;179
249;217
142;-262
-230;236
229;181
242;126
214;-188
150;-315
-198;236
267;-201
-309;251
141;258
-184;-202
135;184
-211;-188
172;245
-164;-197
-182;-230
259;-193
170;-227
140;-232
252;-238
-197;228
153;227
138;213
-155;218
-193;-202
287;224
200;195
-191;-127
221;-205
-243;-173
-197;-167
135;-193
182;226
128;-173
174;-180
-157;144
181;107
201;194
-203;128
149;217
181;193
206;-150
-164;-190
196;221
-205;80
-205;105
-276;155
263;-160
138;212
134;223
180;-156
150;299
257;-261
-240;151
-202;-275
130;-191
-247;-227
211;229
162;143
-196;242
-201;-212
100;-201
-228;202
-173;243
209;-184
177;-241
198;191
160;141
184;187
-169;213
252;-215
-227;-190
-231;221
-193;181
-229;-152
-213;-139
-123;151
-229;168
170;-178
-174;138
-136;246
-173;-194
-160;206
-242;180
220;-148
-174;139
97;176
-138;170
217;142
146;192
134;-223
-165;-136
134;200
-172;-156
-179;-172
132;-163
-134;-168
-226;-286
-149;123
171;195
-88;-243
-140;178
100;183
-153;-186
-217;-265
-212;200
128;-163
-219;245
258;-215
-252;183
291;261
148;162
221;237
-178;-177
-161;-213
181;203
-223;-194
-186;222
-144;-148
-216;-267
-163;185
187;-177
127;-219
191;-205
129;-262
-144;119
189;-172
234;173
250;-218
-262;263
196;215
167;-201
-182;238
223;-221
-158;268
-170;-195
-200;221
140;-219
-255;-228
156;208
190;-155
177;189
233;-143
-173;171
-179;149
-226;149
145;-156
-257;-185
-210;211
-145;-137
-180;173
150;-189
143;-132
-193;-126
-174;-129
-137;164
140;-178
179;243
214;182
-169;-277
196;-188
-186;124
-48;-237
-208;-260
-199;-221
-216;-187
-180;-238
206;-270
182;245
-202;-251
-99;-254
144;185
167;262
143;145
272;254
-171;136
-157;157
-233;164
151;188
269;-173
-185;230
-232;246
-223;126
185;-84
-164;219
188;-140
184;-273
174;-195
-170;-205
240;154
257;193
211;224
153;-218
-179;211
-202;-113
-172;186
169;-201
-202;181
197;-233
161;164
159;-170
-166;-195
-179;-200
-107;148
-192;-301
255;-179
-155;-203
158;-167
-146;-249
-174;217
-189;181
-115;-184
99;-211
-123;189
118;142
208;-159
-144;-167
198;197
123;-233
-192;-181
209;-166
110;235
232;210
-249;134
202;-111
-256;200
168;205
-97;-159
-167;-271
192;-150
-258;-215
186;181
-235;132
238;-216
138;-203
250;229
232;-145
195;-133
207;-195
145;148
199;-134
190;205
186;-236
-160;-170
-188;222
219;-264
-204;-189
-255;-181
170;-256
-154;128
-215;-278
-170;-145
193;193
-220;-218
97;-177
273;158
-170;178
148;167
247;-149
165;196
184;194
-235;-194
124;182
-157;155
-177;189
151;186
182;-166
-173;219
-194;-166
-198;149
-169;114
-161;127
125;222
-88;-154
119;112
147;-143
177;153
123;198
192;172
-125;241
210;-158
-193;132
148;-184
170;-162
-119;-133
97;142
-158;156
120;-169
-154;225
-129;164
135;-183
167;93
109;-264
191;-195
179;148
-133;195
-189;208
-206;-140
-191;282
170;-219
-224;-209
182;162
215;-207
-246;261
269;-204
167;293
182;231
170;-200
220;127
-227;-131
-158;-206
-124;-114
188;96
-189;-102
-156;113
-154;-171
-127;-190
-146;-228
-146;130
124;-68
-186;177
-188;175
-197;-195
166;89
-140;173
165;195
-166;-230
-148;174
-161;-115
-153;-136
210;78
-152;154
139;148
-150;225
-206;-182
-135;213
127;-231
-217;-95
-170;-158
133;-151
183;167
-235;-152
229;196
-162;-202
196;214
-182;186
-187;224
158;-173
195;-181
-172;170
207;-189
-183;229
-150;-175
-206;184
147;219
247;-121
228;-206
-183;-225
215;175
-245;127
174;208
170;176
-172;200
168;213
223;-209
265;-155
166;198
-241;-170
166;164
-211;209
175;-163
-140;157
128;-189
-201;-210
163;158
109;188
-102;175
222;174
181;-239
151;-224
203;209
203;127
-193;-174
130;-150
-131;-147
-173;-169
189;214
143;-167
-128;-118
169;-153
237;151
-156;154
-113;181
-195;205
-167;185
-211;-176
-156;264
-185;-164
-233;212
-213;-172
189;-237
-225;-171
160;-217
-196;174
-163;186
-142;-133
152;-188
192;138
171;251
-174;-208
235;-118
207;-240
-173;-237
-173;-122
196;-207
-195;-124
114;178
226;-154
-163;-192
-226;253
121;161
197;230
193;196
-189;129
230;233
146;171
-187;-246
-254;218
-192;-199
195;-164
103;-214
-125;-198
-161;120
127;179
150;213
-203;166
192;-167
233;-104
208;-127
176;192
-138;-188
130;205
-169;140
-183;179
-201;108
187;-218
-180;143
243;191
120;-183
200;247
268;172
-211;-196
-236;-218
-183;-197
200;174
163;170
160;-180
212;-134
230;190
-132;136
-196;249
183;285
-198;-222
171;-224
168;-191
-147;191
-157;148
-193;-181
230;208
181;150
176;-201
-182;-199
170;-182
92;183
132;-169
149;-145
189;227
163;-179
155;187
-210;-251
153;-163
-242;103
-138;152
-145;138
101;143
183;-180
233;177
173;-192
-201;107
127;232
-197;187
-193;119
138;204
-189;192
197;209
-146;162
171;-240
-177;183
97;-163
122;206
-209;-180
230;-227
213;-189
-220;145
246;-198
180;228
209;-213
182;183
217;152
187;237
-197;161
148;-223
181;-104
193;-190
143;-167
193;165
237;195
-190;-271
-201;-204
-141;-178
-186;208
186;-207
-200;-220
-194;117
151;-163
-246;196
-139;-165
-152;200
231;176
-210;182
-218;209
-183;125
88;171
-207;-239
190;-220
-161;169
-236;195
175;136
-131;204
174;-214
-201;-141
-190;151
-174;-200
-148;-233
95;184
146;161
76;147
167;179
-195;-155
-156;-172
169;-163
218;146
-125;-249
194;178
-183;148
-247;-177
-130;-178
-197;195
-155;178
-128;186
186;-235
-204;-154
-169;229
-217;-161
155;295
233;129
-175;182
-103;214
-279;250
-237;-171
166;182
-146;-186
-160;-226
174;188
-210;-218
-157;189
205;201
210;-160
-224;147
-152;-165
234;-172
-159;212
177;-218
-247;-122
-133;201
165;-174
177;260
184;-208
-172;-146
-236;-148
-145;159
-214;-150
-174;-274
193;232
-142;-108
210;182
-139;-142
-139;-227
-221;127
192;-264
183;-221
193;-182
180;168
286;-185
143;183
-206;232
191;211
220;123
140;213
-170;-157
192;-136
190;-176
-153;203
133;164
194;177
-158;-199
-154;149
-180;-144
-152;196
-234;-255
-198;-158
-245;251
226;-204
230;-218
182;165
-171;-166
-154;-163
183;203
-195;-165
144;-219
200;-177
161;-99
149;-244
177;-228
163;-145
-126;-220
-196;230
-122;217
209;-149
-192;193
-210;-180
193;208
221;194
224;-176
-211;-156
214;-244
-190;124
203;195
165;-111
-163;-212
-166;168
164;193
-191;-147
-213;-161
-140;-168
171;199
-256;-148
-222;-161
-153;169
197;170
242;-178
-234;-200
-128;-223
159;110
194;183
-114;112
-139;-160
-167;137
93;176
-224;168
-227;218
168;-167
155;190
200;145
-145;202
-226;229
-239;-199
-236;136
-181;222
165;-231
172;196
237;218
229;-185
-168;-169
-144;-164
-184;-169
-150;165
-226;-178
215;197
230;226
156;-267
-176;174
249;190
160;227
208;-245
206;-236
-221;165
199;-197
-201;185
229;134
-142;-241
201;226
-215;-183
210;207
-170;-201
-203;-145
170;-254
204;-197
222;-146
158;-172
-217;174
205;203
205;138
-205;163
-217;-181
250;194
169;176
-151;-138
259;-128
-124;-180
-223;-150
239;-111
138;239
235;-157
191;-205
-66;144
168;169
165;156
-202;185
181;192
184;272
192;-232
-116;-178
233;161
-173;161
-237;161
-152;177
175;-144
203;238
151;149
157;-156
202;181
212;-208
-161;261
-99;-228
243;-166
-136;-147
172;161
169;259
-201;157
-183;-171
155;-204
-181;185
-228;141
111;-200
183;-168
184;156
216;213
221;137
-163;128
180;-147
-157;-202
-208;209
-205;217
-236;-261
-183;-262
-214;200
-159;117
103;-118
-263;160
-155;179
-163;-261
-163;195
-220;229
184;-95
-175;230
110;183
-185;220
88;206
108;193
128;-179
-179;-160
163;183
-154;-207
-167;-220
165;-225
-212;-124
-227;-295
-217;137
237;218
-181;-249
-198;279
190;260
-103;-168
-196;-194
-177;119
134;-153
-283;221
183;-170
-167;169
142;181
176;158
103;142
-198;-232
-162;-252
165;202
-200;-195
-140;186
-239;-237
-183;-248
-199;211
144;-211
211;-271
179;-142
185;-195
-161;139
184;-86
206;201
156;-146
-133;250
193;216
182;-180
-191;144
195;-194
-215;181
-128;-191
-238;144
202;-185
-159;-154
192;158
169;-187
195;243
178;-113
-164;152
-149;162
-144;178
189;-136
-171;-178
-205;198
-149;-258
-205;173
210;-174
218;-178
-184;-136
-137;-139
-143;157
147;-146
147;208
130;221
-123;-245
224;-209
-215;176
-203;-190
-173;-211
-90;-208
-210;-165
-91;-118
159;-199
202;251
-242;-175
-124;-231
187;191
154;226
131;229
108;227
-203;122
-238;145
-158;138
184;259
199;-140
-225;178
-173;212
-257;179
260;-204
-193;138
200;-177
252;-236
203;-246
-225;-175
194;275
163;102
124;230
202;-182
-202;184
-144;-173
-235;108
165;-206
-161;178
197;-255
133;208
206;-185
-185;-286
-209;-154
-210;164
-127;-194
231;-145
-144;-221
142;-203
-204;-199
-213;163
-174;230
-175;-73
187;-207
-168;231
245;220
158;-153
-179;-95
154;170
196;-173
-158;-159
225;-177
185;187
160;185
-208;126
160;-195
-212;183
152;190
-137;-260
-174;-209
197;-170
-223;-232
215;179
-165;147
136;-124
162;-176
199;161
170;-194
175;-189
181;-92
86;233
208;-204
153;281
159;-133
-217;-213
-156;99
153;-166
-218;-199
-226;-222
170;-207
-163;223
-177;-135
-161;-173
180;166
-119;-216
230;-208
141;181
-187;141
212;196
169;-103
134;140
176;184
-145;-194
171;204
-188;173
-272;163
174;266
233;-191
-230;202
-147;-187
-147;142
-174;142
-171;120
156;190
-193;-168
178;148
200;-192
110;164
195;206
202;170
-177;170
147;-168
-171;200
186;-196
157;-148
-186;-204
231;202
-204;188
205;-230
-193;235
-177;201
189;-180
130;166
168;-207
136;-149
174;121
-175;179
-208;212
-205;-199
-193;190
207;-178
-200;-277
164;110
198;-106
-195;96
181;-182
133;144
120;208
192;-130
154;152
-163;-178
-88;-144
-137;-174
144;148
-164;-191
-163;135
-223;-113
-115;-158
-140;-94
-150;191
222;-165
-225;234
-134;180
-233;-200
232;119
-140;146
212;169
-192;-191
-154;145
-137;-197
-186;-183
214;201
-161;164
211;178
-175;165
-225;-163
-222;121
149;-184
-234;-187
-128;-218
193;-259
184;108
-187;-95
212;169
-221;-187
189;144
-159;175
-266;240
196;-180
189;-174
-149;140
163;-157
-237;164
-208;-171
-244;173
177;172
188;-153
190;-123
-117;-244
138;153
-219;210
143;223
188;160
-246;143
142;210
238;-179
192;-140
134;198
-123;-153
180;164
-193;103
153;-139
-188;150
142;-180
-133;-121
147;186
153;107
-158;196
129;132
169;-136
197;-163
187;189
146;117
-204;-218
191;-157
-134;-185
-195;-178
178;148
154;-155
-141;-144
145;-130
123;175
-176;139
-131;189
-165;199
-118;192
-252;-123
-164;225
-193;-156
-206;197
-220;-180
193;-200
-161;-272
197;-126
-204;199
-190;209
-221;-182
149;-232
238;174
173;143
-183;-197
185;-191
187;-140
-205;-205
-224;-205
186;-59
-133;-205
223;194
253;-165
-114;-205
-220;180
185;269
159;194
107;168
-230;129
126;239
191;175
-134;-196
-145;172
-219;-227
195;-202
114;-220
-196;-214
-176;231
210;222
185;223
-125;136
226;-187
164;-159
193;-163
127;213
-163;-227
217;180
-134;171
-191;191
-213;195
128;-142
-149;173
144;254
187;-241
188;177
246;164
-221;-175
-214;-97
-208;-166
179;170
196;232
210;-188
171;-169
217;156
-184;201
-196;147
170;185
-232;-179
262;-182
249;-183
-211;169
-221;180
-154;-189
182;154
190;263
90;-212
-235;-188
197;-135
156;190
278;-150
177;-167
189;163
97;-126
243;180
-166;-181
138;-188
-204;177
-162;162
-155;177
222;242
123;-257
272;185
197;-261
-165;218
172;186
-175;209
-162;220
213;180
-168;226
197;135
-231;252
108;-172
-194;143
162;-103
154;155
-163;-218
205;-244
259;-160
-222;211
192;-233
112;147
233;-166
232;212
242;130
196;150
-141;195
198;-203
214;-223
166;-225
156;-204
172;189
212;233
-225;-165
-199;-192
-268;-249
-185;181
209;-215
-175;-198
-136;222
267;-203
-155;202
-209;-194
-176;175
196;171
-150;150
-241;182
-147;190
184;168
-149;-182
186;-173
-179;142
-185;200
187;210
-160;149
257;-129
-220;-227
-113;160
-212;-126
-186;-156
205;229
174;118
251;198
228;264
-230;-134
-223;-157
119;-233
238;202
-235;-196
239;152
-218;170
-104;-184
-212;-201
-244;184
-198;153
-227;179
156;-190
-168;-185
-163;134
-124;-207
187;208
111;153
-157;168
-185;165
-172;140
-157;-178
233;151
-228;-211
-226;-178
126;86
-175;-156
-191;191
114;255
198;-205
-150;176
-214;-151
184;-221
-163;196
195;-194
-202;-199
-214;161
170;-174
187;149
169;-194
-173;-178
-186;-152
-206;155
-103;-136
-172;-196
215;145
-188;-212
125;197
-179;-216
-188;-173
-139;184
252;-113
206;-144
240;-145
159;210
163;-178
205;167
-142;141
186;176
203;197
111;129
-203;-154
171;-174
245;-178
-146;181
169;229
195;96
-206;-181
-148;220
-236;-184
-230;226
-218;-139
-226;-201
-193;124
232;-210
145;-120
119;203
-210;-195
-138;-157
209;167
-157;-183
223;-249
129;-161
238;-201
150;-218
111;-177
105;-208
-164;-219
-219;204
-155;228
163;-147
-201;213
-213;-171
155;164
181;128
213;-211
-224;-208
199;-212
-177;169
187;154
218;-176
-190;-186
-253;124
115;179
-214;-156
-152;-194
-173;-168
106;192
-229;-192
-215;-166
-190;202
160;174
129;-208
-240;-114
-174;-157
161;145
179;138
-139;186
-230;-213
-222;187
235;154
-158;176
-160;171
179;-202
224;179
194;188
-191;217
-211;190
-170;-258
-241;278
-166;206
203;-177
86;216
185;130
163;-154
-181;-200
-209;-164
-197;-169
-199;159
-179;-254
157;239
206;195
255;-181
-202;167
165;182
180;128
138;-196
203;-147
-207;215
156;-158
-195;134
162;174
-179;-210
179;178
-174;-203
199;204
-200;-113
-190;-178
218;-120
171;-121
235;-229
200;-124
-224;167
135;200
120;199
-162;132
-143;-210
111;251
148;160
-124;-133
141;-202
-146;-109
-159;-154
216;-140
173;171
177;-146
153;-205
-146;193
170;182
177;163
-198;118
135;179
165;159
214;-163
-102;-159
171;122
-157;121
-136;167
-163;147
201;-182
197;193
181;152
186;-163
126;202
197;-168
-179;111
-154;-238
183;-188
-97;-148
122;185
125;203
-141;183
-150;-196
153;-240
-194;190
-172;108
141;-168
227;-208
59;173
96;244
77;142
-180;201
208;-127
-125;-207
-171;124
-219;175
-135;-220
-119;-186
-186;91
-201;116
135;-157
-192;224
-159;153
-136;-199
-185;137
-160;97
231;-175
-201;221
163;145
-206;192
188;190
174;135
174;-180
-183;-187
244;173
-177;-157
-186;-177
204;-232
-178;-260
-162;-204
-189;167
157;164
-161;-159
-242;208
150;180
-127;-235
-184;-149
-191;184
261;-144
-248;189
171;-199
-239;108
148;106
185;272
146;305
-164;-201
-143;-226
208;204
-194;-284
-162;185
-158;-159
-154;-168
-199;167
198;-179
205;-130
141;-94
228;-156
-233;173
240;-203
134;226
217;-181
-249;120
123;174
184;-119
-188;125
210;-164
-251;155
-143;-226
-243;109
227;-122
-175;-221
198;161
179;-100
207;163
172;-150
-182;163
-205;117
-184;175
166;-198
-177;-205
-176;142
-177;-201
-167;194
181;-177
132;-204
-218;-219
-153;-228
-213;244
219;-152
162;202
153;146
-143;-165
128;-154
-172;75
-155;-161
-146;-274
-166;-156
-202;-180
-215;-161
219;-139
179;188
-172;-177
-181;-175
163;172
112;202
136;218
127;177
-178;189
-224;175
-243;92
198;169
153;-208
-229;134
-141;158
-175;132
113;-128
-154;150
204;-166
176;-158
201;-124
-178;-245
147;162
119;217
136;205
150;-142
-201;140
-160;-171
-128;117
185;-165
-226;160
237;-182
134;202
185;-128
-126;-201
-159;-168
-187;184
-102;-200
207;-173
-243;-235
166;-141
-235;-136
-176;146
-171;169
-229;-198
177;-130
-277;257
102;193
158;-194
-192;-236
138;214
267;-178
-216;-180
168;-180
118;139
165;168
-155;138
226;-150
-243;196
176;219
-190;-212
-139;-217
184;-124
-188;-201
131;203
-289;121
170;-207
243;-131
183;255
221;-147
205;-172
158;-113
204;169
211;-199
163;157
226;-182
-139;-198
-189;139
216;-142
-124;-215
-120;-230
252;-197
-211;181
-168;-226
-208;-177
97;229
-214;-222
229;-137
145;174
-217;164
131;205
161;-160
106;215
129;168
-99;-157
174;227
-207;213
-149;234
212;152
163;-145
-186;140
-188;-196
-118;221
-170;169
-148;149
234;142
-125;-182
166;96
211;-201
176;255
227;137
153;165
-194;182
194;-187
-233;165
255;-184
179;-154
-202;-187
223;203
-236;240
161;-218
-190;190
-325;144
208;-143
176;214
220;-137
259;-195
247;139
-169;267
-187;206
-195;-189
-159;200
134;-115
-187;-216
184;176
103;-152
-152;159
232;-154
197;161
212;228
210;-195
190;122
-194;-207
-260;-186
-211;-232
193;191
-234;-194
-228;190
-233;-165
-161;-132
-210;-167
-187;191
171;-196
-234;177
-226;209
-250;-171
201;188
-138;174
222;237
-176;-193
-213;202
-205;-278
-202;-246
205;142
-250;156
193;217
-179;264
-135;-256
-126;208
193;-118
-200;-162
-254;-202
193;-175
225;285
-136;-185
236;256
-228;-214
216;229
-275;179
-200;224
185;-186
189;-172
-191;261
172;-245
-132;255
-231;-220
-150;217
141;138
163;-143
160;-194
-197;-185
209;153
-165;181
192;217
201;229
-250;183
187;185
149;-166
206;-179
145;230
-225;-180
204;163
-152;140
186;-201
-151;171
159;-239
-157;-223
177;253
183;184
-147;225
167;196
157;-139
254;-226
208;115
158;237
-164;-153
258;-178
-210;-132
-127;-153
213;177
181;-131
-211;-240
213;-232
180;188
-257;148
-198;208
-179;159
-213;110
-123;-225
-195;168
-250;-174
-224;205
-207;-157
135;-138
-230;-152
170;-166
-198;218
-197;220
-237;-264
218;-212
186;196
210;176
-247;-142
127;-217
197;-250
-202;-179
-173;-196
165;-210
-215;-233
180;166
196;-179
-180;-245
-141;158
162;149
190;154
181;176
-191;188
197;162
208;157
-113;-273
216;-207
-242;-180
200;-262
221;239
78;-186
-151;160
225;184
-252;239
-112;177
158;-187
-139;-180
-163;-239
200;126
-215;134
-165;-169
149;136
187;171
-224;174
124;-143
200;-86
189;-140
188;-158
-175;-206
-194;-180
236;148
130;-176
159;-186
-214;186
154;-163
111;154
-196;-233
-235;-150
-175;177
-188;129
188;-221
189;190
228;149
128;191
199;-219
205;169
190;-115
-167;-95
175;-244
-241;204
-202;207
121;155
119;-203
202;168
168;-231
174;-131
208;-156
177;-219
-167;-188
167;-182
208;179
175;184
165;-198
-152;200
-125;-170
-158;-132
157;174
-122;-225
129;106
-198;-213
-155;169
203;-168
-165;-175
135;-207
-156;181
208;100
-176;196
128;-167
173;194
-158;183
170;-208
126;209
-155;-120
208;-166
210;143
198;67
173;-205
171;-142
193;186
-161;183
217;-249
161;-205
163;-169
157;206
136;-121
117;-154
-196;192
-217;-217
-137;-108
-76;157
189;154
-224;-181
-204;181
136;-167
-147;217
-190;250
185;-298
-216;176
222;164
-241;106
-126;192
199;208
159;173
-232;-206
-217;196
216;-216
212;185
178;212
185;168
183;-183
228;-183
210;-154
-108;186
-140;-135
-171;-194
-170;-257
215;232
195;-143
177;-129
170;-162
-151;134
-230;170
212;176
-232;-132
-177;165
121;-144
-158;-231
-144;199
-198;221
198;-209
188;-183
205;168
-193;-164
125;-167
-223;-205
-173;225
-150;228
190;139
198;-182
169;161
-229;-216
129;202
246;-119
161;-239
-155;177
-165;157
-205;-140
179;189
256;-183
190;101
-211;174
-251;-118
238;220
179;-136
117;-162
189;165
-193;-219
146;234
147;-211
199;140
167;145
-243;-127
209;217
-196;-189
189;178
127;-195
-195;198
201;-109
-192;192
151;-126
-211;188
246;-142
-266;-263
183;131
-218;253
172;110
-204;-173
140;178
217;-182
165;175
167;-206
226;130
166;-162
-166;207
197;162
127;-227
180;127
203;167
-222;162
-140;-197
-177;144
-150;196
252;-225
184;163
208;229
162;185
118;158
-213;-195
163;219
162;148
181;167
204;-135
119;213
-207;-196
166;-168
-187;94
245;192
-152;-190
187;-126
224;-161
230;185
-162;257
192;165
-228;-173
-193;161
-197;148
-230;-192
161;156
-152;193
218;131
-140;146
-157;167
243;-158
156;112
-199;-229
167;198
-217;-189
209;-136
137;-203
239;-203
177;206
238;176
178;-141
-160;124
-140;183
-172;-188
173;200
-220;193
-177;-192
150;-166
170;194
147;189
-145;138
189;151
194;-169
181;190
173;174
188;-164
-175;-199
153;194
160;161
174;-213
232;79
-152;-166
262;130
-151;135
-164;226
-184;-150
-157;187
-168;-175
-145;-209
212;-148
-186;176
-191;-178
-83;99
217;129
-94;-138
157;187
173;197
-201;169
172;193
214;196
-143;-232
184;211
210;158
226;-207
176;-197
219;-183
201;204
118;205
-118;-216
-152;-178
-180;145
-216;169
-166;202
128;135
-161;-125
-128;-151
158;130
-173;-248
-297;150
-231;-166
-182;-161
178;185
-185;154
166;-236
-164;-221
-173;190
191;186
-151;-181
-200;250
226;156
-186;142
-128;88
-186;158
-215;139
-160;-188
88;-180
-177;-252
-152;204
-227;170
-94;-190
116;252
135;201
-177;92
214;-162
-186;-227
-149;155
-292;135
173;-224
-119;-222
247;-198
-239;174
-218;-237
-173;108
-159;-224
131;142
-159;-254
-255;-169
157;176
228;119
143;-212
-143;161
-116;-185
165;146
181;180
-161;151
-168;134
-189;-177
-128;-186
244;135
-147;-175
-205;-221
-209;190
-140;-176
158;182
204;291
228;288
-212;213
-203;-194
-168;151
-209;129
174;-214
111;263
-202;180
166;210
200;-193
193;208
154;225
197;204
245;-128
184;-173
153;160
-204;-205
120;-196
177;163
152;192
127;208
191;-128
185;141
245;-179
-139;-144
139;238
-235;-225
198;-162
-171;188
-190;-191
-193;-207
-216;235
87;-178
248;-140
138;281
-265;143
-173;-170
-263;-208
220;-221
-164;216
205;-176
174;197
-207;-196
-130;118
-140;-196
211;-158
141;143
168;116
212;164
165;-153
-189;155
200;-240
191;-218
203;167
168;232
-168;-130
-197;232
-225;205
-211;200
-171;-213
280;-202
-125;-258
178;-204
151;183
267;190
-217;224
-130;-189
118;-229
-174;-206
-176;199
-98;200
232;-142
204;134
-160;-129
173;-174
-159;-155
-120;162
164;-197
194;188
185;214
183;-167
212;166
190;223
231;-197
-137;-223
237;-198
-196;-190
164;-95
-192;193
-134;-221
-199;-194
-185;-224
-168;-209
-196;-196
-172;-241
108;116
-208;-171
-217;116
130;-188
170;-220
136;-131
-140;-179
-155;-156
-192;-207
163;-192
200;-215
198;163
174;-214
188;-103
-187;-218
-169;183
-157;-204
182;-166
-127;145
180;181
-153;-241
-148;-178
185;172
221;199
192;-135
-145;187
-214;173
164;171
214;-229
-188;153
-220;244
141;-169
-220;-168
-189;152
-140;115
-187;-204
-182;200
-109;-206
105;206
166;149
-200;178
-210;152
-190;192
-193;178
-104;167
206;193
173;185
-164;110
228;-203
228;-112
-250;-178
222;174
-236;-176
-209;-135
190;224
215;-216
-160;-169
-184;243
282;-207
125;244
-212;-238
118;285
-126;180
147;140
188;-190
-243;-102
205;-159
-149;-182
-185;190
-202;112
202;-251
131;-189
-166;115
255;-173
201;-180
167;123
-142;219
123;183
185;-171
-159;112
101;169
204;-131
-137;-184
-202;181
249;-142
234;-140
115;-212
-171;-198
216;-165
148;133
183;-275
-181;210
-230;201
-323;182
187;164
238;-217
212;164
147;129
248;-165
-218;162
163;186
-187;104
-119;-221
206;-270
155;189
152;186
-168;250
128;-213
194;179
-202;-197
-128;155
181;-172
-149;-192
123;-165
-202;156
124;-157
-107;177
-180;-252
-220;246
-149;-227
-199;-94
-238;227
245;-257
170;128
119;-144
197;-236
145;-224
121;167
-172;114
202;194
222;-48
156;-158
218;-193
-189;148
-159;-167
168;-202
149;162
-153;-186
136;-129
-195;-197
-187;-181
-103;-153
-182;146
-117;-154
147;-182
-221;144
208;187
-183;143
-206;117
239;148
189;190
-202;-186
-177;170
-140;217
191;167
176;118
207;147
-131;-131
-197;-117
142;-197
191;126
182;-202
142;-180
-186;-143
199;121
-149;136
173;-203
-182;177
-191;164
-145;-135
-167;211
169;-200
-209;-136
-175;172
-184;161
-184;206
-190;210
-182;-214
127;157
253;-205
210;155
-171;226
-164;245
-156;264
-121;-170
-219;206
108;-85
-224;-177
-186;-164
-203;-191
-204;-146
-221;-119
198;-166
-193;138
-170;-153
119;208
-211;184
-171;-138
167;188
-131;-199
-191;145
255;202
262;199
-113;152
181;181
215;-206
208;-209
-220;-194
-223;-183
-137;195
-169;172
-183;-215
178;233
166;213
162;129
-193;226
-170;175
177;189
152;-204
-134;-158
-138;195
169;154
-131;198
175;170
242;186
212;-161
173;-152
212;-235
-166;187
-119;197
172;163
-186;177
-175;138
145;144
-194;179
108;-165
193;114
218;188
139;-233
112;189
190;-178
-174;172
172;190
204;-193
-175;155
-225;-169
126;-210
110;-200
-226;-124
-172;128
182;155
171;183
-84;177
145;-169
87;-164
145;-218
207;111
-203;-195
155;195
-200;222
-167;104
-158;166
152;-185
-185;136
169;200
178;-134
168;220
163;235
-148;-200
-98;-185
-133;-151
151;167
192;184
174;-186
139;-202
172;175
-82;113
-95;212
202;187
-174;-147
63;-152
137;-189
-191;191
-145;142
-120;-195
174;207
149;149
165;-241
-153;-163
153;-165
184;179
54;-125
255;-155
165;188
210;-190
202;107
-175;-175
159;-226
-155;142
-106;163
-124;152
187;140
163;-174
212;186
148;-132
-170;177
223;137
-145;140
-142;140
195;148
-158;167
161;181
-225;179
215;-184
-205;176
233;-127
135;176
-176;-148
173;-242
166;-119
-165;142
149;-101
130;192
142;-237
199;245
164;157
144;180
-227;179
179;-174
165;-185
213;-150
176;-164
178;220
163;240
-236;-189
-219;-139
-271;-116
-151;163
200;-141
-169;-171
-133;218
86;-243
-135;147
-176;-180
-131;159
188;137
-148;197
-137;142
-195;121
125;178
-165;-174
173;-164
-146;178
-164;161
216;204
-45;213
194;-198
-242;-133
-203;191
-161;-138
-190;-216
198;156
185;216
233;234
269;155
-166;-181
-182;-154
167;-253
125;238
-163;-213
182;176
-221;112
-175;-207
-127;-170
-149;170
-181;164
-191;127
190;-152
-135;-202
-175;185
-162;-193
122;200
123;122
-155;80
-159;103
-158;172
-195;-208
226;263
-110;-165
-172;-226
156;188
-163;-95
-143;150
150;189
158;-241
-151;132
-178;-124
160;-220
-187;132
148;-186
-186;-196
-151;181
174;-179
225;198
190;-204
-179;-146
-173;-204
-168;154
-145;-155
-239;-202
132;193
-153;-202
193;143
-197;-132
-201;-145
-158;139
191;-257
189;-191
133;-204
224;172
218;-232
207;196
-141;223
119;177
194;184
198;165
-129;-128
127;-138
168;-187
-199;170
242;148
157;169
-135;-125
-231;115
-113;-165
-129;228
-146;-159
-154;-195
-143;180
163;-165
160;-200
178;125
-106;-186
-168;-201
220;177
-178;-260
144;-192
159;-175
181;-158
210;-117
237;-139
198;-172
-215;-193
-197;169
-114;194
162;-202
-152;207
-173;-148
209;157
143;134
191;-204
-157;-198
147;-142
-186;187
187;174
172;-191
-154;-130
-137;144
246;131
-198;-151
-173;-154
-158;-183
173;57
-233;-154
-191;-177
-171;174
177;174
114;-194
-220;-161
-189;-140
162;118
260;168
-117;229
-196;-205
-149;177
171;190
-180;163
-207;183
143;-120
178;186
131;235
-224;218
-121;117
-131;-127
-191;143
-208;198
237;-200
103;147
91;192
197;-195
-179;-209
-137;-167
-142;-178
-179;182
-229;-206
182;184
151;243
151;-147
-196;142
178;168
90;151
193;-154
201;-177
-200;185
193;-209
-222;178
235;225
-161;-190
229;196
-187;-115
243;143
-204;-152
-146;-260
198;-171
208;-179
186;-110
148;-112
-207;138
196;306
123;218
-119;168
-187;-164
143;197
172;154
-182;-212
196;-193
-186;-200
-158;-178
176;-137
131;189
184;-151
171;-161
-157;204
195;177
161;179
-192;148
180;183
120;237
182;-164
-156;-205
144;200
-166;139
-222;174
-134;186
204;-165
170;229
204;175
171;-229
139;155
188;-228
-198;207
-159;-189
195;-205
-234;-271
145;186
225;199
-197;228
-195;-197
241;-173
-185;129
-186;147
187;-125
149;-183
187;151
97;191
144;103
-189;155
211;-219
-253;-183
-175;163
-161;220
-135;-197
-212;-173
-212;204
-245;160
177;-186
-216;198
-163;188
-182;-194
-211;209
-155;210
257;-184
-174;91
160;219
-172;127
141;233
161;217
114;-216
-208;-123
152;185
-198;-200
-148;-193
159;-170
-207;-167
-188;-231
-179;152
175;247
-136;-205
-193;204
247;167
-182;-158
-215;-173
-188;234
142;-168
-206;190
178;-141
-200;180
166;223
213;220
199;166
-115;-213
-95;-180
178;215
-140;-241
-232;194
-157;-182
-133;-186
-291;168
184;-246
244;-139
258;-142
186;-220
-224;153
196;-192
111;165
149;-148
-227;188
224;142
213;-117
-141;146
217;-201
-197;207
-155;-189
-142;161
193;-156
-232;-217
160;181
234;-176
102;189
218;-140
-202;144
-132;186
-166;205
151;-227
-196;-163
-223;186
-179;-157
-154;141
171;-175
157;-173
-211;-147
-154;-179
-184;192
127;-195
146;260
219;193
-199;-164
121;-229
-158;223
-220;-229
-118;-184
-164;-167
-179;-183
-201;-148
214;-170
167;118
-97;-174
-144;-208
156;187
121;158
157;226
140;143
-222;160
-208;120
-156;197
187;188
228;-177
-211;172
-206;167
-268;117
218;-194
-197;260
169;-181
199;-187
213;-176
-241;-234
193;211
184;195
147;206
154;-238
-231;154
-243;-199
-189;233
160;-184
-222;173
228;-243
212;109
202;-192
-204;-141
-121;-184
-166;222
-157;-191
171;-163
-149;-222
202;-141
-216;-215
-207;172
-152;159
-161;-162
155;-144
-167;145
85;167
155;-120
-165;-179
239;175
179;-169
-195;-188
200;-204
185;157
142;217
-222;193
131;-177
-190;157
130;185
-107;-173
-134;-189
207;-165
-236;-195
211;170
-204;176
237;-172
170;-109
203;123
222;-146
268;-148
259;-169
138;209
165;-165
214;219
245;-157
-247;-215
-304;246
288;-152
-196;-240
-181;-218
126;-171
-172;258
-224;-214
-184;-237
171;222
-216;-192
212;-163
164;184
-218;105
186;207
130;-173
147;155
170;218
-189;-204
133;175
-220;180
-205;191
289;166
279;-153
-215;140
-167;-142
-167;146
-187;195
-145;88
147;159
-154;-157
86;180
223;-143
130;133
197;141
157;201
-142;196
173;-139
-202;212
213;-133
148;-165
-198;-147
174;188
-156;198
218;-174
-163;137
-182;189
196;-183
197;181
201;-174
189;-148
185;194
-228;118
-204;163
-142;-243
-233;172
121;-157
-132;-227
203;197
169;-174
-142;160
230;-107
171;175
266;142
195;-243
249;170
-189;-162
-211;-209
-308;-162
170;171
-197;-192
-161;167
-165;-156
-245;-177
-191;-189
-183;201
211;-120
-186;203
-198;142
-185;-132
229;170
-172;171
238;212
-217;-203
-188;148
-244;-211
-126;-181
199;152
-197;210
141;144
-146;176
-183;-178
-161;185
206;-171
-191;-177
-135;-184
155;-213
126;202
-143;-147
206;194
-180;-161
184;125
-202;155
-201;179
192;-225
238;-142
-244;192
179;-207
-174;184
-176;-179
-147;190
165;169
176;-141
170;-143
-204;-200
207;205
-162;130
181;202
128;233
-187;173
195;190
176;-181
162;-123
196;224
-175;-182
213;198
-162;253
135;-184
-192;310
219;-133
-220;-196
164;80
168;140
-177;174
192;162
234;-160
217;-143
212;213
170;217
-156;-216
137;-218
-112;-170
-166;-264
186;205
184;-184
-204;-252
169;-182
179;150
-186;209
-165;153
-230;172
-163;178
-176;-203
-146;166
-184;-245
-264;172
-192;-172
198;-188
-214;-195
186;-204
-239;141
-245;222
-130;-178
187;-155
178;231
278;176
-177;-297
232;-149
200;-169
-127;-218
-152;-197
183;-113
-153;-186
73;167
163;-154
-242;-220
-184;215
158;244
173;149
223;187
-250;195
165;198
228;216
-264;-215
-209;160
-205;-205
167;-173
168;-156
-213;-168
-138;182
197;164
190;151
-274;108
204;-223
176;-239
100;-175
202;168
-162;-198
147;204
-138;153
-131;117
-162;205
176;-197
-120;212
164;166
115;-152
273;185
240;120
-128;-169
-145;-182
-209;-226
217;224
154;163
221;-216
185;-156
123;174
-127;182
-174;140
173;246
-170;-204
132;-279
200;-203
-188;154
-177;99
-183;-158
175;160
137;181
185;-119
-112;-200
142;-135
131;186
201;-225
220;-132
156;236
242;-178
179;169
-225;-188
162;-117
-210;157
-226;217
-237;189
213;155
171;-180
121;174
201;-157
-186;135
207;154
-206;166
-220;154
156;195
-189;186
235;153
-123;213
139;-175
-162;173
208;-133
186;204
-204;-218
252;-187
212;-220
-204;171
229;-252
197;180
217;-170
205;232
202;248
237;207
-167;117
186;-204
234;-167
220;-231
205;-248
164;186
175;171
-242;-216
-243;-199
-150;-123
-149;228
203;-159
-179;-147
-183;238
114;-164
-149;234
-142;-133
-166;205
147;219
-176;127
-208;189
-236;142
228;187
-180;-193
229;-195
-184;151
-209;154
135;254
-186;145
171;-124
-204;-169
-208;223
-240;-231
-196;-195
145;168
164;158
142;191
148;186
-203;-201
-165;-224
184;-171
224;177
-252;-94
144;162
-177;115
-258;-216
-239;-168
-218;152
-170;178
-178;167
177;-228
-149;-253
-178;141
-198;-122
164;209
185;133
-215;272
-216;204
-181;145
-197;-188
157;257
-143;-244
-115;-174
219;117
-122;-180
-218;204
165;230
122;-265
-217;229
-155;-183
197;-240
-200;150
143;-171
-170;-143
-184;146
150;-220
247;203
140;-203
-99;-202
-198;-204
-190;206
-206;-124
-216;-155
133;145
-209;-190
166;199
-204;-160
-128;-157
-130;174
143;-135
226;-164
184;-201
220;167
123;-207
194;177
-185;180
192;141
186;128
205;206
-156;-161
196;-169
143;-170
-179;121
200;204
164;138
-166;-126
-202;180
-216;-167
-182;159
-130;-152
-200;-158
-153;275
211;-193
157;-194
182;195
-205;-229
-205;-228
180;333
-225;-245
142;-194
232;-180
226;-170
211;-262
259;-205
235;-279
-245;-205
-266;167
-190;182
144;-94
-225;187
-196;-193
170;243
201;218
233;-219
-207;-242
173;-106
-150;176
197;132
202;-207
-171;-145
-201;174
171;229
-180;-209
-236;-206
-109;-149
153;288
-194;-165
-221;-209
-157;205
211;197
177;-201
-213;-235
-206;-156
157;217
176;158
-208;233
-179;-176
-210;173
133;111
-177;197
-87;190
106;-148
127;218
186;123
-164;153
-138;182
-191;-135
-130;191
-136;209
189;-171
198;180
145;168
132;-197
-225;-267
-188;-171
-264;-308
-153;202
-238;-200
160;183
218;130
180;-194
-242;180
211;206
195;198
193;-162
260;-134
-284;93
207;-100
-182;160
120;241
-172;-174
206;241
-258;-202
151;148
-219;-191
-186;-183
165;-187
162;-266
228;-145
190;-143
-229;144
129;160
214;179
-114;222
-151;-182
172;205
248;113
-112;-159
163;-198
-148;-139
-209;-112
46;-191
203;143
76;-248
147;-176
-192;163
219;195
162;271
-209;135
102;170
153;217
155;-172
-233;-233
60;180
-157;205
-155;213
-170;246
245;-212
254;162
116;216
225;-204
148;220
185;-226
-179;203
-281;-169
128;-191
-194;-194
180;122
219;231
-139;172
-217;-168
144;-230
-166;205
-205;237
187;-206
121;-204
284;152
195;213
171;132
-194;130
174;-162
-181;-239
-199;178
-143;137
-229;-130
-232;-217
-182;222
-202;123
170;-157
-202;209
-221;180
-147;-198
-216;218
-148;206
86;-180
-258;200
109;167
-212;252
128;209
203;273
110;-262
-210;-145
217;133
-213;-179
-222;-200
174;-213
-203;-156
-139;-130
-265;147
218;238
-151;-240
-186;170
165;204
-194;-198
-181;-204
-188;172
198;-185
-273;201
244;-181
-199;167
232;185
200;216
190;180
-120;-214
-141;-279
197;164
-224;-184
-183;211
-157;-126
-230;-183
-151;197
163;-169
163;-201
206;-159
168;-199
-107;171
227;-195
230;122
129;-189
-157;262
197;201
178;-294
-220;223
178;-122
-147;185
-150;-217
-193;177
172;-154
-210;-177
158;263
193;-170
133;225
178;-202
-158;212
-180;176
-140;204
183;-190
-158;-190
-149;228
-194;-189
-134;221
160;-260
172;-190
-185;-198
-197;-197
-166;276
127;-272
160;256
201;233
-115;-267
187;-188
-187;167
-138;-201
-163;-139
-147;-173
-259;-165
-199;-236
191;-239
135;203
-232;-125
-189;-214
146;185
188;138
230;228
196;210
-175;249
-208;240
-172;81
217;179
173;-194
-220;205
-175;189
-133;140
168;-204
-163;178
142;-188
168;-225
131;-190
-211;-139
258;204
186;161
119;180
161;-188
-218;150
-257;-197
-162;170
192;-164
-228;184
205;-200
232;209
152;-198
-191;-174
-281;-202
-196;179
-211;-202
216;-197
-179;-234
207;-169
-185;-182
-186;165
-171;124
-189;-192
141;-239
-163;274
248;136
173;-225
-217;-207
104;234
245;-137
-182;-157
196;-167
208;246
197;202
-198;201
208;-112
-174;202
172;222
-217;-288
-177;-196
164;-208
-182;-203
246;260
-274;64
210;-199
130;-185
159;205
191;-156
192;-171
246;-253
218;236
201;-254
134;95
205;-131
-204;-183
-172;198
153;-182
-244;-144
-160;-155
143;-146
-153;214
-160;-150
-203;-177
171;191
-112;-204
195;-189
158;76
-135;157
214;234
195;-103
201;194
234;150
-163;-216
192;183
-152;188
-194;215
203;154
198;-214
-216;168
-208;-99
-202;198
-196;240
-138;154
198;143
-205;-162
272;280
212;-247
213;156
202;174
131;201
-243;192
227;-166
-268;230
195;-158
232;-167
-193;-259
176;228
-240;184
265;-244
-186;161
-197;230
215;-176
133;187
172;-203
174;-61
131;255
-192;202
-187;173
-194;-182
-97;168
112;-174
-198;-197
182;115
131;-220
-204;280
163;-163
167;194
167;277
230;-243
203;133
-220;-235
-200;-206
-149;-169
187;202
-107;-247
-154;205
-269;-202
-120;-164
-185;-243
-113;122
218;-159
-197;246
-214;182
-178;-148
238;199
-236;188
130;165
-161;-165
-228;79
-200;-125
-178;-160
196;180
-211;160
204;229
-226;121
-150;-161
-162;174
134;-156
-173;-225
-148;-181
174;-109
108;142
-151;-193
200;217
-212;-180
183;148
-179;194
-173;137
139;-213
183;-161
-197;194
182;-188
-123;170
-209;-142
-148;178
227;158
155;-171
170;-155
-197;-136
141;155
-188;177
219;163
129;175
-195;212
186;84
213;-164
225;-241
225;204
-207;-168
187;216
-163;177
175;-143
-158;167
218;-207
-196;-171
175;131
233;185
-206;210
194;191
160;-156
130;-152
162;259
198;252
-144;-169
212;-183
-165;-223
-152;-215
101;226
244;-228
-174;-202
205;-131
181;197
-216;101
-252;196
-243;189
-145;207
-140;-207
-128;141
-196;-183
-200;210
-147;-255
238;-191
-207;-120
164;-194
-156;116
-221;159
-165;-156
208;-228
195;220
207;203
-147;-210
178;-182
225;-191
-216;-246
-224;-208
143;-180
-197;-176
216;170
120;-196
-225;-141
-216;212
181;199
248;171
119;133
-177;189
221;196
229;140
-280;-212
-203;156
-190;-158
202;-116
271;174
-210;163
-153;160
206;-191
272;-208
-165;157
203;-220
192;-147
228;206
193;-211
-235;-131
232;-188
-200;171
-115;221
-178;200
165;-165
-157;178
168;172
151;-139
205;211
199;167
-227;-133
-120;211
-136;154
184;-176
140;119
184;291
133;166
190;233
-183;-267
-165;-208
197;-201
-162;-189
166;220
203;216
-217;278
-239;187
-225;211
188;-149
178;-196
168;-228
-170;221
254;-197
191;-173
157;-127
189;-215
96;201
151;-193
161;-211
-155;162
231;195
-140;165
-194;160
-190;-192
168;145
213;-177
207;148
126;-123
-246;-141
203;-256
-170;-181
-187;-209
157;159
-153;197
160;-136
-178;159
181;169
-121;151
180;141
228;-237
-230;-233
158;-156
185;156
-198;143
208;-198
143;-174
185;120
198;212
188;160
126;-152
-182;153
219;-189
159;-115
204;159
151;140
152;-248
211;138
-173;-259
-174;-148
-175;-252
-196;171
210;-181
-221;-244
-226;132
126;-216
-192;253
-98;-244
231;156
85;189
243;-183
-141;218
-174;137
-93;174
140;-144
-221;-125
186;234
-147;189
-254;123
162;203
176;-222
201;158
-135;-160
-153;170
-148;-242
148;208
-130;-220
-171;132
-149;225
-112;121
106;117
153;111
-136;-154
-152;152
-228;-94
156;234
-197;-184
129;-191
212;245
182;-195
166;-153
174;143
-182;-140
195;-182
128;-215
-239;210
164;-178
-151;-201
176;175
-197;-240
-161;165
-210;-158
128;-129
-185;120
114;214
165;-162
218;224
-195;236
169;-198
-210;224
201;-170
-161;-143
-179;222
-168;-276
-257;127
-244;215
-175;-186
-171;206
-161;-145
-192;-189
171;-200
186;160
-140;-217
-201;-93
-119;227
-150;176
220;-214
211;158
-144;162
148;-123
177;180
172;-198
172;-136
141;150
-182;-259
-154;140
172;151
-223;159
-106;-184
-141;145
-199;194
85;-155
148;173
165;-185
134;-182
177;-234
177;266
187;-103
202;152
147;151
201;-255
182;-191
-189;-244
173;-271
-184;164
137;-222
230;161
155;193
-274;204
197;-193
-84;-198
172;-198
-151;-233
-194;211
-207;-205
196;-185
-197;-174
-178;-140
-254;203
-243;227
-284;-217
156;236
148;173
-227;-208
-206;133
-176;237
-221;217
-208;198
221;222
128;204
138;-154
183;168
171;-255
166;141
-115;-215
-241;-215
-216;-192
161;-165
-201;171
218;-217
217;-254
167;177
183;-172
-208;-197
-154;203
-213;-146
186;179
90;-140
-140;198
162;211
-103;-196
181;-114
82;237
-215;-194
152;-152
-220;-152
-153;219
-229;-150
-194;225
163;182
210;171
-201;-175
145;-176
148;-139
149;-178
195;-191
-176;205
205;-112
194;168
187;-206
-157;200
213;-217
161;161
-194;163
197;-254
194;201
82;232
170;181
175;139
-195;249
192;-193
-119;-154
166;-168
-174;263
160;-247
149;-175
-170;-236
-176;-183
-214;-233
-210;-178
-224;-278
243;225
182;244
220;171
221;179
-140;-133
149;186
187;90
-135;-143
-254;-200
225;224
-166;-222
-227;-174
-147;-178
-194;-221
206;149
-153;-196
182;-139
214;-184
163;198
154;103
-134;135
-206;-216
-135;-240
265;-159
213;150
209;235
181;218
201;-78
193;-183
-164;-195
-209;237
209;-217
231;122
178;-182
121;-178
109;-196
193;-201
202;207
-168;-219
172;-247
-155;208
150;-320
191;108
-115;208
289;139
168;213
207;163
-231;-200
220;162
-163;142
168;-225
238;-183
-171;252
-180;246
-227;-174
-224;-151
193;225
-184;222
-124;-149
193;160
183;196
-258;-198
-148;229
-223;234
-186;167
290;190
271;-250
-221;246
-202;208
-167;-209
189;232
152;192
229;-236
-162;160
-164;146
142;-226
84;144
-137;-205
168;223
163;-168
226;153
132;160
167;-148
199;197
125;-165
190;-149
-187;-161
-177;-223
168;-169
-191;205
150;197
162;133
214;-176
242;-145
-126;-141
232;-105
157;-161
162;210
-147;172
-185;-92
-178;166
142;-216
-181;-203
-191;-240
243;220
174;161
-188;-166
-146;154
-212;201
-192;-110
130;119
-197;178
-188;205
-169;-197
-213;-125
209;222
-208;134
240;145
-181;100
-90;212
-151;203
-199;-221
219;257
160;-95
-141;201
218;-243
178;127
192;167
183;198
-157;-166
-186;171
-122;171
153;-209
-162;137
-178;-163
214;183
-210;198
-176;-183
237;-170
-182;-234
153;-274
177;-175
137;-171
171;-216
-218;135
172;240
220;-187
-175;-223
152;96
-150;161
-139;174
-118;-186
-155;222
-127;-277
-161;180
-213;-184
-165;258
242;-214
199;-186
208;-107
189;-216
-207;-153
-222;-112
-153;217
-272;-150
-200;-145
165;-181
-175;197
-128;200
161;-185
161;-209
207;204
-186;229
-143;197
-163;-130
168;88
-140;203
-127;175
-154;186
137;-163
-167;-184
153;202
109;-170
-250;-182
186;185
-147;199
172;194
-138;-145
160;-199
150;-148
-173;-156
-174;-142
-135;241
203;106
-194;-175
-218;184
-187;157
-195;141
-199;158
-174;196
182;189
164;183
-143;215
229;232
186;254
232;-116
192;218
-176;191
-188;-231
219;-236
-143;-224
204;128
186;185
-199;178
-260;-185
223;191
243;-150
-165;-153
-187;-140
199;169
156;138
209;-253
223;-133
232;197
199;-186
-169;-138
-179;-202
-227;-163
159;-208
-153;211
182;169
-210;-195
-126;203
-192;-171
-188;-152
180;-139
147;-155
-173;-237
-126;157
181;-179
168;-268
183;-196
237;147
202;120
212;157
-260;-176
-240;206
200;-131
224;-143
-168;202
141;154
233;-171
245;-170
143;219
-141;-108
177;180
92;124
-165;185
-160;213
-207;159
184;277
165;205
177;173
-198;158
232;-174
-224;-195
-137;-150
108;-148
197;215
178;166
201;215
128;-190
-202;-182
171;185
-155;141
-141;-143
175;229
200;230
-196;-140
-205;-175
257;-245
-249;161
-179;-200
168;-157
-128;190
82;207
180;-156
196;-175
163;-140
196;176
187;237
163;205
197;-141
214;-80
-200;198
-266;163
198;-160
-226;-158
-183;157
-167;160
200;-257
-146;-213
221;157
184;209
-138;-216
225;-153
-87;-172
253;-241
-166;-204
-142;-121
141;-215
-155;-177
120;202
-204;-201
248;-178
182;194
-128;-176
171;-180
-136;-170
198;186
253;-272
-131;150
-225;-155
163;201
-165;209
-187;-221
215;-167
-242;160
185;217
-170;-177
177;247
186;-207
161;204
177;-220
193;-182
-156;252
208;-203
-163;-192
-213;160
181;132
-181;-141
161;-196
-174;200
207;-123
-140;150
-157;-227
181;-163
143;258
228;-140
134;-176
-170;-210
-143;-190
-193;-140
218;122
169;182
-221;125
-194;-150
-195;-185
186;-212
145;250
-133;116
213;114
167;196
-236;127
-170;112
178;209
208;-146
-198;-176
-171;-160
163;196
176;-187
151;-172
-204;-205
-187;-187
-171;220
131;-180
138;-182
155;-157
164;150
173;-136
-184;119
-200;211
219;-114
-203;-165
-220;190
195;-167
-240;-125
-180;203
209;-186
-208;-106
214;180
-248;193
179;-180
157;220
-129;131
-213;-190
197;102
159;-209
-163;-166
-199;-148
-204;-169
194;218
180;196
134;182
-209;149
-155;178
159;-120
-180;245
-206;-132
210;-232
191;-254
-199;-152
-163;240
201;184
200;199
-138;222
184;-237
165;-192
178;-101
142;152
-209;-192
159;81
-181;211
-136;175
-145;189
156;-180
-210;159
157;131
214;-218
172;193
214;154
-138;-179
-190;-187
-107;-171
223;190
174;189
192;-169
125;-218
225;137
-163;267
-112;225
156;188
-246;-105
159;-155
171;-187
-124;189
-167;260
-229;-175
208;131
210;161
198;-141
-273;-176
172;-238
290;199
145;-278
165;-161
198;180
139;-204
105;166
-182;-120
230;-162
-140;147
-251;221
-150;194
174;180
189;-158
149;203
159;-204
-164;190
119;88
-201;176
-192;126
204;133
-160;176
205;147
-174;140
178;-132
-121;218
199;-174
227;147
-209;-150
164;-190
171;-126
-190;196
229;-147
148;188
124;-157
140;168
211;148
171;172
-113;208
124;-165
144;-174
180;-176
144;-224
181;192
152;142
-225;-149
-237;-178
-257;-180
-167;181
183;-194
-196;-208
-96;200
157;-177
-151;183
-284;-216
-131;291
181;209
-153;265
-224;211
-153;210
256;254
-226;-138
214;-219
-126;191
-180;238
206;197
-235;127
137;-137
-207;-150
-126;137
-153;-159
-158;-191
174;151
170;143
189;204
118;172
-117;-181
-179;-224
164;-149
126;189
-242;-214
178;190
-200;165
-230;-207
-144;-190
-187;226
-211;137
-168;199
160;-172
-171;-131
-143;171
-143;-187
221;131
245;196
-120;193
-128;140
-139;164
-225;-150
174;117
-162;-161
-207;-147
189;123
-188;-147
-116;224
186;195
141;-231
-205;196
-162;-189
184;-231
-209;200
184;-176
-270;-180
-200;114
205;-237
223;136
246;-176
-257;-184
-187;-216
-113;180
-117;-141
-277;-229
269;173
-213;-197
189;95
-169;-165
-166;-178
-105;163
168;-158
157;-164
205;-154
174;120
246;-99
177;162
-151;134
156;191
182;215
177;106
-152;-169
193;-197
125;-130
-143;189
175;168
122;257
-186;-191
-185;221
-206;-189
-202;170
-160;-215
-108;-173
-162;115
115;-209
202;-154
134;212
-246;-136
-157;-212
187;153
-132;-140
194;-190
133;-211
131;-134
178;-248
192;-156
117;-178
-198;-146
-173;178
-252;176
125;-179
-205;193
-129;-121
205;188
219;172
188;-154
-230;-159
209;-256
-198;201
263;174
152;-197
-194;-211
-176;173
187;219
-206;-192
-236;-160
-223;-198
207;141
-165;-111
-183;-135
-128;195
84;171
158;-206
-149;-103
-210;-158
191;170
199;165
-215;167
-137;-90
-167;103
182;99
-93;142
-188;174
172;-233
179;209
195;106
-234;164
-167;190
-140;-132
-208;165
-179;163
176;-143
113;201
146;172
181;-229
-179;-82
-201;-184
-158;-170
-145;177
-119;-92
135;191
160;113
146;-166
-112;177
167;182
184;143
192;-171
128;-195
-143;183
171;-258
-161;177
197;212
-218;-137
148;104
-211;-220
156;118
-167;-97
-219;-152
120;-185
188;-149
186;-190
182;-126
-231;220
117;136
264;202
-153;176
-197;-157
195;211
248;160
-132;-160
128;-184
-155;-152
-181;-226
189;-128
146;199
79;-172
190;-152
-224;73
203;273
226;147
-197;170
166;131
149;213
199;-195
-224;-222
126;145
-186;186
-157;221
-185;175
279;-232
204;205
205;141
203;-220
188;185
152;-223
-231;222
-153;-167
187;-197
-134;-120
188;126
208;197
-177;139
-181;-133
161;-172
-208;141
-190;121
183;-191
191;-223
151;167
238;155
185;152
-171;240
257;-216
-272;-112
-110;146
-226;205
-118;-129
-209;-121
-74;174
-182;121
157;-150
-135;228
-163;172
-144;-135
-228;214
-155;144
135;-205
-244;177
185;199
-132;187
224;176
139;213
240;-124
-181;-230
237;161
-194;-237
-198;-175
210;-127
-227;-218
-201;-234
-80;225
162;179
-172;-177
-130;151
138;146
-192;-138
-138;-196
-154;157
84;-212
-102;180
202;-193
-147;114
219;156
172;128
161;190
-232;-152
-215;-181
142;194
-225;-157
-154;187
-91;-264
-161;-155
-125;151
122;-173
213;-170
202;-173
184;-162
-210;165
152;-157
205;220
102;-154
-158;173
193;157
217;-197
-135;223
148;-243
-159;171
-161;-193
-180;216
180;-227
-181;-126
181;143
179;-212
112;169
142;-188
-110;209
-197;161
-181;146
195;-178
-135;-109
-139;165
-203;-198
-145;196
225;-223
192;-128
-113;-108
-214;-258
-176;175
232;-247
190;199
198;165
-108;-124
221;-149
-153;176
-185;-149
-203;-162
-252;-211
-130;-190
-280;-208
190;-155
122;132
-232;-136
-187;-222
138;132
235;177
156;173
161;121
-157;118
-196;198
-153;194
206;129
177;-151
-139;165
-204;195
-182;181
158;-139
-165;127
131;-238
103;-114
162;-163
-142;-197
194;176
249;246
173;212
237;-124
-234;235
-213;-99
-177;235
164;-194
-182;203
129;-158
169;213
191;-120
-214;-190
-121;-208
-204;187
-197;-142
188;-187
-173;-185
144;-213
-193;-247
-246;129
-155;138
-130;-167
213;-153
-137;177
202;256
161;-157
-143;-216
210;225
151;-201
-181;-114
155;-189
180;183
200;151
-215;254
108;-178
-135;136
211;200
-214;-215
-233;-149
190;-159
-215;-154
237;171
-176;162
131;-185
170;-177
168;125
182;-186
194;-196
187;-221
135;135
135;-259
207;151
209;-161
-201;-132
-163;200
187;-256
-215;-160
-202;-161
104;-223
-214;169
-215;-173
-219;-122
146;162
-215;-188
117;-215
180;162
-147;215
152;201
219;-221
133;203
186;177
-184;-157
199;162
-209;172
-175;174
213;123
169;-174
-236;162
-196;-117
-203;220
-221;131
-215;123
201;179
-237;-201
226;180
192;-213
260;218
208;240
203;232
-180;188
199;-174
-197;126
231;-159
187;-156
-107;-187
188;187
-153;162
202;-139
-202;126
-188;187
180;-226
112;168
186;-132
166;-126
159;145
-231;159
-198;118
-218;-149
-207;190
223;-199
-151;-242
196;253
159;-268
-203;202
203;-160
144;258
128;238
209;-164
179;190
-162;-167
-210;-209
-179;-183
191;257
-142;-147
-215;208
-228;-236
-142;-229
-174;-206
-197;127
212;-164
-239;107
-212;171
-180;-232
168;110
-192;165
136;193
-194;-176
-139;202
-189;-267
-166;-214
75;239
-175;195
152;219
-202;221
-258;-135
-132;159
182;-181
-166;-205
-157;-167
107;-203
165;102
-233;-151
135;184
-175;-163
226;86
-180;194
-143;181
202;-223
179;-184
-217;187
139;-223
-188;239
-220;-188
-240;184
155;192
180;-119
283;-134
-146;-203
199;254
-211;197
227;189
162;179
-229;148
170;219
193;-190
140;-204
160;239
-202;-313
198;162
-222;139
242;-153
-113;120
165;-246
-155;-274
101;191
143;146
-188;175
170;191
212;-173
225;-134
117;272
162;231
-139;-220
199;-132
-206;-191
-157;-236
91;238
242;-274
-184;-172
151;-172
120;209
-169;172
-169;171
-169;183
-185;138
-150;-142
-140;171
-172;-189
-217;160
-196;-115
163;-162
-181;-201
149;-215
-181;201
-162;209
-138;-146
144;-121
181;196
166;165
-141;-148
180;-208
132;-240
-209;-179
-111;-183
164;-135
-128;-257
173;303
179;-194
-152;-245
-272;123
138;174
154;215
178;181
-211;152
180;231
145;184
-172;-232
-179;232
-250;-200
136;-146
166;-117
-180;-199
-191;212
208;219
220;200
-158;222
123;-229
156;-202
191;-197
149;131
-173;-184
161;190
-279;192
-265;225
-172;181
200;-204
-274;176
217;139
206;-135
230;206
177;169
-205;-199
-172;-76
-195;-203
176;175
188;207
119;-187
171;-122
149;186
-147;235
-217;187
274;223
-156;-185
130;-182
136;-216
-194;222
-176;258
-209;-110
214;172
139;164
257;-199
-182;-177
176;-311
227;121
157;-254
197;-213
208;228
201;-237
126;146
-174;-131
117;-279
-193;244
-219;250
-227;217
190;147
207;-247
170;172
152;-166
-218;129
170;153
-178;211
-211;220
193;270
-200;201
188;176
-235;162
198;-179
-114;179
157;-170
209;211
-183;-200
142;-170
168;-141
-211;187
220;-189
113;169
110;-255
178;246
207;200
134;181
-86;178
144;-222
196;-134
140;-255
165;-196
196;146
231;169
-140;-194
-215;-176
-151;-122
-215;206
141;-216
-221;-198
-176;265
195;-204
-149;151
-187;-140
-131;168
190;141
-225;206
-245;182
-160;215
161;139
-190;-135
89;-163
-192;279
-108;186
230;109
-136;163
123;-218
-204;-159
-166;243
-226;-181
-218;-196
231;144
172;177
143;217
207;338
-180;-150
-195;-188
161;-165
177;144
-222;-160
200;121
-188;196
-244;-148
-275;-236
-194;125
-224;218
-237;192
180;-181
-152;-177
-216;162
-169;-216
256;198
139;132
-101;234
-188;200
-164;214
-149;-160
205;109
-235;-208
-226;-141
193;192
-217;-152
-231;203
206;211
183;-176
-113;227
-212;-144
212;-246
-162;199
176;-230
-231;-121
-173;220
99;-162
245;173
220;-187
-237;-173
-180;-110
-180;193
-180;-198
-169;-219
188;240
-177;-176
171;171
-172;-233
-208;-202
-177;196
139;-204
207;-159
153;-117
195;180
192;-222
206;219
-150;309
161;166
183;218
197;192
-230;-183
222;-193
209;-243
-237;195
159;156
236;124
-275;-139
-228;222
-227;-178
-190;187
-222;-220
-190;-214
-209;148
198;-205
188;-206
155;175
-135;-230
-187;-206
188;257
-148;-174
192;-205
203;-223
143;-161
229;-266
167;-178
194;-227
-211;-239
-235;149
-129;275
180;-214
-221;178
-181;-110
209;168
201;233
171;-219
-279;-130
163;-260
-195;175
138;190
184;-229
-223;-208
-164;177
164;164
-165;-168
-163;-154
-153;-181
220;187
-263;-230
-188;-188
-233;252
184;229
148;-243
-104;-240
-130;-100
231;170
210;214
-164;270
-207;-175
-230;208
232;145
-156;192
-204;273
138;-173
223;138
172;247
-227;249
-208;186
-251;-214
-150;182
-143;202
226;-219
192;216
196;249
109;-203
-155;-198
-173;-204
-180;-153
-166;236
-201;-201
138;172
156;165
258;-235
-103;196
146;150
203;175
203;-151
181;-268
-119;210
103;-319
-161;208
237;152
-228;-163
176;195
-160;-137
135;172
-202;-153
-177;-159
207;-236
226;-197
203;-203
102;-132
-150;202
142;112
166;154
-160;211
-134;-165
181;126
161;188
-164;-156
101;-183
-246;-122
-202;-97
152;-236
194;116
206;-153
193;-263
-178;239
222;166
156;190
-224;203
224;92
264;175
116;-157
-234;-177
186;175
-154;237
-128;186
-147;204
219;-154
205;155
229;90
120;-123
243;186
184;-173
-89;117
-234;-107
190;-180
-167;-100
161;232
230;181
-169;126
-224;-162
207;-210
-148;81
-214;213
156;-262
207;-156
176;146
194;171
225;139
-194;171
151;-194
-175;-187
-213;213
-123;120
-190;-157
-119;-219
-135;129
-121;180
197;-188
-133;179
-115;139
-215;-183
-197;160
-199;182
189;-141
-125;196
165;199
-184;140
220;217
154;158
249;-165
-168;-206
203;202
-176;-230
-153;-243
205;-134
-199;-194
-243;-163
-167;218
245;143
-223;-127
-110;214
217;184
-228;-209
-160;-268
-176;265
210;-181
-156;123
201;-267
-253;163
197;188
145;179
164;176
-147;-143
-134;-203
218;172
-168;-193
-150;177
-160;-169
-114;-181
-217;158
199;-156
178;-112
188;-192
152;-144
-208;112
180;-198
195;181
169;-181
-153;205
135;154
122;-199
-191;128
213;-112
-218;197
-142;-187
-226;203
106;-192
-223;-124
173;193
95;-182
233;145
166;-219
-152;150
-230;153
-177;184
206;-166
-204;-163
-160;151
-215;-107
-223;221
134;-151
183;-111
-205;-232
-234;-148
-172;244
137;-211
243;112
153;213
-267;-142
151;-223
-192;215
-274;-175
-281;-172
-221;-163
-229;-222
-196;-74
182;-228
196;129
-228;-205
-163;-184
225;186
160;182
195;188
133;107
-211;169
-142;221
-209;195
186;189
135;-173
-145;224
-169;182
-176;161
180;-149
-209;138
194;-206
202;-157
173;-134
-151;-149
191;195
211;155
176;169
106;-196
-157;235
-248;-191
-172;195
112;-199
-138;145
142;-131
103;201
145;-179
-238;-220
-188;-165
-160;140
-176;-188
172;-158
-207;-174
168;-239
-271;-123
-224;145
-194;178
-136;-223
142;-172
-125;185
198;186
259;-168
-184;-154
251;176
127;-229
-197;-153
169;-319
181;72
172;124
-143;199
121;-213
-210;183
247;202
-210;-164
-234;-75
206;-220
-196;-153
170;149
-159;143
195;-204
186;-182
246;147
165;-205
165;-146
147;-88
161;185
160;-153
187;196
150;-198
-157;-186
-167;192
187;-168
-244;-138
-196;-197
238;-149
-53;127
-110;-168
-170;-174
105;185
-237;-157
172;-156
140;106
-96;169
194;162
186;-231
209;209
172;98
-204;-193
138;176
-159;191
-182;182
171;199
123;-150
-190;179
-160;-176
-130;249
-143;137
-171;183
186;137
-95;-229
246;163
203;-225
183;144
165;270
208;236
-153;250
191;-139
-232;149
193;-182
160;-175
-201;-201
154;190
-181;150
217;-173
-159;209
-140;126
148;-156
191;169
150;-131
176;-137
160;160
-174;117
-122;191
-209;-191
-203;206
175;-185
-94;-152
227;179
135;-198
-204;130
190;-182
150;162
148;170
207;-170
236;230
-184;-187
-151;-152
-194;-201
132;187
-167;-269
-200;168
-204;-201
-214;-173
-175;-190
-199;201
209;-207
-127;199
-181;169
-211;-193
118;171
-114;198
171;159
-208;-210
-143;262
-140;-101
-228;-133
191;156
-146;156
149;234
-200;197
-192;-171
-138;173
150;-134
-221;-112
-203;-144
194;-160
165;130
-219;-196
236;163
-211;-186
172;243
-183;169
-124;162
177;-199
95;-214
-117;192
156;-108
-130;124
-144;-223
-166;150
207;168
134;-176
211;-168
-128;-197
184;149
-165;176
131;230
140;144
-176;142
145;147
164;-119
155;-114
68;138
-211;-238
213;208
-220;240
160;-232
-218;176
199;-190
-169;-223
204;235
174;237
-181;199
195;107
222;-108
207;-281
231;209
184;239
-233;-176
150;-208
-131;-192
-172;-224
192;206
160;-184
-221;-146
195;-144
139;185
-196;210
-164;170
-139;127
-261;238
-151;-195
-186;222
-161;-229
-181;138
-137;-129
130;-158
-157;-143
143;-249
-178;113
-149;191
-161;-121
125;-167
191;184
219;152
-152;-139
162;-142
212;-212
-99;-251
-182;-130
221;-150
-173;-169
207;97
121;-187
-208;-129
-185;109
158;187
208;203
91;209
-143;128
127;107
173;158
-163;-138
-192;163
-129;-139
208;-150
169;-163
-142;-173
-254;159
149;105
183;185
-186;182
196;-153
45;-123
81;-182
261;164
-224;-182
134;168
-233;149
-220;203
-204;80
138;-215
-151;186
174;153
164;-193
245;204
196;174
-246;-146
-142;-170
-161;-151
162;195
236;235
150;-156
161;-142
71;153
-112;138
-248;117
144;115
-160;-207
180;-74
187;-119
-183;181
-221;204
-188;-212
155;208
230;159
193;-196
-168;-181
160;-164
128;168
137;-199
179;-132
191;158
176;-196
141;152
-192;-249
205;-237
-146;165
-154;166
-192;165
180;133
160;-174
180;190
118;-179
-176;206
197;130
-192;236
-138;247
194;212
-209;232
182;126
-148;177
172;-201
-189;203
166;-229
159;205
-161;-171
151;-114
164;-167
-182;146
150;-128
204;219
224;-230
155;164
238;238
144;111
-146;177
252;-178
230;-172
236;-176
221;-217
176;128
196;225
-180;-220
-145;-170
-138;-205
-241;154
178;-147
-160;-220
-192;132
160;-172
-171;168
-141;-139
-172;94
181;151
-241;197
-156;170
-168;201
253;190
-154;-147
197;-189
-176;190
-216;171
168;154
-161;166
216;-193
-133;-159
-198;198
-231;-143
-172;-199
275;110
181;142
172;176
132;182
-150;-222
-179;-193
173;-190
180;157
-179;-167
178;211
-156;174
-162;-249
-201;-178
-185;149
-259;106
-153;202
225;-167
-239;-118
-206;169
-171;-205
182;200
181;210
-238;164
-176;161
-214;213
-106;-150
166;112
-174;-113
-174;-193
248;236
-222;-162
-170;199
127;197
191;-141
-227;154
-155;-185
158;-141
-156;112
245;-153
-144;-215
-177;110
185;-130
193;204
152;-189
-194;-173
-176;-190
-134;148
-190;-181
-158;-150
187;150
-135;-152
161;184
-202;-197
-188;-153
-119;209
173;-219
164;-191
108;-208
214;169
167;-194
145;195
-165;228
125;167
163;145
203;120
-223;-220
206;-181
134;-183
-63;248
236;176
252;223
-216;-216
-191;92
-259;-179
-180;237
-211;-157
-224;-190
-108;280
254;-198
201;-208
234;162
-185;-213
-118;-139
147;230
-172;-200
240;-193
222;-187
253;-156
153;-127
164;-180
205;-237
-164;-137
-234;191
-136;171
154;-87
-185;143
-152;-232
224;118
200;198
173;-184
-167;-247
167;-148
-175;227
171;256
247;-181
-144;-272
-162;195
177;181
-157;-154
-142;-190
-221;-237
175;171
-153;-172
-196;-184
-250;165
246;115
206;-157
-202;-115
-183;-218
110;229
208;127
-172;236
-240;-128
-205;201
167;167
-212;139
-131;171
140;-168
269;163
210;189
-182;197
-173;211
-137;-165
-101;175
-184;137
243;-203
252;141
175;111
134;-190
-159;-213
-172;-155
-157;-173
-223;153
-136;-244
166;156
183;192
144;-156
-171;175
221;191
110;261
193;-210
154;-177
-151;171
206;-242
-181;205
163;139
-188;-235
236;218
-154;-167
239;206
-179;-234
-126;-187
144;-123
202;-247
181;-145
193;-185
-197;174
194;134
259;173
-220;189
-214;-158
145;146
208;209
-116;-125
171;-184
-125;-248
-167;-186
157;-202
164;155
209;-249
229;-228
-149;179
241;220
265;218
-183;255
206;199
156;128
134;-160
-271;-181
174;162
-151;187
-222;174
-247;151
175;-272
190;154
164;186
103;-236
171;221
196;-167
-180;214
-119;-164
144;-191
-160;-174
225;183
238;223
-193;128
-161;-179
201;-170
-228;113
-262;140
194;-182
213;-183
232;218
150;222
119;168
-205;173
119;-198
-94;-181
-192;167
-170;169
-100;-190
-221;-224
-217;156
-149;218
222;-162
-210;149
-205;154
-222;-219
-122;203
-248;180
193;-122
-154;209
174;235
-216;144
157;247
184;268
227;-166
-246;-147
201;105
-246;-94
-165;-235
171;-236
-170;-208
-217;-158
-195;165
235;235
-172;-145
-190;127
206;255
-152;-242
-217;-210
-223;212
167;-156
-162;165
159;-198
-159;209
233;177
234;217
225;291
-221;-206
-174;-148
156;234
-187;-229
-200;156
-157;-148
-137;-175
-237;196
151;-191
128;-175
135;-212
150;-177
-168;174
201;-151
141;199
154;-165
-192;181
194;294
229;-138
-222;157
225;-129
-191;179
-168;-179
-162;177
243;-136
-189;-206
156;188
141;-119
162;182
184;-164
-188;177
-182;195
-226;168
193;-167
-186;-187
-176;133
-186;-126
-216;132
174;-123
255;-173
-262;-190
-203;-219
-214;173
146;-179
141;193
189;102
-174;-177
225;-194
-189;196
-125;-151
-178;-145
-130;-173
-172;-162
-183;-235
85;-226
299;202
-162;-172
-153;-114
158;79
200;192
205;184
166;171
-230;132
-250;129
-147;189
131;185
230;-276
-120;145
-223;191
-251;152
272;-179
-274;211
194;-189
301;-208
178;-194
-185;-181
135;177
227;230
240;201
203;-217
-162;227
-155;-200
-187;126
93;-167
-152;136
146;-187
187;115
111;-154
-149;-237
-209;-183
-203;209
-157;-240
199;-168
-239;-200
201;-171
-225;-216
-145;198
-169;205
-181;-176
184;-194
-259;148
194;146
147;-235
-156;-207
215;200
167;-230
-175;-142
193;-202
222;179
187;236
-195;226
162;-225
-184;259
123;190
-187;-196
-179;-178
200;-183
-251;-140
247;150
-203;208
129;-223
173;-245
184;211
134;-130
239;-274
141;-151
134;179
151;-139
252;223
234;-247
-173;-228
-167;225
176;-227
-196;-221
-219;-190
151;-182
-182;187
-213;-163
-202;-167
184;127
-139;-171
224;-167
161;136
-227;198
145;151
209;-184
190;197
145;139
-151;-182
180;148
-199;141
-221;157
265;181
171;-163
-172;124
-181;-191
-157;208
-175;241
-182;130
103;257
-219;-234
211;114
196;-226
306;263
148;123
96;147
-189;209
168;-101
-160;124
179;-224
225;-143
-199;-131
190;226
-158;124
180;-133
-200;199
-247;112
183;-190
190;183
200;-153
151;-152
153;199
-172;188
-150;159
-160;-157
-107;180
200;-242
-205;-183
158;174
186;-212
-182;150
165;-155
152;179
240;193
162;-209
124;138
-187;-159
-139;-163
-202;-140
122;116
-151;-168
-178;189
-183;-189
-226;-259
-180;-115
-213;125
216;-189
-200;202
-181;212
-168;-173
206;174
-209;160
222;222
-202;-185
-182;157
-211;-204
-164;-183
186;204
-208;148
198;182
-175;170
-225;-124
-158;176
190;-152
-174;-235
-135;-212
201;-124
148;236
-125;-244
181;155
-152;-128
140;159
-157;108
-159;184
170;-178
173;-225
-171;198
147;-202
-194;162
-184;-207
-179;140
233;175
242;-139
201;-214
-227;-159
232;185
-166;214
141;205
168;255
-187;228
259;179
185;-142
192;-116
157;230
-104;-161
163;121
-156;166
163;-189
-246;133
199;-130
-155;-148
174;166
212;168
-182;186
174;194
221;-137
226;-187
188;241
117;227
-237;-233
147;-180
-200;-183
-124;-141
193;161
167;-226
-189;-129
155;-248
178;195
-262;191
-175;160
-255;182
-70;216
-168;-190
-195;173
-146;-217
-128;149
-140;-179
321;-119
-130;-155
185;-233
-192;201
-144;176
-138;-193
196;-120
128;195
190;137
-122;-172
161;-190
221;-235
-202;-180
-242;-184
186;-212
-320;-93
151;211
247;-143
-212;-152
-212;207
185;230
179;216
208;188
-174;138
250;79
127;164
-195;-132
-153;195
-198;-116
140;-179
224;-204
-136;-167
-107;202
193;179
200;99
-186;243
139;-210
81;-179
144;-248
216;156
-225;-176
183;194
-251;157
-176;86
-180;185
174;-233
-212;164
200;215
221;-197
183;212
251;142
-137;-171
-221;-108
-121;-216
221;248
176;206
261;-168
167;-160
205;194
-172;147
-166;103
137;221
-205;-175
158;-172
122;-149
-197;145
-219;199
-226;-171
131;157
220;121
156;-254
-104;-134
187;-204
189;166
165;-206
144;-255
161;134
170;-182
195;195
-193;-185
149;-206
-182;210
-131;195
-220;176
138;166
205;-237
190;186
134;-228
-192;142
158;157
-190;180
-201;275
214;169
-130;233
201;193
-152;181
94;-201
-183;146
62;-196
206;193
-238;-223
179;-199
206;-169
-175;242
168;-210
244;213
247;-152
167;114
165;160
235;160
-148;193
187;-182
216;-165
150;-166
183;-155
209;218
211;230
-131;-127
-234;-170
-202;-179
-122;197
230;-222
-180;-190
-191;166
183;-146
-200;169
-169;-246
-188;210
95;162
-101;206
-146;187
-128;163
141;168
-161;-146
118;-266
-191;279
-159;107
172;114
-179;192
217;-213
-213;-128
-153;187
-182;-148
-162;-206
239;214
177;160
105;274
92;184
-216;-181
-228;-177
114;-186
195;157
-167;-165
186;187
-186;202
-228;-182
-207;-195
-184;198
-137;169
-129;136
170;-160
-145;-138
-169;211
-76;-105
193;158
199;165
-197;175
-134;210
-182;229
-193;-150
173;231
-182;-276
-124;-221
177;218
-114;-164
-189;182
133;215
173;-222
-183;142
-144;-196
181;-190
-103;192
125;-163
-166;-191
-199;191
155;-141
164;197
135;-163
-143;-157
-140;-190
-159;144
-164;-156
-221;-141
256;124
-229;-130
200;175
-156;-194
-162;-202
-198;235
220;-170
211;-255
161;-242
218;172
247;-207
199;176
-125;246
138;216
134;286
241;178
-229;-195
218;-205
177;-177
-139;197
184;211
246;141
-226;-148
-165;173
-185;-216
-226;204
-192;-186
-176;-187
-128;236
260;-198
133;-225
187;159
-253;-111
-184;-164
197;201
-194;-166
173;-151
143;-177
180;-187
183;-112
173;-157
213;-185
-196;-157
-199;113
-140;175
148;-209
-126;222
-223;-205
189;199
160;151
188;-194
-175;-229
116;-188
-166;122
72;166
109;-176
-204;-186
-199;198
195;165
-133;-143
-183;-174
-112;-160
199;172
-170;-149
-162;-139
-169;236
164;158
87;-183
-164;-129
-165;-174
166;190
214;173
-170;148
-226;-145
-235;212
182;166
-175;147
-197;105
169;-127
249;168
245;229
-157;130
-152;214
-226;-173
-190;222
-198;144
225;-172
142;225
211;88
168;-217
-225;-176
-209;-187
-175;-172
-160;173
-213;-247
210;157
166;150
191;-166
-240;224
190;117
91;204
151;-219
151;-130
-190;205
207;-144
-204;240
229;183
-166;-116
271;187
-195;-173
227;216
-161;-125
-245;-199
205;-255
134;-165
179;-134
222;-189
-213;182
123;198
168;220
-177;230
-139;-192
216;194
156;147
-201;-221
244;-125
-173;-199
-184;-173
184;-176
141;219
158;-206
221;-139
-197;196
144;223
171;208
-216;199
204;186
198;131
192;-189
-172;-172
160;182
-104;165
-155;355
-187;187
179;-205
225;237
202;229
202;-202
219;180
108;-296
-248;177
-210;-130
142;-190
-203;-210
261;138
117;205
-246;170
-205;-158
174;-227
-208;218
-181;226
281;-146
210;-162
122;137
94;124
164;138
-251;171
206;-205
-183;-156
-198;208
-233;183
-103;-169
-207;-178
-180;240
-189;160
273;-225
-222;151
-209;139
-157;-189
-211;188
-171;175
212;-176
-228;205
197;150
-208;158
139;240
109;228
181;-223
-254;-136
182;186
-277;-133
-192;-152
158;-202
-165;-255
-190;-180
-143;135
240;159
-221;-208
-217;212
283;158
-222;-213
-247;-216
-187;174
109;-200
-164;273
183;-197
-156;206
193;191
212;169
229;154
-197;-175
-239;-209
255;124
-239;-196
-170;182
-139;-151
-137;-195
-129;221
187;-195
225;-151
206;-136
186;-177
-222;225
146;-181
167;201
164;-200
-207;222
207;154
138;-163
-215;207
134;-140
-175;225
-151;-209
-245;183
193;-129
-192;-207
180;183
168;-185
164;186
201;-196
-185;193
-231;230
-187;185
271;-198
-131;-228
-176;156
-214;-215
-195;146
131;-245
212;-143
-143;-238
-112;-193
-139;165
179;-248
176;123
133;94
-234;-159
174;-147
-193;195
-248;-63
-188;-124
-198;-156
-227;-229
-217;-186
125;-203
234;157
-221;-193
-202;-116
180;155
190;151
161;228
182;183
-188;228
-230;239
-199;209
143;157
154;-190
-242;223
-246;107
-218;217
172;-96
-211;203
210;-171
166;-147
169;-170
-143;-194
271;145
160;229
188;184
116;-250
-227;165
-219;-198
-248;208
186;-189
-146;165
197;-134
116;170
233;-174
-168;-208
-226;-161
-160;219
-217;-204
283;-229
-128;-104
166;-118
-115;-228
-201;171
-155;159
-205;-293
239;-245
-179;181
177;134
223;-220
-222;-270
230;154
205;-253
-130;-184
168;-205
191;179
215;142
-159;140
207;-125
-205;163
288;173
-212;-161
-275;-187
200;-138
-173;-144
199;187
-234;252
162;-185
210;-174
177;178
204;-199
177;-201
142;-211
183;231
208;-155
205;224
234;-168
-205;-183
-177;143
188;-165
-164;-202
-192;-221
212;-170
-207;172
-125;-165
-192;-266
156;203
-133;-200
188;-152
171;208
-175;163
175;208
202;-180
215;217
112;225
-144;-143
221;177
-178;146
-185;203
82;157
208;-207
-220;161
-188;-192
-248;216
-186;218
-218;202
172;262
-195;-212
194;205
242;-243
179;130
128;208
167;146
-167;204
204;-223
-191;172
174;-182
203;-168
-203;-158
233;212
-127;183
131;-155
-242;210
-226;246
198;-141
145;157
237;-167
180;-123
190;154
-203;172
-204;123
-116;-102
-213;168
191;-154
-184;-164
141;164
231;-180
-177;176
212;-158
214;181
167;195
177;-210
257;117
-221;-139
-151;-166
-217;-147
211;138
-188;-147
-169;191
-276;-197
-115;-211
-158;-103
-195;145
138;-195
-179;153
-251;196
-195;-86
210;202
-143;254
132;200
-188;-199
-183;205
-182;-114
-208;-187
231;139
-237;186
207;159
-178;197
-125;-180
-234;160
159;-170
-93;-220
-164;-230
333;-227
216;161
-80;-144
188;188
-226;-211
195;184
-218;194
-152;98
147;-164
156;-177
-150;143
163;-197
-153;182
-150;-164
-181;184
125;168
196;-157
148;-200
-164;-186
146;182
-159;171
206;184
239;141
-156;203
166;162
164;-237
191;-185
158;124
-184;-199
162;228
-151;253
146;-130
-157;168
103;-173
-230;-193
212;164
149;140
-146;248
166;146
173;-129
221;-193
227;136
156;184
-170;-195
189;-161
-255;-205
-157;-151
163;230
132;-194
-210;-204
208;-173
167;252
-197;121
-196;208
-228;179
-240;179
-100;-213
-192;189
-182;-177
-230;126
-137;-198
244;-120
-174;-148
240;-204
-191;173
-196;156
-123;-182
244;-156
205;137
191;135
-103;-170
189;-140
158;-233
-181;-204
-242;-100
163;-188
-216;-151
184;142
237;-222
-175;-153
-124;194
236;165
223;193
193;88
-201;218
189;138
141;120
-180;-155
-184;238
-129;-194
169;-204
203;-186
-272;-211
-186;188
148;186
171;203
-168;180
169;-198
196;-161
187;-174
214;197
-206;-154
167;136
-179;191
-176;140
-134;197
189;-162
-198;219
222;176
163;-147
184;216
154;258
-128;-216
-124;-218
-222;-123
187;153
230;158
211;-203
166;-191
169;192
-109;225
-180;171
131;188
-166;-134
139;-184
112;-213
-141;184
-172;211
-155;-195
214;213
121;159
163;-139
-189;-172
156;-200
131;130
161;-167
180;-180
181;161
197;-148
147;135
-210;-172
168;-87
-143;124
-202;183
-220;225
159;196
230;-165
139;201
150;-148
-149;162
204;149
-122;185
-195;204
174;278
-192;173
291;175
-116;189
202;-181
-174;221
182;-142
186;175
-189;-196
177;-162
156;-113
-168;158
127;-174
193;215
216;-173
228;140
211;182
191;242
-193;229
173;-224
137;-199
155;-149
154;-165
225;155
206;147
-178;-150
-142;-241
-220;-163
-175;179
139;-198
-224;-176
-171;152
209;-199
-191;220
-219;-190
-236;172
227;203
-182;211
-201;189
-228;206
143;167
-215;-165
189;-237
-125;175
-159;196
202;163
-150;183
169;-144
-220;-143
-142;100
-171;-102
-185;-180
205;227
178;201
161;212
203;207
-190;-208
-175;-229
180;-192
174;213
-181;-240
117;191
-190;232
-206;-177
-198;-191
-161;204
-117;186
-224;121
240;-94
-108;-151
-165;164
-207;-165
222;94
172;163
-216;143
-209;148
-123;157
-209;-180
181;192
-182;-199
-204;-184
125;132
-175;-153
-163;237
193;145
175;-210
-186;238
-190;-269
147;-239
-159;155
134;-165
-235;-190
-161;218
113;-153
216;115
219;-140
-229;-192
-170;-133
-196;175
-184;-182
-206;-161
216;194
-127;-140
155;165
-182;-151
-152;-178
-149;195
126;-172
159;-182
101;-152
193;197
125;-157
191;154
-169;257
193;178
213;115
183;175
-72;-169
267;-171
147;-172
-262;208
118;191
193;196
-227;-160
-179;135
-181;-237
-201;158
-216;-195
-184;-151
-198;140
137;-112
168;-142
157;189
-150;-125
-177;-166
176;225
-202;-143
185;-199
180;-211
136;-218
185;-187
178;-133
160;-128
-186;-164
-164;230
-223;259
151;-221
-155;195
-244;-143
206;176
188;131
130;-186
-255;-158
193;-250
-96;174
237;176
166;-232
-218;-152
-276;191
191;161
-230;-155
-209;-186
-174;-132
151;147
-166;-110
-187;-173
-126;185
142;161
150;-127
-161;-127
-105;-142
156;254
188;197
-165;241
-145;-206
-212;145
198;204
-202;196
-131;169
234;-105
186;160
134;156
-121;187
-123;176
-198;-185
-231;188
-163;157
191;-254
113;218
162;127
190;-148
-185;-183
-155;-179
-197;-180
-179;128
-187;-207
213;182
161;147
153;-198
-142;193
186;148
180;164
122;-162
164;-233
-212;208
151;-196
-251;230
197;143
-263;-236
154;237
-182;-209
121;206
-175;-170
-218;-206
159;-183
203;-206
231;-174
191;-187
-162;136
131;197
190;180
-195;211
-207;-175
142;175
163;144
-213;-141
107;-195
-236;-159
-205;-172
183;-153
183;137
124;-196
124;-185
-136;159
159;181
164;239
-189;225
194;187
235;194
184;-265
-281;-193
176;161
-158;258
-152;190
-196;153
202;-138
262;218
233;190
224;-224
228;212
161;-198
-243;216
-128;-223
220;-205
-126;-219
176;226
173;206
-211;204
-208;-227
130;-214
-229;200
-114;195
141;-198
120;-247
120;188
229;211
213;179
-210;151
179;-203
-177;-144
-111;186
-100;146
-161;-199
-238;-169
-127;157
-159;187
164;-176
-187;213
-147;182
-177;-166
-200;191
-152;115
164;-183
-101;169
172;139
-138;124
116;220
176;162
117;-222
-197;-140
174;126
-163;-179
-191;-83
177;-192
-194;-167
-136;-224
-206;232
201;180
-185;-211
-211;217
169;204
-188;-195
-248;-163
-234;268
141;-209
-207;93
237;-208
-179;211
220;211
106;135
187;234
-156;-228
-198;-155
124;159
-223;-242
-153;166
-156;-172
-185;-170
-128;221
123;-206
183;-158
145;-161
206;-246
-174;204
197;-153
204;189
225;-163
-134;143
226;133
190;-178
-151;166
227;-243
-166;172
-169;-152
-180;197
157;-230
-216;-203
202;182
201;-156
172;254
163;-159
-199;155
-166;173
-159;140
216;-211
-250;-162
-189;181
-223;-208
-209;204
169;-197
228;-220
-225;-129
-171;-164
-199;231
194;-231
123;270
204;265
-230;-172
181;-186
-142;182
-236;-196
-187;-173
-197;-209
-153;-271
-222;-189
158;-194
224;180
-201;-130
-129;-202
161;202
124;172
226;149
166;140
-155;225
-153;189
-159;177
179;180
189;-178
-173;122
-150;121
-152;123
195;-145
-220;117
154;-173
164;-148
162;-210
-153;-178
208;137
215;170
159;158
222;-231
-213;197
-177;-174
-155;219
125;-218
-99;167
203;-225
226;186
120;-170
-230;-197
-250;-164
-127;188
-132;-167
162;-238
-165;-169
127;-217
-211;-142
-147;149
-177;152
-184;-211
147;-163
-168;216
214;127
137;-160
-214;-192
140;184
202;-174
-272;-104
169;-240
194;188
150;194
-173;145
221;-207
-228;225
172;205
-182;-220
-221;-203
157;-194
-155;-184
179;233
-227;174
218;-181
222;-268
236;266
205;-174
139;-232
177;-120
127;183
172;-184
204;183
165;-221
-105;-128
-213;140
185;-198
-160;-199
-217;-174
135;-160
-211;194
-164;-203
-155;-139
208;191
-197;-194
277;-157
213;196
-218;167
240;122
134;-212
140;185
212;110
-182;-200
195;115
-174;133
-191;235
158;238
206;-162
-162;237
-268;-261
-169;75
-101;216
-158;130
218;126
-216;-211
190;199
186;-173
185;128
222;130
140;251
-204;207
153;-207
-181;167
184;-163
164;-213
-178;-135
174;142
-186;135
192;-203
-240;146
-182;165
160;-186
228;231
263;-176
302;-211
256;232
-279;215
-195;196
-211;-243
-174;165
199;-183
-101;-254
191;227
155;-181
-139;190
191;-192
190;139
146;193
230;-157
256;121
-175;-200
-217;-267
-243;-171
151;257
-200;-167
-202;245
-175;-160
-161;-138
-222;-173
-158;188
234;-181
-206;238
-123;168
-260;-162
176;198
-203;171
220;198
-259;-209
-161;171
-238;-181
-174;-220
201;217
-267;211
131;131
-176;212
-180;-197
-256;153
258;-185
-216;-278
-163;-270
233;-124
129;221
-233;-250
148;201
-189;-166
189;204
-139;210
-288;149
184;-165
222;-148
-218;213
214;-151
-151;99
-217;-197
-177;188
193;186
206;-215
225;-189
-148;-207
164;169
-129;218
186;153
243;100
-237;165
150;188
266;-204
152;-146
140;138
-156;-173
153;217
-188;230
198;-158
-201;151
117;-152
-150;-170
183;183
146;188
-199;173
162;162
129;-160
156;-165
190;153
215;146
-218;-155
161;-223
-239;-187
-126;-213
210;169
222;-138
-173;-93
208;-192
210;215
-178;121
-212;220
-236;208
-224;233
-210;-209
-223;224
-172;-226
-201;186
-240;-217
207;-95
-208;-248
208;-169
-180;56
-253;244
-104;-238
240;-188
175;160
216;170
-176;-177
250;-186
150;-105
-215;-223
-161;-160
189;-163
-121;-210
164;97
179;-178
-222;-149
-184;158
176;199
209;251
219;161
-162;126
205;141
175;138
-240;-145
-184;133
-263;-202
146;-242
214;-196
-246;-157
-149;171
252;187
228;199
-181;152
154;-211
192;-148
204;-173
198;112
-87;-202
242;239
-171;208
-244;140
-179;197
246;-215
-189;158
181;191
220;-224
182;181
154;148
-168;-124
-211;-188
-192;-257
136;214
257;132
210;-205
160;-192
236;194
-159;268
-148;217
211;182
-143;-148
124;-165
105;-177
-198;185
-177;188
-197;-164
243;158
172;218
186;-276
-140;-201
112;-205
123;167
118;-224
197;-186
172;253
259;-154
185;210
-242;-162
165;-224
-150;182
-218;201
-220;219
206;193
204;-167
196;141
136;-190
-187;252
151;122
-137;189
-195;273
199;172
-174;130
149;181
-220;213
226;-240
-177;216
220;-172
185;197
-175;-240
184;-231
194;-251
-185;216
228;-195
244;150
179;-231
219;130
224;217
220;189
-176;178
179;-266
241;-201
200;-280
193;-251
249;106
205;185
-162;-168
-251;-219
-181;-157
-236;261
171;-205
-194;-129
-156;235
208;-195
-103;211
-283;-143
-174;221
223;188
-128;184
-227;73
-167;153
131;214
-206;-210
219;-219
-206;171
-170;211
180;190
-136;147
161;-159
-142;-165
-112;183
-142;-152
-205;-188
198;179
169;194
224;152
156;180
-168;-226
-152;-162
216;-174
183;144
-150;-220
136;170
-157;170
-152;-241
-278;-127
-181;191
-173;150
-171;129
198;-89
-142;-187
-233;134
-268;-162
163;223
235;219
-172;168
-198;123
-182;154
-159;-270
232;176
-230;-160
-228;-197
222;203
-235;-151
-141;249
206;248
71;-193
-188;153
-178;-120
154;-190
-190;217
191;-143
-198;-201
-224;233
145;-150
137;109
190;-222
-171;-126
-161;-181
-172;151
-189;-170
-152;-186
170;156
-199;-195
245;165
-203;-122
-181;-198
-248;220
213;-226
211;-205
208;-212
167;197
162;-174
166;231
-191;144
100;157
173;235
140;199
-244;-255
196;-239
188;-174
-141;204
156;171
154;183
-191;-155
-223;177
-155;-197
-192;178
-168;-198
-227;-254
-153;140
182;-178
172;-165
162;161
-174;-118
-181;-198
130;187
-160;-221
184;-213
293;-203
209;-202
248;-151
163;-199
136;-198
-206;-224
-156;271
-101;190
183;-129
-207;162
-171;-213
226;207
267;205
157;-225
-206;-157
142;-248
-188;146
199;198
148;-274
-201;-166
-148;197
262;154
-204;-166
-163;-155
-197;-185
151;186
-226;-184
-162;-231
-217;198
169;222
175;-155
-244;-132
-177;-270
250;153
181;213
-194;144
-173;-149
-189;122
189;265
-215;195
-130;154
168;-194
192;186
116;151
-221;169
-150;150
-169;-155
-183;216
-184;179
174;-155
165;212
137;147
215;-194
-239;-156
-155;-114
-229;-166
-221;200
-216;-193
299;260
232;153
158;-158
-161;151
214;157
203;255
128;-235
222;-243
-242;201
161;-191
-233;198
131;264
-239;-250
160;234
-170;-227
222;192
-143;-147
-151;-200
201;-229
197;-66
165;-162
160;-154
-170;189
190;224
206;167
-198;145
-108;-123
177;178
202;203
-204;-207
214;-165
-176;-238
-113;-178
202;-195
173;185
167;-168
183;-153
-189;212
210;139
144;246
-152;238
171;284
130;181
218;-167
-101;-164
130;207
-209;168
-204;113
-177;103
149;-189
132;218
172;233
162;-84
129;199
186;-194
-243;107
-184;-193
206;-145
-122;-248
144;168
157;144
-134;157
-141;-186
167;-168
-245;142
-192;145
183;-177
174;-154
182;229
165;137
87;218
-127;209
200;-249
-161;-206
-126;213
-187;204
-222;-217
-127;-193
-166;157
-276;180
183;-161
-174;216
-166;200
-186;-124
-227;169
-160;170
169;-182
-206;167
133;193
-223;136
175;131
92;167
182;-205
-127;-232
176;153
-125;-173
-179;-178
254;-215
-236;-158
-159;-115
-141;159
166;128
-184;-138
-210;225
234;194
-201;-172
-222;-160
-229;166
192;-167
-150;167
210;-120
-240;98
177;145
120;161
92;233
-131;-139
-158;-162
167;183
-186;-239
-221;163
-186;-220
-200;-157
-177;170
121;-260
170;-186
170;-242
149;-171
-189;143
136;-165
126;210
170;-156
-187;172
181;217
128;-202
-96;219
164;-216
-198;199
-222;-155
-180;166
138;-125
-130;-235
180;182
212;-200
141;181
228;-169
-155;162
-191;133
-159;166
174;-153
-194;-164
-176;141
-118;-164
-225;173
134;-155
143;-166
-210;-164
-125;-137
-177;128
188;-164
179;156
125;140
-235;-227
168;-204
-223;171
-165;-133
-168;-165
-216;-215
-168;-192
-194;-202
196;-150
180;198
-168;-191
-161;-186
135;127
151;249
137;178
113;151
-195;153
-203;138
-214;151
30;136
133;-203
-200;164
-162;135
-167;210
202;-154
-200;149
174;-212
181;-247
107;-95
-172;-221
183;141
167;229
203;164
203;-246
-190;134
-104;-173
-167;209
162;-184
-198;144
246;-230
232;137
203;-125
-194;-220
-173;-207
-140;57
-164;-237
213;-197
-116;-161
168;-178
-139;-200
-186;142
-220;171
-236;-162
210;-179
-178;231
81;157
145;-129
-205;-147
204;193
223;-158
-218;-232
216;-135
211;197
160;211
-195;187
206;-153
-206;129
214;167
-159;-196
-175;-163
157;-51
-178;-254
190;183
-180;207
116;-166
195;-158
159;230
151;-215
205;-163
176;-169
200;201
147;-179
184;132
171;-237
-171;-159
-218;114
234;-199
-161;-156
-174;-173
170;-192
-204;147
-232;-240
-164;-208
93;232
-189;-195
210;-122
183;205
-175;144
191;191
204;-176
156;206
160;244
-157;-175
161;243
-158;139
-233;275
189;236
177;-171
-171;143
-146;-204
-165;149
-121;152
-141;151
161;200
-184;-131
155;219
177;-190
169;184
230;251
108;197
-189;143
181;-208
-193;153
116;-162
116;-164
-171;-166
167;158
-215;100
131;-180
-176;156
-124;161
179;-166
174;153
176;-173
84;-176
152;165
-180;190
-186;199
-131;-157
-178;167
224;-201
-136;-251
222;199
154;-215
-103;165
248;-195
117;199
219;246
142;-189
131;225
-203;-181
-177;-255
-170;-226
101;198
-178;-178
-224;87
-188;-207
-141;-136
-85;-180
-196;207
156;-168
-193;168
-148;241
-232;-153
135;229
-193;175
200;194
-139;-180
-169;175
-213;-203
-217;-172
204;218
-127;146
228;131
-129;146
-233;-73
-168;94
151;-188
-176;-149
-199;-122
158;-213
155;144
-178;-128
145;187
-175;-160
144;162
-172;131
-137;124
212;-151
206;-190
-186;250
195;-204
-176;108
-243;-221
-146;202
193;218
182;-170
206;-159
-164;-165
201;151
-200;183
190;166
179;139
-215;137
170;247
245;-180
181;-155
128;202
-154;-189
84;122
-215;227
178;-144
-189;170
182;-136
-137;-167
183;116
164;114
-202;155
142;137
145;-203
227;-134
165;162
192;209
-168;-152
104;-109
-175;-176
-203;-153
163;196
96;-161
-178;-183
166;-149
187;187
-181;179
-172;186
-154;116
-194;164
-188;-103
-179;194
-133;-203
-157;183
-188;-211
155;-124
-152;-201
171;-168
-114;160
-167;153
-189;-122
186;-159
177;145
207;165
-159;-242
96;-142
171;-174
-167;-157
-196;-220
135;-177
-144;-215
216;225
196;-174
-125;-150
-158;142
242;165
150;185
175;188
-159;112
133;170
95;184
-125;-170
-170;162
-152;-136
229;-189
173;-257
-135;-239
-222;132
228;227
186;222
-175;144
167;-164
253;-239
185;-221
137;157
-177;-222
205;263
-159;241
-154;182
-176;206
203;-202
-216;176
164;180
140;-134
230;217
255;195
-223;-217
-235;-185
-246;-177
221;161
168;220
128;-228
177;-189
140;159
-148;208
-229;168
169;238
-169;-200
181;-198
141;-189
-154;131
-104;213
-244;-153
118;104
189;190
164;-180
-185;-222
73;-198
189;171
219;-134
181;-203
223;208
258;-210
140;175
-167;-215
185;-160
-133;208
-187;179
-181;156
210;201
183;-173
164;200
146;-238
-131;199
218;196
-207;239
-248;154
154;213
-146;157
196;170
-160;202
182;-252
-185;136
130;-178
191;120
-206;-166
179;-231
166;-217
-115;225
162;-204
173;221
154;-236
152;152
155;127
150;183
-130;206
172;-219
169;-202
159;-227
194;-181
181;173
228;211
-178;-143
-120;-164
-178;-109
-187;178
204;-216
-252;-154
-207;249
130;-192
-176;199
-134;-185
-163;238
139;185
-187;129
-195;218
-256;134
162;172
-189;-166
132;-222
-221;235
-175;177
194;206
-269;250
165;-198
-205;-183
-158;194
-270;-207
-133;-190
197;122
219;200
233;263
214;136
-191;-168
-178;-90
239;-179
150;229
-194;-205
184;181
-144;149
-201;-178
-130;-199
-230;196
-295;215
-224;206
200;-181
-235;-211
-213;171
-209;-209
246;184
193;251
-194;171
-163;151
-156;202
-142;-185
140;193
-181;-174
-191;-191
144;262
-153;-145
-186;233
206;245
204;-141
-154;151
-177;-157
176;-162
-163;193
221;-173
-246;-137
-144;217
148;-140
192;164
180;-257
-159;-153
-210;-168
-206;252
-189;-197
-205;-178
141;202
-258;-179
211;130
-158;-172
-235;-199
-212;108
174;-185
126;-210
195;-231
241;206
139;-194
141;213
-159;194
155;189
186;146
200;163
-228;-243
169;-162
123;-228
-180;126
175;204
251;228
-163;-163
-216;184
-176;-112
-249;159
-193;-170
-242;-248
-187;186
244;-228
198;-216
177;167
-220;-199
-195;-188
191;187
-201;-214
192;-225
151;-226
202;-159
89;-200
159;-180
183;-262
-225;-189
-177;220
-180;174
187;-174
-176;201
-201;-179
172;157
169;130
249;-108
-165;-151
102;-256
-210;242
241;120
158;-168
-223;-180
-158;183
216;209
-218;-143
-224;-175
-179;-188
279;169
-167;-197
-146;-207
-149;177
238;188
181;-204
-214;-232
-225;-197
241;166
247;156
-211;224
-164;-123
-176;168
136;204
-150;143
-174;152
181;-290
222;222
185;239
-153;216
-182;276
-178;-162
-131;172
-178;110
224;-167
202;270
209;281
144;-192
-173;-201
-254;-277
-170;-184
-152;202
-198;-145
216;153
178;163
189;-222
-229;190
188;214
194;125
152;-175
133;-199
-168;180
186;-167
-200;230
266;138
-220;-149
246;168
-204;-179
222;204
-158;-113
-148;-188
104;-182
199;-187
211;-190
202;-229
-89;179
191;184
176;134
-149;146
-144;-203
157;152
100;181
-151;-248
196;-182
-143;-172
-122;-188
225;-178
211;136
197;-227
219;-131
-226;184
198;189
227;171
-95;195
225;180
204;109
180;-165
-199;-148
196;139
-186;150
-161;231
-150;152
192;-166
161;198
138;159
171;-153
181;156
179;-184
-217;221
-167;-135
184;-164
-240;-110
166;239
192;183
-274;227
-132;-210
211;-148
-191;141
-211;220
137;-154
175;-126
193;159
50;214
162;176
-148;187
146;-121
-178;-218
-187;149
-193;152
-108;-243
-84;-207
-189;144
-208;133
208;-126
-181;151
-207;146
-195;-189
-255;198
-146;98
146;-138
-175;138
252;226
-156;162
178;210
136;183
252;-167
-204;-203
97;164
-206;-199
-203;-175
188;-202
-167;-208
-223;-170
-154;180
107;174
-165;-156
-193;207
155;135
-173;-116
-193;-183
-164;168
188;-188
-155;196
152;-142
-243;249
272;209
196;204
246;85
-125;-177
-195;-199
250;262
-229;-161
-152;294
-209;-207
-209;-212
-300;266
168;-134
144;-128
258;-245
168;-206
-155;204
168;-145
151;140
162;-121
-176;167
123;168
127;-171
-215;197
213;-196
-186;173
-191;-180
-223;120
160;-167
-156;-220
120;228
169;-124
206;180
168;-186
-169;185
-186;153
-122;83
230;-185
-133;-193
-145;153
-137;-297
-180;210
238;-192
142;-184
-166;-163
-177;-133
-255;182
166;-157
197;157
234;171
-169;-159
105;-215
-114;169
-143;-146
-144;-128
-201;-241
-192;-203
-169;-222
187;-181
211;214
-134;-267
-205;-297
191;159
189;171
186;217
241;151
-231;157
-149;222
-128;301
208;191
141;-137
-173;275
-173;220
-230;226
191;-238
-198;178
162;-143
194;-168
164;-182
-227;-201
187;161
222;168
171;219
167;-151
-202;174
-98;-151
-137;158
210;-154
-154;101
205;-109
147;130
218;-143
-204;-187
-213;-151
-233;178
-142;-228
175;-150
-213;-162
234;-250
-165;-163
-203;219
-226;110
-72;-130
212;-176
-221;225
198;204
171;-254
-241;-175
154;101
133;-193
-199;-94
201;-202
192;117
191;195
-232;179
135;-112
-178;245
249;179
-160;-166
-188;-151
163;-180
-253;-160
256;191
-153;119
258;-207
147;-184
253;232
195;-231
132;-249
134;-231
225;224
165;-192
265;176
215;-179
-228;-199
-186;209
187;-157
-158;-155
-157;-158
246;-160
-181;159
-130;-146
-121;-143
194;191
-118;-182
157;-162
153;160
-164;157
230;190
159;-137
173;160
151;251
-190;-232
223;244
-163;232
-189;76
204;214
215;-187
-167;209
-203;-168
-174;186
-234;267
-198;219
141;169
-152;-82
201;247
245;-143
144;227
152;159
168;210
-157;251
198;-163
-170;165
161;-209
210;-211
-162;-173
184;175
-176;227
139;-195
-119;266
-169;121
233;-162
221;206
217;-237
168;-182
203;133
-133;239
-222;162
-174;-204
-233;215
218;-186
-195;-201
195;195
186;-169
-135;237
175;-201
198;225
205;266
187;-152
137;200
-195;-197
-174;-171
-127;-155
159;126
-145;-216
-140;161
-212;-180
-174;-162
-101;-157
-214;164
200;-215
-175;173
-193;152
-172;-152
142;187
-153;185
170;108
-232;-136
-168;218
-191;-193
-161;-209
149;210
-189;238
146;245
-215;143
-176;-197
-117;215
223;-185
-215;-186
-223;-116
216;-204
179;212
-235;-237
271;207
-217;-233
225;225
-254;205
-196;165
172;-270
198;-202
-200;254
210;-211
-211;255
-141;-201
-224;185
147;188
204;-223
214;-160
-217;-204
233;200
-172;186
246;194
226;170
-154;212
143;233
116;-174
221;-213
191;219
-152;-212
179;197
-218;235
115;-102
-149;193
176;-203
-195;-205
211;162
150;200
-115;284
201;120
181;-131
139;-239
187;173
197;189
-166;-129
182;-166
-185;-139
-173;-185
213;180
200;-217
-201;-151
215;-124
222;172
-222;193
-201;150
-141;186
-237;142
-182;-164
-217;227
-230;-138
-174;271
-276;-156
211;-250
-219;-157
245;-224
-170;220
-192;228
-199;-168
209;-188
288;236
199;172
-186;-101
202;-239
245;-229
-245;-234
-202;-262
160;-209
-272;-214
209;198
194;-159
-170;-151
-247;224
259;246
220;228
174;198
-252;200
243;187
192;249
-153;-258
-175;223
-158;-156
202;-203
198;-134
-203;-218
-169;209
137;228
266;191
-183;217
199;-198
210;-199
222;-186
167;177
-173;-173
194;143
-153;158
-186;109
-149;147
173;-126
-161;161
163;225
146;-122
147;188
109;200
-175;-203
-118;-198
-169;-229
179;191
200;137
189;-164
172;-171
196;168
-176;184
-122;168
203;203
-161;-198
189;-167
148;-268
-176;179
-189;225
-202;-199
182;243
173;169
203;-139
-175;-165
185;-233
116;169
261;-206
227;-216
148;130
197;-185
225;172
-165;-160
172;-204
-195;195
-257;164
-130;124
141;170
187;-106
170;149
194;-186
-158;149
190;200
-177;124
-164;166
136;271
-186;173
149;168
-249;171
199;-201
-182;137
287;-203
145;293
-108;-142
161;-187
168;-134
-158;194
42;-169
140;170
136;-120
176;169
236;180
201;191
-170;120
186;-181
160;-163
204;-143
166;-151
198;167
148;133
-193;-218
-262;-223
-149;-156
-128;213
161;-182
-217;-182
-217;192
137;-167
-193;210
-226;-143
-233;196
134;169
-202;193
-102;161
-146;173
178;185
-144;-154
172;-128
-213;175
-178;157
171;162
-167;215
190;-149
-198;-139
-153;176
-162;-203
-123;-156
178;179
187;196
85;195
170;144
-222;-217
-150;-192
126;-131
158;186
-151;-178
81;229
-86;193
-158;-97
-185;-203
-212;208
-194;147
-236;179
216;-159
-190;-237
-143;181
-183;-229
209;153
232;228
-151;207
-208;232
-184;178
-113;-169
180;192
-112;-229
-196;-151
197;161
-182;-186
-203;221
177;186
209;-123
-264;232
-240;-223
131;-160
-225;196
152;-231
-253;-161
-144;136
170;-320
198;124
192;-154
-173;-182
-210;-260
-237;247
-194;-214
-142;-182
125;124
-191;-169
146;161
-212;-231
-238;-172
-176;146
203;-188
176;-128
189;-198
83;148
188;-185
227;105
-211;201
137;219
142;210
113;162
-211;-166
179;-135
190;-193
-209;149
142;181
140;171
-215;-238
-192;149
-152;-202
-155;214
-187;-264
-148;-134
-136;196
189;-167
156;-234
191;240
-180;-226
-179;-267
190;222
-134;-97
113;-137
158;-143
149;-199
188;-189
199;-226
179;-192
-176;-147
-184;225
-151;262
169;-169
-197;132
-215;-184
216;175
230;202
183;-185
-213;-162
170;-193
-174;199
202;76
207;-138
-224;-123
-196;151
144;111
-169;-235
-103;-106
-146;-166
152;220
-236;-159
-160;-178
-172;105
194;220
199;-210
-128;-145
-105;-197
120;198
183;129
-177;193
-141;-172
-186;212
195;166
-227;180
-206;137
151;-154
139;186
90;189
-188;172
-207;149
-146;-187
-176;173
-192;139
210;-133
182;209
160;255
176;-107
-148;-223
-210;-186
-163;-159
-236;146
-168;-132
159;179
144;205
176;-217
-198;124
173;182
187;177
107;-178
105;-199
-201;150
190;-194
-196;102
172;148
-176;-262
171;169
-185;-227
242;160
-143;-215
-179;-224
227;-190
227;-210
138;-125
140;-183
-170;189
132;183
263;175
-184;192
-182;-172
170;208
211;160
-160;-223
258;-119
-225;-197
-149;-208
229;-136
223;117
182;-173
205;-226
-124;150
191;222
112;169
-158;199
160;137
164;129
213;-188
-167;-134
142;176
-155;148
-196;171
-179;164
113;-101
218;120
164;260
89;-224
292;197
206;-206
-139;188
-253;-216
160;-215
-154;-175
186;222
168;188
-204;266
-193;-160
189;-256
-147;285
-188;229
219;-164
184;-143
221;139
186;171
214;105
-136;139
256;-221
-180;-185
-156;116
-169;166
-140;-200
-143;-149
-144;190
-180;228
193;-121
-203;160
-157;81
-154;-219
-227;146
-189;135
129;-199
-206;148
193;182
-127;156
135;223
166;152
191;-220
-199;-182
225;98
-221;-215
-145;-192
135;-229
-158;-169
-123;-148
-192;159
127;207
-190;-252
-202;191
206;211
-145;-120
-148;-179
-160;247
156;-240
-171;100
154;-202
-210;273
181;177
178;235
220;170
-250;-157
-176;-127
253;211
-192;-200
-158;199
-253;-92
-181;-163
-169;179
69;-225
177;-263
146;-185
234;-234
-162;197
232;-185
229;158
202;-198
-157;248
211;179
177;-164
-148;164
189;-180
-149;168
-181;-181
-163;233
189;-163
-150;-146
145;225
195;-157
160;195
155;-117
-176;145
-199;126
-184;143
256;-143
-224;-217
-161;264
-206;-238
-105;154
194;-228
145;-210
-168;-174
-195;-138
-158;183
110;-191
118;154
144;185
-178;-164
165;-167
-161;117
-143;-168
-149;-288
-118;-261
-171;-113
-160;-192
120;-206
203;204
-219;-127
-186;-153
147;170
163;199
203;139
177;111
-141;204
-182;219
-223;192
234;195
126;-198
-201;170
-231;217
-215;209
161;-173
-215;217
166;-226
173;-168
152;-265
-176;-212
234;203
183;210
163;166
206;-203
-188;166
-208;-215
-128;210
159;-136
-171;179
159;-163
91;182
147;-178
-175;-188
-129;-201
-207;190
-161;-125
104;-163
-146;-239
217;-107
-158;-172
-175;146
-218;179
-244;-154
151;-182
-178;188
108;218
202;-167
-179;-158
108;198
215;-130
-166;-153
248;-159
155;102
148;163
-130;200
151;-230
-209;195
174;97
-230;-163
-146;-195
168;-228
-130;-188
175;221
-173;165
162;-226
171;-226
221;193
148;-241
117;-193
175;-217
167;242
141;-181
203;183
195;-207
-195;-146
-214;256
183;-256
-192;-194
-207;-147
144;-250
-183;125
-168;-167
-102;-162
116;135
-240;-154
188;-226
182;163
-126;157
172;171
177;-223
195;170
158;172
-138;-166
132;215
-92;120
-212;145
232;244
218;-179
-165;156
-153;-147
-141;120
-182;165
-175;165
196;181
-200;-142
237;233
202;-224
194;115
132;166
186;170
-189;217
221;-221
-141;230
151;-183
139;-185
-179;-148
260;136
-170;163
262;-160
-175;164
-179;232
135;-187
166;185
164;-174
147;-141
138;132
-135;141
-158;193
-154;-197
-120;144
200;-145
-174;-160
152;265
239;-155
-213;180
166;-211
212;177
198;172
277;-236
134;157
-333;-228
-207;-159
-200;-197
220;150
-259;-190
-146;272
-114;-196
-158;-173
-145;-199
-171;163
189;-188
-144;212
-162;93
-194;-184
124;131
-176;120
107;228
-203;-164
-199;126
-117;-219
-207;-196
172;187
-224;164
210;149
-179;196
-111;-176
-260;157
171;-109
-189;-187
-168;-117
120;-199
173;209
-250;-129
160;101
-210;-172
183;123
-193;120
-214;182
192;-146
148;-181
-119;154
218;-216
-183;167
-191;-165
-158;265
204;248
163;-160
132;-119
-168;-171
196;260
-169;181
224;108
275;202
-176;175
202;149
188;-240
157;-212
221;142
-162;-187
183;175
-169;174
220;-202
-163;178
167;-173
-217;-151
172;156
152;134
-162;174
192;218
100;-125
156;-134
155;152
165;167
-155;-196
156;-164
-121;-178
-181;-230
173;140
180;-143
-183;-196
132;-160
146;177
-202;80
-236;179
-191;138
-218;208
-232;-189
-90;155
-239;-137
-106;186
-209;-187
120;-223
-206;-147
213;-146
-168;220
-139;164
-104;-189
225;-189
164;225
176;168
-165;-162
170;-174
150;-238
-159;-152
-82;-147
146;-184
-177;-137
210;162
176;-164
-146;-166
-156;174
225;178
141;197
235;169
-199;156
117;171
140;166
-124;-215
-191;217
-278;-124
195;-216
237;-178
-146;-122
-122;126
247;192
145;229
-155;184
193;-121
178;-154
227;-133
160;97
-178;-229
131;202
-203;212
-235;179
-146;144
210;-219
-132;158
182;146
174;-117
214;258
172;197
-202;-166
-164;-197
-153;-258
135;214
156;249
156;-124
202;-190
248;234
-215;287
-209;197
274;149
-239;-179
251;-269
155;-203
-197;201
-209;167
-249;-229
164;203
189;82
204;-197
-209;-171
192;-217
196;161
195;-120
168;-192
186;180
244;-145
217;265
-197;-152
178;-132
-185;135
-151;153
-234;141
161;163
190;-125
155;169
143;-128
-202;187
249;183
-205;154
-194;152
127;171
-173;190
156;229
-129;195
130;-143
-166;226
204;-185
155;162
-200;-174
243;-216
180;-209
-198;227
274;-226
137;191
162;-167
210;181
188;183
172;172
-166;151
199;-209
177;-207
198;-197
130;-139
191;213
205;187
-248;-191
-265;-181
-255;-162
-225;210
198;-158
-145;-187
-241;186
217;-206
-161;269
-248;-85
-164;243
191;222
-166;197
-167;152
-207;190
178;184
-194;-184
202;-214
-154;160
-183;203
170;209
-140;164
199;-137
-189;-205
-245;199
-223;-182
-174;-215
164;204
181;188
162;213
165;175
-170;-201
-196;-175
230;-172
167;255
-122;-174
134;121
-211;174
-164;-129
-164;-146
-125;151
-201;205
-174;155
164;-234
-219;-213
-185;178
-245;-150
173;206
213;190
-165;193
-228;219
-200;141
-141;-179
150;190
-152;-169
-138;-156
207;170
-128;-125
-136;197
176;173
222;-266
-86;244
-181;-182
198;-178
-127;292
160;-236
-148;-192
-185;200
93;-230
279;124
171;-193
-176;-187
-140;-197
-118;187
-174;-204
-206;-256
196;144
-160;-244
146;233
-223;-140
-206;-149
-155;171
132;-196
156;-143
176;-140
138;206
209;-191
259;199
-196;223
206;193
180;215
166;133
-195;-153
204;-149
145;-171
-185;164
244;223
165;188
-182;-203
-188;171
-252;-193
-221;134
-223;-280
-219;-207
-215;157
155;-201
165;-156
213;245
-157;-211
-143;-170
267;124
-192;-168
241;-152
177;-202
183;-169
256;-192
174;-153
201;-210
-149;-177
-179;168
-220;227
186;-240
-163;152
-159;-178
236;156
151;194
153;-246
-183;-210
155;-168
-130;209
210;199
194;-210
-243;-199
-191;217
110;205
-180;-238
-221;-157
-195;-164
177;196
-190;-193
-257;-171
-173;114
199;209
140;-120
-164;-192
-169;-143
209;190
134;145
-158;148
-194;-170
-191;180
184;212
-149;145
-173;171
186;-207
162;177
209;145
-172;125
-185;245
-183;-169
-104;144
-255;143
195;-158
196;170
125;176
191;-232
-212;-229
-117;-180
-160;-161
-174;184
-178;-151
174;182
181;117
162;-171
-207;125
199;171
155;157
220;-103
209;-179
-134;228
239;-152
-163;239
183;153
-215;-244
175;153
-170;-209
172;185
-197;-219
-192;-217
131;-203
208;-178
185;-252
160;-213
-143;163
237;220
207;183
-164;199
-189;-173
220;143
248;207
-173;-170
235;-186
-245;-228
-224;-171
188;-169
162;160
215;-183
185;-214
-255;145
186;218
178;196
-171;150
203;154
230;149
203;-200
-190;-198
214;125
-165;264
-185;214
-136;170
122;-205
197;171
190;170
166;-164
188;188
141;-192
-229;228
-250;-200
111;-156
-220;-191
233;247
214;186
-183;207
-184;-197
112;-158
-217;278
-159;144
189;-218
220;-212
249;212
198;262
158;193
-185;101
214;-201
-159;-191
-187;198
-181;209
-209;-178
-228;-115
-157;184
-173;160
188;-177
-174;231
-155;185
-102;-155
-184;232
-172;167
168;-143
-131;190
215;158
-190;235
162;207
131;188
168;-201
-230;-171
68;191
-169;-195
-154;-166
228;-176
-193;-233
-233;-221
-229;164
175;200
-257;-86
-116;237
186;211
-180;-168
-197;-199
-139;225
145;-184
-161;116
123;-202
-173;179
174;128
179;168
183;182
-216;-169
-200;-139
222;185
-203;-196
-118;233
-276;-123
-208;-125
-187;194
161;-133
217;-142
193;-186
232;-236
-222;199
147;-137
240;210
247;-204
-201;97
202;178
174;-186
-184;168
188;-222
-220;123
-219;-163
-136;177
152;-158
-232;-160
136;214
146;-180
180;205
153;-221
-186;216
-143;199
-240;154
251;-202
-180;-205
-218;144
-190;-188
-235;233
226;-174
220;-197
-162;-176
-158;-159
-190;164
189;-202
136;187
164;196
-174;-201
161;-150
-219;177
-224;-173
-206;-182
-214;-197
-151;-182
-252;-142
166;-165
236;205
-233;-222
-179;-206
209;176
206;96
162;140
138;187
-186;206
-131;211
-199;174
205;224
215;-182
-154;222
-163;209
-227;280
174;-266
-203;211
164;-190
189;-144
202;-231
-179;-236
132;196
102;154
163;134
191;-176
-215;205
-136;-206
-233;225
164;-263
-200;113
112;-196
186;223
161;-145
-128;-215
-201;-223
-221;168
-158;-153
157;-207
-207;-241
213;-192
-152;-208
-180;182
-140;175
-261;-268
206;-256
-165;235
178;200
190;-122
-182;-250
272;143
130;-214
-175;-177
202;-210
316;195
207;210
-184;192
144;-208
-276;250
219;235
-158;-182
-227;-147
182;-229
-213;-182
156;146
-124;232
253;-141
161;-185
192;154
159;-154
162;-239
216;-155
213;167
172;-153
132;181
212;-127
-198;-295
-196;188
189;-204
-185;-258
-157;-195
273;-189
-213;178
-209;-210
-228;-130
197;177
-191;-172
240;-120
193;142
-208;196
177;179
208;-161
156;219
94;141
-227;-175
158;224
-243;199
-193;161
163;268
210;-205
-249;82
-164;-185
-229;213
-183;191
-234;216
148;254
-159;-180
197;223
202;-120
148;164
230;200
201;239
-175;140
199;-145
-119;189
279;-205
225;-204
-147;-220
151;216
-170;138
172;-166
-179;165
-179;183
153;-183
207;137
275;-165
174;-152
154;100
-174;208
-198;161
-171;-188
-179;197
217;-146
-166;-209
110;128
211;-146
-168;205
154;-216
177;189
168;114
207;-116
177;198
-166;-160
-103;-179
-182;-221
237;239
-194;-146
-178;196
-133;-192
-201;-187
-159;-218
-137;123
181;-199
-186;233
-181;231
-247;-157
234;130
-207;132
253;163
-168;-236
-133;182
-192;-194
-163;-178
243;147
-136;233
216;145
-193;191
-196;-184
-140;236
208;-211
-162;-136
-195;-200
172;-179
129;204
-210;-181
176;170
-192;-192
152;154
-191;139
-165;159
171;-140
150;-172
-220;151
204;-126
-212;105
-222;-230
-190;121
212;148
140;-126
164;-155
-191;-199
115;193
-187;227
139;139
173;132
-178;209
116;182
179;-197
210;-171
147;174
-132;-204
118;210
-190;149
188;-173
-213;171
193;-145
-156;-164
173;216
150;163
-207;184
205;160
188;-159
184;-180
208;189
186;196
-165;-202
224;-230
-202;-169
-137;-151
180;203
144;-203
-183;-185
152;-180
178;216
-181;198
-165;185
-171;221
-165;236
-225;-202
-157;202
-128;-196
-151;150
-198;-153
171;-131
-218;-196
98;-126
-136;218
-129;160
-146;-200
153;-219
181;228
142;209
-155;-138
144;-185
196;-84
-171;-122
-174;-222
187;-191
-178;-137
191;189
210;-232
-134;-165
-144;197
140;167
133;213
195;182
-182;197
215;179
174;173
-208;-202
-172;299
-144;-147
199;-156
157;-195
-93;-134
-122;133
257;178
206;197
-231;183
115;-174
113;-111
177;-115
165;204
-262;-220
192;118
-211;222
-178;160
-140;179
223;-176
-185;217
194;193
123;-82
152;229
189;114
-199;-143
-111;-150
-143;-117
211;151
162;152
151;-213
209;-222
208;146
-143;130
-155;204
162;215
-190;-172
215;-158
151;-174
-252;166
-163;198
-181;-170
86;185
218;150
229;-232
-171;-148
156;-154
159;189
153;-133
195;-171
199;158
170;-196
159;193
-152;-209
173;-181
-150;193
-61;249
-217;202
217;165
219;-177
230;189
201;-202
-188;157
121;166
-195;98
-173;266
152;195
-148;181
187;217
-170;197
148;-185
-140;198
187;-163
123;176
-156;-182
142;-136
149;-75
-151;129
94;-223
183;202
194;-174
195;163
234;186
185;154
-152;128
143;-186
125;-192
109;-172
190;-189
93;126
191;152
-110;-214
-164;-187
-113;-175
-164;187
161;-216
-180;-147
-157;88
207;-173
-213;175
-52;-192
-152;160
186;145
-132;222
-187;146
-195;193
262;120
-184;-203
150;-157
-145;175
-157;212
187;207
-190;130
120;-206
-186;-129
-176;149
-146;-192
-213;-194
132;194
169;209
150;183
191;150
-188;-200
-173;-288
191;-184
183;209
-202;-179
157;129
-151;167
-194;-186
-163;-204
-126;139
-205;158
-141;120
201;-191
-111;-208
-160;206
-192;-114
211;116
181;137
-122;166
-161;158
-136;188
-113;-221
195;158
-233;-108
-229;-173
188;132
-173;-137
-133;185
186;124
118;-170
-203;179
-187;-156
216;-148
-181;213
174;-199
-112;-187
-172;110
166;-159
241;163
231;-192
-179;-201
-246;-142
-140;196
-223;-215
-115;-62
108;144
-199;-142
212;171
-178;-147
-184;-168
-150;175
144;-190
115;-179
219;-139
218;222
159;-230
220;256
-234;112
159;169
182;179
242;105
-150;-248
225;-166
147;-188
-174;130
145;233
242;174
-137;-231
-201;168
-183;-152
-131;156
-193;-176
-211;-161
-188;110
150;-129
169;-151
178;216
-206;-99
-213;-140
130;164
-110;-144
218;-130
127;-212
189;-191
118;-192
158;-135
159;-149
-252;-170
-107;156
-148;163
147;-147
-144;112
-167;-191
197;201
178;195
224;-183
-172;-195
174;-100
-149;216
148;204
134;-131
-150;-172
-150;224
182;196
-200;-196
-188;-168
-214;-128
177;145
-208;-217
-210;-205
-237;149
207;151
202;-158
-153;-265
-168;-188
170;141
130;131
-196;210
-157;-271
-249;225
220;190
-216;160
-204;198
153;-158
195;203
217;174
-166;153
-199;151
-236;-171
-121;171
-180;168
154;-187
212;227
144;178
107;-140
-172;-201
-209;-147
-120;-123
-156;178
-117;-145
181;105
174;138
133;-180
-184;188
155;90
125;188
122;-196
161;-178
-139;159
246;-138
-123;172
191;209
-206;-186
143;212
-207;-203
216;157
-189;-195
-161;-185
180;-237
189;-223
130;-233
160;-187
-148;166
142;170
144;162
-114;142
-99;-136
187;230
212;230
-173;-217
195;-199
-209;-215
-155;-207
220;-217
235;218
163;-281
174;-205
-196;170
210;109
204;129
-153;225
193;168
144;144
193;-199
-139;-161
167;218
-131;132
-283;184
-203;198
164;-205
175;234
147;160
167;-153
220;250
202;-203
-211;218
-156;-197
159;-161
-151;-196
191;231
161;242
-170;231
-196;-220
172;-186
-161;177
-184;213
166;-202
198;-135
132;142
120;168
79;148
-167;149
252;-256
-172;-235
-175;167
-192;133
-129;-191
-131;-158
-236;128
-215;200
177;-208
-180;190
-201;162
-73;-223
-238;178
-99;250
227;-138
-133;157
202;230
-223;105
145;171
188;240
195;-211
-156;-226
109;198
-184;-210
-173;-134
175;-72
-208;-198
-120;-235
-154;165
90;171
-179;-132
-214;112
172;177
-176;-127
-192;-144
-169;162
227;-127
-183;207
129;-133
-179;149
153;123
169;258
195;229
-206;-176
-234;-189
179;182
-266;-189
-151;183
-135;-214
-158;-136
-211;243
211;-164
179;-196
111;-148
197;-147
-143;142
162;-105
107;192
171;-161
-191;125
107;269
166;-158
-213;175
161;-133
-221;142
-199;-188
-239;172
174;-183
-139;-195
163;132
241;-170
217;194
195;-129
-237;133
-188;135
-193;257
204;-290
-188;-182
-172;142
-114;-180
-157;183
174;-167
191;-178
-155;-93
-140;-168
-160;128
163;-186
186;203
135;211
-121;-216
213;-155
-185;150
-197;-143
-126;-195
-188;-237
-189;-197
-191;-165
212;-197
111;88
-199;-157
-158;-223
162;224
227;159
147;155
195;194
-277;178
-209;167
-172;232
140;156
133;-167
-288;184
-163;179
-176;191
177;-165
-164;145
182;-154
197;-143
146;-198
-166;-202
139;201
138;137
263;224
220;-109
-232;182
-162;-213
-197;173
277;-158
-264;192
192;-165
165;223
198;-171
-123;-179
-168;-240
-212;171
-199;-204
229;-197
-141;-214
207;-113
-162;-211
-245;208
-144;136
-113;-152
175;-141
-191;174
232;223
170;-226
-155;-155
125;195
172;-163
-136;-114
250;-158
179;199
197;232
-215;179
182;-150
-191;167
182;156
-209;-215
-180;-209
212;-209
-179;-173
117;180
-233;232
184;-235
182;-182
150;225
260;-152
222;-188
247;-219
179;172
141;-221
159;165
170;-189
-135;-186
-124;142
207;-185
-174;-164
-140;-182
127;-196
-165;190
-179;-247
-179;-266
90;186
-142;-265
155;-181
62;138
-196;160
246;258
139;-193
243;229
231;195
-198;-258
126;169
-153;198
-171;148
194;183
188;-256
-167;155
-163;-208
-239;166
-163;196
-129;199
119;173
-194;-136
164;140
161;-184
158;123
146;95
173;122
-132;157
130;-170
-170;197
173;-256
210;-82
-154;-174
219;212
-223;138
182;-240
-154;117
-105;298
183;-196
186;195
197;-237
166;-181
202;178
-226;174
-195;191
-197;-240
-214;191
150;-169
-204;-189
180;85
198;-200
-178;216
159;-192
174;201
218;189
77;-224
144;158
-208;-183
-187;-146
-132;-137
165;194
-172;-146
-132;189
-193;-177
-151;-172
-155;-199
-218;178
187;-173
-132;212
-112;115
-185;-174
132;161
-169;201
151;160
-124;-182
-167;229
-185;-227
-247;-203
156;151
-163;146
297;147
-176;148
-228;-165
-140;172
164;-213
-210;-153
-207;-155
186;-157
212;151
-198;-138
171;190
-187;-157
171;224
-174;198
-187;254
145;-164
205;-145
-160;163
178;-165
-170;205
-223;-226
-190;178
192;205
177;-203
150;-159
-227;-175
197;124
-200;141
274;240
168;206
-184;248
186;205
104;-195
194;-219
193;152
-182;-176
195;117
-116;200
141;-178
-171;181
172;-232
-204;-144
193;154
198;194
-183;205
182;236
122;-174
212;-130
206;193
181;200
-204;-238
186;-181
-190;-161
-149;-171
156;80
165;-141
-234;-170
183;-214
215;180
-242;110
-209;194
-197;233
-202;215
-221;-186
-188;141
-195;-157
-219;179
-149;-224
236;-199
-140;-147
150;-274
-254;232
-166;177
-215;-278
242;-199
287;145
254;174
-216;-210
189;-200
247;-237
-207;-164
-225;-190
213;-167
-211;-223
254;171
207;-204
-209;-130
-235;185
217;198
179;193
188;120
-146;273
178;169
248;173
-261;-161
-230;122
-153;-197
194;-151
184;-105
-95;-184
-204;166
137;231
162;166
-154;153
217;-116
163;-176
192;-175
211;240
-199;-236
193;250
-185;96
-149;177
-227;280
112;-201
-164;221
206;180
185;-159
210;180
212;174
-241;-202
-202;-206
-136;-240
237;116
219;166
140;-169
172;-189
110;279
-220;55
-152;184
231;158
-154;-174
160;-178
184;-97
-213;221
-201;162
-191;-172
157;273
161;175
216;-260
-157;-227
167;-175
165;251
161;-244
246;-200
149;154
235;-165
203;210
-157;-271
222;-183
-245;179
-207;174
-247;112
187;108
120;-151
142;191
146;-220
-139;209
246;144
-216;190
-179;196
200;237
-181;217
265;131
-213;259
164;-157
-156;122
197;-167
226;171
-211;-172
166;-178
200;-189
-184;130
178;-257
183;199
138;-163
158;295
204;194
153;194
-214;233
253;-113
250;-177
235;-208
233;-175
175;205
190;135
-83;-305
-145;-240
-213;-208
-207;166
161;-104
-194;-248
-239;205
202;-187
-186;108
-150;-231
-147;276
182;155
-239;132
-162;195
-170;139
146;106
-169;-215
249;-184
-186;112
-241;262
175;236
-120;192
207;-158
-201;-148
-262;152
-172;-190
-256;-222
185;281
167;231
125;216
252;135
-130;-173
-150;-271
186;-211
203;201
-208;-104
177;136
-150;179
-246;-245
-153;-157
-218;249
-192;121
-223;169
180;-168
-166;-224
-170;186
-214;-213
132;227
181;262
-227;189
-147;151
-173;181
-203;-182
210;212
-195;-200
-253;-157
168;127
-230;-197
-193;185
214;198
179;-161
-218;138
-148;-267
166;-173
-181;92
225;-145
-185;-159
-232;175
255;-183
188;154
242;-139
-111;-165
-150;-158
-159;143
-208;-213
-203;-164
232;182
-185;-152
195;190
-248;-261
-248;-169
-215;169
182;-238
207;-200
210;-216
137;180
245;-197
120;196
-196;221
141;123
232;268
209;248
-200;-167
149;-201
202;-163
-177;81
139;150
190;191
-104;-179
-216;217
-237;-195
-173;156
-185;-190
-152;-204
-172;175
166;-86
182;-186
213;137
-190;-100
-162;-210
166;218
-239;-148
200;-229
222;-199
232;-177
192;-198
146;-95
149;-216
-150;-148
-155;113
-222;110
178;-176
-167;127
-171;-214
143;238
159;165
141;-186
-203;-143
172;-255
-167;142
175;206
229;-117
-171;-188
-189;212
255;168
-244;-219
-188;-218
-204;-224
118;157
-191;-175
-148;-165
-205;215
179;141
117;-249
-166;-211
-161;-251
168;130
156;163
-66;199
-190;-230
-239;184
270;163
-272;214
-165;212
171;-102
181;188
285;197
-153;201
-191;210
-178;-134
-190;149
-191;224
199;-171
130;208
203;144
186;-135
-223;-151
-153;-185
-146;-207
-190;212
-232;-195
240;225
117;188
187;-177
-147;234
195;206
216;148
195;-202
210;-229
-116;286
119;-193
-115;241
223;197
-213;-100
194;146
-181;-183
155;155
-168;-136
-169;-209
235;-166
252;-139
185;-147
205;-160
-149;152
209;173
135;184
-161;174
-119;-228
167;209
230;222
-224;-223
212;-242
-167;-209
-228;-178
165;-120
162;194
215;-173
204;-138
-214;203
191;191
259;214
-142;262
217;100
222;65
140;-218
-221;-123
257;146
-139;148
-107;204
-183;182
169;-199
225;181
148;210
191;-222
242;250
219;-189
-234;36
-209;-157
165;-172
-183;-132
160;221
184;130
-247;149
-127;-132
200;-162
-220;147
-211;166
194;-158
160;-185
166;142
106;174
55;203
-190;212
241;-115
-164;-216
-200;157
-184;203
-173;-178
-192;-172
-173;230
-193;159
207;-147
-195;188
-218;207
-208;-142
-170;187
-172;199
231;-232
-199;228
236;231
-216;110
180;240
201;257
212;-148
-190;-231
142;185
-175;-227
-233;-151
213;-100
-128;-168
-192;-146
-124;223
269;182
-228;-102
-156;201
209;105
-183;-177
-195;-194
-140;177
154;-213
-71;182
231;-172
-143;180
145;223
222;192
217;199
-159;-186
-135;-164
241;215
-177;-134
-207;243
-193;-221
-199;-204
-197;172
130;-147
242;-241
192;-154
246;-212
-237;133
202;-170
167;177
171;-127
-237;225
198;190
169;-119
-147;126
180;-184
-169;164
-141;-334
-205;196
294;-162
-139;-289
168;141
180;-212
160;178
203;-137
-166;219
-180;130
-162;162
154;-154
-211;-193
-194;165
-242;-146
-197;160
256;-178
195;-210
-203;-183
-216;-129
-192;200
235;-218
168;158
260;123
-231;-120
88;-221
-211;214
-116;-202
-222;-138
-197;-186
-185;-186
-208;-154
152;-209
185;149
-157;-204
-154;-160
199;146
147;185
185;214
208;228
-192;218
-237;215
-235;118
168;185
175;-176
-205;174
-252;163
-247;181
213;-198
-135;152
169;-173
251;-227
236;-275
-102;-207
187;197
189;262
104;200
139;-213
-237;186
-267;-219
-193;111
246;-190
-302;183
204;-236
211;183
223;-244
-221;-202
-227;-202
-216;214
-208;-190
162;-152
-203;-217
167;-160
-129;-224
-183;206
-193;211
-225;-197
192;-209
-185;179
180;165
177;-201
-166;-144
251;204
167;-260
-216;-166
132;-269
262;110
277;192
-117;216
165;-214
-59;209
211;134
-217;-131
-214;-256
202;-224
-204;-186
202;106
-223;224
158;-244
148;-210
235;171
148;-232
119;-180
178;-209
221;146
192;-219
212;173
238;-198
-173;-217
-223;124
176;-144
-241;-122
-153;-207
171;-111
-179;255
-198;-225
-151;-211
145;183
-196;-241
174;-202
215;195
-196;187
240;154
172;-237
301;173
118;205
-195;-229
205;204
-160;191
-178;198
175;243
150;-204
-212;211
-139;-197
-199;237
-143;185
-159;268
133;216
-231;-151
133;197
217;-101
230;200
198;164
123;232
-145;191
191;-70
-202;213
182;-137
185;-180
-127;-185
200;108
-202;225
189;-186
-137;175
-197;200
232;-229
232;213
184;-198
187;-226
118;167
-208;163
-217;153
-171;-209
-206;146
229;-109
-172;-162
159;146
144;-141
-203;107
169;-153
222;100
146;178
124;-160
147;134
-182;-143
-101;-183
-162;-58
156;152
-191;-151
-161;183
-178;-239
-170;-276
-161;-177
-146;223
217;-134
-160;130
-190;217
-224;-116
156;128
-203;192
210;266
-240;-226
-259;137
-167;-182
-138;-90
184;169
-135;170
163;217
-138;138
-121;-183
-269;228
198;-163
-142;-183
-177;-244
187;-170
195;181
-219;-217
108;209
-148;-225
144;252
-216;166
-183;179
204;-131
171;-199
-165;178
218;-213
-208;169
-138;-247
-162;227
157;150
159;-183
153;-195
-68;-118
154;196
-174;171
92;173
199;135
-116;166
137;202
203;-144
131;-198
165;150
-166;-200
180;198
-137;159
172;-163
-187;153
183;-169
-213;-159
113;171
190;193
-177;133
131;112
181;-188
168;-100
190;170
144;174
-181;-177
199;-245
-110;-160
-188;-135
192;181
198;-229
-184;-138
240;-196
65;189
-156;172
-187;240
-226;197
-170;209
-273;-165
-151;211
-142;-249
-163;209
-130;-176
139;-228
-212;-165
167;-203
-227;152
-259;188
-201;-209
186;-186
166;162
234;210
-179;-155
201;-175
220;-146
-130;-127
-120;-178
125;-164
-232;-177
191;179
170;-174
-166;-137
-197;161
99;176
133;150
170;171
-221;195
208;195
212;154
-160;-173
-187;192
-222;-188
233;-219
146;-195
-244;-86
-177;218
215;179
205;144
-182;252
170;-206
111;-167
159;-250
143;195
-197;-78
136;175
-176;192
-212;180
-186;98
132;-204
-121;194
174;135
157;-162
182;251
241;144
-262;-202
-213;-238
-173;-162
219;196
282;154
204;-282
236;-236
259;111
-84;153
-153;164
191;86
-204;-174
161;-162
113;-197
-143;256
-138;195
-209;-176
193;173
211;98
140;-232
-188;-197
158;-181
164;133
204;-166
101;-171
225;154
166;-223
105;165
-184;-162
174;-206
-203;219
-153;146
-123;170
136;205
138;-161
187;176
160;-149
-171;177
177;198
-168;140
-145;170
136;156
-170;180
215;184
-210;179
180;-177
-176;222
233;-188
166;184
-149;-179
148;-128
218;-177
-165;239
176;-174
255;177
135;-233
211;182
240;186
253;142
-167;253
224;-174
168;-221
134;-238
228;-228
228;184
273;154
-186;-97
-228;-201
-221;-175
-110;174
161;-262
-298;-133
-96;203
188;-241
-132;250
-195;-107
-163;243
244;169
-154;199
-155;209
-170;190
225;151
-237;-166
142;-220
-134;226
-108;150
217;179
-174;230
179;-134
-211;-168
-99;204
-178;-178
-161;-178
172;187
140;145
195;170
126;171
-181;-149
-209;-142
192;-199
154;201
-172;-112
199;217
-234;190
-220;-189
-209;-186
-155;230
-261;224
-142;194
215;-152
-239;-186
-172;211
-215;-194
216;238
193;147
-150;172
-131;296
-223;160
-249;-229
274;155
-179;-166
-242;-175
267;165
-271;-152
-150;216
220;163
174;-121
-182;169
-240;-167
114;-242
-168;209
151;-210
-226;-169
-179;266
206;-183
223;170
109;-217
-226;-163
-194;-159
-156;186
-236;-148
-168;-157
143;97
-229;-209
174;179
-168;-165
-220;-139
-125;142
144;-201
237;-264
123;-195
174;188
156;-153
220;162
-79;126
204;197
213;107
189;210
-165;-253
200;-147
200;-189
-135;186
195;183
101;172
-193;-152
-177;186
-200;-108
-212;178
-202;-246
-208;-174
-185;189
201;-193
197;-239
181;132
-253;-150
-189;-187
208;133
-235;-204
215;-182
167;-312
209;-229
96;-201
205;-247
40;-171
-236;-159
-89;205
-136;201
138;-198
-194;259
-154;-249
198;114
139;146
121;-215
-214;-131
161;-227
-124;228
219;128
190;-170
-237;-157
-169;197
194;143
-193;-176
-172;-187
-163;-205
229;207
-195;-127
-218;-129
-200;161
216;180
120;-117
-176;-196
-269;-158
205;137
148;173
-138;199
-198;-209
-204;186
209;87
-194;191
-176;156
132;-192
154;140
201;160
-138;196
-183;208
-193;-162
-162;164
-179;207
167;-206
157;236
221;261
107;-228
-141;-164
-198;-223
-193;-221
-191;187
-167;-187
200;202
217;199
139;-270
-164;198
212;273
261;142
97;-224
203;-189
-123;202
140;-134
-114;211
124;165
-167;-143
248;124
-182;-181
169;116
-160;-190
-231;-193
193;-188
178;-197
172;-202
214;-188
-197;149
165;213
117;120
-161;153
-117;-178
198;188
165;170
-146;-167
157;-153
-146;-184
-143;-140
146;-223
156;166
138;-166
177;-140
-132;121
240;146
177;109
-149;187
158;180
165;143
174;-181
-245;-181
283;156
-147;163
-213;169
-195;213
225;-190
244;172
202;218
141;-183
184;128
161;-157
-159;202
-216;-213
248;-157
-205;-210
193;203
242;192
-166;167
-150;-186
171;-124
-119;172
-138;200
144;-222
231;-139
188;203
149;150
184;177
-185;162
141;-210
-107;-135
-101;164
-195;228
-147;-137
-129;-208
-167;161
-194;117
183;-182
-244;100
-186;156
-173;-201
-165;186
-170;179
182;-189
-132;199
215;150
-191;170
226;169
188;174
262;-233
-118;-156
200;185
-206;-159
-179;-210
158;-224
-165;-164
-221;-200
-152;145
202;158
-183;-240
-191;198
185;152
-228;-186
-178;-160
-248;272
155;-193
-122;147
166;-264
-127;232
203;176
150;213
195;166
-207;-214
-124;-176
139;125
-221;-195
-195;179
-180;-229
-136;-155
-225;123
143;-196
250;-217
174;-165
207;-94
-207;188
198;-146
189;235
144;-222
-130;162
208;170
192;-208
-178;104
209;-126
-196;126
-198;-91
-196;159
164;-177
-117;-182
121;229
179;-90
171;175
211;-143
-160;158
-206;173
-146;195
177;-235
-153;-164
-261;196
-186;-196
-184;154
208;-247
168;-182
-253;-225
-208;-243
-152;189
219;-213
128;169
174;165
-223;-185
173;-257
-221;221
-237;-157
-191;-153
-172;-148
-168;-179
-208;-159
167;-156
200;180
-122;-164
-187;-125
149;201
130;207
100;202
155;209
-213;201
-171;133
-254;141
202;177
192;-212
-197;178
-184;166
-200;202
222;-277
-210;148
149;-176
226;-175
179;-160
-154;-200
194;156
166;210
157;189
170;-107
-258;83
-165;-204
-164;150
180;-181
-172;176
200;-169
162;126
157;-253
-189;-170
-222;-157
-175;194
-176;-191
149;-183
-232;-189
151;-179
-132;-157
-194;220
-174;192
-130;-135
200;-158
-203;99
158;175
229;-222
-186;-159
233;169
209;-151
-230;-145
149;-243
202;206
182;164
-218;259
158;-199
-210;216
149;160
-205;-197
-163;-198
174;-166
-158;-152
174;239
-163;164
282;-195
193;-167
186;220
231;-163
196;-242
193;-118
154;238
170;-157
115;116
137;-208
-170;-144
-134;146
195;-116
-154;-204
-23;-223
261;-184
-180;207
-170;-134
-145;-189
131;137
-145;-172
164;-149
168;179
-233;152
138;160
178;-203
164;236
221;205
-164;-168
188;138
-170;245
-120;164
198;151
171;-171
-191;173
-215;-146
-219;179
-211;204
-171;130
185;189
-184;-146
216;197
155;-176
165;150
178;158
184;140
-187;186
167;-165
-147;155
205;-138
232;-247
-121;-305
193;229
-141;239
119;-191
-162;184
-180;207
138;-173
184;119
182;-171
149;-177
197;222
-158;231
-156;199
-176;-148
-165;136
166;-145
-161;-170
174;233
137;-177
-150;249
188;-169
261;215
181;186
234;-150
224;187
-217;-205
-122;-172
-164;-212
107;201
-212;-235
-195;169
-127;-207
-195;-266
-243;-176
-203;184
176;-225
-170;179
-231;260
-174;-204
182;237
-231;123
164;223
-182;-213
-151;133
-176;-201
-176;-203
241;191
-151;135
119;178
-138;93
-201;-160
-71;160
155;-171
-250;-150
-212;-138
173;-155
193;200
-237;-172
189;174
-224;-162
232;221
-184;234
-236;187
150;-200
163;-222
-198;184
177;-215
-175;192
-165;-224
-198;175
252;170
217;-181
169;-201
-256;-184
204;254
-196;169
177;109
186;95
-158;163
207;178
276;-111
187;-112
172;176
-224;-138
244;184
-164;190
174;-152
-214;196
196;-196
-183;-184
201;214
211;232
-229;138
205;217
241;-270
238;-204
198;219
150;178
-146;-205
177;-170
-191;-203
-177;-224
159;126
172;-182
-161;-191
156;-132
171;229
-157;137
-182;150
-167;194
-172;195
-151;-188
-104;143
-111;-218
-118;259
-200;-200
171;-117
-242;-137
127;-164
-195;231
-195;255
-197;-128
138;-267
256;204
163;129
-200;-179
174;-230
132;-163
-244;-179
-212;-156
151;-157
-196;-128
235;180
212;-187
-172;-116
-172;279
247;205
179;179
225;148
-155;220
190;235
234;162
-207;-147
-222;159
-164;-208
174;-153
125;-205
-215;-200
-205;198
198;232
198;202
-166;150
200;-203
186;-231
186;-205
206;218
-203;-177
226;230
-213;165
-146;191
-220;155
205;-204
-171;161
156;177
177;-188
162;141
153;200
-172;-206
-175;-149
-138;-83
139;184
141;139
193;-220
257;-213
171;188
-184;217
-208;208
205;217
-142;-164
181;-176
196;-203
-235;229
-254;139
-160;-235
146;185
136;219
195;-207
-287;-188
149;-178
201;196
189;-193
206;-166
158;164
188;-201
155;184
-256;-114
244;-194
-152;204
-193;183
-198;151
190;175
169;-208
207;146
238;-219
-156;151
240;124
-207;154
-167;239
202;95
-183;152
236;147
-85;196
159;-160
-131;221
201;-198
199;176
-191;-194
191;-195
126;-214
-124;165
140;-174
187;198
124;-131
202;135
151;200
93;143
-141;186
182;-192
156;-128
177;-140
171;-207
191;104
195;132
-186;-246
-249;-180
-291;-208
-212;177
264;-154
-195;-128
-178;258
236;-219
-207;180
-174;-228
-198;195
227;147
-136;154
-139;196
-192;133
261;250
-198;-151
212;-218
-168;178
-185;147
195;211
-165;163
151;-220
-204;-190
-166;178
-206;-130
-222;-206
225;193
184;161
216;153
205;231
-131;-180
-186;-208
200;-206
125;171
-215;-148
162;155
-156;165
-208;-188
-143;-238
-212;157
-164;199
-165;207
164;-205
-149;-263
-237;179
-181;-166
192;104
189;98
-148;225
-204;142
-172;131
-111;-101
140;168
-133;-199
-149;-104
175;205
-184;-204
-201;123
216;224
223;-106
-235;215
-210;-269
219;-200
-228;139
187;-223
-169;-254
-246;190
228;-212
193;333
195;-198
-178;-197
-243;-265
-172;199
-195;-232
-154;-186
162;217
-153;-273
188;176
-200;-234
-176;-268
-267;120
213;-163
178;-219
213;-160
242;206
175;-162
256;163
-193;145
151;172
158;173
227;161
-244;-84
95;-213
183;-141
-189;134
234;207
138;138
-236;-217
-145;225
-214;-163
-170;176
-159;-172
-160;-175
-169;170
177;-107
189;-145
167;131
-101;-165
-185;-169
170;154
-240;-121
119;-192
132;-186
226;-150
183;-212
143;-214
216;-185
-212;-174
-165;179
-209;188
192;-186
-128;107
-95;-258
161;289
133;202
242;-183
-149;-239
116;-191
-256;143
245;204
224;-200
-180;-303
-175;188
272;199
-266;-131
-192;-219
-225;-178
192;186
-149;-177
-208;-184
-257;157
133;203
162;-210
-167;-214
-210;-179
241;220
204;182
-198;191
-155;-188
-183;207
150;167
-147;146
-211;195
132;-235
282;141
247;213
-171;172
-212;200
-246;-206
-189;165
-155;230
155;-160
154;183
148;202
149;-199
-217;-212
-222;-106
-145;-247
-225;191
-161;-157
146;181
168;149
156;-141
-149;156
224;200
152;152
162;-116
216;-206
-198;154
164;-207
-183;191
217;217
-178;-194
173;159
-230;-239
176;202
-186;-199
-177;-123
164;-157
207;-161
177;-220
153;-211
-201;212
109;162
127;184
-200;171
-221;-175
172;228
180;175
-199;-192
120;-107
-98;-144
-138;-123
206;-198
221;161
130;-179
160;-249
-141;132
176;151
220;238
-217;245
156;203
179;200
149;-201
-100;-121
285;239
-220;170
-196;108
-182;196
146;-192
129;223
231;188
157;-158
204;128
140;-150
-178;134
-182;-221
224;-107
-136;-241
165;166
179;189
-151;185
-204;-172
158;-219
-204;189
-210;208
102;-223
212;-183
199;256
175;207
117;181
-256;235
190;-206
-213;-153
-247;132
-121;238
-203;-138
-156;-205
-172;202
-232;258
164;-202
-247;186
-162;172
-178;-165
-175;134
-172;194
177;-163
-194;166
234;108
-159;170
237;211
116;221
180;-193
-211;-201
202;186
-210;-115
-203;-191
134;-152
-170;-110
-156;-147
-228;124
222;174
-178;-245
-109;175
174;179
-215;-190
-128;-186
-163;195
176;-139
-179;243
231;-135
-251;116
138;128
133;210
201;173
-162;-132
-137;-194
140;178
-162;-202
-179;153
-167;-190
-98;-167
-221;207
174;-173
205;-248
142;-184
199;-225
-278;228
228;-209
241;182
287;-219
-187;263
193;156
241;-219
-145;196
148;-201
-159;201
-158;-133
-183;254
163;-204
-254;-252
177;158
221;-179
186;212
135;-197
-88;185
-191;272
-204;197
171;-151
-166;-215
-160;169
-168;-171
-176;189
197;-201
118;-200
-124;-131
-161;-164
-161;175
120;-246
151;184
194;188
-214;-176
142;-137
-210;212
-99;-193
-204;-249
-176;-207
-187;-134
-236;-113
162;-202
179;229
-176;-199
-154;-190
144;159
203;194
218;185
140;183
-214;206
-149;262
-153;223
179;109
169;-185
-137;170
-140;195
-120;163
199;-257
-165;93
185;-238
138;-253
212;-205
-135;-270
278;115
205;190
223;161
142;-161
-199;224
-187;-101
-112;161
182;-209
-127;232
127;-247
112;273
169;-181
-158;-216
-170;-202
-182;169
-119;-206
254;-227
-238;-164
224;-202
-164;-161
-158;202
-200;170
-175;-202
137;-196
-145;143
196;152
216;-152
-172;-191
173;171
134;-191
-164;-210
258;-157
189;216
124;203
-153;215
156;-238
-146;197
183;230
-179;-217
-215;-187
212;-145
-191;-212
208;178
-155;227
193;-117
187;-167
115;173
138;-139
145;-114
173;-189
191;206
90;-171
215;146
145;-223
-217;-178
-220;220
130;-145
-93;-158
-192;-200
109;-204
-188;197
-243;-170
-217;-138
215;229
-158;-201
156;-152
182;222
-279;198
175;179
150;-149
173;194
200;179
-141;-118
136;176
-160;148
-151;195
211;203
135;-138
-141;251
-164;-133
-137;186
-198;195
-178;167
192;179
-168;-207
154;132
194;-157
146;148
160;171
77;170
-171;200
195;-185
-162;163
163;-166
167;-155
-128;-172
120;230
-175;155
137;-163
-192;127
-153;155
154;-199
215;186
205;-164
181;-196
185;156
-182;132
-152;192
-142;-143
-164;122
210;-221
-70;-157
271;204
160;-214
-190;208
200;-234
190;226
305;152
201;-256
204;151
-222;-166
-208;-122
-155;-181
203;209
-144;-161
-192;170
-219;-202
-194;-200
-149;-239
-177;201
156;-132
-176;196
-165;109
-161;-165
123;208
-170;174
188;146
-160;-214
-204;144
-182;-118
-238;-180
231;107
-211;170
133;152
-177;150
-221;-192
-165;212
165;-212
-190;-229
-167;-222
162;-173
185;189
-152;-128
183;217
-189;-211
181;165
-216;197
-133;220
164;-194
172;-169
-157;164
114;-162
-205;186
-163;-138
-132;206
229;200
214;-190
137;-203
-194;-195
227;169
-198;200
181;231
203;191
-192;210
148;210
288;-247
218;-218
230;272
-183;-233
184;208
-231;145
209;-91
-196;140
207;-138
-200;-166
165;223
125;195
-124;119
226;148
240;-238
166;-133
120;214
222;200
-173;-166
232;-150
-194;-226
-138;-185
162;200
90;-157
-208;-186
153;-170
206;171
-233;134
-218;157
-153;146
-204;152
-232;-186
-166;93
-150;-175
-123;97
-158;-197
166;-107
-224;-148
213;-219
-142;180
-160;181
-212;-193
159;-211
153;232
195;141
-153;-150
227;-175
107;-212
-192;-140
-174;-165
154;-153
-175;-239
209;188
157;-193
-191;-187
-172;193
223;156
196;226
241;246
-146;228
234;264
208;169
-246;-214
-167;147
-96;-165
161;-177
200;-163
-87;-194
-202;139
107;170
184;117
-150;113
184;-202
169;-222
170;-186
97;118
-134;-264
225;148
-160;167
-140;141
-146;182
126;-158
-204;203
235;114
219;-192
221;160
155;167
-114;-194
-202;-192
-212;-194
215;162
217;139
206;-221
169;-134
159;253
-124;157
-163;198
124;133
-175;-148
169;-167
156;-207
-160;166
-209;178
-96;-194
218;160
137;241
178;-201
-243;-141
201;-119
123;231
113;-151
116;-190
118;165
149;-201
93;146
-152;-177
156;-183
-207;110
-169;167
-140;153
191;203
226;-202
164;165
152;-114
-157;201
176;225
-221;166
-165;177
93;198
-155;61
151;120
-203;182
172;-145
-188;146
207;-94
210;153
-146;-139
192;-204
203;-113
-163;185
181;-183
168;219
155;-178
159;230
162;197
217;193
-199;192
211;-142
249;-141
220;-174
173;-219
222;196
102;227
-178;-83
-134;-115
-146;-183
-152;168
232;-182
-145;-163
-183;211
189;-88
-130;128
-142;-197
-166;228
176;152
-145;173
-164;190
-158;238
178;157
-147;-168
146;-197
-158;97
-182;194
183;174
-138;177
171;-182
-92;-158
-178;167
-151;-176
-134;-179
208;160
104;230
124;145
182;192
-157;-243
-156;-190
225;-153
199;172
-227;-194
205;194
-184;216
-214;-143
-156;-124
-168;221
-234;145
-110;197
167;-174
-194;-170
-182;183
-167;-160
177;191
194;126
-194;204
-235;250
-150;208
-194;-177
185;250
-169;-176
-116;-174
200;224
-190;-197
-178;223
217;184
143;-175
-161;167
-107;-178
189;-138
-150;133
237;-156
-175;-171
-94;192
160;-153
176;125
156;-112
-155;-174
-205;-163
-191;154
-158;-218
-178;-188
134;124
-140;-158
136;136
-117;-175
-186;-156
-179;175
151;-155
151;-155
222;-134
151;172
152;-163
206;218
-222;192
206;217
136;207
153;198
-177;-197
207;-169
231;-108
-246;105
225;249
210;191
-175;-191
-233;160
-204;-155
-179;154
-206;-163
-166;-177
-196;37
141;-181
165;-180
148;139
-188;-170
-178;-133
139;115
-173;-171
193;-174
130;-167
208;-209
154;-180
236;-114
171;-211
-210;-214
-288;236
-167;215
220;-180
-172;129
-171;-166
210;106
169;152
186;-112
-172;-219
166;-158
-218;143
127;165
203;-179
-204;-186
-189;221
167;195
-115;-203
-159;-138
-141;-171
209;216
-163;-112
-129;-232
-172;113
176;196
170;-146
-169;-186
-176;-207
132;203
105;187
-197;183
-171;-247
-253;54
107;154
-166;172
-269;138
174;-132
144;191
183;164
-175;208
-197;186
-177;-223
-208;197
-128;137
147;-193
165;167
180;171
135;-190
-188;-103
-225;-189
-126;-120
-196;152
-125;-193
224;78
163;140
142;-172
-288;245
193;92
187;197
214;-183
271;-218
-207;214
250;-190
-132;122
201;182
-140;-146
214;149
-175;-203
205;181
-197;-187
-189;-180
182;-198
189;-172
144;-185
163;-197
-135;186
192;175
216;105
-155;96
-205;-158
155;126
225;181
-244;-117
189;-170
-272;-199
-188;-123
129;-124
174;141
140;-189
143;-167
-166;216
270;149
183;184
-224;159
161;181
183;241
174;-156
-166;-123
159;116
-245;155
-198;153
-161;215
152;-124
196;133
161;167
149;-155
193;178
149;-114
-284;206
-164;-186
144;-164
-136;-215
213;208
168;164
-138;175
-160;-187
255;-210
-227;147
-212;114
186;-138
130;-212
170;131
189;243
184;200
-154;149
160;-156
-217;-179
-209;203
-233;168
-200;-173
-172;-186
-193;205
-226;181
199;-164
-185;176
-165;194
-147;-204
-177;123
-188;206
206;-108
-171;203
159;146
-164;137
89;155
148;163
200;-151
-210;-109
206;137
-100;-193
-182;-147
200;-229
-191;-211
-154;-184
-117;205
121;184
-204;-194
-199;165
158;204
-190;-155
-147;-165
-220;163
177;-170
-163;164
211;-178
-141;150
114;188
163;189
164;203
-157;-180
-144;-150
196;199
-129;-244
-171;151
-222;-144
-109;-191
-253;264
218;-126
228;-151
151;-212
151;-255
-182;142
251;-165
137;234
196;-172
-203;225
251;217
100;-126
-182;210
149;-172
-150;161
-198;-193
-78;233
180;-188
-186;-175
143;153
155;-205
167;174
111;-166
-109;147
-180;226
-153;94
231;-168
-113;-161
-165;182
-168;-166
-162;193
171;-162
163;-106
-176;-165
-150;-202
-258;170
106;-175
124;241
155;163
-166;-188
155;-55
-209;247
-172;-144
-173;-180
-143;-169
-163;-180
-148;-131
207;-181
142;228
-205;-219
-236;-228
203;200
136;165
180;236
136;167
-167;252
-190;176
-228;157
185;190
138;-137
-245;174
-122;167
-279;156
175;-200
-240;111
161;-157
195;-192
162;-146
-151;-208
184;119
236;188
164;137
207;-156
-189;174
-231;-193
-202;164
151;-208
-214;158
137;-180
200;123
154;-219
-172;-149
-142;-181
-183;130
-202;-144
159;-149
-150;-156
132;-129
-173;-190
-144;182
-160;213
-206;-119
252;-181
-192;123
165;122
222;-195
-211;-202
162;202
196;-140
-169;-162
209;-206
159;176
242;207
-227;162
222;-203
-116;152
204;200
-254;-200
-197;-216
188;-188
-194;-142
222;225
-224;157
276;-145
228;-224
164;171
208;-208
207;-230
183;-225
170;145
219;-195
138;154
151;-166
-167;-201
-266;201
174;-139
-224;-251
-200;-142
158;-137
-158;186
-75;-169
-141;-221
155;137
-201;-221
171;-163
190;200
-167;149
146;205
192;-185
171;149
195;148
-176;-159
237;208
-124;171
-128;134
199;173
201;-138
-136;155
-173;-106
-175;192
-166;153
-146;210
218;204
-167;-194
204;130
184;-199
137;247
133;227
116;205
-232;113
113;-186
-206;79
189;-131
170;-150
-169;-228
110;147
-236;173
135;-161
-148;145
-215;201
170;-162
210;171
185;-141
191;-182
183;234
-253;194
-253;187
-179;-179
-246;155
204;-225
-119;-160
181;197
192;-275
-196;217
230;-147
186;173
188;247
256;-230
207;198
-128;-200
-189;-172
-179;-193
132;165
-165;-139
-150;181
-138;-203
-150;-184
-147;-149
-198;200
156;-139
-205;216
-155;142
-212;-149
205;197
-162;173
213;218
-250;-93
-160;234
-178;-173
-172;-198
205;155
-214;158
182;216
-165;151
-216;-241
-148;242
158;-204
-204;-165
-232;-189
172;-206
177;177
-171;-164
235;235
-157;-228
167;174
-170;216
-217;198
216;-216
205;-184
-186;194
144;-216
-205;190
-229;-156
-149;181
270;184
202;-188
161;-201
-225;-268
225;203
-130;180
133;170
227;226
-188;264
161;205
80;-167
192;-180
196;114
-184;-236
139;190
-215;119
284;-161
-194;245
230;-111
-168;-175
143;131
182;177
-207;100
201;176
142;-126
225;-130
136;194
161;183
-186;-196
220;-152
-137;-163
-187;-182
180;146
152;-167
-221;-151
149;-216
199;149
-130;144
-191;156
-117;176
-194;89
-144;-211
-227;166
-232;-176
-246;255
-151;-186
186;-159
-201;-202
209;-261
-178;213
-225;257
-224;-217
251;-202
134;262
269;275
-155;-190
144;-230
229;-220
-252;-177
-173;-203
220;-243
-172;-223
206;165
275;-160
-182;-134
-152;149
254;138
177;185
204;237
-144;194
195;107
183;170
-194;-166
