real;imag
-109;101
249;20
-118;-62
69;-205
-138;146
213;-200
178;186
145;227
227;376
354;270
173;183
-171;-239
338;260
250;-253
289;271
-213;163
-98;-313
212;-256
-229;190
-237;-202
-229;-180
216;-319
171;-241
-204;253
324;18
-120;-148
-139;315
-225;-207
-187;-150
158;69
-117;180
-185;-57
-53;174
-69;-163
-227;-167
176;-179
-164;-177
160;-161
-262;-186
-1;293
-172;123
188;-165
-120;316
-232;-244
228;230
-271;-246
-157;70
-120;-178
256;-112
158;247
-199;275
-250;-173
-153;152
276;136
-167;-206
176;-313
-203;142
263;-138
-199;136
-161;-94
-215;-205
-122;-264
-186;298
212;-281
-390;-258
377;282
-39;-298
-128;313
205;-168
236;-222
-336;-248
241;180
-94;-105
244;-183
123;84
-228;-105
-121;-179
181;-167
64;-61
161;213
183;-200
-102;124
-75;-96
164;175
323;11
-152;-123
167;229
-147;202
-137;216
-112;186
-146;103
-20;76
-245;-111
-28;253
178;169
-217;-178
229;148
-117;-175
133;-115
-170;-169
133;-213
121;-151
-175;-288
-255;111
230;319
-215;-154
303;-162
-117;-148
-137;-216
165;-177
-162;181
-236;266
-126;-214
-292;198
-206;224
122;282
-198;147
-293;-167
147;295
228;-233
129;-134
-341;-265
-291;-298
-123;-438
-135;196
-103;-333
-306;-276
320;126
297;271
-296;-119
-103;-221
127;-199
-150;-202
154;-196
-249;-215
-235;287
-184;-200
-172;271
-237;-44
-149;181
133;132
-212;-150
57;-183
289;176
-130;245
106;-11
70;-103
12;-140
56;-135
-109;178
-191;-131
175;78
-187;171
127;-157
160;183
-156;208
205;69
162;-126
-140;-164
185;156
-133;-135
-206;-323
-110;240
-359;197
165;195
-153;-250
207;355
-146;-145
-297;166
149;-294
-260;-263
280;-113
241;222
-243;138
347;-193
64;339
-165;-251
365;-230
-231;-251
267;-180
-197;218
-333;102
244;291
234;-70
-180;161
-105;-164
144;-227
252;290
-423;243
-279;-120
251;-291
-128;-91
-316;247
194;-272
-54;275
192;307
-198;158
-116;168
-186;84
177;169
-116;-119
-40;132
-55;-101
-93;171
-65;262
157;205
155;148
31;-211
-63;162
-139;156
-76;114
-150;-134
-108;-99
134;116
79;-7
-205;-158
221;110
-241;221
-180;125
160;-134
153;88
295;-185
190;218
240;-58
-262;344
-173;-342
-170;-221
-171;239
-272;-177
-118;-259
225;265
-310;187
-150;-243
-232;-236
108;154
-259;21
228;315
197;168
251;-152
147;289
117;-300
292;121
212;-338
-163;-483
173;-190
261;-296
151;118
-132;251
288;-231
179;158
-206;-106
183;-122
211;-228
-278;204
-339;-53
77;-261
206;38
234;196
-71;182
-161;-136
-246;-183
-126;-136
-118;-153
-74;-132
197;-280
-63;306
-142;174
84;-203
-100;198
-94;185
162;166
-238;302
-150;146
-143;107
-111;-193
-47;85
-247;-204
-44;75
197;228
-183;-174
-262;202
121;-240
185;-194
-227;134
-156;172
-130;-190
-126;126
245;-112
-83;-166
160;74
90;-163
141;-227
-106;113
-199;-114
-211;-138
167;-153
83;286
238;-200
81;199
211;-190
37;-289
-246;203
153;126
197;-214
218;106
72;123
-178;287
-129;273
-138;-132
140;87
122;-161
97;-131
-216;105
-186;115
-150;-201
263;159
217;-171
135;-131
-179;-166
-113;262
-67;-222
-166;87
140;91
86;282
-147;-191
-145;-106
155;-197
-173;129
129;168
308;-171
210;192
99;-203
-155;108
96;133
114;182
115;-166
231;-59
-146;-135
136;-130
37;-127
-235;-168
94;-184
-113;274
-189;221
-114;147
-73;167
-285;-91
-195;285
139;164
201;-114
-175;-254
110;-142
116;177
145;-207
-278;185
-252;-174
170;67
-191;210
-204;192
220;-172
141;-257
-220;232
116;-130
168;-180
-193;-76
-153;146
194;123
13;96
89;-145
-109;-157
-165;-171
77;144
226;-293
-128;-182
124;244
-162;-74
-162;-225
201;183
-153;163
-156;223
7;259
-132;-152
-134;220
-253;-94
-255;-220
196;-138
-271;167
-141;137
162;197
80;201
111;-232
-118;110
206;-189
131;82
86;-205
188;164
-142;-165
181;213
269;135
-66;140
121;-137
41;-198
-38;-185
-159;-84
156;-159
128;-211
-148;271
-44;214
-260;-269
203;-277
-58;-188
194;177
46;237
324;-239
75;167
-188;-190
263;299
183;-40
-159;239
166;-17
-220;-219
-354;155
-186;162
-188;207
215;162
-70;94
-188;196
121;148
219;106
178;-168
130;44
-228;182
94;81
179;-144
185;-95
-130;135
-155;81
-177;94
194;-125
-122;62
157;222
-275;172
147;236
139;289
128;200
215;-167
-166;210
-167;61
-226;123
209;230
181;224
-190;-95
-123;-185
-152;-158
105;173
139;-188
151;113
185;143
193;-78
98;135
-189;-118
160;123
157;83
113;253
-232;171
-196;154
-90;196
213;80
-207;-304
-119;240
233;-218
244;-137
-236;125
-287;230
-116;-200
234;-179
219;-130
310;-13
89;381
-191;-305
-285;245
-171;63
-185;-196
-177;-44
249;150
168;274
168;-229
241;162
-126;154
203;-164
159;-189
159;-198
246;-198
-201;239
161;-178
105;191
-208;178
-133;-175
-163;155
-211;228
259;-173
111;228
-166;261
-65;113
-37;-165
64;-126
-206;171
178;171
-171;291
207;217
-102;-145
-134;138
-155;-221
165;154
-98;173
-157;34
-91;-142
-208;-226
6;301
-262;-311
-183;-111
153;-220
-129;271
-117;227
177;128
-144;-172
156;261
-115;-110
-179;156
186;200
205;-191
210;143
-242;178
211;124
-268;127
-77;-202
-334;186
-149;167
284;-295
225;229
-111;-84
-89;206
-169;-176
142;32
176;-219
200;-89
-196;-118
87;-182
-179;-154
-254;-112
254;-298
-186;-236
-183;273
194;-166
-190;245
-197;-201
-99;-240
-184;-201
-139;264
-127;-113
-95;-114
-123;-142
143;-132
-247;-134
130;-62
-111;154
-248;-138
133;131
-271;-168
-101;156
188;-325
199;176
187;-270
184;274
-151;-151
-182;55
241;97
158;249
-107;257
243;-144
-138;-307
202;149
13;231
-179;118
250;215
204;-81
134;-279
-221;-214
-296;-148
-236;230
167;-265
-176;214
-155;-157
-159;-152
-253;103
181;-118
-225;-284
-237;-262
-209;175
-146;-188
205;-291
-338;-41
262;179
118;248
-76;-79
92;89
-140;-114
231;-176
226;-161
135;-191
137;-173
3;-63
143;100
213;80
121;118
89;51
-141;-111
-216;137
191;118
-228;230
-224;175
156;127
134;-186
204;-222
-93;157
169;-130
-159;173
159;-245
277;139
-229;122
214;-180
152;-154
177;124
83;-56
288;-233
138;86
-188;-95
158;169
240;156
-208;245
202;229
-48;-156
-122;-165
107;197
238;149
213;-154
-276;-143
-185;205
252;238
-83;312
-118;187
181;-301
-301;-255
-279;228
-289;-57
263;-181
288;52
-305;-235
274;-236
-234;-172
-243;264
306;234
157;108
137;182
-126;-156
66;74
-129;152
-183;-158
-129;-142
-140;171
67;70
160;-85
-131;-145
-243;-103
178;49
270;127
-275;-163
-226;-114
204;-283
197;-159
-188;121
130;71
-103;-130
-284;-159
-99;208
195;65
231;210
62;-160
175;-201
-217;-162
-214;266
-141;-244
216;-144
176;-68
-151;-129
-176;182
87;233
141;169
-188;166
307;-224
156;-53
119;-150
237;177
-300;-147
115;250
-140;199
-234;113
-159;261
172;-172
-194;221
199;373
108;-211
269;67
138;14
-218;-163
-200;-167
-185;-194
250;263
202;270
165;-93
275;-34
47;112
-228;157
-280;179
224;194
-3;-181
72;-231
275;-165
-201;167
-217;205
-127;-297
115;171
114;146
281;-50
-177;-178
180;-101
80;165
204;-58
96;-231
281;225
131;-154
211;231
-157;-296
146;-185
-205;159
-279;195
-245;93
135;217
222;-140
264;153
110;-239
-215;111
227;163
-168;230
-206;226
133;143
-114;260
245;227
-218;257
162;-177
-165;166
145;-295
321;173
-247;-191
328;-230
102;-237
-225;272
4;-88
144;216
181;-127
156;131
165;228
169;256
-256;259
227;-212
257;-191
266;-115
218;-190
145;168
118;119
-196;-172
-175;-332
-300;-177
-118;146
147;-180
-189;-236
-175;211
273;-170
-275;138
-170;-281
-297;108
146;211
-282;77
-191;47
-188;131
107;232
-227;-176
268;-109
-212;79
-231;205
170;206
-146;192
118;-121
-175;-118
-197;240
-189;-167
-116;-84
111;276
125;110
153;140
143;155
-84;-179
-201;-176
256;-271
194;184
-150;-165
124;128
-128;137
-196;-194
-159;-249
-53;327
-191;313
-104;208
152;-272
-175;-15
-90;318
-284;-236
119;299
284;189
-137;305
-107;155
-171;167
-242;-216
140;232
-153;-150
-263;-180
73;200
-198;-228
-294;219
256;259
139;-166
-152;204
-218;-236
141;-57
-286;83
240;-61
-209;-164
-136;161
342;-247
222;123
235;-231
-175;-201
-74;-262
-206;168
-230;-323
-199;-110
114;288
-215;-135
277;201
-209;31
-136;-308
-224;263
144;-98
252;-209
149;-180
36;194
161;-214
192;178
-163;200
138;200
240;134
3;239
-203;-166
215;-214
249;-229
-69;192
256;169
370;180
-171;-149
-206;120
-212;-216
-163;110
-228;-158
-245;-182
-204;34
124;-75
172;-147
142;90
-158;-213
-149;-118
177;84
-208;-95
271;-146
240;-300
187;-224
167;-158
256;-297
162;-212
-199;-176
-230;188
-224;251
214;-170
-259;293
-146;-236
126;434
248;188
199;-108
-207;-246
169;-196
-255;261
225;162
229;-157
-136;-303
-171;152
210;338
-129;-184
-239;-298
-42;-274
79;165
-124;-324
-110;-219
-239;89
128;212
41;-133
-219;-192
-167;-105
66;170
145;127
-104;86
-104;-120
-64;198
145;111
-128;214
-236;150
275;-181
227;194
220;184
-141;182
-203;194
-215;-121
-244;307
-141;243
147;-214
142;192
68;212
239;-302
-113;-227
-229;-186
-170;-42
-145;95
-230;-143
176;78
241;258
275;-264
-271;266
151;217
251;214
155;-90
257;-149
-182;155
268;-217
-205;93
177;143
-238;-226
222;296
-193;-149
281;161
-129;-217
-235;-206
217;-238
187;-177
138;-69
283;-227
-177;47
162;115
246;150
-114;140
-149;-161
79;88
194;87
-177;-80
86;-204
-162;-196
-128;-144
115;-209
111;167
226;-164
142;-185
-193;32
147;257
116;193
-179;126
86;127
103;227
186;-171
-277;-175
128;198
-174;213
-218;258
-178;202
75;-230
177;242
228;231
209;-238
202;345
191;-300
-103;224
-217;-305
226;-299
-175;-231
155;211
107;222
-227;101
-194;-281
194;-191
-249;164
-140;179
194;-76
318;-152
158;196
161;188
30;195
-181;105
67;-139
-14;-104
-152;160
-64;48
-127;-91
-145;-131
-79;179
-141;107
127;-177
-111;216
-169;197
-117;-75
-100;177
-139;176
84;-173
-131;126
194;70
-161;104
122;103
140;279
161;-125
-136;-103
160;143
-151;-156
-180;-220
194;-276
-202;-274
-58;-184
-220;182
197;130
-271;-127
-171;150
225;192
-205;-174
-137;-254
-192;176
102;-216
-301;111
182;-247
-159;162
210;163
207;231
213;156
-212;-169
-328;-121
97;219
-179;-106
-161;134
18;-238
-119;-154
-199;176
200;-163
211;-132
198;-106
275;-82
-119;-11
171;-176
133;211
67;-182
-110;156
166;167
125;-195
-104;214
49;-123
-112;139
-254;-107
-143;161
132;-218
-214;-87
94;93
166;-165
275;7
144;-58
-123;88
-130;93
-22;153
208;-194
-103;-177
-209;181
-96;-62
-246;92
123;-161
165;-190
-218;-227
-261;-159
-185;169
186;-218
248;74
230;270
-229;-165
184;-196
-155;87
-98;-42
-123;-205
-193;-94
-155;-206
-188;-247
15;-179
140;266
-341;-234
-124;-157
171;192
354;174
137;307
213;151
-188;169
-288;41
-201;197
108;127
121;-241
-198;241
-267;102
-139;176
288;-74
-95;135
221;-141
149;-111
93;-94
-302;-182
117;210
175;244
164;106
216;-269
-170;222
-115;-152
-99;205
110;-214
-111;146
89;-59
141;171
60;-127
-182;-277
-127;-3
-154;246
-118;-159
185;-269
-209;-95
165;-164
-49;-160
-23;181
-183;101
-132;-98
124;-100
-147;188
121;261
154;-240
-139;-267
204;253
126;-81
-270;-279
137;-161
155;103
158;190
-145;187
218;-141
-202;201
172;236
-210;-249
-81;-137
138;-154
-129;-177
195;108
-179;106
302;-330
223;-267
202;83
165;-112
216;-136
227;-192
226;165
124;-209
196;250
167;-91
-202;-178
-102;140
217;-216
-123;-156
-201;-92
242;-185
-110;100
-170;-147
-190;-112
81;150
-189;-96
117;-103
148;163
-165;188
226;83
130;-201
161;107
173;142
-199;-130
270;202
-193;140
-225;93
126;177
196;-150
-157;351
-145;-91
-222;151
-258;40
-229;219
123;200
-300;-183
207;143
44;-135
103;-6
150;185
119;195
-174;98
91;-115
-207;177
205;-252
9;-183
-60;-341
196;262
-198;231
304;-216
-223;383
-328;173
255;-94
219;238
270;-233
194;-162
193;142
-152;127
-215;238
-219;-237
-255;336
154;-153
-11;-131
187;254
213;-176
-183;129
148;-84
200;189
228;244
161;-140
127;110
-165;-80
-151;-85
-119;-206
199;169
-217;-82
-139;83
-159;-251
-174;-254
-234;-132
-88;196
133;-146
-154;230
-232;94
-203;-190
83;436
-174;213
263;224
-222;-166
-364;458
-65;-252
-70;-400
213;222
-234;261
202;120
-296;320
-135;-267
-190;219
224;-123
-316;-229
-277;-227
174;-143
248;254
-142;-211
193;122
-83;-146
227;154
-233;195
-70;107
177;-256
79;-288
-133;119
63;-132
-198;105
-207;-147
-289;100
124;114
165;-197
250;-115
-250;-291
252;82
-351;234
244;187
178;250
-182;160
194;207
259;-183
253;-214
200;173
-234;-233
200;151
-288;152
195;-165
-216;167
138;-153
-240;-218
131;130
122;215
-266;135
208;259
115;-167
220;-231
199;300
199;107
-238;-224
237;-136
-219;-183
-198;-175
135;265
273;-151
-176;-340
82;-166
375;227
-211;211
-327;179
-269;109
-359;58
-338;-199
-168;231
-155;-141
-166;208
-72;-210
159;-136
-255;-139
220;-87
-140;213
-232;123
-183;-134
237;-106
270;213
199;221
-257;-87
76;-245
135;-204
-193;-208
-114;-126
322;-103
-245;-306
300;188
317;-301
-361;-163
-200;155
140;230
77;275
98;209
-101;96
284;218
49;149
-227;-65
-167;259
-68;-181
123;-113
259;-263
-61;-91
-142;166
253;153
203;121
-151;89
266;-76
125;-142
140;-169
222;238
-187;-138
120;254
-307;147
-135;179
-196;156
239;1
-242;189
90;146
205;-151
218;120
130;144
-138;-265
-165;-176
-48;-176
167;100
176;148
96;-119
205;-160
267;225
-181;402
-202;127
109;276
-142;-71
266;-106
245;-135
-128;77
-269;194
-104;-219
175;67
234;196
76;-187
-238;-186
100;-149
277;151
150;-205
215;-115
196;90
158;-124
212;56
-229;-221
160;-142
-156;183
-180;112
-218;150
198;209
236;-251
41;254
207;-140
-202;153
62;39
-208;130
-234;153
94;193
-202;246
153;239
-283;144
109;-275
-108;195
206;-72
106;175
-141;-246
179;-189
199;-167
-111;143
173;-102
267;143
305;-176
11;97
153;127
79;164
-170;83
180;-169
239;-133
126;-155
27;-128
125;170
146;176
-142;-293
-172;-156
-235;-223
-182;210
303;-152
-196;-289
-306;103
361;-78
-98;209
-162;-137
-249;117
115;149
-73;167
-148;232
-100;135
260;181
-167;-128
126;-199
-203;252
-207;185
143;129
-184;125
242;-110
-205;-242
-207;80
-161;-197
-115;-119
129;163
158;129
197;225
141;228
-104;-183
-171;-194
233;-154
147;213
-312;-173
221;127
-196;206
-174;-200
-197;-244
-121;187
-151;165
-207;119
224;-172
-296;-181
-209;158
-201;-261
137;285
122;280
-271;148
-247;81
-259;189
-88;-225
36;220
-116;-96
-157;-111
134;252
-196;-181
-143;184
89;221
210;-154
-273;81
-191;-286
206;-227
-84;277
235;-321
-165;-154
-163;310
312;-135
187;249
55;-96
-206;-161
-203;-100
-61;232
-182;-208
-130;-186
67;226
-198;-173
171;253
-170;-111
-119;-186
-149;233
187;-185
81;-203
137;-100
175;207
120;-84
118;269
-218;100
162;79
263;144
117;205
-173;-337
222;-183
144;-220
-231;123
234;105
70;84
-180;-181
-107;192
-33;-175
-93;201
-131;-165
-214;-165
-245;196
242;-181
197;-173
13;333
-156;-328
-166;-278
181;164
-108;-214
244;-62
219;-113
200;-115
314;-15
220;-84
200;-143
-122;-80
-167;109
-100;273
278;-131
-276;268
-97;-264
371;286
141;176
272;-109
-220;-250
74;-273
-193;284
167;88
188;-162
-322;-143
-247;208
172;171
-123;-117
-151;-209
-203;-247
166;194
-109;-207
-175;-115
-185;178
85;204
89;-186
-191;-208
-27;-302
40;294
164;224
-293;62
-355;-180
-171;46
132;225
-125;173
-145;255
138;-222
273;132
278;158
-207;230
-347;163
-207;-189
-255;214
-175;93
200;-156
175;202
113;245
216;-95
-4;-190
-228;-141
-128;-248
-184;95
-166;-126
144;164
88;194
232;-138
-208;153
167;210
108;229
235;-9
177;-33
-148;163
117;-140
-217;105
134;168
-55;-47
161;101
-170;-157
167;303
-252;-242
-158;-246
190;-320
120;-295
148;-292
169;-270
-172;189
384;22
179;128
-141;154
-287;-117
138;224
119;229
-160;-290
136;-121
-176;-116
-163;-284
227;-138
137;174
92;-200
100;-187
-97;204
164;147
99;106
-112;131
175;145
68;253
182;-136
-128;-204
128;225
-238;122
-133;161
-162;213
235;-249
165;126
193;44
112;-193
279;112
174;-85
-142;185
-204;-225
54;-202
-248;-152
289;267
233;87
-306;293
-239;-115
199;-352
-171;466
-191;395
101;-276
77;-276
219;184
376;277
365;135
-158;289
245;-313
-325;-99
-174;188
-202;132
-178;-51
-208;-269
-268;130
-280;247
279;-250
-172;119
-226;187
-85;-235
-159;150
-137;146
191;-154
-171;172
172;188
-178;152
197;237
175;235
235;-258
-180;-234
150;163
-210;-96
-94;-115
72;-164
-142;-178
-64;-147
-46;161
149;109
-66;-141
-166;81
147;309
-110;-174
-162;-28
-156;118
196;-133
-184;222
126;-224
-153;270
301;154
152;62
252;157
-205;-336
-170;-158
191;192
-298;-176
-239;280
-121;-256
-156;9
-308;238
266;-150
241;-172
150;-491
92;-171
-155;409
206;-211
371;30
101;-339
-140;215
231;150
300;-318
-163;351
114;-246
-149;227
-268;-329
-138;182
117;-118
-236;-167
206;303
139;-113
281;176
210;-80
-164;215
-298;253
-132;167
85;-131
-254;-209
-132;90
-107;-149
-134;125
173;-193
68;-283
-159;-75
-95;-105
-109;156
102;-177
141;173
123;211
-98;-232
145;-123
-170;258
-242;-267
-116;-74
-104;-279
-192;-200
-172;-239
141;-164
128;139
-160;-63
-221;-309
80;242
213;209
162;204
187;177
-279;282
-198;263
-139;321
105;250
148;-109
-15;219
-192;277
-225;326
142;-317
-159;380
28;-301
130;-277
148;-259
-252;-136
204;34
257;183
92;-3
123;-207
-53;250
-201;-394
-115;340
97;-225
-290;188
110;-256
295;287
295;-237
-97;-261
-271;-173
-107;242
-219;-179
261;-140
-136;-232
300;-179
-195;-189
-331;153
-203;174
-223;-190
186;-183
-114;82
214;75
163;-211
-197;-112
57;124
187;-135
-123;-85
206;-168
124;118
130;174
-148;78
67;-53
-98;53
201;193
-285;-132
-163;-299
131;-257
-287;-45
316;183
-168;179
222;-355
113;-190
233;229
281;-237
159;-263
254;-359
147;111
224;-266
249;248
10;-293
-200;-106
-229;260
187;-166
-328;-123
-307;-119
181;-270
-201;337
-242;-164
-193;-160
277;133
-199;-167
218;-103
92;39
-108;225
199;205
228;-236
239;286
252;234
-260;-178
107;255
-219;42
-219;172
49;115
175;3
-127;171
-199;-330
-203;55
-175;279
-249;311
241;89
-210;-201
239;106
130;-184
226;172
85;189
300;148
-183;132
142;-216
-337;210
-33;-195
72;-253
-95;-197
151;228
-189;189
190;-69
-310;115
-313;22
286;-267
131;145
419;-23
198;-232
134;233
-291;164
-320;309
-202;-237
-269;324
128;-110
-98;-193
77;129
121;-206
-275;215
219;-131
171;64
89;55
200;-172
237;134
-159;-204
-269;-144
-58;-263
173;252
-111;-280
-114;289
-225;-165
-113;-186
-165;-141
-208;232
168;-209
-190;112
-157;155
-172;-160
227;101
-118;221
222;110
-128;-90
-185;150
-238;-278
-247;-218
124;149
-162;186
212;202
-156;133
60;-298
-252;158
329;-120
-143;-240
-145;-245
220;-104
193;396
-135;-191
165;260
-260;-216
33;148
-340;86
-185;196
218;-330
176;-140
-136;272
301;-159
-135;140
-252;-79
-134;202
267;51
61;-269
53;-314
-159;-103
129;165
-269;136
230;192
184;151
-106;264
148;268
136;-221
390;-156
195;235
-268;-194
182;122
-155;145
218;-185
-152;240
123;-140
-115;-312
349;118
233;204
-234;280
186;116
92;-167
129;-171
132;151
170;262
-52;-263
216;-129
-144;-228
-154;-186
87;82
297;-120
-157;-164
255;-149
180;233
-197;132
-254;200
-297;213
-209;170
-120;-244
-298;189
-116;-305
-231;192
-87;-343
285;-265
-187;-254
199;-113
-158;197
-26;112
-188;-252
147;-232
80;260
292;222
-115;-341
238;-181
208;-319
-222;-238
-281;-153
158;-205
-243;-287
301;100
131;-185
-197;-163
-198;251
226;89
258;187
283;136
-163;64
211;181
183;194
-118;-143
-200;166
-147;-161
192;-87
215;-127
-228;-265
-226;224
122;282
128;223
-137;163
123;-288
180;-100
252;-116
170;134
-19;-203
215;118
-203;107
-139;185
-223;250
220;-302
-303;237
251;194
231;-56
232;256
125;109
-126;-193
-189;-95
-192;-117
147;115
260;143
46;-307
240;-222
222;192
-143;134
-190;154
183;198
-153;-260
198;-79
195;-187
-228;188
-135;101
-141;-202
244;55
155;167
123;-106
-150;-84
204;-108
-1;280
233;-244
231;-188
225;100
291;-188
169;167
-210;-235
299;-249
-125;89
-181;306
-238;237
267;217
175;-193
203;171
117;-62
-264;317
171;231
-276;316
-197;195
196;275
-175;158
278;124
-324;240
219;-213
-187;202
173;-111
273;162
-215;-305
184;-309
150;-232
-143;191
56;-254
214;178
24;-152
251;152
144;164
247;17
-95;152
213;-252
14;-161
198;-296
69;-256
221;84
143;71
-141;-317
-30;-209
-269;-175
-181;81
191;-132
-238;-301
-371;102
183;-121
-201;190
-106;-223
-217;199
251;255
-285;217
-188;173
-242;179
227;232
-244;-79
82;-204
-171;80
-201;152
207;206
-192;144
260;-258
-164;-75
-185;170
-140;-164
-203;-254
96;171
228;267
228;255
196;181
-92;-214
-217;-229
213;-84
228;176
-204;-249
207;218
-170;239
-163;-249
-222;-322
-50;206
-173;188
-243;114
235;-277
-221;-204
-138;173
-179;-145
203;253
245;160
-237;247
-74;251
-66;174
-207;-40
264;236
-208;-156
-201;-171
134;9
-336;-57
59;262
196;110
153;-203
-206;60
-40;-212
149;-156
-156;169
257;-178
-194;-194
-244;121
98;-125
-9;100
292;-233
-95;-163
-299;-222
-161;194
-141;-173
-140;-166
167;287
-74;-261
115;175
-63;-194
-206;-245
-227;90
234;-127
184;-210
254;-276
195;247
105;-182
226;115
-203;143
71;227
315;161
181;277
-233;-156
322;-141
289;-412
-234;214
70;307
212;214
-329;-420
-243;206
-123;-267
-270;58
-193;-143
-119;-98
-224;170
177;-140
293;-199
230;203
-105;-34
-267;-172
159;207
-241;-139
114;-188
153;-229
125;-327
153;-151
148;-269
-7;-323
-249;-121
-101;238
-211;155
262;-251
-243;235
-84;-239
311;212
160;245
286;-180
-244;-261
234;-132
-265;112
248;335
176;-130
-70;-214
-251;105
192;185
-172;-261
-207;-158
-106;-252
98;187
-95;-169
-141;-184
-210;218
204;271
136;-70
-45;-240
-259;-250
140;127
216;98
-225;174
-212;-197
-213;339
243;212
-208;72
-382;224
173;-211
187;326
73;346
-328;386
-257;102
-345;-161
-206;204
-183;260
152;-114
218;221
161;233
246;-143
-171;-119
-131;-156
-111;-132
-185;136
-219;-116
277;132
216;-14
138;-260
-26;271
222;101
141;124
80;-322
60;-326
-136;224
302;-153
-210;136
193;193
-117;-217
169;265
-160;-229
162;189
-221;-190
-236;-295
161;-327
74;-281
61;-184
266;-135
-131;132
73;139
169;254
-120;269
-204;-140
263;214
197;250
-214;-230
109;-241
-206;-84
-178;-83
220;-152
114;231
164;-188
183;-125
-127;96
32;224
187;327
-137;153
165;204
104;302
248;-63
-264;-189
200;231
-241;176
-102;215
-156;205
255;-112
72;163
239;160
59;-307
186;141
11;-169
-68;272
-226;-202
108;-189
-262;-140
223;141
166;46
-264;292
-150;-253
118;-167
-139;134
-155;226
200;-206
153;-207
227;74
290;219
252;90
-24;120
189;-297
-219;-91
-211;179
-190;54
-163;-210
-287;-155
-201;127
7;147
182;-233
-272;287
-177;215
-124;-180
-162;160
-287;228
162;-84
-149;112
77;223
-218;145
-33;206
118;158
251;-68
-273;-106
268;170
-70;-99
-151;-251
204;-326
-14;-97
-237;-118
-244;131
305;225
-134;-148
-201;134
127;186
-156;-255
-70;-248
-269;30
210;-268
-261;243
101;-157
-162;158
216;162
251;272
165;184
-134;-150
-171;-166
134;119
-203;-5
-25;250
-146;-93
-85;-85
-111;122
159;-246
197;-108
167;-217
216;-303
-124;271
53;-118
331;158
205;-84
-168;158
178;192
312;-214
-140;183
64;-224
-106;122
-176;-296
-80;169
112;-191
-149;-167
249;151
208;-204
113;154
157;-321
-191;29
-299;65
-139;101
147;-164
-133;-216
-208;331
-139;-270
-161;229
193;-136
219;-33
-213;-163
-287;-235
-239;230
249;-182
200;212
292;195
-236;-232
306;-88
-171;129
-226;-164
-271;-213
-114;-242
-177;-104
-70;-192
172;-181
61;180
-186;-130
-217;-137
212;83
228;250
230;144
303;166
-227;133
-120;105
-62;275
154;237
170;-224
-113;138
-223;255
-15;56
136;-129
-183;205
91;-206
179;-226
152;-249
-188;-175
246;303
131;112
343;60
192;-72
-133;262
-189;-212
-160;224
154;-146
-175;161
205;-215
291;58
170;-184
-8;-156
-120;-145
-214;251
-169;-229
165;-170
-174;-187
237;-136
-114;-143
-235;244
-248;198
-212;-188
303;-201
-316;244
162;283
222;-116
-163;-167
201;251
351;-197
-173;-55
289;-124
287;66
113;181
-181;177
174;-123
-210;192
252;145
-133;-150
-164;-136
369;-139
-122;-258
140;351
-245;228
106;-218
62;-231
198;72
226;-134
194;-231
162;-236
155;108
246;-212
172;109
280;-136
-239;-136
-69;168
125;-99
-159;-135
-226;-179
200;-163
-182;141
-144;-340
-266;-304
283;168
-117;-339
266;-289
322;169
-229;19
316;233
118;-130
161;154
260;77
-87;-168
251;218
-140;158
-167;64
170;143
78;-248
-271;200
-168;-150
-102;31
-105;28
-243;131
229;165
-189;-255
164;231
194;-235
214;100
220;219
43;93
-50;215
118;-234
-287;95
180;-276
113;-199
-147;-130
82;81
-219;233
108;-10
-99;74
-218;127
169;-99
210;235
203;-48
104;-232
227;306
-119;198
-154;96
-183;-133
-192;192
215;-83
-230;-157
93;290
70;-124
-184;156
248;-219
68;189
177;198
178;-115
146;144
-211;-268
-114;-288
-165;-202
196;194
-220;-184
-243;176
-198;-158
-132;-184
-251;-295
-137;107
117;-107
-182;178
-38;116
-224;-216
184;240
-189;77
253;148
-227;-158
-169;219
-160;-153
-136;-128
177;239
-142;52
131;187
-168;181
-130;-154
-276;151
332;-153
-107;-152
-134;-148
167;-227
183;235
-209;-229
118;124
-169;-114
222;211
-259;198
-209;225
181;-115
96;-226
-205;261
118;-223
-159;139
-179;-158
-108;156
220;145
155;-42
201;-288
-262;-184
211;95
-218;225
160;141
393;193
-242;293
213;439
243;-223
154;-79
267;202
-168;-168
149;164
-108;179
250;-265
-218;197
160;-213
-111;-102
204;92
229;137
-165;238
224;190
138;-127
115;-202
202;106
203;239
-231;-141
175;-189
-179;-93
-85;-109
180;197
249;-184
-226;-212
176;-75
34;106
-174;65
-292;181
-229;129
-111;195
-124;-85
-169;176
-165;-206
-198;155
-169;-75
180;-195
-267;-223
229;-55
-182;235
-242;-4
-145;-178
129;-221
127;126
206;172
-113;-220
163;-174
215;-274
-153;-175
-204;-185
161;-164
-167;-169
242;199
132;-279
-226;-188
-176;267
232;214
154;153
219;277
-169;229
232;228
212;234
-133;-161
97;155
-117;-163
-63;-151
43;174
-121;-132
-230;107
-93;-83
194;-192
-197;142
-90;-111
185;209
-139;147
263;-224
-276;164
113;-262
-181;-349
284;182
-219;372
-255;260
-150;189
248;132
-212;189
-175;93
-184;-119
96;58
-274;-164
-107;150
-164;-196
55;110
74;-221
114;109
153;-70
218;-89
237;-182
-135;-162
189;-170
-170;-111
-105;-220
-160;111
-199;-141
84;115
-133;-140
136;-113
136;-142
-182;108
-84;-135
341;-162
198;-164
-190;-136
-202;-319
-220;123
-196;-257
-78;-212
186;100
216;135
205;-128
179;164
149;-219
191;-101
-267;-162
-187;210
-242;196
-296;215
-209;-217
331;132
110;-260
149;176
-205;-97
-302;-154
-102;-256
-283;-204
169;-235
-64;197
-170;-58
-206;-157
-54;115
-225;167
171;-156
-120;-56
226;-131
233;-167
-166;-166
-213;-200
-81;153
21;-197
229;266
157;123
-152;220
-243;-110
166;206
234;-135
-37;-118
224;-238
-170;170
-195;-119
-109;-217
-100;68
184;-115
101;67
-154;-87
177;135
71;196
118;-142
143;118
-89;7
158;204
231;-88
137;-204
168;264
151;144
-322;161
-258;232
-144;-169
241;176
207;-80
88;152
120;171
-118;-211
185;188
111;235
-153;-96
-104;298
290;333
317;94
266;-214
-160;140
-162;-222
175;299
-163;-272
-101;45
-155;-95
-341;239
-117;227
257;-299
151;72
-109;223
-151;190
207;-77
-179;-104
-135;-212
-159;-214
286;-198
167;-214
194;-212
-123;185
-184;161
233;308
-257;-147
208;97
-205;121
-80;-108
-96;172
-52;-178
180;-39
149;240
198;-112
-220;14
-121;114
78;-65
105;136
-207;-196
-102;178
138;-209
148;122
120;-133
245;-215
-170;-150
33;282
-134;-208
143;121
-256;240
-230;87
155;-190
-216;146
275;-149
61;-130
-138;-38
163;170
-149;213
-263;-274
144;-161
-164;-128
-188;-266
-370;194
113;-276
262;-277
-32;-261
356;-225
-112;160
196;167
185;-291
125;-184
206;-240
-209;-274
130;-192
-227;-158
-182;-219
113;-196
209;-215
-217;-247
190;313
-266;77
-197;185
-188;236
184;-201
-209;127
-170;73
269;-189
-146;210
-125;235
-84;-90
-173;158
-66;-115
151;-123
126;-68
-157;141
128;229
-170;114
-164;-29
211;-190
-178;147
135;210
292;-137
39;19
-166;91
-93;56
-119;-187
-119;107
-132;-161
-107;91
88;118
171;256
171;-179
128;-220
-246;-114
173;-199
-193;109
245;-240
174;-268
284;245
64;-116
-165;136
150;-202
-152;42
-232;-180
-234;-184
274;203
226;114
-113;-175
-317;-249
-140;-258
-241;332
-147;233
216;-245
-168;185
262;-127
-173;272
199;-183
46;177
-142;-131
-282;-122
243;75
162;135
142;-124
90;216
-282;-132
153;59
-80;224
239;46
-326;-79
288;-195
-101;-229
-156;175
-222;164
235;-162
-243;155
-219;-223
-141;-173
165;139
-282;160
103;-282
-252;-197
189;215
297;-223
349;-284
204;218
194;92
-223;-78
131;-164
256;304
127;-294
108;128
-180;149
-184;179
218;184
227;99
-218;-252
-252;137
238;255
281;139
-227;94
-260;148
116;-151
-212;-158
148;127
166;341
282;176
240;166
209;240
-337;-147
-83;-214
98;107
-99;-205
-124;-208
229;183
-170;95
-199;150
208;134
-71;-179
168;212
-317;-310
153;-108
203;-149
207;202
271;-358
-113;-172
143;-185
165;-303
-158;-112
55;-183
-233;-244
297;179
-174;242
364;-326
-158;342
121;190
-224;-393
-328;-195
-230;170
-129;-245
89;-223
-280;-246
214;207
-241;151
-253;12
-227;-214
-156;128
-361;151
-123;169
-188;220
-198;-217
-215;31
186;164
158;226
-221;187
-302;83
-206;201
-290;281
200;-255
159;-96
212;-236
-173;210
156;-221
-53;-124
-210;-187
-157;-172
94;300
-159;182
-92;-149
243;255
235;-71
152;-232
164;213
235;158
-76;-143
-203;-330
220;-187
114;235
-86;153
-130;-172
-119;89
-174;355
-170;-276
-98;-122
303;232
284;246
241;-305
211;-138
247;7
277;-247
-351;244
-231;-197
-239;-311
257;-119
240;392
258;301
-285;-152
-141;-335
-317;295
-81;-293
191;-140
-280;136
150;-120
232;-222
120;217
-180;-157
177;190
-232;18
-374;209
178;-210
255;-151
-78;-155
-64;-258
131;175
-228;203
-176;-298
-251;231
228;-325
69;333
-233;164
173;-137
-71;-184
98;-173
205;-135
177;-197
187;-106
200;71
186;228
228;-97
-134;-152
97;292
115;-227
266;-168
-113;168
195;-153
194;214
136;308
51;225
-226;-155
189;-164
-309;156
-92;143
235;-214
-294;133
98;-141
-308;-186
-252;-206
254;345
324;229
-320;-262
88;-282
-347;281
372;-168
292;-130
308;301
300;-134
-167;-194
-168;-310
122;-177
102;71
-184;153
222;-172
152;163
91;164
152;159
-222;100
139;-91
-252;184
-244;106
-166;-206
255;-183
150;157
144;-215
-203;-218
225;-298
-127;-263
-219;190
196;-236
-278;-253
-123;214
217;-162
-99;223
190;-94
-148;-259
-244;156
125;-57
188;219
-151;-177
170;157
91;-102
-193;-265
149;249
-245;-76
132;145
-119;149
203;-194
-189;-236
-209;77
108;210
-228;88
-206;248
239;147
183;-175
-181;218
-200;-209
78;207
-21;-201
-314;-181
214;-211
-217;157
-126;-271
-224;160
275;-216
333;109
236;-142
132;-171
145;61
-234;276
-148;-340
-145;113
178;-238
-89;-200
-215;-52
-149;196
-314;253
-188;65
223;326
-133;-212
-230;-225
282;-162
-163;126
-208;153
68;-205
252;-316
-187;187
-182;242
196;186
-159;218
-161;-203
246;-248
-262;-130
80;-274
259;-278
81;-50
93;114
168;-201
-104;-141
306;-300
-230;134
-259;122
219;-146
-149;70
195;169
-308;-91
-230;-112
-35;-190
-151;200
-202;-69
43;-203
219;222
208;179
190;-299
90;177
256;-107
253;-159
-168;188
-179;196
-215;104
161;187
155;-153
236;-168
230;-229
-200;122
-203;-240
-230;133
-163;252
214;-239
-108;148
129;-242
178;149
248;-177
148;169
-211;-244
189;-216
192;245
-232;-211
-217;164
192;146
-176;79
196;116
119;49
235;206
-144;-140
165;-153
99;-50
-202;-278
-223;-152
13;113
119;215
142;-134
143;168
111;120
146;-243
185;-287
164;-151
-151;288
-200;210
-152;-207
-129;-176
69;126
191;-137
-264;252
-122;-135
-252;206
275;-209
152;-110
287;214
-109;-113
-7;268
-196;68
194;164
-159;-297
245;-148
181;-176
246;-118
228;211
-143;-165
-80;-260
98;-24
-228;92
-215;176
203;255
97;-127
226;197
-229;218
-68;-57
182;-157
206;199
-185;106
-214;3
-182;-252
-227;-213
-236;-218
241;-85
228;177
165;236
204;-189
-158;64
257;113
82;-147
233;-209
239;-139
283;-192
162;-265
-138;177
-98;69
-117;277
-215;-242
296;213
-167;138
236;-84
243;-184
201;-180
291;-244
-152;-284
250;160
117;-338
-162;-139
281;-230
-249;197
162;206
-271;211
204;76
233;269
-150;108
177;167
68;301
300;-188
-180;182
-168;153
160;147
-56;-212
-182;-160
120;191
-158;-283
-200;-173
-199;-224
-115;167
-224;-113
390;-157
-96;182
-26;-184
275;-168
117;-120
-228;-220
-147;132
63;162
209;131
-124;87
86;-205
207;-65
147;-198
107;260
-170;-219
147;207
-74;372
-263;260
-297;159
357;-215
-148;264
265;204
270;-143
160;114
256;16
-235;-133
-311;-244
-104;-126
212;264
311;325
127;-109
168;-237
175;167
-76;156
-208;83
154;173
-223;-247
209;-142
128;-235
-266;162
-97;244
-163;-112
223;197
266;165
183;-145
-187;-194
104;-149
111;217
244;-151
93;-84
112;71
162;-106
154;169
-172;-244
157;-126
-165;161
-68;215
-166;107
74;268
198;-83
199;77
169;-280
-160;152
184;130
-146;188
-103;194
259;244
-130;103
359;228
-217;193
145;-118
-152;323
184;-200
123;150
-223;-171
202;-240
203;-136
-265;127
124;-145
134;112
257;-329
173;81
239;294
185;193
-118;278
298;-224
121;-190
164;-182
175;-245
63;121
412;275
-123;-123
-146;-126
-394;-56
-114;140
168;-175
-218;-210
-248;218
165;-157
-81;169
-234;-146
-184;132
139;185
-247;189
-230;237
-236;230
92;176
-107;-242
185;-145
-146;81
-102;325
271;162
-213;123
140;-143
-129;-180
-208;124
-151;-245
-219;-213
143;169
106;318
174;146
170;68
-216;-93
-219;-182
166;-180
132;168
-217;-162
202;293
-318;177
-194;-297
-80;-196
-285;218
-267;201
-49;241
114;-175
-216;-168
-174;282
-230;-184
226;143
194;67
-211;162
-221;298
-168;269
-218;-61
282;174
-278;-178
-177;-164
227;111
-210;-173
-203;270
180;225
240;-153
-85;131
-219;-200
189;-122
-332;161
69;-248
-246;-104
-88;119
180;-118
286;185
221;-68
-212;-169
-242;-222
-264;185
-103;-196
-225;-196
115;151
-161;-240
179;182
-217;-161
-115;-99
-103;110
251;-156
165;-269
184;-134
200;242
145;-158
150;280
-125;145
127;336
128;129
219;73
-232;-225
230;-112
282;-163
-184;300
287;303
231;195
-361;-232
-198;211
-171;-91
-224;216
-77;-76
-282;-282
-115;222
207;-76
115;-196
247;164
-267;-119
-161;-98
227;131
-247;-86
289;-209
156;-343
222;-257
184;-178
185;-209
207;-228
-109;-175
-232;215
-123;137
274;-130
-215;115
-124;-153
76;187
253;95
113;-269
-221;-143
235;-124
-167;88
202;116
140;-91
-175;-137
-217;273
78;191
-137;-199
-162;-156
-143;-149
218;172
-172;-191
-192;-136
-133;-23
233;190
117;-175
-130;-278
-124;-215
187;228
186;119
-222;208
-123;-165
-255;78
152;146
-121;255
-147;117
133;-119
23;36
198;252
-314;226
-184;160
-186;-148
-263;237
-255;151
185;-239
275;172
245;277
182;-229
-271;-135
-314;-192
-322;-196
-222;298
-189;-155
216;132
309;181
106;-256
-272;200
71;133
120;258
134;-314
206;-340
-202;255
251;-159
-203;252
167;260
-66;-254
195;235
-186;-195
78;284
-163;-114
-154;-145
187;-127
128;-167
206;-162
160;-242
-230;282
185;186
125;240
-164;114
-233;-272
217;357
300;123
-261;-142
154;-240
-167;-172
-160;-126
242;-182
221;180
130;-217
114;-352
-267;320
199;73
145;120
-114;136
160;246
168;204
197;-216
-71;-203
141;222
-85;97
-169;160
-261;111
138;-172
76;192
202;237
168;-194
286;195
240;-231
-265;172
-175;-149
220;-112
-247;-95
174;66
213;212
-116;129
-255;-148
232;-234
-226;73
-230;188
240;-259
101;-264
105;125
204;198
208;138
-117;154
195;-97
-159;-259
-141;258
-311;233
-260;-260
-210;-101
-175;305
-182;146
75;-309
-254;295
-121;101
-282;-187
-171;121
-200;211
289;-337
-299;41
44;178
-273;173
290;61
88;242
275;-234
-325;-256
312;78
-281;-114
-272;-234
136;-187
-154;-210
-60;-187
-254;115
166;133
-80;-209
-104;155
155;156
-163;-222
-188;-102
-247;155
229;-202
-211;248
213;-222
-197;247
205;103
89;90
145;195
-209;-133
-248;-123
227;144
-160;-198
-107;262
-271;-241
-126;-44
-327;178
82;-185
173;-202
101;-158
195;-199
-215;111
160;-57
184;244
198;-292
-121;144
203;274
92;-139
-229;192
205;-139
-220;145
-276;-223
-168;155
278;-260
-213;-121
81;70
176;-159
194;281
317;-168
-298;276
-139;187
-134;80
150;-279
-272;-157
-252;120
-277;-107
-223;212
193;-296
217;-195
-295;-211
-243;-86
-133;160
136;-197
131;209
56;269
-248;-200
176;-104
-77;49
-177;-146
-107;-283
-125;-299
-303;-84
-237;-204
190;-210
208;249
-224;-183
-218;-236
231;173
203;274
106;63
48;92
-168;223
-141;225
-174;177
178;38
124;-150
-286;168
-194;160
-183;202
152;-168
-263;197
223;-179
111;-175
153;-130
-186;-173
264;80
139;167
169;152
148;-122
-163;180
-167;-110
-195;166
202;-271
-214;120
139;-215
238;302
114;-320
-236;-192
-190;-308
-205;178
-239;-175
237;-206
-271;-209
149;-38
-248;-160
-251;294
-74;263
-264;-307
333;-190
-90;198
306;179
171;-269
-257;-364
71;123
266;-181
-120;-111
162;-181
230;126
157;104
-321;163
138;-185
-210;155
254;143
-107;-179
-156;-126
184;-282
-95;-168
159;200
-227;239
92;-177
-89;-287
293;303
251;-291
199;-225
128;-225
127;112
259;-191
179;216
96;-393
-193;-193
-142;222
196;-188
-143;-207
-262;-111
150;-226
-131;156
-271;-210
-46;-170
235;162
-345;-144
190;-220
266;236
-194;286
224;100
114;-193
248;123
253;279
-117;-262
253;184
-219;174
-194;223
193;102
190;-281
-78;214
-93;-239
-161;319
-116;205
-181;172
167;101
-259;-234
308;205
225;-349
50;356
99;30
130;195
-138;179
118;-255
-225;170
271;-272
114;-223
-19;-211
263;101
-141;118
269;-235
-187;181
-135;194
200;-206
389;213
211;-209
140;-289
154;169
-253;161
-89;226
-216;-282
-135;120
142;-281
-223;-230
120;156
170;-277
-118;186
101;-201
190;155
157;61
175;-258
279;177
-293;-132
-300;-80
-286;-72
256;152
-247;-79
-128;242
-168;-145
-241;-95
-197;-184
-199;178
209;-259
-88;161
-184;143
-144;-298
176;323
-248;162
184;89
-208;-96
-123;133
-193;-202
-154;-173
124;268
-344;172
183;59
-253;216
-177;-160
-143;106
171;-256
-245;-103
-222;-167
261;-182
147;65
-177;-308
223;133
-325;-135
180;155
-79;270
-158;248
126;-164
78;-201
-216;209
242;-263
-189;254
-199;-57
-193;242
220;27
192;-241
199;-278
-293;-215
280;8
-234;-58
238;191
215;126
-84;216
110;51
53;-184
213;-154
119;155
-242;-155
31;102
-140;184
104;-255
-70;247
137;-89
-148;-149
138;11
117;187
-190;197
6;113
25;-229
200;-129
185;216
227;191
-174;-256
169;-209
-223;-224
-112;-164
50;165
170;-184
-212;-125
156;-74
201;255
-223;270
-104;269
-281;182
-326;240
-202;-214
-194;152
-206;-190
-255;168
-254;-162
88;-278
-148;-197
74;-170
-189;107
-127;183
-172;-160
90;-120
225;288
214;146
-214;-32
189;-176
147;-238
-196;-100
-86;-47
174;-273
-115;-192
251;148
162;-206
-240;-292
-295;131
235;136
247;142
161;121
-173;207
123;8
207;155
-144;-55
-108;256
-143;-165
230;-231
169;-250
-143;-338
-14;224
190;174
165;128
-66;307
108;-226
183;-219
96;-258
283;141
-283;-268
180;131
-158;219
-163;133
-206;238
86;-324
-221;128
262;268
283;-206
133;141
211;101
-172;-94
-242;-90
-316;-187
163;172
283;209
325;-248
188;-209
168;259
-209;181
-154;126
180;197
-239;-213
319;-185
191;-222
-170;201
-220;274
-266;-154
174;104
19;177
233;-232
-216;-185
113;-147
143;119
149;-169
110;-183
210;145
124;-294
264;231
-149;-97
198;-389
-99;148
-122;233
-218;240
296;195
234;-331
276;171
72;-175
-86;261
211;132
-191;249
-87;256
305;116
-178;262
300;64
-130;192
85;-296
-196;164
141;-280
251;156
-189;-103
169;-180
166;-330
-75;200
213;-154
315;112
222;-122
329;258
252;189
180;258
-97;205
183;-185
227;-213
212;-213
20;-148
221;199
121;177
-288;-225
-214;-170
-228;-193
-158;179
224;-209
-23;-96
-246;123
185;-112
-164;111
-40;-241
-334;121
177;203
-175;120
-170;134
-243;171
204;303
-354;-207
164;-149
-245;218
-201;179
316;58
-183;270
82;-173
-203;-214
-349;275
-160;-193
-226;-97
282;86
278;141
242;136
135;172
-274;-199
-117;-90
123;-191
67;47
-349;-152
269;216
-130;248
-177;-177
-218;-136
-167;253
-82;214
-120;175
146;-189
-235;-218
-179;120
-149;-265
141;233
156;65
-135;370
-122;93
-98;185
-255;-13
124;151
-226;-200
-225;-289
163;128
-140;-222
-213;351
149;271
112;-176
-253;200
-186;-157
106;-227
-115;162
167;-191
-170;-208
-219;259
195;-304
187;260
227;-125
-150;-184
-345;-178
-201;144
-124;-181
-182;-268
79;245
-98;-211
132;225
-204;-164
-103;-160
-178;255
27;-157
213;-201
104;-236
148;77
147;-288
153;110
-184;223
139;106
301;176
184;301
-252;-202
178;-221
290;-168
-57;245
224;238
283;281
-81;-89
-120;297
-218;-206
-198;197
-328;-175
-155;-188
-142;157
102;-161
301;-127
131;260
-191;-224
-201;-119
164;174
-190;-235
138;-235
136;-120
283;-133
152;-205
271;-190
159;-191
-243;-161
-145;241
-63;183
174;-219
-151;178
-235;-188
246;242
120;188
123;-224
-189;-225
229;-252
-80;117
138;214
231;-195
-206;-140
-102;233
268;179
-144;-234
-172;-157
-200;-187
197;23
-297;-103
-306;-167
-130;196
97;217
216;-180
-284;-52
-254;-212
228;211
250;104
-127;270
-149;-123
-218;187
137;175
-120;164
-119;273
106;-180
178;130
258;235
-288;200
-171;141
-259;-238
-103;91
-244;216
189;-299
99;129
201;238
241;-161
-154;-140
-220;-281
-181;-160
-210;136
-46;-148
179;233
242;108
147;-246
-257;153
166;85
113;60
191;-182
289;-160
-211;227
138;-130
-224;234
231;119
-173;-99
180;174
-162;-156
161;102
-252;-124
-105;-265
163;-249
109;-268
171;-148
155;-283
-187;148
158;67
182;176
-165;180
-97;-146
216;166
60;180
-244;-173
148;-35
-207;-238
-179;-123
169;-143
243;218
214;-151
197;-182
-197;167
186;171
288;149
-219;150
169;164
126;187
171;-93
-105;-102
311;255
-147;230
-163;333
-104;238
181;-211
216;54
117;180
109;-109
188;192
296;-192
-28;144
-224;-256
157;-177
-207;-226
285;180
216;254
-99;196
-62;-66
174;-272
-79;223
-177;152
112;-196
244;-211
111;246
146;133
112;16
-141;128
171;-317
-164;-38
-179;123
-159;120
-160;-216
-167;-181
-91;113
-288;81
114;-191
-213;260
-135;131
-51;-211
-179;254
-287;131
238;-30
-255;195
199;138
-82;213
118;179
263;119
154;-173
-253;-154
189;214
-41;-190
-155;-222
208;-153
-165;-168
-95;-271
-187;269
86;113
-90;-237
-121;324
188;177
-106;-226
-234;-216
-174;183
256;-131
-170;181
176;-199
-198;157
284;161
282;222
197;106
-155;-125
-284;-166
198;-15
-135;-36
-179;195
-89;-184
-171;-186
-43;257
84;-296
222;-232
178;-119
151;-213
-207;108
188;-74
174;119
286;-147
-101;161
110;141
161;-118
-205;58
285;-165
-141;321
-58;-297
-154;177
243;-107
-135;-214
143;303
227;-129
275;205
276;-75
-191;48
-171;202
-135;195
108;-126
-79;-149
-141;190
-124;-167
-179;115
262;-204
105;-170
-188;-260
-144;-130
-210;139
132;-182
238;181
214;126
-336;-203
221;-227
-235;217
-128;-204
-324;-181
-114;-178
-245;-215
-154;-174
168;-335
171;216
-230;-38
-128;-142
180;210
194;194
213;38
190;142
-158;167
-159;258
-118;210
163;177
59;-319
-200;177
-208;158
-170;204
28;-222
-111;212
175;-202
7;-156
220;-154
-89;-117
178;141
229;253
284;199
104;-123
-187;247
-7;-120
-148;75
171;-140
-260;224
184;-199
124;300
251;-226
-154;-154
-241;-209
-192;109
-108;-271
249;-109
-198;-131
190;-42
-251;-236
-68;99
-161;200
-280;-195
101;-252
-150;141
213;87
241;-187
-229;-237
155;141
96;-142
-241;-71
176;-114
165;183
220;202
-202;181
189;-240
-202;54
320;174
-211;-195
-182;-126
191;-242
-194;-196
63;117
-126;113
172;-112
-22;-165
146;138
179;-222
45;-169
246;-235
143;176
193;-80
188;166
89;-133
-212;-121
-81;212
89;-92
-201;-257
-233;-186
289;-86
-143;174
-210;-199
-171;-221
108;188
-160;-229
165;-184
192;181
-143;124
103;202
220;-239
165;287
163;285
-353;-191
241;202
-209;184
-111;194
56;251
275;-188
-231;92
-94;-207
-193;191
-192;225
-174;111
173;148
-111;-200
260;188
175;-245
114;253
103;155
263;72
-180;160
270;-129
-245;141
271;-176
227;-90
-255;-257
43;256
-181;106
147;-224
-112;160
-221;195
141;-127
73;226
149;-146
77;-168
156;175
-227;100
-169;136
-150;-68
-212;167
144;-77
-113;-164
229;165
142;-129
-31;175
94;-123
285;131
108;175
203;-124
159;313
-221;-184
-87;-178
-170;-256
25;156
-97;-176
-253;56
-153;-137
-2;-148
-261;-133
-240;171
206;-58
-284;282
-219;146
-62;-178
171;25
-137;164
100;161
-186;-252
-167;165
-163;-143
-152;-280
32;199
-129;217
119;121
-122;202
-186;-242
-236;189
133;-187
-184;-181
-86;-147
132;-139
237;83
-128;-256
178;222
-282;-148
169;168
-117;94
-144;116
159;-125
224;-160
-167;117
166;-111
-160;217
-172;-61
-114;216
176;69
161;-194
185;-161
-247;-82
183;133
-173;233
311;62
150;81
-90;187
249;62
120;-154
122;-221
231;-36
-205;-160
98;211
-141;159
137;-165
-198;99
261;-132
-92;-165
88;69
199;195
-167;67
123;152
245;-184
263;-222
137;301
86;287
-116;-251
142;-162
-113;-214
-96;-152
201;186
104;-155
-312;-8
176;-250
269;158
-270;243
-144;172
-198;261
-148;200
-113;-237
-224;48
-162;-210
-288;163
-193;-86
98;-157
-124;-92
151;-226
-98;155
-161;100
-156;-159
196;-183
90;223
54;102
-242;-244
218;-192
22;-148
-254;-35
-248;-151
145;-192
-172;-104
230;63
120;-240
-179;-48
-73;212
240;68
178;206
94;95
-109;213
241;52
234;6
-205;-53
104;187
-193;-279
-55;-146
288;187
-243;-274
-155;202
-288;-253
211;-197
-110;166
-142;-185
147;170
-178;252
184;-197
-178;156
77;-225
-51;-216
227;151
-174;229
-241;132
-119;172
125;126
-113;124
-309;315
-194;-289
219;95
-193;-106
-201;90
-292;-75
302;170
138;-215
197;163
112;-209
222;-134
164;-167
-240;-223
215;-312
-224;-310
-226;-160
-172;93
-318;-199
220;283
-233;-363
223;-173
260;-124
-258;210
-237;-107
239;-155
256;-241
-184;-246
-105;-52
-85;201
-230;-106
-141;-268
280;116
130;163
173;-92
100;238
127;-147
143;-120
-152;-147
-164;99
-151;159
-239;139
-114;-124
132;163
200;-229
56;231
-217;-156
-92;-90
-137;-243
-175;-157
190;-290
-111;285
-224;-111
-185;-217
-173;327
-148;265
243;-229
-130;-106
289;-262
178;-353
-229;-87
-82;-76
-118;188
130;-96
289;145
287;104
-218;242
-253;-212
214;160
198;-149
-166;-138
304;-200
-151;182
-286;-164
-115;-175
-178;120
204;-234
222;126
-197;-163
97;200
55;152
238;-128
188;231
-158;244
157;142
214;-162
71;-51
131;152
132;195
-210;231
-178;147
-141;-251
221;242
148;-87
97;119
202;149
-90;-293
246;224
81;190
-95;-167
-153;106
161;145
179;144
256;-111
-201;87
-116;-266
205;130
-201;-111
-73;171
-181;-191
-95;275
-92;137
222;-223
115;211
-122;284
-192;289
205;-203
-237;-60
-385;-187
-351;-39
246;-196
222;-201
167;-309
-219;296
-125;216
201;-11
-175;-153
157;127
-142;238
-239;-97
-256;178
-150;-135
217;-216
163;131
285;-142
-210;165
-145;130
236;-107
226;229
-90;-213
-187;184
191;-308
229;109
216;-239
174;-92
-198;-90
226;189
-189;-124
84;174
-216;104
-129;144
87;-143
-78;171
239;-203
210;-223
-113;-120
27;138
-186;93
-118;-141
240;-99
-82;-167
-105;-163
-204;150
246;-234
122;-85
121;-175
22;-252
-188;103
91;145
210;-204
159;-267
153;-185
-241;-236
228;-258
-126;-130
-196;-268
126;-152
161;-322
-296;-204
226;197
-205;15
-317;301
-126;316
223;-187
-201;256
-118;336
210;-240
-190;250
-179;206
-29;-27
-280;266
-142;-188
84;-148
158;-201
-213;255
138;94
-157;128
-284;-68
74;-199
-208;209
229;124
357;-309
134;155
-30;301
-248;287
-142;-226
-135;193
-229;-138
-225;128
182;143
192;137
194;-203
177;-231
-256;-173
146;-151
-158;200
146;-148
158;-185
84;172
227;-69
-172;104
150;-145
-183;122
-57;-158
-166;-143
125;83
72;209
-164;-260
-132;-191
-213;-151
-86;214
-166;264
167;-274
-85;227
228;-141
-280;169
43;-195
151;154
-271;-173
-197;-101
181;208
279;248
349;-227
342;139
-168;-170
242;341
-260;300
141;217
-257;-124
92;-34
-73;-148
-166;158
-247;125
356;-111
-264;201
-253;-279
-147;-310
129;124
-180;207
180;-61
-171;-147
139;272
122;-205
155;-114
177;284
132;191
-147;-152
125;-180
120;177
215;-128
173;181
-272;243
-279;186
163;324
158;218
-178;-253
-266;107
189;149
194;198
-186;70
-189;163
217;-128
-120;-294
110;168
170;174
155;158
139;155
121;161
-184;-128
-214;-193
157;152
-182;-180
-156;-260
157;88
-241;120
-80;158
110;125
-85;-122
141;191
-181;-143
313;-226
229;-71
88;187
45;-25
-176;-151
107;-127
180;-135
-203;-159
212;-170
-146;-90
69;206
-110;119
189;-136
-146;129
72;84
-153;-231
-36;-187
-222;224
-152;-277
215;-189
-52;-152
215;249
-194;270
-245;207
-235;-207
-156;124
-293;198
-196;141
-230;171
-157;-202
-227;96
293;283
96;194
-276;139
-270;173
-38;141
-138;93
271;-70
263;-223
216;-29
-173;136
132;-147
-151;-208
-124;-170
-215;-212
80;183
-264;200
-53;-141
217;213
119;-155
221;-237
82;71
118;109
-172;-202
-221;-178
259;-103
98;310
-104;47
-124;-212
-110;208
-150;222
-104;-224
-161;-232
189;157
74;232
158;-113
163;-179
181;153
143;-208
-234;151
-140;-59
-105;-294
151;-163
117;212
145;214
-176;-231
-131;-281
-106;141
-256;-180
74;-123
-201;186
296;-128
195;-234
200;183
-153;-223
100;256
-229;109
-152;194
304;-105
286;-200
-138;-172
-91;-243
179;199
-223;147
-83;-169
-266;256
153;-128
105;192
-250;204
220;-178
-84;-180
203;-57
157;-132
219;-146
110;-125
159;177
100;202
139;-123
-286;-219
221;159
167;-167
239;-110
-249;154
138;-247
137;89
126;268
190;261
-162;-125
177;-167
-196;166
-172;215
202;-245
-172;233
196;-276
-150;-281
-257;-202
133;162
126;95
-203;-85
147;-169
-176;278
206;-180
101;-150
37;170
45;-94
-153;-145
-192;-160
210;-168
116;130
-403;171
186;-244
294;180
71;275
130;216
-83;105
158;-186
-381;121
-195;191
-262;-246
308;-96
148;139
306;-217
-97;-224
191;-169
-198;-243
-178;221
177;-98
-117;-123
-224;192
125;-142
-196;154
144;-31
-105;-96
-202;54
174;-269
86;76
-52;-110
146;93
209;-148
-290;-96
167;211
-160;-263
246;122
-203;174
219;-191
-242;-170
-111;253
233;112
-209;234
-101;270
179;136
182;-252
-90;237
-81;-117
120;152
-277;-261
-116;-160
159;-221
-234;225
-159;-193
-97;141
131;-207
173;106
109;-263
65;-126
274;325
-193;242
-144;-246
-162;54
139;-177
-119;-297
-160;-182
-220;143
-220;170
-196;78
165;201
-192;-361
-189;-243
250;-202
-222;177
-227;-17
174;-130
284;-194
-195;182
-313;149
137;157
-248;261
-104;-333
220;-174
-256;-216
197;-87
209;-88
238;-71
146;51
216;-211
-116;-281
220;-220
-199;205
-254;85
306;-242
-233;136
99;184
-111;-81
-250;-245
-299;-133
-213;221
-173;-178
182;-256
226;166
334;288
316;-229
80;184
174;-356
139;-121
-102;200
-210;366
-135;267
175;201
88;-140
304;-173
177;-262
-209;151
-95;-95
-219;207
-151;131
244;-284
-160;172
125;-210
255;183
133;-147
210;170
-227;-187
265;-187
265;233
-155;-188
-207;63
132;88
-238;73
149;100
90;203
97;219
-255;-234
241;-231
230;-281
-169;-82
-185;-171
-121;232
261;178
171;-276
222;27
122;200
182;-328
199;-167
266;-176
-168;84
-257;252
-174;-279
-217;-247
229;257
240;-181
-157;342
-116;-171
-267;80
90;-217
107;-225
203;234
-152;-348
249;32
-169;213
164;208
-237;-149
205;-167
224;-111
148;-192
322;209
-107;-130
-214;-200
179;-147
-208;253
-281;182
178;226
63;-87
124;161
-202;135
-138;-91
251;-213
266;142
-145;187
-119;-205
-168;-213
-176;-237
-140;-66
131;-180
110;182
163;213
236;-129
-139;215
114;128
163;-146
257;-160
170;-210
108;-145
121;-211
-185;202
-224;179
-228;162
-334;-229
135;52
-195;196
76;-232
211;-260
273;-160
131;-253
-236;-249
298;156
84;-283
-259;-88
266;-291
-169;163
215;226
-320;225
206;170
397;107
-51;273
336;172
277;202
198;-113
-173;362
-229;172
170;255
-214;-208
-141;-154
72;197
-333;-232
-160;-220
-159;-125
-183;104
-194;-177
130;-193
-173;53
-182;-178
291;-207
224;-86
-151;-252
-174;199
101;118
206;144
-234;239
79;-207
227;-74
257;-215
190;349
-295;-101
266;180
-269;275
-201;227
-179;205
374;-241
-251;165
77;240
276;-28
110;136
-35;231
-135;-272
-176;-299
-84;-164
102;239
221;251
274;-260
123;-165
107;137
-267;57
-109;93
101;314
-167;-93
162;-99
97;-230
-196;153
-249;190
-21;-116
102;59
234;229
107;-188
-76;-205
107;-203
236;202
286;-168
201;-227
143;229
230;-117
230;132
-96;-243
161;-188
-176;163
-168;222
-329;207
178;124
78;-219
278;362
158;-211
-177;134
235;226
-88;218
-264;218
150;200
-258;235
138;289
-227;101
275;-125
-223;177
289;-178
190;173
-81;-220
158;-107
260;-188
-220;-9
162;-130
138;233
324;-123
196;131
201;124
120;159
-142;63
100;-213
160;-305
222;-104
128;-223
262;275
119;205
-107;-138
-82;-232
-195;-176
-233;173
195;-143
-74;-308
-106;117
235;-154
-127;118
-121;-71
-135;175
147;114
-182;35
-82;48
-143;119
150;370
-144;-125
116;-193
-232;112
-247;78
78;126
-259;64
71;-165
-206;-83
-128;126
-132;-268
-309;-87
91;248
192;254
236;79
246;177
-155;-229
-298;-194
260;-109
217;240
-241;-183
257;122
-294;129
-141;-298
-148;-178
-172;200
-200;207
-269;71
292;-57
-91;-239
-162;60
-47;-118
51;216
115;268
-130;124
-166;156
-200;169
-168;-258
166;141
-105;-308
-159;-205
84;198
-126;-2
-169;299
72;258
44;-145
-159;154
31;-249
224;-152
-224;205
131;-65
-187;-256
-186;128
230;-108
216;221
90;-127
-173;-96
-66;-155
-166;76
16;-216
-252;-93
146;42
-267;-74
74;133
-134;-346
-123;-198
-174;72
307;-240
179;-269
44;-141
186;153
231;-98
157;181
-275;275
202;325
197;238
134;243
-437;-176
348;-242
75;-217
-285;188
347;192
162;142
-185;-196
-106;79
-149;-254
-189;245
-178;-232
-224;-181
-222;188
272;-192
227;-126
166;170
-67;-85
-164;-146
151;244
-153;-183
293;-189
208;-92
187;-124
123;-171
130;-255
146;-71
-202;-171
-163;61
-125;123
117;-146
-119;227
-175;-193
119;184
83;185
125;-193
-130;-108
141;-179
-188;110
49;122
134;-132
-81;-243
-305;125
112;152
-150;-231
-51;-190
-78;-152
157;169
-151;-250
-183;-224
-142;204
203;361
131;-203
-60;-141
-173;-143
218;109
284;296
-289;241
-174;-240
-139;131
258;222
-298;198
-253;216
123;-323
208;248
249;186
-211;240
-272;122
-200;-193
-334;166
-168;181
201;-92
300;170
33;119
214;-194
-157;-122
-236;-188
-63;-174
-156;149
-111;-172
164;299
139;85
278;-163
-79;162
76;179
109;53
153;-123
171;-197
-274;184
155;-203
-79;96
162;142
-182;-193
280;61
-190;-52
133;152
-193;-198
-293;-241
108;-126
127;-160
195;-119
129;-252
-312;67
240;99
259;174
-245;39
-287;-241
144;204
85;291
-209;-75
163;-214
-157;-238
-171;-118
171;-201
193;195
180;-157
156;-132
-105;169
117;119
155;80
-187;125
76;247
263;224
229;-162
-101;-178
153;220
-195;166
-163;68
-94;163
127;-19
191;154
101;236
140;-137
193;199
161;-233
-159;106
-49;-92
211;-158
-146;-124
220;250
154;102
-301;90
-176;-183
84;-144
-197;188
-215;245
174;-247
131;-287
202;240
242;130
157;93
-115;180
131;-311
-165;-271
-217;132
-209;148
-392;-193
-143;-238
-237;164
-317;225
260;-264
-237;173
-82;239
-290;-214
-307;89
-32;137
199;-232
-121;136
199;147
-187;112
172;211
309;259
169;-176
-316;-244
182;174
-179;-139
-223;-175
185;-248
-260;-102
-147;-181
-176;61
112;271
-161;-125
-195;172
163;171
-274;-257
-115;-198
-152;34
159;-255
-135;143
253;-50
-162;212
190;257
142;222
207;173
-104;-138
-177;-287
116;140
-193;-197
-241;194
-206;-231
-188;-127
-273;233
205;-385
62;-264
238;-193
163;-249
-61;243
99;-133
180;191
178;-250
-124;208
130;98
237;-164
-151;155
95;-122
-330;141
-78;-147
-124;167
255;-141
-182;-114
211;187
258;-252
58;123
233;-216
-192;62
-151;163
-89;177
164;-149
-132;-282
-60;249
-183;-368
-164;273
275;-163
-2;-111
-130;-164
-298;-175
-177;245
289;-113
148;181
91;187
-129;-218
185;-166
-180;213
-109;-217
-72;-122
-138;-194
-127;-213
-59;-86
86;-201
151;192
-163;-156
-185;-176
134;140
314;190
144;139
32;246
-111;135
-210;159
-122;125
239;278
235;-250
-161;141
-200;178
-123;371
179;-307
-142;157
133;-251
245;-266
166;-242
-357;-292
178;91
134;233
332;277
184;-224
-282;124
-199;-215
-270;235
228;-231
-227;170
110;-200
79;260
165;-217
-275;-106
-227;-172
-195;173
-176;-268
86;-222
-80;-255
195;-126
-107;-107
-95;215
-81;118
-292;-176
281;-154
-104;234
236;171
213;-244
-138;-150
135;158
192;-14
-215;-176
159;-42
197;188
123;112
-201;239
220;-178
-133;146
159;247
-121;-206
-123;-226
136;-152
-157;-224
156;117
-252;169
169;-139
127;-187
95;157
162;-148
172;-200
172;-218
170;46
162;-242
251;183
233;-179
-78;-156
-207;215
233;-225
-268;-191
-328;-112
205;-210
-127;237
-370;-194
-176;-191
169;245
-213;-117
237;-145
228;274
-167;271
190;173
133;-198
124;194
124;301
-155;-168
176;180
-111;167
-160;219
110;177
211;-159
-242;179
-190;-159
-217;251
-187;162
-182;127
127;204
-86;-233
156;247
288;-185
184;240
71;180
177;247
-197;201
297;-171
-212;210
35;-96
68;-237
-131;-212
181;116
-127;189
63;-227
-23;109
-169;239
192;-100
157;177
91;-98
199;-185
305;150
-40;376
-104;159
-213;-75
-212;209
55;-224
-140;-165
219;86
140;-245
-216;109
262;-267
167;366
97;323
162;-223
128;174
-116;-181
-217;-132
-73;-178
128;120
-255;-219
-131;137
-155;-62
-121;-125
-243;-188
-131;130
163;-155
-199;239
-153;162
-190;-121
162;133
-215;237
215;45
-118;-125
-226;157
-218;-150
-204;-133
134;207
-193;320
188;266
-188;167
-287;-116
-158;312
72;-341
-116;-271
-110;-192
186;-213
192;228
-228;-200
150;251
-249;-101
216;88
-46;373
-96;256
150;-295
276;-295
-116;238
160;-199
-295;191
-306;-168
-167;148
193;278
200;-157
162;-99
-229;-72
266;196
-230;228
158;225
218;112
-132;38
218;230
232;-281
139;-158
164;216
-263;-162
121;246
-184;60
161;-90
-171;149
254;-73
-197;-69
142;233
164;45
-128;175
93;74
137;-145
185;-179
168;87
161;142
-115;-218
132;-171
-213;-72
-216;-55
221;107
142;-143
-168;-164
164;-255
217;103
-171;146
-133;186
-101;151
-153;184
-196;-264
-244;110
-32;-123
-211;146
-322;-179
277;-115
-346;-257
233;-251
-256;126
-66;270
-275;-298
92;-153
260;278
208;180
-257;-86
151;-251
88;-264
-184;-113
-340;45
143;-50
-277;-183
144;90
198;-194
-185;-104
-118;119
181;267
267;91
199;285
-211;261
101;322
208;244
-196;-222
105;277
-144;-109
-226;-185
137;219
-175;-291
-208;212
-96;-304
328;-250
-171;244
-150;-220
165;295
-204;298
271;-80
-168;162
162;-293
-212;-288
72;212
-131;201
-120;224
-142;316
288;147
-18;183
-260;215
-185;-179
114;194
-71;-112
-196;199
-138;-142
263;286
191;-186
257;76
183;-150
185;-333
153;-219
-104;-202
201;-252
-162;-130
-108;-223
-318;304
-249;-113
126;209
-271;-166
149;25
232;-94
-250;197
-205;-319
42;-186
223;-202
-98;-176
-354;-183
-222;149
-159;-173
-174;-182
207;305
289;248
294;-161
291;281
357;-150
194;-308
-320;-198
-170;164
-177;304
-126;214
-270;-187
134;156
303;-139
159;146
-313;-287
-296;-95
-163;-167
-112;-61
54;-241
-82;186
-188;-100
-183;-238
-183;168
-44;244
18;-42
-162;-278
213;-108
160;-133
-187;-257
-161;-148
-173;85
211;-174
112;167
-14;205
-115;347
-142;-189
54;230
167;-164
-139;-104
215;-182
-96;242
-178;-221
-120;-150
-110;171
172;-71
210;185
-350;-240
219;199
182;183
316;-221
299;235
-173;302
196;238
259;-81
146;-269
147;279
238;229
-126;226
-262;309
-119;-355
317;301
365;-54
251;251
280;210
-114;-349
96;255
32;260
-274;-39
-191;131
130;177
162;256
215;-92
-190;218
-128;-147
364;83
-226;-62
-72;311
-227;-153
-147;215
-121;192
131;-217
276;67
-12;140
-206;199
91;-211
-183;-118
-1;-222
-148;-240
146;-242
205;-242
213;-88
-136;29
-208;203
158;271
-186;-179
159;182
-160;119
-238;-314
-230;111
-180;-142
179;-181
258;264
163;-200
-255;254
-251;140
187;-159
243;159
-261;-133
-175;151
259;-151
79;240
118;-248
37;-196
-221;-195
145;204
-70;-221
121;301
-246;294
-219;274
139;-181
-263;159
244;-213
181;-261
-108;-206
222;276
-180;273
-276;-148
120;-289
-208;-140
-186;-218
-141;229
65;-277
193;-217
218;-376
93;-221
-68;172
212;140
10;-220
-38;-274
244;-263
-166;-108
180;-85
-188;-153
-208;-234
133;-217
149;-183
-162;-107
172;153
-155;146
-185;228
-233;225
152;-149
-228;121
-181;189
225;-104
-223;322
-162;65
-242;-203
-190;130
-282;-235
219;-165
206;-181
-251;183
108;226
-96;26
-225;-181
131;-243
-136;172
223;89
226;-161
221;132
-242;83
-314;266
-154;-172
-217;173
-231;-99
-283;334
106;228
220;79
194;-209
120;-307
-177;-207
197;-3
-166;139
96;-215
112;-279
248;122
172;-173
-186;246
47;-236
-108;123
-201;-157
-199;-151
167;167
213;170
-260;-128
-283;-146
-210;-145
-57;207
-154;247
71;-143
-137;203
204;-225
-61;146
179;-247
133;211
-156;-110
-28;-98
133;98
167;219
217;-212
204;204
-263;-279
219;118
-282;148
194;154
-208;-190
115;-161
-269;-126
-183;189
-210;188
180;-168
-192;191
-237;-209
-163;-183
253;228
-70;177
191;-160
-115;-143
149;127
21;-261
236;-337
170;87
119;46
-168;-95
64;-59
224;103
203;-258
263;187
-247;93
-177;178
190;230
251;95
-121;-163
-149;167
129;147
200;124
-112;287
-200;104
147;-150
-195;-50
181;179
178;122
145;127
261;195
214;45
-255;-75
-315;-122
183;153
-219;-231
-190;-189
270;189
2;187
-146;184
183;171
-300;-134
198;155
-201;-173
195;-201
217;-89
159;102
114;-243
-277;-215
279;-214
194;-183
-3;-154
160;-130
-81;-215
313;315
-315;239
168;-178
-97;249
263;250
-214;-169
-150;-99
-188;139
-172;-208
224;-182
-171;-190
285;208
-99;269
-250;143
-229;-257
-252;244
-223;132
-132;188
-208;-39
-88;-173
-292;208
314;115
207;120
-126;196
-187;193
-142;195
-188;107
179;-193
182;-234
174;-124
-215;115
72;-120
-210;-222
-286;-253
-197;-52
168;190
-256;211
-190;-172
178;286
120;-107
179;-196
201;202
170;328
-294;-128
-124;-232
95;-125
154;284
-221;98
-195;-150
-163;185
-245;222
-286;-93
-277;-165
31;132
220;300
186;-181
88;-151
139;344
278;-150
-306;35
-240;-271
-191;-138
262;-235
209;249
33;58
-119;-179
-134;-290
-314;191
-266;-327
225;-34
-203;114
212;-175
214;-321
163;254
-231;-39
98;152
-158;221
-204;181
234;-164
224;-364
-172;-189
-136;-156
247;329
-129;309
-282;-120
-68;276
127;-196
147;159
-138;205
197;-139
-197;-186
261;-247
58;-153
228;-225
214;-178
69;326
197;182
98;-357
-153;-141
307;147
236;-321
160;-379
-325;346
233;-337
172;182
211;332
160;276
-204;-123
282;-310
-247;292
-61;160
114;-282
-42;200
120;-264
-270;-135
-169;-181
225;134
183;221
-134;-199
206;-171
-268;223
239;-250
238;-242
191;156
136;-177
-112;-226
-217;-268
220;-205
149;155
-231;224
281;-331
45;201
166;210
212;231
-113;201
160;-325
-223;190
-157;230
-222;-171
205;-242
182;91
98;-188
-165;-155
54;-209
-158;-233
-194;278
188;-171
-190;-240
-81;239
111;-171
-161;209
112;-319
-231;-140
-199;221
162;-165
146;133
-249;-236
145;142
288;-229
-291;-131
221;157
-246;-236
198;139
-62;280
232;-140
-226;-332
-198;272
234;311
-299;335
-222;288
90;183
169;-136
-123;251
-38;-156
213;384
-192;-143
-176;-227
113;-274
-206;141
-232;-301
-169;145
257;-89
67;299
258;-255
215;-130
235;291
-234;106
-147;-156
-191;242
181;-189
-226;-327
-42;-246
-184;153
-178;69
-252;271
172;202
-319;-205
-112;-270
217;-141
-119;319
-114;361
96;-193
171;-159
-141;146
-181;146
292;92
-77;201
-344;-11
95;-162
-134;-226
211;-173
159;-153
169;-247
204;159
124;-140
-235;-124
177;-269
-113;127
-159;82
306;-117
-227;212
126;199
-180;-42
-98;-221
-217;-111
-194;157
-58;-288
195;-38
165;57
115;158
154;-207
220;17
251;-147
289;-134
-217;194
-84;122
-179;186
294;211
146;-312
308;-86
180;-182
-302;107
-196;-254
-94;91
-172;125
134;-252
-144;36
75;-156
96;228
91;-205
197;137
-203;-190
121;-145
179;233
-157;-159
-174;99
128;237
-170;200
212;202
178;132
292;74
-169;-229
221;-26
118;-67
-128;-298
-219;-190
-177;249
134;119
90;-72
146;172
149;237
219;-158
102;-126
225;-200
-266;187
-231;82
-168;-201
-81;-280
185;171
139;-92
-203;226
-182;-126
-216;199
213;-235
65;-24
82;126
-252;-96
255;25
-84;281
112;228
-262;-69
174;-251
162;-284
156;-142
212;131
-145;-212
-124;-148
96;-299
-172;133
-123;214
156;81
161;-189
102;156
-135;167
-106;-224
213;-100
66;127
-188;279
-170;-128
-176;-49
-124;-176
-249;-233
70;-194
67;182
85;86
88;-94
-151;160
221;178
122;-145
236;-165
202;-283
235;-136
138;-77
-236;133
-203;151
-262;90
-260;-124
164;300
-199;249
225;-97
233;-148
200;-114
141;-75
-229;-251
87;176
158;-239
-263;-64
156;-200
-115;137
217;216
-121;182
251;187
198;86
-155;175
298;107
280;209
122;-187
-354;178
-166;245
112;119
-283;-236
-216;-264
315;120
-249;-186
-282;-142
-255;-210
-150;189
-113;-233
156;-228
155;128
-110;-262
-216;-168
277;151
-212;-194
-169;204
-218;-138
151;-134
-182;126
-179;-139
112;211
-169;96
267;-140
-188;285
175;-219
-147;-251
207;71
-108;234
-179;270
-162;144
111;341
-195;243
-181;162
-223;-115
291;220
-137;-153
-111;314
-204;-104
302;255
226;-261
189;68
117;-329
209;-150
297;-267
-197;-179
182;-145
-198;-231
-119;-208
-166;143
-177;-191
300;105
-161;-59
74;-167
57;-133
-150;177
-160;-189
120;-257
164;-38
-169;-82
-239;-124
-261;167
-146;-64
-128;-187
148;193
223;217
230;-228
187;25
279;-124
261;-116
-196;-198
-203;128
-219;56
-99;161
-144;-171
174;180
188;-136
81;297
-171;-163
-281;-202
-207;-42
-196;-179
236;-204
-284;177
-222;-224
-157;-171
-240;128
-178;278
144;-119
-195;-66
136;-214
128;-186
-213;-234
-151;-196
-28;343
132;-165
238;189
170;249
-158;212
-159;-103
135;188
171;-180
-247;-152
228;-230
-147;142
-170;-80
-166;-186
-176;162
152;-310
197;208
-130;-101
144;213
161;139
203;-138
153;186
-165;96
222;136
230;-297
221;-94
171;159
343;193
-26;157
-205;148
-184;-170
179;137
152;-144
42;249
173;222
-164;-201
155;304
104;338
-157;-76
-241;129
-9;154
183;239
129;-110
-108;280
-136;-340
164;197
-182;-252
-121;185
-282;-158
-89;182
-132;195
105;-206
146;141
-40;197
-144;115
53;-220
-251;-193
-291;-62
-307;-162
222;-219
127;-240
182;-139
-123;202
-195;262
205;78
-302;-225
217;220
-156;345
-185;-118
-253;254
-218;-100
211;-258
120;153
210;-197
-178;240
-209;224
197;-221
107;174
-99;-85
-122;146
221;-171
160;145
24;-148
46;-177
-148;-150
153;217
-108;-16
263;197
-217;41
-103;211
149;-226
-228;173
89;-155
128;-190
-153;-143
220;172
-250;154
-110;-203
188;-158
-158;-254
-250;-185
-142;168
282;-28
181;-66
263;-228
179;-131
-206;198
81;287
256;-247
237;-178
181;-243
-178;-223
158;-187
-243;-223
-278;-101
160;-158
95;-248
-203;-174
231;194
-209;258
-212;229
-63;303
200;-279
-62;190
-252;179
85;-187
-42;167
-145;220
-200;-311
-329;158
-122;-179
190;-212
174;-55
-201;155
114;230
-47;166
-132;-211
217;-146
-162;189
207;164
178;-89
65;243
-199;151
-174;158
-124;-150
-164;173
-261;-202
-132;115
142;300
173;94
219;-289
157;-274
-223;-201
255;-197
-322;84
168;-172
156;-181
175;164
218;-171
-229;252
250;-174
-186;95
-121;-293
-200;-48
95;113
237;93
-97;-183
-208;-249
-261;-134
-97;194
-187;254
197;-227
-191;77
217;-222
-280;117
105;-187
264;205
-205;-169
-343;-127
127;112
194;267
291;-215
168;-38
-243;-210
357;104
-193;242
314;291
-315;-241
279;-235
-181;-53
-236;89
-234;195
148;-125
-192;261
-182;-151
-163;-150
239;167
-179;180
202;-200
-193;-252
202;198
111;-351
279;-110
180;175
299;47
-207;-133
143;-147
107;272
236;-160
165;231
-294;295
-106;198
125;115
185;204
-142;-174
-280;90
272;202
228;156
-231;176
-165;204
107;-189
-282;-197
177;190
186;212
217;228
320;277
189;156
-300;-162
-164;-210
150;80
-232;-159
-132;-161
130;172
-153;124
-110;219
106;268
-5;-289
152;311
-45;-242
227;-203
181;-215
155;252
126;-281
-336;-167
217;-110
179;-91
-213;-138
152;-136
-173;-141
162;156
-134;237
224;-149
-109;190
157;235
-129;-183
-224;-167
-127;46
-137;-102
141;-192
-106;-175
147;158
-191;255
-152;244
-154;-118
-142;192
-98;251
-205;222
-190;215
-160;-228
-147;121
202;93
250;150
-36;46
-172;155
-209;210
-147;82
84;-149
175;-121
267;-261
-306;202
88;-169
-238;-147
-235;-153
-70;-209
189;245
-156;194
-114;-125
206;127
238;-183
171;-196
84;148
209;110
-242;-129
-187;-169
261;-121
98;192
-147;172
-165;-191
-250;243
-158;200
-34;-2
-80;-168
211;164
165;200
119;-66
216;-235
45;169
184;-159
-128;200
-146;-101
-148;-136
82;-208
199;249
151;85
-95;-154
-184;-144
-130;156
-117;-212
181;-214
-238;123
184;-300
35;-251
114;228
-217;-221
175;186
-144;199
-285;180
101;-143
77;-195
-213;-236
-153;-171
229;207
-234;274
-226;-220
-173;243
104;-192
98;187
-184;228
315;-242
-190;-160
170;-217
212;-177
134;-82
126;-246
190;186
43;172
222;-207
-188;-73
65;157
227;-187
269;-193
-186;104
157;-229
145;207
85;172
209;191
-145;-240
140;-97
-149;188
-159;171
228;-138
-249;212
266;-161
-222;-250
-64;-104
123;163
104;190
-287;-166
213;-120
-176;172
248;-199
216;-178
237;198
113;-211
-142;-111
-178;-176
101;-212
106;87
-255;205
213;-172
170;139
190;139
165;131
-308;119
296;-174
-167;239
-119;284
-247;-89
196;-73
77;209
206;-243
-163;-341
149;-170
-245;-214
-185;159
205;-166
-204;-183
-239;88
244;-154
-308;114
117;-317
-148;-259
-299;216
243;-183
131;179
-172;-251
193;204
127;-232
-145;-202
97;227
-160;-190
133;188
-117;189
146;-208
-131;-287
-251;214
106;206
-165;124
-210;167
199;222
185;-170
-174;296
-123;-324
148;213
-239;-189
-255;-113
126;-115
-183;216
-146;-243
-225;174
201;-166
185;69
88;-236
62;-141
112;177
-43;297
-147;-183
-105;52
86;-249
-256;-166
-228;-257
-145;126
-224;120
-201;116
249;218
-279;-174
-220;-185
322;-278
-199;85
-223;148
208;-282
144;-212
-134;213
-273;207
91;180
-18;242
-144;-134
72;-129
-196;-169
253;-232
187;-154
286;-211
123;251
228;-133
-35;-216
149;-200
-124;63
-222;185
240;-160
-80;79
96;198
-92;-256
-94;-177
-193;-181
-131;172
-102;-170
219;-122
146;262
173;230
136;-160
52;194
66;-201
177;-123
-220;208
-231;143
-200;149
212;64
265;-192
128;-158
261;-245
-173;162
-157;-187
-253;157
-286;9
258;-149
-110;66
244;-250
66;102
199;-161
157;316
-222;-245
195;-105
176;245
-108;-249
-183;295
259;215
-208;158
227;263
128;230
125;269
-91;-206
146;-176
214;-263
-66;-75
-118;-168
-96;296
236;241
151;-270
101;218
85;311
98;-274
186;-61
197;-120
-100;182
-161;192
-111;-178
-232;-244
150;271
170;-73
-179;175
-180;-199
-163;160
196;-56
143;-100
55;235
-65;-255
127;156
-238;-4
116;220
-94;-206
201;-224
201;-217
212;-188
122;177
-149;-194
-354;-155
107;-159
-139;247
-119;253
135;204
199;-61
64;151
-176;170
-197;-150
185;-122
166;198
-137;179
-164;-231
-68;-267
-99;-256
-163;-252
194;-203
210;155
206;165
381;-159
-276;139
151;221
169;-190
272;-144
275;-206
278;-150
265;-202
-140;239
-85;182
-128;232
-153;-108
202;150
-237;213
103;-241
135;-241
74;-191
157;-121
-245;-325
217;254
125;-175
-202;-159
197;-164
-124;172
208;219
-125;152
190;59
27;158
-275;214
178;189
200;253
105;-197
-165;209
-231;127
110;193
-162;-202
-91;-231
118;189
-116;-221
-52;-206
-289;-196
-171;201
-217;-281
265;-288
99;120
-212;-74
-119;-206
122;130
-235;-207
-165;124
-158;-141
50;-159
-180;115
-186;-194
45;203
-143;229
59;-103
-174;183
261;-76
-129;-218
166;236
-220;164
-165;162
-160;44
30;178
-183;98
-168;141
-222;-252
147;211
-209;-88
-154;124
-48;-268
333;212
103;-216
133;218
147;-103
129;-175
142;-64
-164;-55
222;-204
-152;-237
-123;-146
-215;144
-179;-196
13;184
-156;-122
139;-150
111;-190
-170;215
-138;-146
154;-183
88;-148
-115;-90
-173;-171
-187;109
-165;-144
-184;-117
165;298
31;43
261;-250
25;182
172;-156
129;-151
-66;-220
-267;208
-111;163
-193;133
-141;-185
102;94
61;-205
125;199
-113;-144
-127;-191
-65;-111
-82;-100
236;-154
-174;238
-158;-176
-122;-138
-177;134
-193;102
268;-327
-119;-156
171;-92
125;-137
-179;-283
-160;-191
-157;228
379;-169
127;198
158;215
-356;141
-137;-146
63;283
162;-211
-170;-225
212;-192
-160;109
-85;-183
-184;-177
-149;187
59;-68
162;291
-190;-118
132;92
171;180
155;-220
133;159
-220;168
126;170
174;-132
143;-223
86;147
217;167
-186;217
-280;223
-215;-176
47;197
274;-175
116;108
103;215
-267;-196
199;122
183;99
-47;-221
-126;99
148;187
153;92
89;-188
-196;111
29;-241
140;195
-134;-218
-194;122
-121;-191
-196;151
-122;149
197;-120
102;176
-111;173
-159;202
312;-94
-215;-257
-89;-380
-247;-275
189;-169
282;-127
188;-81
-176;64
-306;120
266;281
-150;-238
150;212
-216;143
-156;-107
-101;92
-185;-281
225;-66
205;91
211;-204
-175;86
-40;142
274;-83
176;181
-253;-48
-174;239
274;-179
140;71
170;-104
173;-289
-163;-194
113;146
-111;-183
257;164
-230;145
-164;203
182;-135
-147;80
211;-141
214;-144
-201;-184
231;184
-177;46
-135;-99
247;-129
-131;-216
-84;-269
-212;118
213;-210
182;-276
205;-112
95;-209
-141;93
80;225
265;-173
262;-74
219;-83
-98;-242
194;-113
-202;-255
-190;-249
170;-214
293;-201
-199;-125
178;41
-329;162
-166;210
-201;313
243;-135
-233;242
-350;335
236;-184
-188;144
-226;125
-52;-225
-122;186
-95;-169
222;-163
224;-162
-130;213
101;202
-75;61
-185;-151
164;-192
-105;142
239;178
184;-80
166;25
-198;258
-157;144
-102;-201
-211;178
-147;-142
-41;192
183;93
132;145
104;-26
143;-137
-69;-156
202;-77
-83;224
154;-160
152;-50
161;159
220;-112
-117;208
216;-36
-146;197
-200;-184
-226;-127
200;265
177;243
-127;-190
-136;-198
-216;-256
-207;222
-188;254
166;-172
-177;251
158;-195
-128;162
73;-175
115;231
-188;-238
-181;-219
152;219
114;74
228;-85
158;220
-137;-188
162;175
-184;138
88;249
-238;-253
375;-52
-228;-225
-258;168
-227;158
231;-157
-167;155
-215;-230
-174;-273
167;162
-293;203
277;-119
-81;-221
150;124
199;-142
184;-219
221;221
159;194
-216;-258
185;-189
227;210
149;-114
168;73
-226;134
-198;216
141;175
173;104
-45;-268
-60;89
118;52
162;89
-321;125
-124;201
252;-87
-73;-199
215;402
269;231
75;213
224;257
124;295
-219;-197
-44;-192
99;298
-186;-227
-150;-187
259;183
-377;138
-243;138
199;244
-186;-131
82;169
-192;-192
184;-128
209;-235
127;305
181;-199
-175;-70
214;-171
165;-339
-147;-327
164;-262
-191;-194
252;321
-162;201
50;-75
-280;257
207;179
-251;-215
-271;-229
-234;233
-160;-157
243;-107
-175;-192
179;144
-152;267
-185;189
-155;-248
-214;285
-212;214
-29;224
-120;161
-208;-149
-159;99
57;148
83;208
-171;159
-125;187
-138;125
-250;-20
169;-138
149;-77
297;-44
-309;113
145;-137
-268;-135
-140;-223
-205;-223
202;116
-244;173
-184;-290
154;232
268;-58
284;-190
192;104
182;303
-225;-141
-111;-234
241;-157
246;172
-246;67
-196;-279
-154;195
-135;235
-85;-267
-96;-50
236;162
139;218
265;-179
201;-153
183;152
324;-326
-168;57
-233;-204
-208;-196
204;-156
270;174
258;206
-319;-187
-157;-152
-184;134
-237;-39
111;-215
-63;153
141;-179
214;-181
187;172
-127;-111
58;168
-236;158
-275;174
84;-159
175;-175
-171;-215
-87;-164
4;124
-259;84
-22;-199
-269;84
213;-22
99;192
-153;-8
120;-141
-163;-115
277;-111
316;-136
309;-244
295;-123
106;227
267;264
228;-318
-207;-77
123;302
258;-182
330;-108
-239;188
330;-154
139;243
232;222
105;149
-229;-244
122;-155
-168;174
-166;103
157;-229
-145;116
149;-332
-220;-198
-113;-183
184;275
224;43
-168;-208
135;-355
-77;204
95;-178
289;-6
117;292
277;-201
-24;-158
-178;-60
128;-199
218;203
-229;251
205;-57
202;235
33;129
86;261
-265;128
203;-127
-164;175
-154;207
-179;-201
176;-230
180;261
200;-55
-111;-230
195;-279
-215;-211
-249;192
210;-163
-144;-215
-116;126
254;-148
-253;154
177;-289
-154;-222
-262;182
329;-205
188;111
45;-335
339;264
184;-143
-161;-168
90;279
-175;-289
271;168
-78;328
337;-216
-288;-269
-166;144
48;210
-320;182
-235;134
197;330
267;-220
-120;189
-322;-146
255;198
-210;-122
-248;-147
156;-163
-239;308
-215;-190
-201;211
236;-271
266;215
326;-242
247;-363
106;241
-101;127
-223;-205
-147;182
255;-103
-102;-251
-263;-92
-181;171
-260;135
-140;218
160;218
-173;-75
-132;-140
31;-165
-185;91
-213;203
272;-107
136;-151
-159;188
-249;91
206;132
-146;122
-123;-200
205;-73
-310;-232
301;-270
180;-215
188;-228
208;354
295;-245
-228;-258
154;-141
-270;149
-189;173
78;-135
-90;213
229;107
-26;-135
-69;-192
-211;-200
-196;240
-231;-146
227;-135
143;243
103;77
182;-170
225;161
231;-199
160;-226
-116;140
-22;140
-34;201
127;199
122;-133
241;-289
62;-248
-165;284
-248;-182
-263;281
-98;158
327;-194
-130;351
154;-238
241;102
183;-271
245;185
-144;-198
126;-193
133;132
-189;-60
-108;183
250;237
-177;164
154;337
149;122
7;299
-146;-235
331;-237
188;-174
-207;-161
-171;-256
-179;67
126;191
109;-151
96;245
262;-6
106;-162
116;-190
266;-150
-135;316
-203;247
-112;-156
-178;-303
147;74
71;-100
-111;180
-134;-215
-139;156
47;-203
67;-128
154;110
-260;-103
224;240
-113;88
221;146
-127;-92
135;-170
25;-299
106;-149
214;135
-190;-8
-175;-162
200;-161
-109;296
-108;231
172;198
248;-145
263;96
-172;345
-273;-104
-8;-152
34;127
-263;215
-194;-207
-271;-243
-238;-267
-133;-165
67;-207
248;62
96;278
156;-44
-167;148
111;161
126;-199
189;-192
223;-171
221;-155
324;-160
-202;155
-186;345
-248;229
-165;-251
167;239
-199;274
217;-150
277;-134
117;-120
235;-121
-195;-80
217;161
212;-260
-240;-233
148;-191
-112;161
87;54
-105;258
283;159
150;173
-155;120
156;223
192;141
126;-236
-163;146
-234;160
234;152
-251;-81
-222;-139
165;230
-185;-39
-51;-239
-167;-103
-14;144
-153;-90
99;-163
-178;176
-79;-243
75;-155
154;-191
-235;-301
-183;128
227;114
275;197
-292;172
187;-151
191;-42
246;-159
55;130
-129;-297
146;106
-288;204
-115;33
-195;304
216;-44
-195;155
247;154
47;-127
47;143
73;200
-196;-109
-221;-224
-176;-188
90;157
144;146
198;-184
168;-89
151;298
-179;177
-50;33
311;174
-103;-297
225;-199
64;-232
-208;110
-100;207
-177;-282
217;221
231;-5
258;-210
-160;-314
186;-79
125;142
202;-179
100;-168
180;313
131;-157
216;194
-175;-177
241;-153
-140;82
-95;205
-171;179
125;178
214;-169
100;191
192;-141
-239;75
139;229
-81;38
-322;170
128;177
-253;152
30;210
-259;285
279;-161
-171;138
242;-142
236;199
-158;-190
163;-187
179;-264
-257;89
168;-162
100;69
109;-126
160;162
68;131
235;244
-136;139
86;-197
244;-167
211;-119
297;-115
288;212
116;261
-233;-162
-184;-260
-275;-228
-200;144
211;-180
-146;-232
-58;99
194;-188
-79;195
-299;-39
-221;122
171;306
-279;194
-147;180
-203;319
90;249
-273;-149
166;-146
-271;155
-138;115
257;50
-170;208
153;-132
-336;-125
-182;178
-193;-299
-21;-210
216;162
162;141
125;156
-21;143
-79;-325
-75;-234
186;-134
264;288
-150;-260
200;30
-239;264
-180;-259
-96;-304
-220;134
-146;79
-39;95
284;-57
-225;-123
-201;200
-183;-272
151;135
83;287
-198;74
-192;210
-184;200
-124;-44
196;267
-176;-163
-151;-293
149;220
-86;-88
-236;182
129;99
94;-274
-207;117
-157;-83
73;-150
-157;270
257;-147
-112;-125
-290;97
306;-307
146;302
148;-126
-293;-160
-191;-368
-330;98
-143;-325
-161;-402
187;150
-357;-88
139;74
-186;-217
-169;-239
-226;259
227;-165
105;-178
263;-196
280;275
226;-177
121;267
-233;257
102;292
116;243
91;124
-179;-273
141;-275
142;-138
-153;125
215;324
181;87
-220;-239
-223;231
-180;-254
-236;152
-165;-134
-252;-191
-136;330
251;-156
180;-182
226;-21
-71;-192
-205;-181
136;220
-96;-81
103;-159
161;-268
84;-99
188;-167
247;-65
215;-203
-252;-265
-268;317
-268;161
233;-133
-314;62
-148;-330
193;276
63;147
122;-184
-172;-183
220;-252
-246;222
167;176
150;-130
-179;-246
-177;110
207;313
-241;-112
-245;-51
-280;-148
129;200
-208;-148
-179;-61
-137;182
172;205
128;-165
-239;-159
-224;-186
299;170
177;129
-188;149
-84;-399
-208;126
43;153
-267;73
-124;169
216;-151
297;314
228;178
-145;205
-184;114
-117;-226
-137;45
-205;187
125;-237
110;191
97;66
183;-145
-180;-168
-225;-174
-155;-181
-325;111
-264;-155
219;175
105;111
211;-205
-173;139
80;268
141;93
112;-225
41;-207
-278;80
227;-177
-226;87
257;146
-152;-126
284;128
-241;-255
284;167
-87;-214
-273;-121
231;-76
265;-68
204;-122
270;-66
-206;119
180;247
175;116
-100;276
-267;-235
89;325
213;114
-192;-232
126;-132
-174;-184
-232;-210
243;-234
144;96
300;-230
149;-165
-172;209
34;268
150;301
-212;173
153;208
167;146
98;-143
-174;-128
77;107
-208;120
-121;171
-158;93
274;-200
161;130
182;91
321;-330
273;201
347;-220
-142;166
-215;-153
239;-134
-202;-215
301;207
139;283
-224;51
-262;-223
295;-69
-225;70
-227;133
133;-100
159;-110
200;237
30;256
104;275
-259;181
177;-200
-189;-146
-211;177
-183;84
-185;-166
-133;-320
-217;80
-203;100
112;10
-174;117
-221;157
-214;-148
-158;168
-133;42
75;-197
-105;175
157;197
-243;193
105;366
115;141
88;-116
-276;-192
33;164
-187;-193
-125;-230
73;-81
-222;-208
-27;-185
-276;200
162;217
-133;-93
-201;175
138;123
-113;-171
-154;-333
-220;202
195;-135
-283;130
5;-129
-100;119
74;239
318;164
181;117
-103;-233
-106;-188
224;209
-217;-283
-282;120
-84;-343
-285;-170
-328;85
208;-222
218;-273
255;-139
145;-140
-203;144
102;-76
195;256
227;-107
-315;124
85;184
202;-201
-248;219
100;-88
-217;262
-299;-221
-278;216
226;-128
-171;-149
206;167
277;-159
134;162
204;-185
-94;168
-179;183
-92;108
160;-185
-141;-220
-90;141
-91;-2
-139;215
234;-209
127;-278
-143;-207
6;-231
-206;205
119;-134
143;275
36;227
-119;-349
134;-104
-122;94
-142;-173
-137;-207
-151;-91
-121;-159
-138;-239
217;-194
134;78
-155;-156
-131;-303
252;102
264;171
228;147
287;240
-173;314
-142;44
-303;211
155;194
116;-146
-366;106
-171;185
-248;191
165;-166
-207;158
257;-228
173;-138
223;-162
-199;-201
236;4
114;159
75;255
337;-113
-184;259
-266;-126
-166;167
191;-134
-186;99
125;-227
72;118
224;-184
-136;-260
-280;-203
-87;136
-262;-230
251;-228
-233;-116
265;-140
-125;-121
-266;148
-241;229
-130;-192
126;-199
-209;177
117;135
112;-198
-85;-152
147;169
295;-11
-118;-269
201;-23
160;218
197;239
-172;202
104;-117
-300;223
252;241
-196;-172
-385;-218
110;-90
-236;-179
192;81
-166;278
102;-383
121;-226
260;287
181;-282
159;-165
130;-126
104;253
240;-190
137;249
307;-157
-229;-254
-318;189
188;-248
-98;-332
-154;-173
220;-223
-165;174
-83;-271
-42;-295
253;200
-74;-80
183;-188
71;228
-195;38
152;183
182;-202
174;157
315;198
-129;-285
128;169
-250;188
-217;238
107;227
49;-59
-172;132
-219;-218
-118;107
-80;172
-176;71
76;184
-199;-211
88;115
264;-172
161;209
150;252
115;147
-147;195
167;-168
-129;49
206;-131
284;-247
-205;-344
114;197
-220;100
129;-166
-200;205
25;167
110;-274
179;206
96;-43
99;-72
148;203
-215;253
-194;285
-174;-40
-62;186
196;-278
-215;-163
35;215
120;-289
-97;83
238;-200
128;194
176;225
110;-314
298;81
-223;-255
-196;-198
-188;-143
355;262
-201;-249
-182;173
-310;-203
-212;-164
-119;-277
-175;259
156;-186
-112;147
-254;238
-71;-173
298;174
-106;166
338;110
-40;-100
-172;1
-199;-149
-210;-62
150;227
-97;312
186;183
-196;151
-267;-130
-98;196
240;-146
-200;-214
-245;-135
28;-263
66;157
-286;-96
268;152
19;-197
137;151
-79;303
-252;198
260;-87
254;-229
-193;195
125;-164
-244;226
-156;-302
-45;58
204;248
95;-154
231;-178
-59;-115
275;36
-282;35
93;308
200;147
-210;35
39;138
253;5
191;-148
100;173
-184;-208
199;113
-239;302
95;-238
-154;231
196;-151
-108;-147
307;195
139;243
-282;180
158;256
140;-226
205;-211
210;139
200;291
-251;-273
156;-240
-190;-139
-123;-238
179;125
103;-203
-148;-142
208;-239
288;206
-322;128
-139;205
-279;269
-172;147
-251;-183
-161;242
-188;-101
-135;296
-155;-108
119;-257
-278;-152
82;-242
-256;179
-176;220
-190;-121
182;-165
190;198
143;100
-225;-121
17;-153
283;-161
-102;-166
-292;-89
201;-264
-171;-133
198;71
169;-197
-139;-275
-189;188
67;143
-15;278
115;115
-194;97
118;185
124;261
-139;-117
-108;245
-70;-236
229;-169
203;-109
-217;-220
-137;3
78;272
54;114
-148;227
213;-215
169;-213
154;-129
290;150
-94;-194
276;212
-133;289
-252;260
-204;353
282;-274
-211;151
220;146
331;-273
78;159
196;141
-143;-183
-166;-221
-166;-213
104;182
104;245
134;-188
38;-105
157;45
-234;45
-160;137
118;147
-104;-183
123;-172
254;-66
-158;118
-239;55
-128;-169
127;232
135;220
188;-33
-133;-158
153;-233
204;232
204;-212
238;-181
221;202
139;-208
151;146
-244;-231
207;-109
-202;129
-191;204
-258;213
216;72
44;-285
199;245
191;-167
-218;255
225;185
-170;241
-179;288
142;137
-80;172
211;132
-209;69
175;-264
-58;200
120;-211
186;139
-160;-214
170;-160
156;-358
-220;204
178;-230
171;162
256;-96
197;209
193;172
124;268
-188;168
184;-101
239;-126
142;-63
256;-166
20;194
200;207
-63;-175
-112;-186
-268;-176
-172;125
201;-206
-49;-200
-111;34
188;-135
-273;73
-196;-9
-246;140
149;207
-203;141
-272;86
-192;181
120;183
-171;-157
285;-184
-186;116
-198;198
152;114
-281;223
222;-187
-316;-196
-202;188
-266;-173
-174;-71
255;118
79;288
299;216
233;218
-131;-169
-251;-101
325;-65
224;187
-182;-138
263;135
-310;248
-197;-76
-242;-300
-250;133
-166;13
-228;149
303;13
-233;-265
-176;180
-207;-158
254;115
178;173
-155;251
-264;72
-193;214
-66;-250
85;222
-11;-181
-130;-235
111;267
-226;-282
-217;126
127;225
226;-95
-145;208
-216;-257
194;-149
-183;267
171;-278
-11;-136
-190;121
285;-106
227;167
205;-108
-127;-190
-203;-159
-69;89
-100;-120
-118;-190
208;55
-293;-215
224;276
-163;-113
-228;-165
-182;50
110;-233
131;-169
115;-155
115;155
108;-155
149;173
-141;262
208;178
63;234
32;-12
-289;-156
241;-188
149;-172
-139;264
157;264
182;193
-134;-195
-106;43
-227;-201
-106;161
-197;-158
-200;-218
-93;24
185;-202
166;-73
187;173
-160;-105
-99;-216
161;139
-114;-195
154;-157
242;-133
167;-83
141;-179
156;-140
224;-86
-17;-284
-316;-5
-134;117
221;-105
-192;146
-98;-153
159;198
167;134
165;22
-202;-187
187;-63
-275;48
236;146
204;-129
-100;-201
-188;212
57;151
-124;-158
-290;-319
-149;-169
137;180
-117;-241
-337;-30
-192;238
133;160
78;-99
-99;-88
-207;-186
215;195
221;242
-157;116
-227;-178
-167;258
250;136
-113;155
-172;150
231;-167
325;126
201;217
-227;218
-222;90
-138;-67
-226;234
-198;296
210;-306
137;217
156;170
202;-145
-220;-119
-171;-307
-71;-162
-198;220
-207;-234
113;259
106;209
285;-142
-236;104
34;209
107;177
241;-128
110;-209
-227;108
199;-280
-243;104
98;336
-220;-200
294;159
-173;-177
142;289
-104;-139
-144;-211
74;-53
179;-176
160;-166
131;-234
-160;57
30;163
136;173
-193;34
-119;-202
216;178
196;129
-29;-146
68;-146
-165;-346
-172;-243
151;-226
224;218
290;-181
203;-280
-182;211
190;106
254;179
-200;164
95;170
181;255
186;-36
-71;-105
238;177
-211;148
-118;94
-190;218
124;-205
112;338
181;83
142;-302
91;163
223;-151
-129;143
-158;-262
154;-191
-48;-192
86;209
207;202
-160;97
-132;-81
173;-204
-124;85
-169;166
221;-95
169;-156
133;226
196;108
23;238
-72;183
176;-141
-134;-153
-152;70
-128;176
-167;-187
-144;-286
-187;123
-236;178
218;-137
-71;36
-204;89
-147;-379
-145;207
-214;116
169;-97
-315;70
220;197
-174;186
182;208
228;238
76;-258
-164;-248
114;111
-206;-277
-175;-265
210;-125
-251;-230
-77;-250
-200;107
98;208
-56;-297
-179;191
165;116
-63;-318
-160;-151
-180;159
157;-157
-202;245
344;-151
-182;192
99;217
161;89
188;152
-146;-204
-138;-194
257;193
-97;-138
-142;174
-139;-169
-188;-242
-125;179
140;-75
192;-108
196;-121
205;-65
-149;154
228;-242
23;161
150;-130
-269;109
173;200
152;-109
-175;144
173;-181
-152;201
-137;-273
-195;-16
168;-215
-192;-153
203;168
296;-151
141;155
140;-106
-248;151
-243;202
-225;172
272;-121
-73;-252
-262;153
-191;-226
-217;231
160;-200
73;-67
-341;-110
-168;-199
-237;190
205;-144
204;301
160;114
-96;-113
174;-145
-194;144
-138;-196
-170;-168
-164;-221
-135;-230
-174;-179
180;-66
359;164
-13;-177
-163;-228
69;113
236;204
92;55
176;196
-200;186
-129;22
-202;92
68;190
68;-187
-106;110
-194;143
-160;92
191;-202
-163;89
221;-91
280;-138
191;-182
-30;-203
191;46
162;227
-2;89
230;-196
-171;64
-125;-211
-106;122
78;-39
-239;287
145;-143
127;217
265;-238
-161;-243
-53;-228
-254;216
-279;-276
228;-219
-130;-276
239;-259
-110;-182
-209;179
-244;248
-199;-241
302;-256
-242;349
101;184
184;-256
-238;-200
281;191
110;-84
-128;-238
216;-153
79;142
143;266
-171;58
254;-199
-136;40
118;272
-116;-248
-222;-231
194;-137
-241;-205
261;245
-85;64
239;-215
105;-56
160;214
198;-164
104;-134
144;-123
181;172
182;-150
128;227
178;-173
-197;-74
-208;157
134;-216
-81;-145
-87;-110
243;-148
-157;142
-98;-165
-111;-104
141;198
-149;-220
240;-110
53;184
-108;243
88;348
134;-144
78;107
165;206
-140;-256
150;148
-170;289
-162;120
220;192
178;-216
-181;114
-124;-170
-159;173
-218;112
-295;318
130;237
-181;-146
194;144
182;-303
162;54
247;150
99;151
-81;165
206;-122
-220;162
252;-154
143;-210
-132;-175
24;162
-80;254
265;-160
-128;186
-110;73
119;-131
164;139
71;-78
233;-67
199;157
-46;149
-177;208
-114;-285
-165;152
171;-210
-77;-172
228;242
291;-102
-281;227
77;-261
100;122
154;344
163;-105
226;137
-159;-118
-184;-105
-239;-172
81;125
-86;-183
-51;92
-240;-188
-46;-220
-165;-167
-183;140
102;-183
-75;168
-128;174
-239;-182
98;139
-168;142
245;201
-210;-160
-197;118
-149;-174
-94;-194
21;225
-242;136
180;110
-95;96
-122;-199
-57;59
178;-76
-83;-102
-67;-104
106;-220
206;109
-196;-150
130;139
-162;-244
69;224
-100;-11
-72;190
199;-215
172;-194
-204;140
233;-137
-142;85
-162;-236
-264;96
104;281
260;-210
370;-173
-142;-347
142;136
-349;127
78;157
153;32
-197;87
202;184
297;-146
332;-252
89;177
-201;-148
117;106
-110;164
123;-53
-41;82
128;-273
-143;-134
42;155
134;187
-137;172
144;151
86;-211
162;-139
160;89
145;73
-108;-84
136;-120
-285;-32
-214;-90
146;95
162;-87
-182;-66
121;-111
161;177
-272;213
-189;213
-169;159
-260;144
-160;-53
-53;65
36;-95
-133;203
-158;-84
157;-121
-151;-11
152;-152
-110;208
-91;118
-101;-128
189;-78
142;23
177;163
-156;-122
145;-211
165;-164
-265;-197
-245;-169
238;-136
-207;-254
210;242
285;-189
-243;-155
-234;121
129;158
290;218
285;89
-225;89
231;286
133;216
-302;-246
-192;18
-276;-210
294;-248
133;-159
-215;-210
-284;108
176;155
139;164
-144;208
195;-193
229;-59
70;-202
170;55
-51;-152
230;259
-117;208
-240;130
-202;169
110;-140
-189;46
129;173
267;-187
146;215
161;108
-121;-102
-212;-99
-175;-148
159;96
194;196
103;-171
234;-145
277;330
-174;207
-188;212
163;86
-194;-256
178;-156
258;-109
-211;200
-276;204
-133;-182
140;348
227;178
183;-80
-82;-139
184;-132
241;147
36;-150
111;-153
133;143
136;-202
29;172
-157;-150
79;-243
-201;187
-247;102
-143;39
98;206
138;-215
139;166
102;-117
-214;137
137;191
-117;130
-180;100
143;269
-189;108
139;187
-239;182
174;-97
-280;31
113;-140
122;121
-123;-187
91;-220
140;-168
-153;239
160;-235
212;109
149;-292
116;216
162;274
69;132
-237;213
142;-181
145;-112
194;-233
176;-203
290;97
112;102
-185;-148
-159;-227
-53;-212
-269;156
163;-234
-215;-264
-351;125
231;-125
-139;186
-253;-182
-346;189
264;185
-112;173
-190;237
-232;115
234;123
-155;-238
182;-176
-234;29
-206;218
229;101
-25;234
145;-179
-130;-256
-269;224
-171;-147
-146;-52
166;127
79;287
208;38
79;135
-165;-222
-175;-88
75;-33
114;66
-104;-205
118;278
-224;81
-90;-157
-137;-150
-120;194
-280;140
-154;180
186;-224
-272;-183
-227;36
-67;-155
200;158
233;24
-139;267
-67;257
-108;265
-264;-177
139;182
-219;-141
-177;-209
273;202
-128;-198
-53;186
223;149
92;-243
-150;216
-219;-184
173;-197
-315;260
221;-10
-120;-187
-193;106
235;-88
166;145
290;-50
-147;-234
-193;-180
-215;188
-161;-142
-129;-140
126;92
-147;-224
104;238
-159;-157
-283;-206
-160;167
168;-269
266;-267
179;-141
183;176
121;-165
164;194
-128;177
70;201
66;168
104;183
-287;-312
185;-341
185;-53
-118;149
123;52
210;179
-126;-93
-299;79
-168;-207
-230;168
-131;-157
-161;-169
-147;100
173;-172
139;-129
163;97
-184;-169
-167;-51
201;93
-110;-161
182;-82
156;-191
243;-191
226;-282
148;-155
197;-225
-206;-67
-170;231
-322;174
229;-139
-231;241
-217;-441
77;299
223;255
420;-157
-326;-150
176;-79
-299;104
237;101
185;-88
-147;-178
-168;132
247;231
-195;-147
-154;-222
-149;-170
172;149
-157;-117
-177;-167
-61;174
162;84
68;-180
-119;-199
-106;-194
77;206
117;90
-237;184
-46;-114
-43;90
148;244
-303;97
-249;114
131;-38
113;173
125;178
-157;107
-176;66
-234;-180
-175;227
-137;171
241;-238
145;198
162;165
201;-249
-158;-220
-60;-134
-68;-165
-107;236
-217;-178
168;191
254;145
189;-228
-167;66
93;105
122;102
223;-185
168;-261
-244;187
123;-239
-162;146
111;266
-141;-160
352;279
-10;-265
182;209
-241;-232
-103;26
195;-153
196;-242
205;-144
175;-198
-95;217
247;163
341;107
-179;57
-164;-218
149;164
156;175
-190;-64
178;-96
-183;-23
-94;-163
155;-99
111;154
140;-24
269;-142
-268;174
163;231
427;238
-254;337
100;166
206;236
270;13
-130;-202
191;179
-174;91
-214;212
-298;81
261;-157
65;214
155;112
54;-255
186;118
155;-149
-165;170
-196;-231
61;-347
-199;-208
215;30
246;234
-124;274
-155;-228
165;-220
-155;302
-89;229
158;-187
167;-232
203;88
288;216
109;153
-119;238
215;-149
-212;-263
-177;148
-206;191
-155;32
-225;-117
-143;145
-204;40
135;-177
-102;249
-133;286
-137;-201
-151;186
-147;258
241;-212
-195;220
88;127
-131;168
170;213
69;103
153;-177
-190;-242
153;211
-146;-167
-216;-233
58;-104
-194;-220
-243;-329
-126;261
228;70
-177;-169
-241;163
196;220
-151;-274
-34;-246
-243;208
294;-220
-270;163
148;-145
-307;310
115;265
291;163
249;164
-248;-166
-309;-168
35;256
-256;-68
-171;277
-133;-135
-283;-114
-159;263
266;-309
222;-241
153;-170
238;-150
-271;244
162;-53
101;273
227;-125
-339;101
237;201
158;-193
-114;280
191;-216
-196;183
-130;-180
-150;151
151;-209
-215;-147
254;82
93;-145
149;63
119;-226
-48;195
-152;222
-127;242
84;-89
-277;-115
-169;28
-87;-165
-226;232
218;-80
163;-191
-248;-259
-210;-232
-240;188
299;-105
205;310
118;325
-300;-233
209;-223
-189;328
-410;-189
-114;-244
-222;-306
-222;-312
-217;-213
137;-101
139;248
-270;-310
-203;-261
253;166
293;226
187;142
163;176
-31;261
-144;225
-139;317
219;168
159;-254
-95;311
-85;220
-198;322
238;-308
-204;223
251;-224
309;-228
253;-206
-161;-204
100;271
137;178
108;139
203;-196
-247;138
-221;-214
-245;132
275;-175
-123;151
135;-188
261;215
212;-246
-225;-163
-164;-211
-15;197
-200;-198
136;-278
-153;-129
110;-242
-175;-117
-150;178
-18;238
-187;-108
87;-191
-175;313
226;156
260;-53
-104;-215
189;205
409;-159
-40;-296
476;-76
203;206
252;77
-307;365
353;-125
-205;328
227;221
-247;-96
-245;-205
193;-289
-242;-168
217;141
-103;195
195;-388
137;-202
204;82
267;-194
117;-278
172;-191
289;224
269;-286
113;166
126;-236
-209;-37
-131;234
104;-220
-277;-192
-372;-188
190;-201
-213;258
-261;-162
-218;-100
291;173
-143;-315
205;-210
221;77
-205;121
223;143
181;-265
182;37
199;142
-173;-179
110;216
-239;188
-108;115
149;130
87;-148
-125;191
-84;-199
-165;191
-126;116
-220;203
211;181
-94;-228
177;148
212;-170
198;227
139;142
229;52
-173;210
94;-181
-216;166
227;-176
58;-241
-331;-241
208;289
-109;243
197;-86
-217;180
-198;178
90;-100
132;117
151;-110
141;-274
142;53
-268;137
-203;184
-212;-184
-232;143
108;-135
-141;-261
305;107
281;-134
-176;253
157;-76
257;327
248;301
244;-106
205;184
-220;-117
-313;-119
-114;-17
135;124
-305;-184
-193;280
-273;-31
-105;-121
-131;-184
-175;265
90;-184
-225;193
-60;95
-170;-241
178;139
-99;139
147;203
-78;-148
-175;193
-259;-232
-311;-33
221;52
-171;267
206;118
-79;212
-216;-207
-264;94
70;-262
-201;-220
-201;-126
143;-225
156;188
-65;-97
243;199
-253;-279
167;77
-272;153
-129;170
52;-135
198;-224
-60;129
159;-162
-174;50
-144;-193
-138;157
111;207
223;-93
175;-223
-118;-227
161;221
-160;247
274;105
211;240
-106;204
165;163
277;-187
249;-110
148;240
-465;-257
243;232
-118;151
187;-287
-174;314
225;-259
-66;-181
218;283
192;223
-65;114
250;174
118;-244
108;-163
242;220
197;197
-242;-56
174;-202
-218;-212
-168;-149
163;130
146;-178
-205;-107
182;-204
158;186
-133;158
-93;255
-114;81
-125;149
-111;-174
-127;188
-288;-193
-105;102
-184;-275
140;-123
-131;-257
192;-200
-196;223
-88;109
-55;-192
244;-171
208;160
188;144
-263;-98
98;-25
111;-102
-70;-146
-282;-277
230;-171
-218;-81
112;230
153;-162
-120;-91
-335;117
208;249
163;110
183;254
-116;37
72;201
140;184
-277;-208
120;131
-105;-190
-157;-168
149;117
-188;-107
-171;99
-122;-149
109;-139
-202;207
-338;-189
172;341
-68;278
101;-135
-205;254
193;-230
-141;-175
178;197
-170;274
-107;272
-237;185
249;162
-148;152
-159;89
-169;-120
238;184
-39;-180
-66;69
-255;-283
209;256
153;-286
91;164
173;-110
185;-77
106;-109
-238;-258
168;-170
-193;-216
-158;-259
-264;293
-178;-40
252;152
-279;-239
232;-231
73;-93
-163;104
-118;-264
265;-308
186;-175
-369;-183
-187;-279
-272;253
-225;-268
-223;-280
149;258
232;156
298;-225
81;229
108;-292
144;-103
-244;-223
-158;49
-121;276
-131;135
-175;-120
185;188
19;-203
208;185
-175;-227
-152;-119
-161;-119
-166;-99
278;-253
-212;102
-116;-64
-148;-88
-160;166
-405;198
234;-172
-178;-191
222;-111
229;-245
-228;-283
-112;-173
-153;133
186;-209
118;168
216;-30
-118;205
-255;-216
145;221
104;-134
-186;-139
246;-135
-198;227
-256;-247
-238;-107
-139;237
207;-229
271;125
-206;-235
255;234
149;192
203;-248
265;182
-171;211
207;354
319;-114
70;-228
210;203
169;135
-227;283
-208;274
-302;-138
111;152
198;-192
269;235
198;154
-168;-185
79;183
86;141
-171;-159
-112;112
202;315
261;122
208;-75
-181;236
-138;-156
155;100
-108;-217
-154;249
-186;-257
-78;126
-338;156
214;-177
113;100
-182;176
-202;178
141;-190
-211;-196
-203;-198
-176;-229
260;-288
82;-271
169;-159
-215;188
-186;379
268;183
-133;-174
150;27
-171;224
-175;-138
-195;222
-149;-158
162;-135
134;215
172;-220
-144;97
-198;150
49;-146
111;146
-176;-132
-183;93
159;-186
230;253
267;-180
185;-259
-198;-175
120;53
-339;-282
110;272
-217;320
-183;240
35;-147
-35;264
75;-178
321;-92
-161;-171
187;368
-212;139
-190;-173
41;-187
-136;-151
-138;-37
-149;107
175;-150
268;-203
75;-184
147;-65
-149;137
124;229
229;-183
194;-135
222;-288
-90;-269
297;-122
-272;-186
-100;-196
208;-229
140;-206
-114;-182
257;196
-179;297
-251;177
-279;257
207;-230
-183;123
-204;231
247;-224
-208;209
-116;259
-257;-125
-149;204
-146;-181
90;-231
190;-177
-253;261
240;209
-184;175
-145;-154
241;-262
-237;202
146;55
182;-96
230;196
-239;190
-268;67
-206;-100
-177;150
-8;-234
-145;177
196;245
307;86
249;-215
112;-259
-272;-109
188;-202
-280;226
143;-187
166;-173
104;98
177;-214
-87;148
149;-274
-117;171
-151;-190
-227;-210
123;233
104;110
-232;-181
-185;-202
-174;-289
-80;228
-258;226
214;-254
-109;236
224;-266
-176;216
185;-170
163;229
-204;-136
-209;-233
138;76
205;192
230;-205
401;173
-55;-138
173;58
-144;155
200;190
-227;-241
180;-266
-82;-277
-169;94
-185;309
172;-144
-23;110
-247;-190
-303;-183
101;156
-164;117
85;-162
-226;-161
138;120
162;-202
99;-68
216;132
180;199
-222;-153
87;-137
192;142
37;-260
262;114
-81;245
-197;51
156;153
203;336
-247;-135
-137;199
208;119
328;97
-282;270
-314;249
199;-203
-200;-273
189;288
183;187
61;31
323;149
164;81
-159;-148
-193;-212
63;307
-216;-91
-277;-265
223;131
-153;181
-162;212
169;194
-152;-204
286;159
-363;-153
66;-206
161;-156
264;21
98;-24
-280;-252
158;-236
178;-158
-228;-176
219;-225
-167;-253
232;214
-126;200
206;-240
-194;171
186;215
-164;-233
-244;-200
-172;241
-129;-204
271;-175
-243;-53
181;196
-140;190
-182;96
-158;-220
-151;283
-188;255
-156;200
-197;217
-272;-128
-227;119
163;188
259;63
-153;193
-204;182
-157;220
-155;106
-7;-211
162;-235
229;-148
-96;220
288;-196
-150;-272
-58;-170
-188;-241
229;76
-242;225
-136;-224
165;254
218;-174
209;-195
231;221
227;317
-180;-129
-183;-177
153;-176
164;230
-193;332
-133;-256
-36;207
-150;187
-202;-238
-127;-90
214;163
263;189
112;-175
130;-179
157;216
126;-277
-64;165
-136;-206
-109;-267
260;-114
207;96
310;61
-193;-104
-179;-172
-217;169
-270;-162
144;-79
-186;189
238;-219
159;-199
205;122
-139;-92
226;31
-206;288
-213;148
172;-227
93;-137
-268;-98
-204;-125
181;150
-77;108
-248;-136
-65;244
197;-197
197;172
-99;88
219;-98
-144;-157
123;-57
238;-202
231;-224
107;-236
133;161
145;187
96;-148
-75;-137
228;298
206;-345
102;-182
-185;228
72;-87
274;312
236;149
220;128
-256;-143
64;-212
-208;238
-78;301
168;-242
-203;179
139;-127
-298;-194
-257;-110
151;204
149;150
-222;-198
95;-216
-151;251
177;-202
149;-190
168;65
270;-182
-273;-251
-128;-229
240;-129
231;177
-189;246
212;-295
152;92
180;5
211;201
-203;190
176;-300
-91;130
-143;185
-161;-113
145;-169
180;68
225;-181
-71;-125
99;-157
-295;-244
-209;209
272;-190
-277;-137
-238;111
302;-183
-233;197
213;-165
-206;-184
-247;300
136;-94
175;195
-341;-182
12;116
122;-199
-221;-183
198;-9
-274;-175
195;210
-112;181
209;-181
-186;-110
-147;277
181;180
-226;265
-189;228
148;210
158;-220
-214;123
-91;-252
272;223
-221;-106
-141;-126
172;-236
-143;279
-196;-197
-185;184
116;-190
162;208
273;-245
170;-110
236;210
-287;175
-195;-37
-223;166
49;-270
-151;-94
-238;-52
-139;285
-242;226
-181;167
200;133
-152;-123
-74;-175
203;-225
-94;166
-184;129
178;-121
58;-283
-313;266
-185;190
374;78
-254;355
-187;-182
118;-153
-166;-283
215;-246
230;-200
175;-254
114;209
165;-198
-164;-176
155;-92
-273;114
-242;181
95;-235
-257;99
129;165
-127;-195
-215;-142
-195;-153
-170;283
-199;-187
145;-206
247;191
224;203
232;-92
100;226
63;-157
176;-319
-213;174
-205;181
-305;238
320;251
143;-303
288;-351
213;-220
-202;290
-275;-9
-72;181
-189;229
195;-142
-178;110
232;-199
184;184
256;-203
148;217
-139;-203
143;-266
158;175
-272;-162
-201;87
155;230
-142;156
181;212
89;216
204;247
-29;-234
178;-180
177;-105
-115;-153
-216;-152
-239;144
154;221
219;-254
31;169
177;130
80;-249
144;-153
208;-185
-180;44
-195;136
-207;-133
-27;-105
153;148
141;-254
-254;121
-220;-173
-265;100
222;-266
218;-293
250;159
-149;-90
260;271
-178;242
178;259
-119;-214
255;-219
177;-90
175;-277
211;217
-241;-161
-163;-195
124;-166
-105;297
-167;222
288;172
222;-231
277;126
-287;217
-321;-103
210;-128
196;294
-197;200
-265;-181
-75;-116
-108;-122
-157;-104
167;-143
160;138
203;166
237;-65
-260;66
185;179
132;-137
209;-135
211;-170
161;-144
135;-148
-141;140
-47;191
-244;188
-222;-201
164;160
-171;220
190;-128
142;-180
143;-191
193;-155
-292;-67
61;146
236;-76
-134;-171
83;-184
-176;129
152;208
-149;168
138;130
139;285
-241;164
105;246
51;312
209;-135
-348;219
-151;125
113;181
-191;-160
-242;-135
312;139
-181;-219
-427;-175
-238;-92
-181;113
-218;-185
194;-125
-135;152
-272;-167
317;-314
120;-243
-217;-131
-311;127
264;270
169;306
-223;313
202;-188
197;-164
142;-209
296;152
-233;-172
173;220
-247;147
-38;290
-162;288
178;-163
-233;207
204;131
181;-291
195;278
321;73
-240;-160
-125;-97
-78;-248
127;236
123;200
191;-72
61;-214
101;252
-162;162
-191;186
181;182
-231;-212
134;-211
153;-73
-158;146
-116;231
-217;-235
79;130
199;263
269;-207
-127;-209
204;-111
147;162
236;-217
166;-141
139;165
229;-185
164;217
-238;-200
254;-176
-218;255
-74;80
-262;158
197;130
283;-258
275;171
50;-159
-215;169
112;361
-128;153
-168;191
114;122
-119;200
143;282
-207;246
15;-326
-264;144
176;-225
202;68
-293;-88
193;-261
160;-307
-157;217
221;-251
117;107
193;-219
97;232
183;247
147;152
-189;169
170;-110
154;-123
79;-82
248;-106
170;145
84;87
-213;-214
-246;-293
-227;-181
-142;229
229;-323
-189;-199
-282;127
295;-159
-185;213
-131;-207
-219;204
128;229
-244;112
-264;170
-273;113
220;213
-290;-265
151;-226
-225;103
-130;132
194;243
-186;141
104;-151
3;-133
-227;116
-251;-205
-162;-246
95;153
222;225
195;140
168;153
-202;-322
-244;-290
156;-250
210;139
-283;-262
207;227
-239;320
-219;-126
-173;-222
-166;198
-239;249
-132;265
190;-177
-296;-195
-126;178
-244;-196
173;198
166;108
-174;228
-67;169
-169;203
-94;-327
149;131
-119;-144
-68;-205
134;171
-32;-174
-214;72
121;87
277;-182
-227;134
-111;-277
158;-307
-337;226
305;-137
-147;-310
-242;234
222;-93
160;196
176;-251
-219;-203
-308;-274
-292;150
-367;-232
-63;-185
182;103
-154;-120
40;112
-126;-65
-213;-171
-147;163
255;-243
158;-117
178;-182
149;161
128;-197
253;64
-132;178
197;89
201;268
185;251
-116;-191
100;-132
186;-295
-207;221
176;174
193;168
-218;-103
-160;138
-189;-152
-117;249
-166;-201
-296;-218
-155;262
185;-213
86;-222
193;184
-159;-156
-193;-153
251;155
-89;-239
156;-188
223;-231
166;-123
29;-147
213;-112
221;-48
-104;-135
-141;130
-213;129
175;-100
-254;139
-163;-189
120;176
51;197
208;-155
-199;-196
307;-34
-231;242
215;260
121;-242
-181;-227
-222;53
193;234
-61;-242
-286;-169
-160;-195
103;237
24;-259
-122;-247
-254;177
148;156
145;-176
-129;-111
-129;-110
156;153
178;191
-95;230
-82;-126
-168;226
184;225
-186;198
-183;206
238;-173
256;135
232;108
-238;192
-138;319
-336;-169
-133;296
-173;149
114;2
213;127
203;130
191;-278
-208;-226
-269;-228
-237;-189
-210;323
-64;-130
218;169
168;103
111;-192
-137;178
193;146
234;261
262;-84
164;-84
-149;116
194;-335
-186;203
215;210
-155;-179
152;249
-252;-151
296;230
-143;-80
-23;-143
230;-103
261;-114
181;-203
207;-205
-212;217
204;269
265;65
-16;229
-106;-115
53;216
240;232
-156;-194
129;-178
-127;-262
-136;-146
280;-181
270;168
254;-139
228;-136
-120;134
97;343
105;133
-254;56
216;199
260;151
265;-267
-123;-235
113;141
-215;75
-276;197
-263;19
270;-81
110;248
76;149
182;9
3;216
196;-88
-158;49
-88;-272
275;-102
-134;-253
291;164
218;267
-207;70
-101;-245
216;-180
-268;225
-336;58
236;-151
182;-137
244;259
110;255
273;198
-339;263
87;-167
-287;-234
-173;115
-112;150
-309;-211
-211;-219
-377;139
-75;186
209;-262
-185;255
-349;306
-109;-82
-152;155
-156;187
215;-325
-256;365
163;237
-255;2
206;175
151;57
193;-67
-180;-214
335;166
-63;-205
-228;-97
225;-155
-275;-184
-119;-302
-263;218
219;258
-259;-62
-150;191
153;149
-3;-241
-66;-358
-248;171
214;-12
-283;255
149;-107
-173;78
116;231
52;214
170;216
-66;-114
-151;-110
235;109
-286;-92
-200;93
-121;-182
-194;-269
-213;130
156;-107
138;-149
172;-186
244;-123
-329;198
277;-311
309;185
123;-230
-314;309
217;167
169;-142
-17;-13
5;-356
-207;223
-145;-135
-134;172
224;-296
-218;-94
193;40
247;-355
305;268
314;-273
-285;255
-208;223
-205;220
217;-279
-89;-83
-91;198
-59;-337
-194;174
148;-284
274;-161
-210;-235
-54;-276
-172;156
274;-231
222;246
97;341
-104;-236
268;-274
-136;153
-124;-258
-218;-132
-261;-215
-195;-82
-94;-119
342;-185
295;183
-199;-317
-188;-226
-4;183
121;160
150;247
143;144
-310;101
-211;258
-135;140
155;207
129;-100
-188;197
-259;146
-157;247
78;-128
-290;198
278;-248
155;-172
254;-247
-283;-285
204;156
221;185
196;224
164;-146
-254;142
-168;-264
-214;210
204;-184
-201;262
215;-145
364;222
202;-249
-161;-235
-209;-194
-174;194
-147;-97
207;-158
-199;-58
228;-63
-288;-127
-105;167
-64;224
-129;-161
267;-266
-124;207
182;162
210;-172
-268;-135
202;318
181;-167
-196;-182
332;-233
196;164
112;120
-179;256
284;-84
-234;136
115;119
-284;-172
-149;-318
228;-162
-160;-170
147;143
-199;187
205;-89
244;-199
135;160
256;-131
212;-150
242;-118
163;171
276;-242
219;175
262;-150
-156;-241
-74;214
69;-211
-241;-210
-177;-43
279;-191
-271;180
-234;-355
-183;-240
315;197
-107;-355
105;-198
164;220
-273;199
108;277
83;-172
201;109
333;311
-260;-284
157;183
-188;249
-97;146
203;122
114;-76
-175;182
-181;-208
-167;172
-183;231
-233;174
201;252
-122;-124
66;152
145;-220
49;149
206;269
258;193
-190;273
192;-160
-132;266
234;-293
224;-197
-190;-256
168;334
-81;242
290;-169
-203;165
-146;114
146;-180
219;168
177;-164
136;-171
88;140
-164;214
-167;176
-256;-114
-82;40
137;-203
-203;-157
127;138
241;-146
-335;292
164;-186
166;185
312;154
239;-134
118;101
-241;-262
-113;-231
-238;-195
161;148
-317;-191
-244;193
-216;-136
-167;-231
-116;-248
-127;163
130;-238
-200;252
-286;462
-219;-125
326;185
-89;270
295;317
-179;-200
-244;114
-269;-156
12;-221
182;202
-226;193
250;128
-85;268
-91;-234
-180;148
244;-173
-228;-159
-108;-114
126;-249
222;227
-160;-272
227;161
-201;-175
206;184
-181;208
-304;173
204;-175
118;-197
-154;148
155;-185
-126;223
-99;-155
-200;98
144;212
88;-116
169;-39
-131;-55
209;163
-160;323
136;10
226;144
-106;282
170;160
122;-266
82;-168
130;149
-153;-232
213;161
-256;269
259;-231
-280;316
110;-92
-268;-140
160;234
197;136
-158;188
364;-26
107;-219
163;-331
122;232
306;290
-373;-251
352;-287
-126;-252
-287;-263
300;180
184;-207
-76;-209
192;-245
191;204
-262;175
-125;154
-159;237
-154;154
-83;-172
-63;247
-177;-181
-186;245
-217;-180
117;-137
-166;-180
145;-62
-265;165
-261;181
-123;-151
-13;-51
295;194
52;102
-106;-100
148;-165
63;-184
-143;-72
-197;-128
217;-162
-103;-182
80;254
175;-92
-53;-82
-136;115
251;68
236;130
268;101
-199;321
65;190
248;150
-218;-112
33;39
-153;-204
-177;-159
172;195
-99;-143
-163;128
-181;-145
180;-226
-155;332
-197;-271
286;290
-268;75
270;-230
-302;190
213;-322
-235;-165
156;198
-186;127
-115;78
-1;20
191;104
-162;224
-127;257
-189;-196
157;155
-52;-196
-162;91
-162;-157
168;197
151;-224
183;106
116;-59
106;-75
122;-60
-126;-143
103;-213
-138;-130
-134;-197
-135;170
-118;-50
175;116
-139;-61
148;-200
205;-151
-148;172
-315;-186
255;-244
119;-133
-249;-157
-207;-208
-119;319
-212;-279
-187;-74
201;228
148;150
140;-150
190;226
197;-255
278;-144
-233;-161
-195;191
-225;173
-171;145
-246;-142
141;198
125;-188
232;94
-126;-121
-132;-160
-168;-152
-157;-294
260;-99
-292;122
-229;-174
-71;-139
-279;266
-223;164
368;-203
-198;-147
126;-147
240;-131
-102;-168
-127;-166
-128;109
190;-173
145;140
137;213
-71;228
-126;-91
96;59
122;-135
-110;-124
107;-121
-147;119
-209;-134
-207;-129
-115;151
101;-204
236;113
-145;25
214;140
201;112
149;-277
162;154
-172;247
286;135
116;-311
106;-182
205;161
249;182
-235;192
-87;114
-44;-292
318;155
57;-195
159;256
188;163
-201;-261
81;283
133;226
-161;-61
-235;206
272;124
68;44
244;-186
-152;51
-199;-73
197;195
-109;-139
-207;194
-303;-315
-237;206
-176;297
264;-206
67;82
-70;173
-235;74
180;-58
-189;-237
-188;-69
-187;-241
268;-118
54;-118
191;-155
-172;118
-163;127
96;181
-90;-189
196;98
-98;219
-166;-113
-251;181
-166;-76
51;-162
181;211
172;-171
-148;167
-261;212
178;-108
214;112
-210;-162
-113;225
265;-200
199;37
174;-223
184;-192
-318;-102
313;194
-134;-148
135;205
-312;108
-172;295
238;-194
-129;326
226;-149
316;-170
-133;-171
97;223
-232;183
-102;-175
171;-243
-179;-117
-207;-187
-140;170
236;-210
213;-182
238;-158
309;-146
-120;160
152;107
117;-315
114;-243
219;-172
-304;-234
303;-113
-277;-210
-148;-272
177;-220
150;-119
-72;-230
155;108
-76;181
-187;240
-188;122
107;-117
-214;29
-175;249
100;-182
-102;107
-158;95
-217;-138
-178;197
-163;-82
155;-125
154;-113
-230;136
198;193
-196;66
-150;-260
192;-173
-46;124
97;80
96;-133
215;196
-130;167
-152;214
-201;-178
-223;207
-292;-212
-147;256
296;65
210;241
165;-235
193;-106
-168;-187
298;-232
-175;237
235;-188
223;-193
21;188
191;-247
-262;198
252;-188
-32;202
-67;-167
-321;-192
204;192
105;257
-158;-197
-221;-194
-66;-56
-179;215
-232;184
296;-178
-189;256
83;-85
-158;29
157;-240
104;189
-80;-51
-178;-211
110;173
222;170
126;-116
186;203
-134;-251
258;121
-192;188
187;105
-110;-302
188;-187
-288;-272
-94;124
-173;55
284;-68
-160;58
-178;-159
-55;-256
233;133
-182;250
114;-176
-209;-114
93;163
253;-295
85;-172
96;183
132;190
-160;-135
58;-123
195;49
178;-200
163;123
-93;148
-182;193
118;136
215;39
-115;-260
-208;261
204;124
253;216
-194;182
-111;195
182;-120
-45;-119
111;325
201;156
217;257
33;215
116;162
-229;-199
-198;-255
204;265
-99;-228
-97;-209
104;248
-215;122
-152;187
127;114
-343;-208
222;158
-133;-197
146;-201
190;-147
243;267
105;-148
-145;-199
167;-194
162;-86
-168;-291
172;-86
-291;-153
166;124
-210;225
171;-110
-179;166
206;109
-271;-90
-258;-80
-179;166
-228;-155
63;-222
-78;-27
148;55
4;217
-172;113
-169;-96
-153;76
-120;162
-163;211
-200;134
-275;-50
-215;127
124;174
176;218
-169;244
-91;182
-106;185
-181;271
192;-144
83;-174
186;-266
-132;183
250;-195
-135;-147
-238;-226
-216;-218
172;260
-197;51
-84;-171
157;82
282;-142
157;-170
160;227
124;314
-194;-154
-120;-220
222;-224
210;157
-121;21
-136;-143
-308;183
-86;231
-197;-178
-177;-80
244;186
307;311
161;-203
303;-241
117;123
155;-248
-261;285
-198;-295
-258;-125
227;-198
211;217
194;152
-203;-61
-245;-152
-120;187
-197;-125
121;-140
-144;228
225;-172
169;-263
224;8
-136;-167
218;161
-143;137
-189;180
106;-222
104;-177
-183;-93
-213;-120
210;162
-196;191
-218;-103
-184;277
29;-179
182;196
-126;147
138;-151
-221;-193
197;-239
61;-128
228;-179
158;-177
266;220
67;77
150;-179
-181;-166
170;178
254;-237
191;-54
-180;152
187;-214
209;191
97;193
128;120
-246;-140
125;-72
-180;189
-183;180
279;-235
-129;107
164;-184
-251;-59
-136;-125
187;178
169;141
-238;-264
147;-306
-14;141
160;-248
83;-383
210;207
136;-225
-141;-143
-275;-214
148;-251
145;122
-111;243
159;-134
89;160
104;177
150;164
-80;167
135;-160
-215;127
-146;118
-175;-169
154;-67
167;171
150;-131
-161;-95
157;-56
-240;-232
-129;135
143;-143
-259;-226
-193;90
155;-185
-95;118
185;-215
-103;-269
-116;86
298;-169
293;285
-149;-226
216;165
169;-235
-104;-182
111;241
-84;-196
189;189
-188;188
186;-246
-161;-134
-241;191
214;204
-151;131
-181;204
190;192
169;-199
-294;115
-177;-177
87;246
-267;-274
-154;-168
105;-175
-120;320
-237;-214
-231;337
166;-182
251;199
179;-218
207;-233
161;153
-148;206
-126;-130
-106;204
156;-261
-165;-138
-71;-81
-86;164
-97;206
-127;170
197;93
-191;-101
-155;-150
187;-172
-102;147
-138;175
179;-183
160;-94
-166;275
-154;150
244;46
-264;136
-184;-173
199;-240
-182;-260
200;-103
304;-74
263;-91
153;252
90;-125
-141;-184
262;-280
-164;52
-261;99
172;-77
-160;115
200;243
-102;-194
-151;-280
-84;-244
-99;172
-152;-245
119;-223
118;195
110;175
262;-165
129;230
210;-291
220;-112
-216;181
-229;215
-156;311
224;154
142;-226
157;-53
152;-191
-165;196
-185;-316
-247;213
-172;164
208;-167
-133;322
206;-103
113;224
137;-189
165;276
-321;-147
205;-194
146;122
-179;-172
-182;102
121;190
-233;-7
46;83
132;181
137;130
-76;-213
100;-109
186;-226
-167;-89
-75;-118
-162;164
242;146
166;-200
171;269
135;227
187;-109
117;-239
162;-157
-153;139
-206;263
-180;-89
-200;-252
172;276
163;-243
-294;207
-290;-119
-203;104
175;-236
179;-113
233;165
-196;-218
120;154
-238;70
271;53
-225;-143
144;-187
177;-122
205;-211
156;176
-240;-321
-123;-183
251;-253
-274;186
-166;160
209;217
299;-238
144;237
-255;218
-27;-134
237;-230
197;350
-192;243
-239;-105
-90;-239
-286;-176
-179;-111
243;-273
197;139
288;180
134;-153
-107;240
145;187
180;-118
211;-101
123;-71
141;-177
201;-153
-157;84
-268;71
-199;192
-186;-205
196;293
-222;45
194;-136
247;-115
120;-94
227;-129
-185;-234
139;166
129;-158
-252;-109
260;-205
-120;52
174;70
-219;-11
250;162
142;54
-238;148
165;233
182;132
211;-89
-144;277
-34;144
176;-19
-198;-131
-143;-217
142;121
-113;-286
-328;-144
-172;-231
-195;344
-185;-190
178;-245
157;249
-313;-192
-141;-311
236;173
-159;-218
-183;209
-134;-269
188;-160
-260;319
-233;-229
211;137
-263;94
183;-329
-103;277
158;-177
-89;-311
185;190
-249;120
-117;96
-143;93
174;169
-69;250
-127;159
-217;-219
151;74
-217;-173
-64;106
-203;-174
187;177
344;-275
208;250
84;-179
119;-199
105;-133
-222;-182
77;-132
-213;-179
-136;-196
-165;94
-131;-278
202;166
-213;-114
199;-200
241;-371
-201;117
-234;-119
165;-394
235;-216
-147;-136
-157;-281
-100;156
-181;-247
-92;-154
308;265
249;96
268;-235
88;230
219;-230
243;-210
-177;-164
-154;272
-327;131
-201;169
-197;-134
234;123
253;-192
161;183
-104;-264
-75;-220
-225;-204
-152;-166
120;-260
-214;129
-232;-220
-231;-168
-157;118
-164;105
195;-107
-267;-53
80;-195
158;-58
-155;-139
-246;-231
-280;123
208;-112
122;335
160;386
-198;217
-72;-246
236;246
149;-144
-302;-91
218;-153
-195;88
-186;-236
-262;-199
-139;39
127;-167
79;195
-63;-232
285;102
192;115
296;-230
228;164
-215;210
20;200
120;-282
164;-218
95;245
58;132
-149;47
-206;278
-152;-211
138;283
223;-118
234;327
67;291
-299;-190
321;253
279;231
-98;-266
-193;199
68;297
138;129
230;-86
-170;107
-104;-89
140;225
-233;-189
-278;139
-150;-117
-212;124
-218;132
170;-98
214;236
-222;119
-61;195
74;-238
-148;-205
-221;-272
-127;-257
60;-156
197;-90
182;-186
-351;174
-296;172
100;406
-36;-276
204;261
-179;113
-213;-94
-115;174
-218;-136
98;-166
151;132
66;-83
-200;217
-160;109
145;-104
213;247
-274;-169
-79;108
139;-135
214;162
213;-66
61;-82
-320;-175
207;136
-31;-292
167;212
-210;329
-110;214
197;-273
-253;202
196;-222
178;-204
-290;-79
188;299
-239;84
-180;-326
178;-89
-100;-123
-212;-213
-266;128
230;-212
160;-149
150;-158
211;-36
-180;202
118;171
77;-125
212;-146
176;-181
-115;-146
180;-231
-137;-114
-283;-162
239;-131
134;-190
-194;-141
145;186
-307;180
-239;138
-202;209
380;-200
-171;146
-155;205
249;-97
-250;277
-219;139
-122;-183
-130;302
-154;-186
209;-172
198;-191
-312;164
67;117
-158;191
-149;-197
173;-286
-159;105
154;119
201;-179
148;164
-184;218
-126;180
-273;-299
-198;135
-256;-178
-62;132
92;305
208;300
218;-166
312;-108
-322;-288
314;-143
-182;142
184;-198
188;-177
135;232
184;-225
-283;99
192;-194
-190;155
-133;-202
-125;-183
203;238
140;235
-120;-197
-41;-172
-32;-186
-187;232
-167;221
293;-218
-130;109
99;-109
-218;110
113;-131
213;225
-159;-243
-215;-194
120;197
-5;148
193;-183
177;105
-225;-343
184;171
-180;108
236;234
-295;-168
221;-157
-235;-303
-194;236
-148;175
182;-147
-158;119
-254;-175
-236;-123
177;186
-100;223
237;-137
-238;-243
265;194
390;-269
244;-175
212;216
271;185
-143;-121
191;-158
206;192
134;-259
169;312
-147;118
-151;156
147;201
139;266
-231;-151
-162;185
267;153
200;193
-254;177
-89;259
92;-169
-330;-105
172;160
195;278
123;211
253;167
209;220
-176;-124
-132;-281
53;213
-174;-232
-148;-117
91;264
-117;148
-156;267
195;317
-305;-201
189;237
-100;-58
290;-315
59;-170
319;258
155;-256
-232;-333
347;-165
231;-238
-242;-186
145;-273
-111;-245
115;156
-152;157
245;-154
-323;127
136;271
-229;-237
-166;-131
-217;57
-145;-285
128;-286
-178;-266
159;234
-216;195
-146;202
-208;-87
-216;197
-231;79
-164;210
-156;26
-231;-174
-163;151
268;184
249;192
-292;158
-214;186
-214;268
-131;136
130;-219
157;-128
276;-215
-180;314
191;-254
-283;-209
-122;-219
-164;-321
155;147
-220;314
-241;-233
204;44
253;-66
147;-154
127;232
130;229
-275;-210
-224;-260
131;-149
59;252
-187;35
-212;-262
-184;211
-171;296
-358;-241
-212;-146
219;207
242;156
232;-222
18;-193
151;297
141;-271
-210;210
-287;-305
-335;-163
293;-246
181;158
265;148
-133;-253
-186;-178
-128;195
-204;-180
119;-128
-267;133
247;-197
239;-198
274;92
-88;-149
223;144
-241;212
-116;305
154;-231
127;-144
-274;-257
-343;-298
211;148
-222;310
-41;-92
-142;135
181;-165
73;18
-89;207
192;-295
-292;-301
62;-155
155;-181
190;-189
223;-199
287;146
253;219
142;-258
-116;-267
48;379
331;-185
250;-164
-206;118
282;-178
191;219
294;328
163;233
-176;-144
235;-214
-245;163
-175;164
176;-272
-225;155
126;-245
-189;-137
-306;-203
184;177
261;272
-247;-184
145;-291
-94;294
199;-320
272;-161
183;169
299;-136
-160;-83
-304;-168
206;-127
265;234
-288;155
127;-87
261;153
171;188
290;213
-162;229
210;-201
-158;175
-102;276
-240;-252
233;-221
174;97
264;-247
-210;-209
113;-86
-201;-124
-154;168
76;-161
-234;-167
-99;155
188;-146
-164;174
127;-293
-278;-163
-181;226
116;-135
149;83
-240;-332
198;50
230;-243
-249;-236
116;112
-103;-103
203;247
-157;232
130;-152
-214;-276
-182;88
251;98
-224;185
-235;293
214;206
77;-154
-158;293
-208;-57
272;221
-231;-330
-59;-196
263;-154
-233;307
-213;-195
-288;19
170;-257
154;98
257;-151
166;-179
228;152
-109;61
-290;-248
-130;233
272;-80
-89;-183
-153;-283
-237;259
-211;146
-168;205
210;119
-296;-341
-105;-358
152;-183
-157;193
-183;177
182;-246
124;-169
-43;210
-123;252
221;215
-157;142
-318;-166
270;-230
-109;-195
150;-155
119;-165
102;-118
221;239
227;-231
-215;-131
172;-347
-50;162
-139;248
185;-118
-228;183
129;135
-267;-86
-213;-148
-146;-273
-218;119
-99;-212
246;-213
189;221
277;260
226;-247
203;186
244;-261
195;-143
-204;219
-84;187
-181;242
272;213
94;-209
60;-177
128;-216
-104;146
-99;-154
-175;179
-88;95
46;-130
-166;167
159;-217
193;155
152;-257
342;157
-300;-84
148;-262
148;179
-109;-325
-280;143
84;130
-131;263
241;266
97;219
125;282
-98;-244
94;-201
85;-185
-154;-215
-169;-127
-170;156
268;154
150;-163
305;22
212;49
171;-110
178;-293
334;-297
-221;223
-126;121
-239;-239
-124;-200
237;292
235;-243
-316;30
-183;-265
-102;147
213;-247
79;-248
406;172
-259;-199
140;141
-235;240
205;227
-45;-195
154;-219
225;-265
272;-168
125;160
-220;-119
-125;-146
73;-246
-138;261
-110;186
131;46
98;-147
211;158
-87;224
-151;-64
219;-258
190;-4
-164;253
-76;-184
-286;-92
-255;-152
-318;-23
115;-271
155;42
181;97
10;-106
-61;76
170;169
238;-190
175;-307
129;-288
94;-114
158;-256
-188;209
-158;264
-232;136
-158;-96
123;211
-236;106
101;-197
68;-244
280;-162
147;-214
-250;-245
237;326
359;-250
-163;-181
75;-255
-189;258
261;191
-266;202
118;69
342;187
-280;125
91;108
138;299
238;-130
-123;228
-214;152
297;218
-258;-276
-249;-279
198;224
-255;-237
-187;-179
-215;-108
-180;210
-196;-139
222;-275
243;195
-220;-152
-141;-157
121;279
-123;-258
-163;129
-78;-294
146;-254
-211;155
-136;-224
359;249
-218;246
271;-217
-186;185
151;-144
-246;-281
219;-21
-108;116
-170;106
-158;151
396;228
-217;149
-196;85
-215;-130
160;171
-124;-82
-141;47
-150;-179
136;171
145;-214
152;377
103;-133
274;-159
302;-272
-164;-188
170;-127
-205;-206
-165;-270
-178;186
-324;-219
150;124
-125;-142
363;-81
251;-35
-228;250
-141;-236
321;-240
110;-161
-182;-232
-140;-138
-265;273
-121;-184
-177;-303
130;123
136;225
223;-142
136;287
125;-176
171;-237
-172;-22
-72;202
-207;258
-88;204
-180;-171
160;221
199;-356
89;310
-158;-159
-229;-333
-251;-207
-116;-258
202;-120
-234;124
-219;-78
-224;-36
-31;375
-170;125
174;-217
-178;-164
217;-241
171;-220
-184;-158
-193;-144
-144;163
110;-87
201;112
185;140
-169;124
-130;-57
101;142
267;-137
-98;-210
190;-196
-262;250
-170;-294
-127;-222
-206;119
246;-90
96;181
-67;-266
-1;222
164;131
287;-96
-61;213
-313;203
161;298
151;-324
359;-147
97;218
240;59
-180;147
-110;181
-175;-206
64;171
105;-90
204;201
191;171
-120;-139
232;200
242;263
-304;-35
-220;243
70;199
218;131
231;-161
-190;160
-176;-76
213;123
-150;-227
-57;56
-187;-127
-175;53
-188;164
138;-232
261;113
-156;228
-101;228
184;-200
-114;-98
-255;-145
-290;-142
126;-206
228;-167
158;-222
-229;144
-209;82
72;255
-48;-134
218;95
-259;160
-127;-173
-193;232
-173;-124
262;-144
152;170
241;-101
-271;233
-215;226
284;-101
244;210
-111;-176
-244;61
266;-112
170;40
230;-149
263;-156
-118;-197
79;315
-80;-125
125;258
-155;171
-182;111
201;-127
-265;203
169;-200
218;-255
-144;-256
181;152
-260;213
-103;-98
209;-206
-114;-159
-188;-149
-288;116
73;-298
99;-161
285;-139
149;-167
-162;70
315;316
42;-80
129;-307
159;-184
-233;-197
81;-200
-115;-66
-151;-187
198;-158
127;-209
-212;-248
186;146
-96;179
-174;261
-187;160
118;-229
-240;157
-214;175
161;-155
-175;230
-110;12
-117;-255
-225;114
-91;-280
197;-222
254;-189
-347;117
164;160
-107;176
-86;-191
234;-152
-157;115
158;324
92;-183
85;244
-225;66
-202;128
-244;-231
-308;19
-135;-243
-199;40
129;225
113;318
180;-265
205;-215
-123;-166
225;-123
-153;129
153;-194
183;-175
215;169
195;-122
-155;42
-5;-128
-151;111
-186;-103
-244;-266
284;159
229;319
-244;-78
-189;-24
-154;-244
-163;89
-345;204
325;-179
-102;245
194;-213
-209;190
134;-221
247;178
-300;-29
-332;-176
210;262
241;131
89;-240
232;201
-242;-192
212;114
-210;137
81;191
-169;-111
46;-208
-194;-140
-260;163
-162;254
240;-269
-195;178
-123;-199
-189;-155
174;264
-167;115
161;-194
-164;-109
262;151
253;-100
160;-133
126;307
117;95
-220;-150
210;-169
298;189
233;-158
200;237
-222;110
-127;264
126;107
149;128
-294;-185
-167;90
72;94
213;260
-249;219
-7;151
199;-218
-246;-214
53;129
223;234
92;184
196;176
166;161
-149;-248
-253;-177
198;171
-198;-188
-281;-203
136;177
-217;262
-172;185
75;172
-189;-128
96;154
-124;-197
182;-163
156;-109
144;150
131;-96
-182;-93
151;-97
181;-167
-200;-123
205;-139
-146;-149
176;195
-221;114
274;-109
-238;124
223;252
-98;-99
-222;-50
-293;116
-181;-258
193;-205
-265;-201
195;204
-173;158
-150;258
-166;-227
-147;140
-262;171
-197;122
-263;305
-204;-251
-287;166
201;142
172;203
-322;172
-132;103
-281;155
-212;153
218;-96
153;-228
307;-197
-236;205
348;-149
-141;-136
-325;-149
-136;-359
134;253
-47;152
-125;-253
224;211
200;1
172;-191
69;232
221;128
-206;-167
-103;-214
120;-92
138;290
-118;190
-86;-151
-214;193
-18;143
-145;-144
-148;-127
240;128
186;118
188;-194
86;-135
249;209
231;-126
-211;233
-141;-158
-274;-160
140;-183
197;186
175;151
-188;-171
-309;-342
-221;127
-174;-213
323;-352
-176;110
198;-57
115;-125
200;317
-280;-137
228;189
-115;164
-333;246
87;-225
242;-139
-4;-149
-82;-126
212;300
-148;181
-133;-115
-105;144
182;-163
140;220
-248;200
113;-129
-129;-220
142;-214
5;-111
186;-101
171;-188
171;177
291;196
128;-339
-212;-185
188;111
200;-340
303;-95
-146;217
212;-214
173;190
219;199
110;132
-132;-176
75;-194
-233;155
-164;197
192;-285
-45;215
191;-211
-203;-169
-138;-175
162;123
242;93
-212;-148
135;-204
-274;54
180;-256
-3;-199
214;117
194;-204
-145;-176
-108;-235
211;-277
211;103
-208;247
318;-205
163;289
310;272
174;201
-289;350
159;-204
-150;165
-221;191
-65;-94
127;-282
176;144
208;-215
-58;-197
194;-256
-178;-245
-190;196
224;-128
-167;-291
-301;196
111;-155
-235;179
358;-232
-160;-120
-134;198
84;-281
55;166
-161;-61
278;88
160;-236
-158;-200
115;179
-175;-30
174;260
-138;186
138;-186
-234;-220
-78;93
156;125
-208;236
-148;174
183;214
207;-134
-69;74
-213;-190
120;253
-256;-151
-94;-196
208;-164
-246;153
-125;-228
-200;143
59;-148
126;200
174;-279
199;-214
226;239
-228;288
-102;-323
-163;206
164;-419
-71;-316
-146;-132
-197;206
-191;189
-201;172
113;171
-132;-100
-328;-152
190;-117
-238;245
-197;114
169;-151
214;-143
-84;122
-269;105
134;221
-32;261
-93;-94
204;-107
-171;-203
170;-238
203;-137
199;-231
166;280
183;-164
-200;-222
279;-138
-178;152
-184;210
142;-85
-238;189
161;203
-41;-223
-235;-148
-112;-141
-123;148
-198;-195
137;-147
225;193
42;155
136;-244
115;125
312;-180
194;-148
-193;93
-299;93
-310;181
232;165
249;-133
179;-214
144;-32
-376;257
-142;-290
-185;218
-111;234
220;-124
-157;156
236;-136
175;124
101;-230
138;106
-121;-151
237;-239
208;87
-154;-130
-49;243
-32;149
-96;248
152;125
183;124
193;249
-60;-114
157;-313
206;-164
-229;-207
-175;-216
-241;224
98;212
241;-146
243;189
111;173
188;-328
156;-136
133;-204
-110;286
-205;223
-13;-135
-158;-20
251;121
240;-280
-189;149
-268;-171
-147;104
205;-151
243;-149
88;247
-113;-240
157;206
-42;177
189;255
-52;-186
116;-64
210;-124
137;-303
206;243
-176;-98
-177;-245
151;-97
-113;32
-132;57
162;113
193;-178
175;140
-145;305
-195;-73
243;-169
201;89
-227;191
-208;-181
-124;-212
-57;-207
-185;-155
161;-158
87;223
91;172
156;-231
-86;179
140;113
166;-125
223;-168
233;-226
240;-231
348;-232
-199;144
-247;117
-195;167
-176;-269
-62;119
-258;230
128;-129
267;-171
61;-142
265;-237
-130;-204
116;172
121;-216
-150;-146
107;-255
-158;242
187;78
-85;146
208;184
109;213
-201;166
245;298
21;253
253;-104
-230;122
-142;61
214;184
-126;-202
-143;-128
160;231
-252;-130
-215;-382
-228;-262
-165;145
-103;-251
271;-145
-235;174
-219;-187
142;-199
247;-135
-107;-196
-86;175
65;15
215;200
-163;146
190;-236
152;-169
269;-204
208;70
-95;-152
160;138
-164;133
-294;252
-146;183
167;-252
-222;160
286;18
235;-197
155;181
230;301
-212;-303
-252;-44
-168;-195
71;189
116;245
202;-72
220;-246
28;183
-197;193
-171;292
41;182
-201;-273
153;-174
130;-150
-228;188
-174;211
-42;-195
81;207
162;214
194;-87
-270;-248
189;-96
200;76
164;-221
145;-147
84;202
188;-322
182;135
-125;-240
191;-189
-178;205
-57;123
-202;168
197;73
133;-146
215;211
134;-253
-183;198
270;222
-231;104
-81;276
178;188
-225;225
177;201
-114;384
250;-268
-135;296
198;-136
252;79
-260;-270
292;-157
175;-238
-255;297
152;-271
217;156
294;-109
152;152
209;201
147;186
-94;225
274;-139
188;-204
246;-71
254;-152
196;265
276;312
-198;-105
-153;-212
-109;-232
-151;207
180;-84
-136;-154
-70;95
160;-215
-173;275
-96;-216
-138;224
147;164
-178;76
-135;139
-216;140
160;263
-151;-210
205;-123
-204;203
-219;118
100;268
-228;58
90;-164
-55;-173
-143;136
-16;-249
-161;-182
146;131
47;221
182;157
179;192
-146;-51
-80;-106
131;-287
235;163
-231;-167
273;98
-194;256
-243;-276
-144;-35
-192;258
-259;202
-139;233
163;-226
-266;-147
-234;175
-191;-200
276;188
99;239
-195;192
-206;259
-191;70
-202;-84
244;297
-128;-240
-220;-171
98;310
-229;-233
-151;233
-2;166
196;-200
-127;202
-86;-32
284;-215
-213;195
166;-32
-139;-144
-164;182
97;-89
194;266
248;-130
-203;-153
-83;-252
-137;233
-114;-212
-257;-223
126;167
-100;-237
196;122
-189;-168
-81;-124
-99;45
188;-189
123;-142
143;-188
120;255
132;-176
126;182
-180;183
134;39
144;204
141;211
-112;-83
159;-169
142;-100
-168;206
218;272
268;68
-248;-222
-168;144
-191;-119
-270;299
-149;-213
-216;-197
-197;206
99;-230
182;-201
270;147
-24;-115
-104;-183
290;311
-285;-204
271;-258
179;-147
168;-256
281;-267
135;-26
213;-166
-147;-213
-185;46
-125;126
86;-157
-220;103
-144;-162
68;171
219;139
112;-104
-228;-120
323;-100
-199;64
204;126
212;-244
-73;-97
-196;204
173;155
-277;-167
-148;-199
34;-140
180;162
-170;-247
-160;-194
-219;110
116;217
94;-200
-150;-109
-293;-186
229;120
282;213
-217;110
-122;-204
-119;224
114;243
-103;180
-110;262
162;-333
208;190
294;145
-133;172
-114;156
-252;-177
-325;365
-142;258
213;-244
99;278
80;76
166;-193
-275;-211
-202;-153
-194;-159
-303;171
-207;-247
86;282
166;290
270;-161
-228;140
204;227
113;151
247;-104
191;-80
-249;154
189;-70
-281;73
164;240
-253;-115
199;243
-267;-255
227;76
-133;-256
-314;-171
327;-246
95;-75
198;-209
202;-249
-86;274
237;160
172;122
-105;253
-238;-347
217;212
197;151
-145;-209
227;-254
-273;-164
-255;-213
240;-139
221;169
213;-198
278;-165
-226;193
263;255
162;193
-253;184
280;98
67;323
204;-192
12;-224
98;110
-194;69
-199;140
-165;227
296;-266
61;320
139;201
165;-219
228;307
239;-300
-388;231
-265;-196
194;-94
-147;-186
151;178
268;160
-243;154
-320;-255
138;-180
-139;213
-270;224
129;-254
179;-143
288;238
318;34
202;50
-206;278
95;-181
-140;-187
-176;277
-195;236
-275;-215
-243;-93
-304;325
-245;259
241;-228
-229;160
-192;69
-327;-150
-148;220
-205;152
381;-200
-215;205
61;201
-247;200
264;290
184;222
161;-183
-209;-251
112;178
-191;-120
-175;-182
210;-205
-213;-180
-185;-176
-227;187
280;171
-189;-192
-257;141
218;224
-93;-269
-109;-105
-114;292
53;-140
-318;135
196;-211
-123;111
334;103
153;142
161;271
-185;-113
-241;-172
246;266
-189;-316
-200;204
-167;-175
-306;-199
-188;122
198;-347
254;-174
207;-258
244;-244
-234;117
167;-227
313;166
203;-144
-135;269
310;230
153;-297
-240;213
201;-97
-101;128
-229;-302
-162;83
166;-301
-264;-166
232;130
154;-101
190;163
34;-250
-329;98
-167;240
-236;308
318;-97
-150;-285
-258;82
-144;-242
-145;124
140;-148
182;-339
-142;-269
0;-199
-164;135
208;-202
216;193
92;319
-321;-259
265;-178
-270;87
-80;-298
-133;-153
-218;-292
-191;-201
-301;-221
356;-282
167;205
-203;-190
-168;-136
382;250
308;151
163;314
275;189
-331;242
-318;199
-183;196
211;189
145;-123
-210;65
-62;276
-80;286
39;-238
-232;263
169;-133
156;-163
160;-123
-224;-151
167;246
178;259
280;154
200;-297
-234;267
-263;-146
-78;224
230;-185
-247;279
188;-39
29;60
164;-223
-343;-169
-240;-220
-123;194
-342;-191
74;-288
-223;-310
167;-158
-155;-185
-223;95
-138;215
-114;-91
177;-184
-294;71
126;199
137;-171
-85;-156
230;274
154;-115
-213;-335
177;-287
72;139
123;298
-188;-57
225;-66
-172;168
167;238
-28;-273
-46;-243
259;-179
-91;-161
142;262
-266;248
167;-310
163;-158
347;380
258;-258
124;-200
227;-297
260;237
253;-187
205;460
288;-161
-263;-278
-114;270
77;-78
-225;-178
-381;-44
112;-198
-224;205
-197;-107
-227;-171
266;236
-241;-290
336;-291
148;119
-147;220
303;218
197;-114
96;136
110;168
-202;-14
197;111
-182;147
-257;137
105;256
196;-218
-65;169
-147;-105
-258;114
-148;134
-233;280
155;178
-250;-146
188;326
116;-220
7;154
324;48
173;248
-126;219
104;-105
-197;171
127;-50
133;-277
-254;-101
192;134
-152;135
184;-215
-264;163
-53;106
121;-116
110;184
192;-282
188;-174
236;343
-186;366
-266;160
-118;-73
-92;150
126;-62
-103;-194
133;279
36;-145
-192;182
163;-97
318;320
120;260
145;-96
209;187
-193;-98
-191;-96
-172;-163
179;66
-231;-259
-6;236
-230;-196
-239;-91
-98;-70
-274;241
177;-249
-205;114
-137;128
-237;-124
205;206
-129;205
263;185
-117;-145
-207;98
-132;-120
-223;-229
98;180
-161;199
96;158
-64;102
-177;-163
-109;222
154;-133
-59;-239
-164;-181
172;-136
47;166
-112;-207
221;53
-144;-235
233;218
-105;148
-280;96
180;-66
61;-153
-251;209
109;-133
-218;87
-136;-100
-116;179
138;58
182;-180
31;-170
-229;-193
120;58
-102;135
127;195
108;174
-75;134
156;153
153;-219
265;-338
203;187
-277;-143
268;139
-94;94
113;-255
-249;112
77;-150
-202;-172
239;269
222;148
-129;138
278;106
290;-240
158;-161
162;188
211;218
-133;-115
154;-81
-111;-225
-134;-255
140;72
253;-151
-156;-139
115;-157
135;77
-258;96
-101;188
-198;190
-174;150
-150;-186
-208;117
-163;-269
-188;170
-107;-132
179;-89
-126;-97
112;-100
-152;269
-166;147
-114;-180
213;-184
164;194
239;235
-198;-45
27;-272
159;-171
-205;-188
-108;-235
125;-110
-176;-60
157;113
253;-202
-95;-291
-182;236
166;129
109;255
135;172
-233;293
144;259
34;232
-342;-64
256;126
-210;-92
-87;-173
129;210
-206;-166
-273;132
-173;-177
97;-87
-254;174
-48;-180
12;101
-195;218
201;-201
-141;90
58;-100
-155;-227
96;189
-125;4
-87;148
-213;121
160;135
-183;155
-138;178
-216;-245
123;52
-161;-137
-112;155
-129;-297
212;143
264;-194
282;109
156;-132
126;-232
213;-250
-236;-230
123;-194
-127;-184
-270;-211
-307;253
-327;-155
209;263
-350;-191
163;-144
179;-73
-163;195
-320;-78
280;-332
179;-230
-204;-168
-70;-164
-156;164
-212;-167
-198;-184
223;208
122;138
62;-66
113;231
263;-145
289;-184
-116;-202
-158;91
-254;233
-202;204
-211;-203
181;198
157;-221
212;251
-156;-144
-180;-144
-274;-167
-147;-184
61;-66
-154;3
-32;-69
-97;-154
-208;208
-39;-44
201;-173
-91;-160
181;-87
107;-211
-141;-206
-127;-125
-307;195
145;-207
224;183
218;110
-216;106
-222;-176
259;314
51;-252
-226;-52
108;-120
-115;213
-252;-187
-270;-130
-119;250
104;-109
276;143
-114;-152
261;243
172;294
178;-314
169;232
-221;214
198;169
276;-232
324;-125
334;272
154;192
-187;200
-219;92
-160;-188
168;248
185;-174
108;183
64;189
-167;-233
70;114
190;217
-89;-166
-272;147
272;165
128;205
234;-89
-289;186
-81;-189
146;162
-211;-118
-141;129
-166;-258
-158;178
-148;130
118;-113
183;172
-153;131
-295;111
109;-179
-154;-132
-242;-168
-137;-187
322;-82
196;-180
192;-288
-243;167
-229;189
209;301
-135;-227
174;130
-118;125
-184;-135
-208;262
-269;-194
189;-291
223;116
74;-197
-183;200
-59;216
172;-78
117;185
-147;-276
-228;187
186;-167
145;141
282;-255
230;-36
-278;-232
130;263
-210;-187
43;265
-241;261
-217;115
196;-206
-179;102
187;-181
104;-142
-122;-164
138;189
-140;107
-124;-135
94;-123
-139;-231
-59;-78
-129;152
139;-113
218;-146
227;-115
90;-206
-229;172
100;115
228;-33
124;-122
226;-159
-89;-189
142;-18
-58;-94
-161;-121
217;-201
246;-243
-95;-193
160;232
-203;204
-121;140
-187;155
219;-257
-89;191
-281;194
225;-221
-185;156
-293;224
-200;-122
-166;237
-200;-85
243;-262
161;-179
-199;175
176;185
-288;117
-225;-72
136;-106
-261;241
211;293
161;-279
203;145
-199;216
-20;236
-285;-283
-156;151
-230;-334
-215;196
113;168
142;373
202;-254
153;-136
-79;-238
283;-106
-175;107
131;-150
233;-86
96;186
159;-198
-231;219
68;-214
-30;161
-114;-267
-154;-44
164;178
273;197
-82;-195
-201;-181
-115;-189
-97;178
-147;127
239;-143
-68;102
129;-220
-176;-22
165;-165
90;200
-177;-161
-165;-248
128;183
137;207
321;-125
107;41
-76;-98
144;283
-287;171
332;227
-217;-222
181;-120
-279;-105
-34;168
-90;216
58;-244
-121;139
-243;-200
-183;-153
187;157
-126;181
148;-45
-298;-257
118;207
189;-201
154;-174
140;202
251;113
-277;-185
69;-254
316;225
194;-136
214;151
-113;248
-48;196
349;220
197;258
-303;-259
-297;283
90;252
126;221
-255;163
-197;238
34;-189
-208;-191
163;195
328;238
74;167
218;77
173;193
-129;-154
-146;-141
174;149
-189;-10
-187;-101
136;97
-129;290
-178;116
184;250
-257;-193
254;146
-29;-142
244;-142
121;-93
164;54
296;-81
-120;-230
128;-216
123;-187
-199;-89
122;-250
-278;-173
151;162
-210;172
189;-222
-154;326
179;74
-148;-96
-283;-116
-170;79
-99;-295
141;-267
-146;-93
115;153
-254;291
-206;177
-127;-250
-82;234
-126;288
-99;191
-160;145
-309;-213
-69;200
179;199
114;200
-227;161
-194;342
-221;75
-224;256
223;-179
140;-130
123;-253
-55;174
193;-303
-114;-141
-247;-200
-195;-74
225;133
-157;186
-241;-119
209;113
228;-190
83;-212
196;250
169;243
-123;-196
-184;-120
185;-175
162;181
-79;342
-114;-196
-304;217
-50;163
-208;-128
-176;-217
393;290
180;162
185;-71
165;-319
261;238
65;-317
-138;175
-174;-168
-195;-189
174;-84
213;135
162;85
-67;-167
-378;-151
-126;106
-201;-202
170;-221
-203;80
46;-315
192;-59
236;175
-177;-131
329;171
-146;97
-266;166
88;-219
156;-140
-211;-252
-163;-215
224;151
-250;203
-177;-147
-208;111
222;-77
295;215
-328;261
181;-227
-162;-224
165;-159
298;-106
158;-264
194;-185
238;157
231;172
141;-260
-127;-162
150;164
193;-199
96;-147
-133;161
121;-280
243;95
288;198
296;132
-132;-208
36;-184
-124;354
-135;213
194;-131
-186;266
114;-217
-246;-200
-234;-136
222;234
190;184
-286;-91
168;-118
-97;78
160;-250
57;-205
188;168
104;-367
-192;-233
-173;-162
210;-344
257;106
-243;226
216;-156
299;218
158;222
205;250
-173;169
244;-227
-103;260
-294;151
-238;-225
298;-96
181;277
179;-112
-241;-150
180;-113
-138;-160
-164;220
243;-116
-237;-221
-99;229
138;-199
-143;105
159;-175
-239;-161
-55;203
145;-208
140;76
-130;-79
101;198
83;-154
-162;-222
134;228
-167;-117
128;182
-192;195
214;-232
-138;-141
-199;161
218;233
-204;247
-199;200
149;173
178;-325
-174;190
-78;-223
158;298
-129;-190
-198;-173
200;-210
-216;365
-189;-188
-174;163
121;-125
200;102
138;-117
149;-184
172;164
-82;189
-309;-141
-91;229
144;-175
-304;-227
-271;-201
-92;95
-213;293
-264;212
131;149
-153;-175
-205;-78
83;-104
-181;189
-210;287
143;-199
205;-172
-217;319
-174;233
176;341
-56;103
-250;-233
204;-188
-196;-133
216;-259
226;-71
223;-148
240;192
144;-211
-225;-169
105;-304
-237;40
-190;111
267;-195
-312;289
151;174
-159;-98
-122;-146
-149;-231
-144;201
-49;-199
113;-194
183;228
105;162
277;-213
168;140
226;-246
159;-166
-122;264
-191;338
-76;120
257;165
292;-58
159;-123
160;-247
-241;241
-141;-238
-114;232
-208;199
184;-217
-221;191
283;-86
222;113
180;-187
176;130
-209;-240
172;-344
340;193
-178;-362
-92;125
176;160
-159;226
195;251
245;50
212;98
-231;-191
214;-197
116;-106
-143;-160
-228;-32
-173;177
137;172
232;-126
239;192
132;12
113;-176
240;-115
178;-168
-145;139
-192;124
-275;-101
-162;-149
297;276
163;-230
-124;287
-172;-192
-201;281
202;-146
108;-263
212;222
-184;-107
249;171
-235;203
104;181
-186;-164
306;-155
271;-270
329;-241
184;135
-113;-149
-210;-171
325;-198
-114;177
-188;255
295;160
123;-217
84;107
-242;216
-154;-253
159;-258
268;170
-120;175
-231;-171
-256;-300
-332;-196
-324;-345
335;-97
241;254
236;295
127;-235
-174;177
115;245
255;-276
178;-164
282;-403
180;-239
219;-264
-258;11
-197;197
-190;306
-194;-118
133;209
-103;141
198;-23
178;-231
242;-147
152;-186
-212;-223
255;127
231;-95
-187;-121
175;-227
-283;224
228;82
-233;323
259;160
197;212
-170;279
195;107
204;199
71;-314
-72;214
-24;198
121;22
-231;-118
-184;-366
221;106
-228;-151
-221;-271
-362;-166
-187;231
-232;-168
115;-247
37;302
-224;-188
-120;-396
36;287
-110;-347
-100;97
-46;-174
242;-147
-193;263
-378;-169
490;209
-106;135
226;-184
-14;175
-24;-206
-257;-154
83;272
-77;128
-97;311
-97;105
186;102
-46;76
-307;143
-241;-147
240;157
-214;-168
-88;190
-224;-276
167;195
295;-60
22;144
230;-341
141;-207
161;2
-112;-121
239;-73
-190;-305
-95;-198
-403;235
-377;-181
183;187
-248;-245
212;-330
279;-379
-319;132
-233;-344
161;-334
231;-351
-387;-312
-224;-192
-224;311
-304;-182
-167;-289
164;346
52;175
129;-293
265;179
272;-232
93;-153
-281;-135
-102;192
-115;279
-101;186
-207;-230
81;190
163;-288
99;160
-297;-147
-289;-21
-227;-162
-313;-254
246;-301
-194;148
-328;-201
-359;-318
-324;201
-143;148
123;-149
-167;-199
203;-70
266;-123
-207;-230
-105;-73
-131;146
268;-75
186;227
154;193
-277;145
-150;-228
74;108
189;-165
-117;-247
243;-116
-241;179
-357;-307
-212;-193
-367;205
266;-2
291;269
-150;-192
314;104
226;391
504;-260
131;223
-232;329
274;140
196;-344
267;-102
94;202
298;258
-169;185
-226;256
-156;-155
292;227
203;-211
181;111
338;205
-202;-113
129;86
122;143
-239;-94
-66;144
158;96
164;214
166;-219
-143;158
-223;-96
88;174
-132;-60
-148;261
-128;-180
-197;74
-170;118
195;-327
127;241
-181;276
-281;245
184;-154
-180;-153
-237;-130
-82;-233
212;-249
186;-111
236;-121
-125;232
-183;157
96;241
-170;-287
159;184
-224;83
-284;-202
-246;62
-239;-258
277;-176
134;297
256;-145
-200;95
-183;139
158;-227
82;373
-311;-350
-186;231
104;-354
209;372
190;-103
280;-268
-298;-157
151;193
-249;-232
257;171
-229;140
-328;299
135;-220
-136;202
191;-247
104;-293
-327;-191
210;144
-159;257
-286;-133
113;-194
-164;-76
-184;-181
-126;123
35;-243
175;-135
194;-270
163;-65
-200;177
238;183
200;-47
126;-33
138;-138
-124;-249
202;-268
-272;-130
-62;-272
174;-190
214;-71
-82;-69
174;246
-178;228
-358;187
-239;89
222;-179
-161;132
-121;161
226;-117
-241;154
-171;133
-122;-373
-316;197
-109;-227
207;-237
214;-87
-266;253
197;318
-319;337
25;-227
134;-313
-274;86
128;184
215;-310
187;220
-232;71
-262;274
-302;-258
-361;352
-271;-292
-319;136
97;238
288;164
139;-94
242;-199
-185;-58
167;-226
-247;192
253;-190
144;-204
194;183
91;-246
-83;271
78;-262
-131;199
-220;-278
-131;-150
223;65
227;51
-313;-82
-60;-137
-132;-220
-145;65
-103;312
177;-275
-130;237
222;-73
-286;133
213;-85
58;335
-212;-149
-128;-158
37;179
168;261
345;-109
181;199
-185;-269
152;209
-252;77
119;157
-153;-148
276;-224
-131;-213
-357;241
-226;230
149;-105
-109;185
-122;-234
-126;-154
183;208
-173;132
187;-205
-204;-258
167;217
280;-87
220;-137
144;187
208;219
-143;-141
174;-170
134;246
250;-98
195;169
-311;227
-170;164
228;243
54;293
-125;-175
-261;85
137;225
170;153
-180;152
-222;272
215;-95
-317;-310
99;205
80;139
313;160
225;185
84;188
-83;-228
-162;-290
238;109
-252;-166
-143;-192
54;176
-182;56
-150;261
231;359
-54;-196
52;158
-83;-196
250;-157
242;-175
125;250
290;-235
-298;-191
230;-238
206;-175
-197;-246
234;-205
-99;-190
125;269
-271;252
254;-189
-231;207
219;241
-143;-262
-122;-77
-263;219
-115;-224
283;-198
-97;-193
203;138
-183;239
-168;186
-165;-204
-203;160
-243;177
-141;206
-184;238
-165;-235
-102;220
291;237
277;194
-218;234
-120;172
-37;280
-143;284
205;-163
90;-152
288;-187
-184;333
101;-153
-131;-117
-148;-181
-166;-111
314;146
-165;169
-220;-224
95;218
315;-178
155;-110
139;140
104;154
-106;-234
-161;-129
222;-150
69;260
-216;199
-162;-226
-183;191
-245;104
-93;-161
-46;-135
110;253
67;254
152;-215
172;-218
193;137
343;-200
-202;184
-223;-211
-224;-247
172;-236
110;281
139;131
-79;-198
-242;-266
-260;154
-155;-253
165;-229
-216;326
192;-185
142;-161
260;239
-180;-221
202;231
-185;116
-258;103
226;-215
125;-275
-126;-134
-170;-294
178;179
-193;158
-161;-93
-238;201
114;-121
265;166
-145;226
313;-213
-212;-235
231;-91
178;-285
198;-191
123;-158
168;43
211;145
136;-223
-293;-232
132;131
155;-22
137;-87
-150;209
178;-148
140;111
86;170
72;42
-133;-131
306;-205
-244;212
-269;270
261;-203
-184;99
263;-64
-306;-168
-204;-197
187;248
283;233
-145;-176
171;-187
-219;145
230;-302
169;-76
193;200
28;-97
-177;-70
-186;-211
153;-207
165;176
-207;212
241;-228
182;146
205;239
171;149
-221;183
214;-124
-240;280
-266;221
-165;-199
79;-164
47;275
213;-185
-207;-170
200;-228
-133;-135
-179;256
99;-209
-155;-310
-140;146
206;0
-304;175
272;-179
-92;-112
-175;128
152;-181
265;244
-277;-100
89;403
206;-154
-124;-168
112;190
-131;-149
101;162
-262;264
205;-206
-265;-177
-245;150
154;104
-187;158
-308;212
184;207
17;-193
-210;72
-176;-213
188;245
-360;-190
-112;-326
308;-217
-224;61
-136;-219
-179;330
235;-214
165;262
181;-100
253;-126
201;171
-129;235
-120;-195
-141;174
282;-105
-187;-89
-262;-208
-248;215
-194;101
-270;123
93;161
-107;-208
-125;-159
240;-239
-223;80
-179;52
157;-171
106;-130
-221;65
-206;216
98;176
-161;221
-235;-192
118;-164
-118;-175
178;-180
232;-204
324;-221
196;218
200;-170
-150;-171
192;-186
-240;340
-222;303
114;-133
-204;205
204;176
-170;-123
-167;-221
-273;-71
-157;217
-197;-226
100;-237
351;215
129;250
183;-118
240;141
288;-130
137;-229
-204;175
-242;169
-276;314
212;102
131;-164
11;-248
213;-324
-110;224
-143;-303
-193;187
-119;183
269;-146
-297;230
92;-108
208;123
33;-288
177;228
-195;-166
216;-134
83;136
-126;-300
-92;135
282;218
-148;194
283;197
201;174
213;88
-169;-127
166;-169
128;-199
-182;-168
-206;-146
-129;261
131;185
109;-208
254;87
209;141
166;-259
190;-138
102;-192
-196;158
-121;243
-215;-151
-143;-151
329;86
95;-232
-243;179
-270;-229
-228;114
221;-158
40;-204
232;157
-318;-123
256;189
-150;169
216;228
-210;-223
165;-167
92;-143
201;-108
256;196
2;-137
-257;-239
130;-173
-275;230
-232;219
216;138
258;-312
237;271
-130;243
-237;-126
205;-211
183;124
-285;236
-214;-100
-66;-86
-176;-146
-297;-191
231;-204
244;203
246;260
209;-118
-167;168
130;36
154;-87
209;-202
234;-106
47;-235
210;-227
-250;40
-148;156
-98;137
-348;-153
205;204
-181;116
236;-150
173;-285
175;-91
164;-38
-251;-173
146;0
40;-246
-162;-245
229;-233
-168;174
156;121
-258;299
209;170
224;65
-81;232
258;193
196;134
165;-187
-151;207
-89;240
141;113
-206;-151
-151;-196
178;196
-204;-240
-162;-113
-183;-101
-325;224
-115;-238
158;-50
139;269
-56;-210
-175;-201
188;120
-294;-226
-240;202
-77;-238
197;-84
-191;133
-183;-69
90;131
-189;200
110;-172
-175;255
223;-225
-211;-223
218;267
-103;236
-55;157
-143;199
258;159
-127;219
-44;160
-212;-226
239;277
-221;-146
-125;118
-253;-197
241;240
277;-201
54;55
167;-180
253;-102
286;-241
-137;-239
170;-219
-169;-161
-124;-174
-96;277
-186;-272
140;279
-127;-180
271;-241
171;-154
-263;89
-204;-182
134;-166
8;-86
-137;-120
-256;-97
-103;203
-255;-145
-221;-206
137;231
226;190
94;-37
200;335
225;-195
193;-240
-104;-280
-122;168
-210;195
-248;190
-99;-250
74;191
217;-232
284;51
-188;-181
-221;-250
-215;-93
-283;-202
96;-117
-199;162
-194;-116
-155;-220
-233;359
-218;53
222;-247
-237;-211
90;-93
223;-132
-259;-158
-222;-97
-219;217
127;-219
194;227
148;169
-173;289
-317;-101
235;96
258;-201
-206;-234
119;-181
-240;143
-162;-99
-165;-74
-264;160
171;-113
182;124
-19;-131
203;112
233;25
154;-210
189;131
-72;224
225;253
198;-136
199;-113
148;200
172;138
-114;84
-83;232
-151;-209
196;248
106;-236
273;209
108;279
-126;-194
125;223
132;224
-254;-270
-198;334
193;49
191;172
107;-190
-298;201
-258;-153
209;148
-38;-137
-127;241
-257;-53
-246;130
-171;220
208;-273
174;124
-92;194
-137;183
127;-97
-205;-195
-201;-204
-191;-193
181;-143
133;-217
215;-153
-136;207
-236;224
186;165
-201;-51
298;332
-76;169
-203;-211
-183;280
-329;-241
238;-159
133;230
199;-192
-128;209
-142;157
51;-263
206;256
-172;-93
-222;163
243;-119
189;182
239;-199
123;-208
-248;-189
29;168
-251;-197
126;135
-220;209
-163;177
161;-237
-131;185
266;-199
209;-91
-156;-80
163;217
-254;239
-173;-208
158;-105
-242;-170
-217;-208
-253;234
266;-298
165;-184
165;-148
219;-132
-237;258
112;148
241;-213
117;-261
146;-201
-181;-182
249;-121
-118;-118
-239;-159
207;-189
171;-45
-95;-285
172;92
-191;192
-255;217
-97;300
78;-135
-215;231
-93;226
259;-201
-172;247
-190;222
-119;-243
-156;79
-132;-26
218;-236
279;-178
-189;256
147;354
-257;306
-159;-180
99;-176
-187;280
238;350
201;-158
116;90
-266;224
-225;189
-182;-147
-313;204
-281;-167
-143;203
63;261
243;138
165;-250
198;-238
-157;-284
234;-238
-223;141
178;-81
158;-256
131;168
196;-155
-164;227
208;-248
-158;205
-143;-99
-204;-234
240;164
139;170
-201;-117
-208;-204
-236;-80
-155;139
-246;172
165;-282
-149;216
116;-250
-122;146
156;-127
219;295
-243;-212
-264;-179
110;63
128;121
92;-149
236;283
-213;-229
156;67
-137;314
336;147
-242;-221
184;-128
-215;-137
-209;99
-252;47
218;-131
-158;127
-186;-134
-182;-206
186;214
-129;220
197;-264
-163;-176
87;108
131;-105
195;-143
148;197
148;146
-175;-134
166;-207
259;214
106;-173
108;158
-138;130
-174;126
132;264
90;241
-191;-230
-202;111
135;106
70;194
-258;137
-139;25
95;-187
-215;-156
175;250
66;205
93;234
70;138
96;108
-111;-182
-94;-178
79;225
-155;-149
-223;-160
206;171
-128;81
-256;80
218;194
-150;-234
178;117
-250;-72
127;-219
140;-122
121;205
99;-231
-209;-154
147;-142
217;-162
-134;-125
39;-212
-192;-99
235;167
-132;248
96;-177
-121;169
195;157
-146;-99
-250;-178
-101;159
-241;-177
170;-175
-200;-65
62;267
-94;125
-209;165
-97;-237
-189;148
-148;160
-240;191
-183;182
-178;-126
-249;197
54;221
196;136
-241;221
-228;205
-93;168
-170;200
195;-140
106;-221
197;-94
-169;132
231;-78
-131;-86
-118;-229
-167;-182
138;146
-186;137
-160;-158
126;238
138;-71
125;-112
138;114
153;140
-199;-95
-32;-148
240;-130
196;286
-246;130
-97;-200
-188;185
-169;158
-119;-145
-187;-94
111;106
141;204
198;-157
206;-127
171;234
52;-223
-247;142
-170;-85
-116;-112
81;-200
160;187
247;187
-172;-200
-131;-73
-45;228
-146;-119
139;-54
-208;229
91;-94
157;-137
81;252
-115;-154
143;148
-171;117
-186;120
249;-108
248;-78
-66;-188
-234;-144
114;121
-224;199
-132;-192
-174;182
170;-147
130;220
-129;130
136;-116
-108;-247
144;-155
130;-96
213;-102
231;-78
72;287
128;153
98;-133
-102;-120
146;161
123;-150
65;-149
-250;145
138;-133
138;220
4;175
76;122
-101;-221
113;-118
-139;119
-250;38
168;-203
-197;113
301;-136
-165;-258
-117;-150
259;122
181;107
-262;-79
126;-110
-168;124
124;-138
175;-168
191;149
125;-133
-206;-106
-41;-118
146;-177
217;91
-304;72
236;-208
195;200
56;193
182;60
-165;157
175;-104
-196;49
-92;141
-188;-247
260;-230
127;217
234;-267
-75;-227
201;-134
-187;-188
-224;139
155;-135
-188;-164
-149;139
209;-7
-214;131
63;-188
-137;-148
-127;114
154;-109
41;154
-159;-280
83;173
149;-157
-135;-71
133;182
-42;-110
126;181
-130;167
132;-224
-211;-220
-213;159
168;82
-203;171
-140;94
114;60
107;-166
-54;136
-115;-157
91;121
-128;-175
-203;-266
235;-132
-143;201
-169;-212
-236;211
112;-173
97;246
163;-223
145;-85
133;148
-206;201
-137;-127
-114;198
305;-165
-227;-149
-132;-96
-85;152
-256;22
-161;214
79;177
-118;-105
-113;-231
246;-203
-263;112
-287;167
146;-102
328;-267
-266;165
-146;197
162;191
-149;108
-170;-206
235;-41
-349;-51
296;-157
253;-137
229;-359
253;5
184;-210
-255;-72
194;-133
-72;217
-40;226
129;-194
-243;200
227;131
-124;-142
-125;-189
-201;-184
-122;195
-221;-128
177;-219
184;242
208;61
149;-238
172;120
185;-226
10;-174
-194;198
-245;153
-175;164
267;194
146;-241
228;-360
298;-417
-228;292
-247;-226
-244;235
-191;168
182;-296
-112;199
167;-337
211;53
193;-189
216;117
-269;-279
253;-256
198;92
-281;-120
-66;175
114;217
-165;205
240;159
248;296
279;191
-187;-221
159;-207
141;-229
-139;-117
-121;-136
-98;245
251;121
103;-199
272;148
103;174
194;-145
89;-111
186;-240
-115;111
-137;175
-233;-136
-158;-108
194;84
174;-279
-107;213
-128;-144
-209;250
186;-287
96;-237
291;44
-62;-117
188;83
-128;209
207;150
-106;-186
259;-231
89;-230
221;-191
216;88
-437;-61
-191;-153
131;-300
-344;249
-230;217
201;216
172;-352
249;156
-230;352
-290;-272
177;-198
250;68
-130;195
-224;-207
-172;-166
-262;-187
-235;-234
143;-178
200;110
171;227
220;-287
-150;219
106;133
297;-202
154;-212
88;-182
185;-220
277;-200
-276;181
-276;237
-255;172
-204;-140
195;168
-95;333
65;-178
185;-247
211;-204
42;-298
-166;-110
76;165
128;-191
-177;-221
193;-238
-122;85
169;186
-159;283
158;162
175;210
-117;232
198;110
177;245
211;-203
-214;180
-252;184
118;146
-346;-226
-257;-211
148;144
-239;-94
-116;-201
-312;-131
-146;209
-374;-137
333;-254
-169;176
-136;-251
199;-188
158;-126
-86;-165
-209;209
98;236
215;141
-167;82
134;-218
154;-186
188;-86
189;107
-176;-223
170;95
-68;158
-126;35
-197;210
158;-137
-237;239
54;326
172;-108
298;289
141;245
-155;-81
-209;-316
-146;-131
196;209
206;281
254;-226
204;-64
123;124
-328;128
-156;153
218;172
-207;-107
190;-210
35;-144
-188;131
-149;213
-105;-211
187;197
203;71
254;-104
-167;-79
158;-101
155;222
115;-235
127;-214
202;101
194;-167
148;133
-197;-112
274;-149
-118;219
-167;148
-185;113
219;194
246;-80
150;39
199;-276
-148;69
129;132
-308;128
-122;151
105;177
-201;200
181;231
-147;129
120;-149
-173;239
195;-132
238;135
-158;-177
190;-221
224;-288
-319;106
142;-255
261;216
313;-209
103;286
186;226
296;238
-63;451
82;-223
273;-112
54;-206
180;-183
256;199
141;256
-170;-229
-167;-126
-140;-147
-173;142
139;-148
-149;-230
-178;114
188;-99
-182;197
-187;-152
-150;116
250;262
-127;144
-197;9
-148;227
163;91
-83;-182
178;-149
-125;105
-140;101
-6;189
-152;87
202;-160
-80;-124
-173;222
-202;-266
-149;-179
226;228
238;189
113;245
39;252
-84;-201
-80;28
172;-43
108;133
-147;-160
71;219
-197;158
-69;-126
-93;-208
-203;304
-236;225
-190;273
281;-176
-258;-160
-34;267
-220;-236
267;268
174;161
-187;316
-221;340
-237;326
-212;-227
209;249
-132;-179
-242;-325
243;159
-206;-34
-156;325
287;248
211;-192
-44;107
-217;-105
206;-121
-89;203
211;-128
-127;-195
-213;134
85;-214
118;153
159;-230
-76;-216
-122;-320
-161;116
-168;-101
-178;-175
248;124
-175;-21
164;195
-266;-286
-111;-80
-224;142
193;-152
170;-258
101;-189
164;226
160;-97
42;248
-184;247
219;105
142;260
167;250
-196;-211
101;-58
206;-96
-172;118
120;106
181;117
-227;-175
-78;190
-99;-199
-254;229
-164;-164
-147;-157
-257;236
253;-302
280;-282
192;154
-312;-269
-155;-274
312;266
-237;-268
223;-228
127;-42
62;-306
11;-384
224;-210
44;-152
-217;-173
-268;157
-187;58
153;-105
-203;157
-104;-309
168;214
352;220
264;-51
-231;-248
179;-145
-198;268
123;249
168;-243
-168;-60
-127;72
242;130
-98;-169
-256;-152
-198;-291
203;177
-233;-162
-111;-163
-157;225
135;190
37;-187
-194;-89
-210;-194
286;214
146;196
-319;136
-285;-126
-175;190
219;209
-183;172
-166;118
204;-190
186;68
107;196
-63;161
-97;214
-149;-125
-179;121
-169;196
67;-199
182;69
154;286
20;-343
-177;-184
-223;-188
-261;-248
-187;230
-333;-168
186;156
255;236
175;-296
-400;284
182;102
221;225
284;-325
200;-136
-271;219
171;-197
-181;176
209;133
-165;-95
208;186
-140;-113
241;145
-152;-215
-239;-288
144;-127
265;-207
236;-143
242;-92
-153;195
249;145
202;202
-250;40
-153;-329
95;256
213;95
-120;-250
173;-183
-90;-138
-102;-44
132;-65
125;196
233;-110
172;-329
-193;314
249;248
215;149
-63;213
258;118
178;56
92;-156
-207;-170
242;101
-55;154
-180;164
-187;211
229;-260
117;85
24;212
199;-196
103;222
99;-109
-171;185
-87;-209
214;-242
-171;-229
33;313
34;283
-88;173
-80;-198
244;-170
-188;147
-172;107
232;-348
188;-166
266;199
153;76
184;166
-156;176
242;-205
-160;-293
-250;213
-231;67
-169;-200
-181;-305
-203;161
-292;94
188;-49
-252;169
-54;152
-77;-251
-266;78
-265;231
175;-209
-207;196
210;143
-224;-7
111;227
138;148
313;-292
-162;-231
188;175
-249;-236
-203;-195
162;-259
-288;-167
-165;-153
-103;133
214;121
-245;-179
-104;154
121;175
-201;-235
-262;-84
-208;186
120;-155
-264;283
204;-150
-118;144
111;151
276;278
169;120
-204;-233
-150;-205
89;144
-112;-223
-347;131
-232;-135
-130;-276
-249;160
202;-203
202;-209
179;-187
258;-293
-101;118
240;-196
222;171
187;-86
-230;159
60;190
214;-206
-238;129
65;-110
-234;88
-189;-219
-149;262
249;-88
-197;-96
235;185
171;-185
204;113
121;-266
-196;168
-147;182
-262;127
214;-317
-135;-225
-148;88
-259;-209
-250;263
184;-288
249;-167
-72;-164
-146;-366
-204;133
217;-126
175;30
231;92
-177;-45
98;-235
-92;162
-195;-93
-115;-183
-15;-75
-220;-173
-114;-183
103;-139
293;155
-78;-213
-96;-165
246;101
139;314
68;200
72;234
-210;167
-148;91
-126;239
146;241
103;-211
-190;171
-207;132
-107;265
153;-172
-245;161
101;-137
182;-67
167;-158
-160;-178
109;209
92;199
193;229
258;-234
-183;141
-190;-271
-137;175
180;-277
-212;91
152;-215
113;100
139;-181
-199;-159
-58;-210
-131;217
-227;-233
119;-178
-19;-113
145;-185
-222;-237
-70;150
-163;226
-189;-110
153;-151
-91;45
232;338
178;-110
-165;-187
229;225
205;-322
-254;-104
134;-191
187;95
137;168
-136;224
79;-204
-187;232
142;183
-149;-160
-91;-95
214;-23
-263;-159
184;156
-204;168
182;-14
222;-180
241;90
73;-159
244;-165
319;-210
191;239
171;-167
119;245
325;-92
-217;-167
-232;139
235;-189
-225;-129
-205;-130
97;-104
-241;161
-88;-181
-144;-279
243;306
-225;-238
134;-250
263;283
-144;3
222;192
160;-201
225;128
233;120
-123;-204
91;221
-292;159
-205;110
143;261
208;-253
-234;178
-233;-219
-202;205
-250;235
-277;159
117;350
-239;-230
240;103
159;-189
105;165
304;195
211;200
-114;241
185;-142
-221;28
256;-190
130;-177
-144;-241
173;342
-144;176
66;-154
-254;301
-149;196
268;-190
120;143
120;-177
62;-197
132;132
-169;272
-225;163
-326;-48
-126;233
140;-175
-251;-146
169;175
148;-261
-238;113
138;-109
140;212
133;367
192;-334
232;-12
-255;-195
-133;-146
-68;-158
143;152
-155;-48
-225;143
-215;-130
-160;-233
-144;-244
-215;171
117;-159
-223;116
-191;214
-268;-424
195;372
-173;82
127;258
-274;-108
-116;72
-166;-186
-90;-315
249;204
-142;180
223;239
-279;-23
-199;-150
-107;98
187;-34
-213;-150
-192;-177
87;-111
191;151
-278;-149
136;223
-210;-172
211;231
-145;93
-152;231
139;-203
218;-223
-239;183
184;-80
-163;186
-5;-166
-80;218
71;74
180;-199
182;-253
-227;-178
217;92
-210;217
95;196
135;141
-156;246
158;71
269;-160
200;-196
180;260
-257;-240
190;65
-84;349
221;-357
-162;193
170;-242
-107;-59
255;137
175;85
-157;85
184;110
311;-235
203;-209
216;166
162;277
-180;-162
206;-200
-319;-216
-183;-290
336;217
298;-264
-98;-231
128;-208
356;191
-122;285
-135;209
-255;164
-102;171
-132;-160
-208;196
-124;-222
-225;158
-227;-244
191;-147
-157;-188
230;-142
-151;148
-258;188
-194;-93
152;-251
288;216
209;168
-266;-117
163;-96
201;-221
-101;-164
-136;-135
116;-210
-266;-182
184;44
188;-187
-81;-170
-132;177
243;296
214;247
175;210
-147;102
148;117
211;287
-209;-275
174;233
-76;-252
-78;-165
178;177
-119;-243
-125;322
-189;-163
120;-116
-204;215
-256;-270
183;197
-275;228
191;-224
-204;262
248;-315
-335;-260
149;235
-289;319
-48;298
-221;172
192;237
-237;204
-292;279
-194;-207
218;239
-134;-234
-206;233
-345;-175
266;153
114;-107
129;194
192;42
126;-219
88;-203
-102;-250
216;-219
-233;-137
-197;-171
-166;151
-135;-12
296;172
-293;-155
176;-183
292;-177
-118;214
-285;-187
270;-173
259;-311
-298;-191
-86;-198
-152;266
-296;-184
-287;-168
149;139
191;221
135;-225
232;148
107;-238
140;-258
-181;-221
-304;235
-158;232
-140;145
-192;-206
1;213
254;-46
253;152
-220;-316
63;-338
-201;-204
-121;-224
157;-167
-318;160
-159;-256
-87;-142
-142;200
-195;70
226;-133
-183;-136
268;-198
88;-153
-37;-155
-178;-117
-57;164
186;-118
161;309
72;195
-111;187
-221;-275
235;156
200;-162
-174;-147
48;-297
-300;-5
-213;-242
-203;-226
-127;153
85;-266
120;177
-163;-188
237;159
184;163
283;-154
76;154
-228;235
164;159
213;-260
264;-279
234;160
190;198
-188;179
-83;164
-229;-190
254;138
143;-90
140;259
219;118
-92;-150
153;142
157;135
-160;-279
-204;138
241;180
106;157
168;-120
-210;168
-175;-213
121;330
-121;-285
-264;95
-193;-146
-264;188
-286;157
138;-206
105;266
-265;155
-154;93
228;-219
-171;-88
-133;-169
-125;-207
98;-192
238;-147
139;-129
-179;298
-83;287
126;165
-286;-129
280;90
-165;144
-147;-157
-52;221
-154;-141
168;-112
136;191
205;-146
-165;116
-193;258
185;-207
262;137
-197;-279
-138;256
122;-202
239;215
31;-242
173;-191
-312;-161
305;258
-289;-298
203;265
-330;192
-115;102
257;-101
-125;294
271;-299
238;-270
-254;-234
255;261
-299;239
-137;-124
212;-163
-106;-204
-219;-229
-158;154
265;-146
222;-201
243;-184
302;-231
-206;97
151;236
252;-167
155;-129
172;-68
-180;-218
113;-100
-222;-47
-73;-169
207;-253
165;-201
-175;-156
104;193
-176;205
-159;228
-241;48
205;-245
-251;235
-266;214
162;-106
-191;227
-52;127
-144;-202
-218;235
-135;-148
215;-92
175;-203
-343;102
159;186
-225;213
-262;-86
89;-46
-154;248
41;189
151;-306
263;93
-221;228
-198;268
-235;-179
-66;227
-181;-269
-250;223
233;221
147;166
153;-256
197;-171
-232;-195
78;-178
-127;132
205;-173
203;-138
118;104
199;-63
-183;255
182;-198
-134;178
-132;-178
-189;-211
216;264
89;147
-273;-189
-175;-244
-264;-79
-220;233
-192;104
253;-49
-72;178
208;-134
-146;165
189;-114
211;304
-92;-317
-132;-140
119;286
208;264
154;-217
260;210
-230;-68
334;200
-126;138
214;208
-137;-66
223;-187
-321;-158
-284;198
-226;305
189;-181
-262;184
-301;-225
-99;-299
216;120
-188;143
208;-180
-212;-186
66;72
65;-103
134;-256
192;66
289;159
-187;-221
80;-234
133;25
187;-226
286;97
-92;130
-188;124
168;119
221;264
-107;-106
-199;154
146;189
101;154
-157;279
-225;287
111;-180
-143;-226
113;133
168;117
60;127
198;278
286;192
-183;-262
-131;-139
263;239
-166;-180
-218;-167
93;250
-255;106
-200;155
122;141
-108;-245
173;214
-180;-117
144;-269
226;-322
216;146
184;-236
-188;-220
85;-150
103;-186
-174;-134
97;-209
-185;-81
204;121
-150;191
180;-163
-158;121
165;-8
-142;-135
-259;-114
-109;143
-171;-131
165;-232
-204;-33
106;319
-311;176
-190;320
-165;-193
-128;150
-32;190
-128;87
-70;265
-192;-115
-223;108
24;179
209;121
-135;211
-267;176
-166;227
-168;43
169;-93
179;-130
200;-273
-127;261
107;-358
-108;-116
-244;-199
-246;-162
305;177
-162;164
-107;-82
260;266
130;-74
235;-157
88;185
107;216
-121;-261
-232;-183
114;-201
126;157
-219;226
-83;-145
-136;84
-170;174
-111;-218
-257;-261
182;132
232;189
245;-188
17;-143
314;33
247;-247
-135;169
-242;-80
-233;-92
147;-232
195;101
134;193
-213;-109
-236;-126
-86;243
-249;-107
205;-91
-171;312
93;-274
266;-215
199;167
-237;-174
132;106
-139;173
-181;245
276;-130
195;-152
-77;-263
-52;-283
149;248
-184;242
-220;-245
-229;111
166;-105
160;179
-182;90
238;-206
-201;-92
107;-132
253;-182
104;-132
87;-169
114;224
241;360
149;-113
-209;-93
195;110
181;-430
170;-118
-216;222
129;-235
264;121
239;84
101;219
-221;-139
144;-180
-173;70
-199;213
71;-315
-177;178
180;-139
-226;-119
-271;-203
177;55
161;72
-162;-138
106;-151
-109;188
187;-186
120;-143
203;183
105;-98
-169;-119
-209;-59
114;-141
221;61
-289;317
249;-191
53;211
186;196
113;206
-124;46
78;-316
-163;198
-242;125
-188;-230
238;-102
191;187
143;-182
-264;-215
69;-197
-255;-130
-215;131
100;-72
-220;-226
-130;158
129;-22
-149;247
120;-265
-199;-151
-176;140
91;-234
254;228
-206;-147
154;299
149;-111
-191;-162
222;226
-218;-298
262;243
-352;208
274;-172
-254;-171
-151;252
165;58
-212;246
-194;160
177;243
247;-14
-131;269
-118;-125
109;191
-190;-178
-152;-89
103;-213
-38;146
-234;-149
-130;190
136;-215
178;0
87;-212
201;-318
116;194
-137;192
-213;-92
-169;216
275;-173
-162;-64
-79;-60
-139;168
-78;149
-102;258
231;110
-203;-283
-110;-144
141;-124
-233;160
-90;175
211;-243
142;-116
-206;167
-229;154
36;203
-138;124
-126;-148
150;-103
-113;-143
141;-202
180;-156
197;-113
41;138
309;-169
-250;-173
225;-127
-56;244
-152;277
242;-206
-315;114
133;216
-130;-146
-184;-100
-279;-104
-11;249
-165;-207
73;-257
94;137
204;149
135;-194
196;153
109;-228
4;-228
-205;220
-281;250
-229;152
115;276
148;-251
170;-151
242;-103
-123;136
-138;-125
-234;165
-53;181
146;-204
-164;195
92;-96
199;152
196;-184
158;207
-251;-249
209;-200
189;170
-113;-217
-131;55
156;275
-102;186
178;266
284;119
195;301
-200;-330
166;-205
118;-76
-129;-75
-237;-264
-183;383
323;176
162;-191
242;143
191;113
44;-254
152;-103
94;-230
-128;285
-202;215
-171;-30
-311;-154
263;157
191;-206
-121;293
-188;-179
-189;222
167;-239
190;-198
75;351
-227;-139
57;178
-10;236
104;186
-171;-290
208;-176
217;-112
143;-307
299;230
-90;-113
-116;-199
132;-117
-139;206
-150;103
139;152
220;-3
190;265
-112;127
-222;-239
178;-274
140;161
-170;127
-269;-236
-205;-144
-111;-179
-101;-84
245;-211
165;192
262;216
363;-222
-114;216
183;209
102;-234
206;-254
298;-212
104;-110
264;-126
-189;140
-120;240
-117;119
-120;-183
337;243
-100;176
184;-209
231;-191
116;-239
149;-116
-127;-252
222;133
204;-85
-245;-266
187;-230
-93;69
360;41
-192;209
183;235
249;272
-198;331
266;226
184;187
146;-227
-254;138
-206;189
133;209
-206;-94
-169;-181
301;186
-140;-133
-200;-210
-229;-169
-119;286
-148;-170
209;-282
-197;245
-129;-123
73;-119
187;-247
-153;-160
-269;165
171;265
163;219
-222;-29
176;-178
266;-273
101;-183
153;128
55;-209
154;118
-216;266
-100;95
-141;137
138;-192
-115;154
162;169
290;-302
123;122
235;162
-217;-126
-136;-208
-104;-242
204;143
147;146
188;-70
114;-115
165;144
-58;169
-215;73
106;122
-59;-122
144;-142
130;-113
-292;134
-172;231
-198;-211
145;219
238;129
256;-186
-162;-191
343;-120
114;154
144;-189
304;-169
165;307
284;-70
160;110
-68;-291
375;-112
-157;179
-201;178
-62;33
207;196
146;-235
216;86
152;-254
-81;136
148;189
-80;224
-206;230
122;155
-213;266
224;145
-213;129
278;-184
-250;53
199;-177
205;80
-303;-249
122;-197
229;-150
-211;153
279;-138
150;217
155;-180
189;178
106;254
243;42
-184;118
133;-166
159;-35
246;-160
269;-279
130;326
144;372
-148;-117
-260;-188
-137;-79
-60;127
164;-128
-120;-176
-124;208
184;-214
-147;122
-258;-187
-264;234
177;155
-151;221
-257;61
-138;113
217;216
-187;-317
259;-330
-368;174
-209;157
299;129
-169;199
151;-237
-193;-235
-184;221
-182;-112
-180;-146
237;180
215;59
123;125
166;136
-117;-129
-320;-204
82;-168
195;305
-176;-142
161;148
-181;251
-184;-237
-206;-275
-299;215
-204;137
-187;200
264;-219
-265;-142
-177;138
-167;-198
181;209
96;219
-188;201
-236;111
-187;24
-205;-164
165;156
-53;-271
-184;-224
250;194
-61;-299
-335;229
52;166
52;-184
-155;116
-122;-159
178;-171
-203;154
232;-248
-105;-191
-208;190
109;-227
208;244
227;-91
-145;-201
-229;-230
-215;148
-223;-201
-83;-226
148;229
-257;-247
210;276
-133;-262
-127;-200
-180;117
177;-295
227;-215
182;-207
101;165
208;-209
141;89
-185;214
114;115
208;117
69;138
-244;-181
201;-209
156;-204
-249;164
141;208
226;128
-70;-213
-139;167
-174;-193
-175;161
-204;-161
-224;-192
-280;144
151;-236
122;-122
221;200
-87;-105
-191;-248
169;202
-63;-173
220;-98
195;-153
199;-176
134;-213
209;-309
197;-106
15;-218
-272;80
-54;126
166;-180
-100;214
-142;-146
285;100
161;95
203;-200
-37;-95
252;-306
-172;194
98;222
176;-211
-169;-153
-279;150
135;169
-291;-197
-267;-325
-209;-258
184;89
-186;-159
-248;-160
-249;329
214;60
169;-249
-179;-213
-168;-234
179;129
100;214
-236;76
-187;-85
-138;25
265;143
-174;204
-164;281
173;-238
162;122
252;152
-227;208
-127;197
-219;-283
-232;244
-252;166
190;-267
108;113
155;272
258;-229
-139;-222
-226;-240
-213;-87
-129;206
-188;-149
108;219
232;171
201;-129
-127;194
195;140
301;187
242;-250
234;-165
-236;29
287;-121
-163;126
108;228
-56;-87
169;199
-163;-218
102;183
-127;-251
-94;-221
188;-126
176;-178
307;-136
227;-235
-199;117
36;195
153;248
-199;182
-160;-163
211;183
202;176
-87;-185
204;-137
-153;-105
-259;-163
223;-249
242;150
206;-115
144;-169
-92;147
193;294
99;144
-217;112
95;174
123;169
180;-113
-77;-231
111;159
-160;136
-133;163
-171;128
206;-204
174;57
156;220
179;-124
99;81
161;9
-194;213
-127;-184
107;-93
-61;-201
18;170
153;127
-252;27
-197;-109
196;-227
-289;209
-174;216
250;-96
143;-197
154;241
136;289
243;156
-180;300
300;-45
-210;-266
-270;129
-243;181
-158;-132
-93;-158
-113;229
-87;132
240;-157
-186;130
-216;299
-223;-141
-228;123
-216;104
213;-106
-137;177
166;139
-150;146
201;120
168;221
217;-246
-154;-223
215;244
-125;-285
-202;-145
199;-191
-125;-261
-131;-203
-154;66
166;198
-141;-157
-148;189
167;69
-219;-261
-186;-191
-319;89
245;-198
-213;179
252;-216
-238;232
174;142
254;246
92;102
-57;-305
-146;-137
161;221
-123;-254
-143;145
-185;-72
-146;-36
-170;323
292;-136
213;-181
155;-67
374;-153
-126;255
247;-186
83;191
280;-128
-168;98
212;195
117;-243
-235;161
310;-209
-372;198
-239;-158
-306;148
142;-210
-205;-184
67;165
47;-78
56;203
254;-283
-112;128
-110;129
-213;198
105;-168
-218;-174
-189;192
-121;-219
-187;190
185;-158
225;-217
-274;-231
-163;-248
-58;152
62;-293
134;245
19;147
-149;-122
198;-156
-120;175
-229;-170
-142;-270
-197;-91
-190;-159
-189;-202
190;-166
100;190
-197;-117
-192;-209
172;232
43;195
198;107
122;222
-284;70
-233;291
-243;83
40;292
219;-142
-222;132
-251;117
-308;-21
63;-195
-143;250
207;-105
153;-337
328;-305
-152;-275
197;92
177;156
207;218
333;-100
-190;112
-164;-298
-220;198
236;-283
-291;244
66;-257
91;267
263;-302
-177;-163
-205;-379
-160;92
-218;-141
213;-170
-194;-161
240;-230
-208;-79
-217;194
-178;202
-166;-217
272;-129
-172;266
170;46
290;-208
-162;-269
118;277
128;-57
-141;-190
240;-49
211;159
207;162
-108;161
123;-61
-195;103
178;119
-205;-225
-145;-86
151;-87
-58;-185
140;185
-169;174
249;-62
111;-188
40;167
208;-137
354;-178
240;-101
58;253
216;-244
147;280
297;-207
-208;-126
-218;118
262;10
-157;-214
-127;-250
117;-241
-332;134
-172;-266
-107;-240
2;169
-243;-198
194;-253
292;252
-168;130
308;259
138;-178
84;265
179;244
-253;-181
132;155
-110;243
-211;97
157;170
242;-236
-206;236
-180;-208
-237;148
-175;214
-213;226
382;97
-182;-196
142;148
240;-160
42;152
170;93
269;229
-120;156
183;-206
-245;123
199;-134
167;-131
-128;-137
60;269
-193;250
347;-199
-199;338
-80;174
67;-136
285;233
230;-233
55;-174
215;274
-274;251
-236;125
-245;-182
-193;112
151;-224
-118;-143
282;193
296;-213
-301;185
197;-156
120;101
158;232
140;-61
147;212
-170;-214
-166;-268
-227;-259
262;188
-121;-101
-277;135
-211;-221
-158;-244
-301;-213
-271;166
200;-239
-232;110
-8;211
-53;-211
214;198
-359;232
201;154
-171;-326
-220;266
-270;-225
-324;-216
136;285
-195;173
284;393
-295;154
-226;-304
-192;223
160;-289
-129;-98
-279;-33
276;-168
142;290
-231;-254
37;227
-208;-279
-8;221
-142;95
-246;130
243;-169
197;-125
-173;232
206;-131
-176;178
-243;-108
-144;166
68;255
72;-117
235;-35
-127;-224
240;179
-68;208
231;171
128;169
-213;156
272;217
185;-233
124;-280
213;144
-103;-235
182;103
-111;170
119;-213
-245;222
176;-221
-63;-104
193;182
233;335
-155;115
81;205
189;-246
275;-170
200;179
257;167
-380;-209
309;-199
-142;-123
-230;-218
122;126
56;-282
-160;-191
303;-194
130;58
-121;211
-109;349
-138;175
-181;256
-130;-380
-253;230
-223;-181
-243;154
-251;-260
359;-264
-104;-354
329;-72
-246;191
-196;163
-225;-175
181;-187
288;141
263;244
-196;-209
205;-135
175;-143
-94;-112
-193;-252
349;-189
-233;-75
312;151
197;-213
-223;-187
-126;194
153;272
214;194
48;232
-137;272
139;156
181;166
-237;-113
-135;165
-130;-230
238;-87
259;-184
-209;-267
-267;215
41;101
52;141
-174;73
190;-74
300;-107
167;-229
114;153
-109;-55
262;247
-120;236
-208;229
-171;104
148;-173
-160;48
144;128
186;-253
139;104
78;119
-241;-137
-170;-193
-195;-156
243;146
225;144
132;-80
177;-246
-2;279
-175;161
-147;205
273;123
-182;-345
287;-110
151;-167
-170;171
-191;190
-159;-130
52;219
269;182
231;-164
-68;-244
419;-105
157;293
172;-185
212;-247
127;216
128;-175
160;288
-137;-81
228;-157
-152;243
-179;79
-170;124
195;245
103;-247
243;104
153;-200
-150;195
163;130
-85;201
-222;202
242;145
-138;139
165;186
-224;128
192;-71
-97;189
135;-230
304;1
-107;-103
151;-230
175;-260
-282;83
139;-253
164;235
206;12
190;204
113;77
236;149
-167;231
205;-100
164;-90
181;-218
215;-317
144;233
189;196
-158;-169
-103;-251
-209;-163
-292;163
334;-109
-71;-301
-262;126
161;-256
-156;151
-147;-90
-208;179
286;136
-217;79
-314;147
-327;339
210;247
-154;-108
202;-150
-163;184
-328;266
188;157
-73;205
182;-78
-235;-216
-283;115
-219;-28
-223;-204
136;146
235;164
192;127
196;35
-269;-97
-201;-217
77;-26
187;95
-239;-245
213;235
-248;244
-216;-157
-191;-185
-28;207
-212;137
-155;124
140;-316
-225;-383
-126;191
-125;-50
220;255
266;144
-139;188
-247;132
-191;4
-217;-275
222;150
-160;-178
-210;-74
164;250
-103;-298
-139;186
329;159
233;-235
-222;320
-10;-82
207;-163
-185;218
183;-148
-143;-289
-285;203
173;-99
162;272
119;-271
-238;-86
-93;-267
-88;176
-254;-262
-326;-87
280;237
-235;-203
188;153
-201;-99
-244;-162
-295;253
254;-262
205;-209
65;-171
233;118
175;-222
76;142
-163;160
132;185
255;262
255;202
-313;-184
47;-215
143;-119
-250;250
277;63
216;122
-84;-244
-192;267
-202;-270
-248;289
-99;-234
-283;-184
-245;176
79;-170
13;-230
186;228
-274;-252
-202;-175
146;180
-142;-217
187;-145
186;-258
193;-188
152;-284
272;-133
172;-228
-138;-248
-225;185
-213;30
153;-200
-240;178
-150;-287
201;311
125;151
65;-99
-119;-260
215;-193
-204;61
202;208
273;-142
-236;-160
-142;302
192;316
-138;-250
-233;-211
5;-189
216;203
-200;-205
-199;-240
-297;254
225;242
311;-71
-150;-208
-160;-257
150;118
339;130
-182;151
-184;-194
-153;141
241;110
-165;222
-257;121
148;-246
253;121
146;83
-208;197
-91;135
-240;-146
-157;180
-194;194
225;-308
258;158
312;211
192;-192
-129;-177
-85;-178
-226;-166
-213;158
-296;-39
203;215
182;143
187;-8
-229;170
183;152
285;326
227;-212
214;-212
-171;189
195;-198
-252;132
249;140
-157;-317
219;78
-102;-90
132;62
-156;-221
-183;-196
148;-172
181;-178
211;-37
201;-231
-177;222
132;181
272;151
-193;197
21;-118
231;184
212;130
-198;-251
272;-155
-222;-215
-190;-123
137;-232
97;229
329;-216
113;-48
-122;174
208;251
203;170
-183;183
128;239
219;156
206;-267
-240;-145
141;166
-93;155
-49;183
-185;179
125;-174
188;132
176;329
165;-268
147;152
129;-220
-307;190
-91;-226
118;-300
-283;-111
138;338
198;70
-204;304
-227;-262
153;-294
-132;331
-86;154
169;-207
187;-142
248;216
85;119
183;265
-254;128
281;-94
-167;-298
-81;254
-282;203
-113;-136
-107;-205
-142;231
-219;46
103;-191
-104;269
-88;152
-103;-249
-97;223
-189;180
251;-165
-243;72
93;323
-165;208
172;271
129;209
159;-253
-222;-107
128;174
-182;-212
-166;-162
208;-197
-161;-220
-91;-306
-46;122
356;140
-241;-158
-118;201
116;108
-122;-157
-153;-179
-174;221
275;-141
-76;208
161;-238
-183;126
213;104
157;74
152;130
-296;-245
-196;-49
279;110
-190;-120
-297;156
-272;-251
-226;-68
-111;106
201;-146
80;-133
100;-254
228;-154
-132;151
137;-155
230;119
192;-210
-239;182
145;212
225;-182
-252;166
181;-55
-164;151
-165;-283
-145;183
192;-116
-366;-323
89;148
108;-203
164;220
130;-249
-100;184
-204;318
-100;176
209;-181
-137;-205
-201;182
-189;-83
-162;149
172;-269
158;-262
-375;-190
-226;-253
-175;262
179;-297
172;211
182;127
-248;-288
145;-186
-149;174
-175;-168
-191;-140
-149;-188
-273;-127
-192;-136
203;-239
142;261
-127;-122
-206;-141
254;128
165;145
204;282
129;105
-70;240
-173;227
-173;168
235;215
178;-170
-154;107
-245;153
-225;186
172;-242
-211;149
296;-96
182;-204
40;-90
-15;-300
173;202
83;46
122;121
173;-231
-288;231
-191;-115
-146;90
165;-105
-294;175
262;-227
64;220
179;-63
-141;-187
-95;-173
-210;109
-211;-326
112;-159
-135;-170
100;-155
-140;-96
-211;150
-215;202
-210;-229
189;-214
-153;245
149;285
315;-286
-58;-236
183;176
136;-225
-148;-152
234;-189
155;201
151;156
-145;160
162;-127
-182;121
221;257
-46;-275
-79;-298
220;-248
-15;-165
210;233
-156;253
228;-226
158;-238
197;42
135;-129
284;-36
252;-285
203;256
191;-157
199;215
182;-272
-234;-190
-100;165
122;-222
-190;-206
-164;-72
121;-287
-256;185
-294;-100
-97;-147
97;140
-190;-130
229;-304
131;292
-227;104
120;249
148;-230
90;98
190;133
-277;-112
167;113
-174;263
-386;159
147;134
243;-224
-121;261
-152;-228
-222;-39
-218;259
-351;228
192;216
-205;-142
40;220
181;-226
205;141
202;162
173;306
-206;192
246;-162
-160;153
285;-134
191;-84
-88;-163
128;189
-190;188
162;-202
-192;139
-149;217
270;-184
159;120
138;-134
166;-108
225;194
-271;128
-277;186
-177;-148
-145;195
163;-122
-103;-106
153;151
127;-112
-201;180
69;-204
176;76
197;108
352;-145
211;229
-124;-155
-107;-176
-269;-128
217;233
-211;-199
-140;256
-166;-287
-74;-148
-201;-230
-303;170
182;-204
-118;141
-138;90
-213;-194
193;220
-151;144
218;345
-234;-135
-215;137
-194;-210
-96;-137
150;201
-105;180
191;149
-210;90
-227;-76
-178;101
190;-281
-122;-118
-222;-285
225;-276
137;240
-176;-346
164;240
-81;-222
243;310
-208;144
-197;237
223;-80
134;-180
-239;80
163;-136
-228;111
-173;-267
-228;268
171;210
187;-285
224;-87
-113;-243
157;176
-76;156
197;137
130;42
-238;264
179;138
204;-213
151;-144
98;207
-132;-139
-36;199
-114;110
163;-175
-144;225
201;-154
-300;-164
185;295
211;245
-175;107
185;169
164;-166
146;-296
195;236
115;196
-217;-193
172;-38
-122;-133
-86;-142
48;193
226;-182
-189;-312
244;-87
129;205
-130;255
-233;168
-215;222
-266;198
-80;-280
-227;133
-89;-167
-279;102
-77;-173
299;-166
-174;-39
330;-72
-264;245
-256;67
-104;-175
185;-201
122;312
138;247
-184;-198
229;-54
256;-120
-124;-333
-50;-94
305;-236
-228;-211
138;172
174;-160
-184;-153
-88;128
137;176
175;172
142;213
-207;194
266;122
168;98
-98;-94
198;124
-145;-224
-97;-207
193;121
-114;-120
-247;106
-231;-229
81;-160
-225;180
-190;-212
164;145
-185;142
310;-127
-263;267
100;-164
-173;-171
199;82
-136;289
-78;189
-277;219
116;223
-196;164
-40;256
-326;-26
154;237
-287;8
-133;203
-227;-148
252;171
146;-270
143;200
213;-180
223;-96
69;-166
-118;-206
181;-98
-150;-114
-199;-186
-150;160
-219;-198
242;58
-79;-232
110;-231
215;-129
-262;41
-53;-201
198;-188
158;-136
-171;-249
-79;-194
-191;161
-156;-211
-160;-248
203;176
265;76
228;-100
72;223
316;-127
62;-228
-268;-220
-337;270
-145;150
-116;209
-212;-141
106;191
150;-261
298;393
-135;-234
-129;-182
-211;-130
-148;-39
116;-74
-185;246
-214;-109
-173;-216
-86;151
-120;226
205;-150
-278;-173
93;-148
94;-190
-149;-188
-168;-57
-171;160
133;-59
73;89
152;129
-160;157
-156;-111
146;130
229;-200
-152;-139
111;-90
-109;226
-109;-221
-212;-199
-160;206
181;-162
118;146
-151;-171
170;42
93;116
185;-157
154;239
-155;-6
197;212
236;-199
202;-120
163;41
139;141
-191;213
-74;126
-148;-202
191;150
337;-136
171;321
83;313
-227;-176
232;219
238;294
-149;-144
-233;99
181;266
282;207
211;-99
-225;212
-214;-199
230;284
-96;-290
-182;139
-183;-121
-71;124
22;159
208;-211
123;211
-146;253
-114;230
219;-239
-111;-139
-151;-134
-252;-171
84;-237
130;-172
110;-134
-100;195
-246;152
109;153
-217;-127
161;118
-126;181
-210;-106
-219;60
-139;-119
145;-151
154;166
108;-114
-110;98
-182;55
237;-132
129;150
-159;-167
-142;247
99;-132
85;89
190;-141
183;-109
-135;-261
164;136
-114;-170
173;71
-78;207
-260;73
185;-100
-139;184
196;-145
167;-156
-275;-354
248;229
-158;251
-190;-171
101;-317
-204;-179
-152;-217
-139;254
216;-310
287;-147
70;-194
24;-124
-204;162
283;255
243;-223
195;-154
190;-101
-192;-226
150;-176
-245;-201
-235;-138
127;-242
74;-197
-138;-176
246;157
-151;164
-131;151
-96;173
139;-101
-137;98
-204;32
113;-193
-106;131
-82;131
-86;-110
-199;123
-90;-162
103;-233
161;-195
-88;182
174;156
-207;207
-111;-178
169;-98
-114;228
27;207
178;-186
88;157
-132;74
-166;190
-155;-106
-165;263
-126;-168
-251;81
107;153
111;97
94;-280
234;-187
-256;-123
265;-153
-181;183
268;-156
205;-210
166;281
170;-246
-222;212
183;-57
-89;142
-252;-159
-256;-229
119;83
88;243
-184;-129
-197;-183
-138;-176
-233;157
-315;170
160;-233
-193;243
85;-240
-58;282
87;-179
224;89
-101;-190
-182;-166
196;252
171;181
211;-237
187;104
-217;-193
208;106
-291;115
248;91
-151;-40
211;-349
-139;-133
-165;212
3;313
210;-106
-66;328
-230;-151
-289;-161
205;279
-208;165
183;-173
-218;-269
210;256
211;-224
203;-285
127;177
180;209
-338;-207
215;-206
91;158
286;-298
178;336
-193;112
-162;108
151;102
135;287
-155;-128
-249;124
233;253
161;261
-254;272
-160;197
137;-232
-189;-168
159;115
224;233
201;192
290;140
320;236
-74;-158
-115;-88
153;159
-116;-123
-170;-187
133;165
-181;252
-247;146
191;84
-111;-220
140;220
-190;-123
164;-283
200;-89
137;201
107;-300
-118;-188
117;-156
187;-128
-254;-100
223;-211
-379;-216
215;391
-47;179
219;-149
-49;196
209;258
-126;-175
-41;-257
-189;86
-107;-193
267;-145
-73;-363
212;164
-264;127
-201;247
-83;-320
-189;208
-124;250
-154;213
-226;300
-126;-251
-261;214
98;274
145;170
-175;228
-208;184
-278;99
-196;146
142;-119
260;-180
157;-235
-140;156
234;-283
-104;-226
-62;-62
-238;-195
214;-11
-82;144
-154;-168
239;152
233;-202
224;-146
303;171
0;172
-254;-202
-291;-222
122;-258
129;228
-284;244
-119;-39
-321;141
-220;72
-182;-211
-95;-192
125;149
189;189
220;-55
165;-77
138;271
105;-205
-36;113
-185;-113
-237;-196
127;-255
196;275
284;302
-154;-197
-220;-199
-357;36
-280;-264
182;-79
-191;120
115;-110
171;-238
102;97
-224;-313
159;149
-140;281
-210;219
242;-215
245;-173
-260;-243
-178;-177
184;173
-212;194
-87;-160
-133;198
177;-68
167;78
-212;117
179;-208
-283;-217
250;-208
173;-176
167;-216
102;-99
203;170
163;179
101;-331
-253;-191
106;170
170;-171
138;-251
-191;178
142;-221
65;165
238;189
165;201
-170;-227
170;-204
-147;235
-291;54
319;-238
-223;230
208;-127
-171;-271
-186;-175
203;144
299;288
-153;-145
229;-216
-244;191
204;-55
276;-251
311;93
156;-55
-248;-116
-48;-316
152;-297
91;351
-150;103
431;-59
192;146
138;163
285;146
-149;149
206;-172
-97;203
-108;102
-102;-298
167;-120
241;224
229;-228
-189;-187
116;-225
-193;-206
-163;189
253;-211
-101;-161
-97;34
143;-157
-264;206
287;-283
-202;-207
-250;119
130;-281
267;182
-263;-170
328;252
209;-267
-179;-145
302;140
-161;-280
216;220
-192;250
133;-163
-140;-139
-185;153
170;234
-98;76
-249;106
217;188
165;-192
-311;118
-171;-146
205;228
-170;-174
-200;-199
147;-244
-298;238
-243;-282
-71;104
156;-318
147;213
181;-217
133;-180
143;203
-175;225
-266;-256
-289;134
162;-105
-204;-378
-209;-271
-298;167
-89;216
-112;215
196;118
-248;-223
-207;-125
316;-203
-258;68
-174;148
164;-93
190;-207
-107;102
-142;197
137;158
-196;87
-222;-125
440;-182
-259;-195
215;-194
140;-183
267;-257
252;170
99;-323
-185;-169
145;-229
-163;192
-143;236
261;-95
-195;112
241;367
-50;-218
-177;-251
-177;-250
-229;230
-116;-169
107;-251
274;183
165;119
212;-147
148;48
90;-249
204;-301
-9;258
-93;278
-270;205
151;137
206;-203
224;-299
185;-210
-149;127
-119;-140
-124;100
-164;263
224;-187
-199;162
175;-264
175;182
150;-162
199;154
-196;-130
218;-170
239;127
-167;-179
-182;140
82;188
-178;237
216;62
213;136
144;131
-234;-36
197;-209
164;-229
-110;-182
-275;-122
-177;34
168;199
192;-169
258;213
312;175
200;-95
132;-125
240;-96
-282;304
-237;237
-164;-171
-229;-184
136;111
155;-233
-250;156
-196;-280
-190;288
255;-134
165;-104
182;130
-287;-240
267;98
-222;226
156;42
-265;-149
129;-145
176;-98
138;-216
239;165
-187;-216
-381;-238
150;-153
-147;181
-121;84
147;193
159;-132
137;147
-145;131
-214;-207
213;-200
243;151
-141;297
10;-142
-154;-197
-251;-223
-253;-105
79;-154
202;88
133;82
224;-226
-200;169
196;213
194;-255
216;-133
153;-149
115;-266
155;-113
-195;120
-107;187
-161;260
-273;-189
75;81
-149;151
210;-125
129;-192
64;-255
236;-145
-347;-180
218;84
77;-182
-249;-119
19;-108
-155;130
247;76
-246;119
169;213
51;169
-243;265
177;90
241;226
329;-224
-262;240
-208;200
308;198
-267;-297
-219;-89
138;281
-197;-71
-147;-228
-314;-269
-75;198
-170;-293
27;-104
171;174
-103;-217
-46;-318
190;165
-223;-154
-160;68
-277;-81
92;-304
-412;232
-197;-81
169;161
-195;191
173;-175
-181;239
170;-124
-120;-191
84;172
-177;89
-121;266
-264;106
265;155
-205;173
-129;291
-235;-87
245;48
-204;-296
-121;212
-341;-106
289;122
27;-190
136;244
219;-44
266;-148
186;-236
-213;-263
365;-197
-117;-216
-218;-240
-159;186
-295;-174
146;350
-104;-175
237;-334
217;-184
-324;301
-222;-213
118;-139
121;-295
-266;-162
-270;-195
-119;175
-240;-120
-117;-353
225;205
182;115
96;-226
168;185
160;-136
130;-116
-249;-166
-100;221
-106;102
-260;209
-86;-158
250;285
127;-157
158;150
-243;-211
-203;-173
-320;-190
-223;-134
143;-153
-140;226
-120;-120
-177;-259
-196;108
-153;202
215;-171
-172;-113
156;-204
146;-255
-240;-226
-166;-144
-15;114
78;-144
264;142
90;127
-260;195
-136;-196
168;140
269;-226
-220;-259
228;-192
-253;228
-193;-197
-111;-163
-233;215
164;-149
243;240
-3;-232
188;204
264;222
130;-121
170;199
-153;73
314;257
173;-268
63;-117
223;124
160;160
-271;184
-204;219
-283;-194
171;168
198;-156
238;152
224;136
-85;-189
42;297
161;218
-170;-221
-185;46
179;213
179;89
192;-240
-157;115
-30;-183
184;122
-90;-228
-227;80
-219;-240
-179;185
-153;236
156;-139
315;267
-168;158
-152;165
159;-203
-164;-234
-203;-170
-169;-171
38;-190
157;-247
76;-145
-254;161
-220;147
145;175
-287;-261
202;182
-144;285
-255;-92
-185;119
-119;-121
307;-168
122;239
219;-80
-221;114
-38;191
137;-71
186;193
-208;-270
-192;198
73;-243
248;291
142;-185
90;-261
-248;-293
231;156
-184;-265
210;98
-162;189
-175;345
202;-246
-165;239
211;-234
273;-150
-229;-143
116;257
-172;180
-141;-146
177;-184
-246;-295
-58;-108
-220;169
242;-247
113;-63
183;-134
-5;-153
-254;212
199;103
216;-214
181;-223
188;-165
-229;-239
218;-261
-174;-77
-152;-181
181;-150
179;-195
-235;-95
225;116
-124;229
-205;202
-149;168
244;-84
-185;118
-133;135
218;-126
-188;94
-137;99
-158;-251
-299;155
-181;-139
273;-161
245;-80
-234;259
217;292
-176;233
-238;-154
201;-66
-159;133
174;238
190;-100
183;168
-178;222
-221;220
-355;-243
-178;162
-247;-180
-117;160
189;141
179;160
62;-248
328;-196
-271;-218
243;-206
-145;237
76;-233
161;-198
175;224
63;-115
-274;213
164;-214
-213;127
-149;-224
-111;-151
125;166
263;169
-238;-160
-201;-97
-256;-171
-86;265
-81;122
118;-272
-155;174
241;-201
-256;169
119;-249
254;81
-217;-72
-141;-82
194;21
232;115
158;-261
310;171
-172;-90
85;286
-67;120
249;217
-129;-130
297;-83
-306;-168
-190;226
-247;173
72;-237
-99;183
-294;-277
-268;-135
229;182
-88;156
236;-176
-178;-188
158;75
235;-148
179;-181
197;266
163;245
-210;-190
206;-158
122;262
157;-218
176;242
-214;212
-148;272
139;213
171;161
-152;-187
-168;118
184;178
185;96
-191;191
-41;180
189;-195
-120;-164
153;177
250;210
142;232
234;228
157;223
-162;-287
-208;-197
136;277
-204;-148
-167;-241
183;205
-228;226
-3;239
191;192
-204;-75
223;232
-142;-187
219;-222
164;-246
213;178
-33;-76
-197;-242
234;-75
206;-49
-88;-241
149;-99
-215;-132
197;283
-200;162
291;-137
-180;165
137;292
-81;-40
-181;-190
-225;120
-197;-198
70;-288
-257;-146
148;153
-177;168
-112;228
-174;-207
-33;308
-226;137
-61;100
-169;137
-141;-157
-114;142
198;98
165;162
-146;128
-87;152
-106;223
-166;209
126;-143
81;-88
226;-148
-224;194
140;-192
-140;-202
-141;-201
-322;-145
112;266
-155;144
-102;-177
193;304
207;-198
160;-230
159;182
238;157
-149;-177
-283;-316
125;-197
211;47
-80;182
-271;-347
-220;195
-129;220
-69;-243
-147;-196
207;191
139;229
192;-179
85;-254
147;97
152;-149
-218;196
-134;-263
-248;-315
215;-44
242;284
167;124
-282;-272
-140;-226
-300;108
-45;-210
183;-145
-144;107
214;-181
210;-205
218;192
-96;-207
182;210
-270;207
-182;195
75;-199
99;-211
-155;-139
-182;-234
174;211
-167;242
-103;-146
-111;120
109;-170
219;141
-181;212
203;-265
-178;-277
78;-98
149;-239
97;-181
238;-187
55;232
224;95
143;-210
-322;-199
203;308
215;-252
238;-211
-160;184
254;0
97;94
213;135
77;104
-116;-254
119;-178
-274;213
-157;213
265;-254
-278;187
135;-173
-186;-204
-205;-123
194;114
210;272
-145;-107
238;-174
-272;202
263;22
131;-92
140;141
170;-138
-251;-210
-223;-260
310;-111
148;346
-145;187
253;-125
228;160
178;79
186;167
-238;81
272;-204
-160;35
-199;226
-262;-193
139;-202
144;45
232;-217
-124;-150
170;-140
-81;-177
-141;135
15;-194
-230;-226
-185;79
263;-79
-52;294
181;-141
-336;-250
-133;97
46;-88
280;254
-244;-170
222;181
243;-175
-177;-193
204;240
-213;-141
280;130
-328;480
102;-199
-268;-190
-201;308
103;209
-276;131
-232;181
244;132
122;-148
-227;228
-220;-130
115;216
-197;-167
-125;-121
198;-193
-167;-13
-192;-359
-96;203
277;-145
143;197
273;-145
323;-208
119;182
-198;185
-61;-328
-252;117
130;-207
-230;-141
-277;-299
-224;176
-111;204
-220;124
151;155
-97;-185
-205;-148
133;-154
-126;172
-222;168
184;-238
117;-109
-195;141
-105;195
136;161
-233;239
-318;-194
187;-142
-186;-159
148;-227
178;-175
222;-235
206;333
178;-291
-88;-108
152;-147
-214;285
-164;256
191;-229
-178;232
318;217
-273;-284
-217;-277
-282;-208
-178;192
-97;-244
86;-98
256;82
230;149
116;-78
151;232
68;-227
179;-81
-304;120
-66;215
-256;216
198;106
119;-256
242;-110
179;-191
-191;261
-178;-127
-178;216
-195;165
234;-91
-274;198
36;-153
123;149
97;-158
142;72
-172;-185
282;-141
120;202
-223;-125
-72;240
128;188
-194;269
182;227
200;75
263;304
-213;-61
155;-84
193;-135
-182;-150
-121;-135
-189;207
239;245
266;-217
291;332
131;254
218;-224
168;-209
257;-100
-176;88
-121;224
-81;-178
-190;-168
185;124
118;-215
-165;124
-106;-174
-216;94
167;-65
130;-170
175;219
-121;-234
190;191
-254;205
144;86
-137;-226
190;-239
303;-223
154;-128
58;146
-195;-43
-39;-381
255;-48
-320;252
-80;58
163;176
179;-81
249;99
-161;134
-47;-170
281;-193
276;140
-159;58
-128;-121
-218;-156
-133;-138
-225;-179
224;-195
213;120
151;236
180;-207
-225;183
213;248
185;-151
89;-232
180;-267
288;-65
189;-149
-77;231
-348;310
-188;136
-163;-200
221;335
-255;154
266;-206
147;-150
275;-270
210;-223
-179;-170
287;197
126;-289
-105;-187
207;-106
-276;176
175;201
-152;69
137;129
138;132
-180;19
158;108
168;215
92;-221
-120;243
-186;84
223;262
-227;-194
-87;-199
198;192
-120;-264
-162;-171
-329;-205
-157;184
-217;-254
222;-245
-165;170
155;266
-62;-152
202;-272
-294;192
233;-109
217;217
195;249
225;247
225;172
151;193
-284;-147
60;169
197;-231
264;263
-99;193
-156;-250
355;-157
-285;177
-142;-210
-241;-262
165;-123
110;-67
-165;243
261;182
-196;-122
-265;236
-200;-196
-135;-295
213;143
-135;245
-173;-169
-283;178
-101;-139
-141;-261
108;-259
-127;-239
216;-218
-125;-307
186;224
-112;238
152;-93
-340;278
-213;-138
133;293
-175;-218
-227;169
-305;-290
104;-252
239;253
-166;275
-189;-48
-192;192
188;157
-200;-129
174;-186
-112;351
231;-288
-168;220
-223;-248
-228;-292
-52;-173
-66;330
261;-205
-151;-284
229;222
-179;-254
-123;272
285;-269
160;-245
-155;-200
315;216
-213;-276
292;-167
210;190
-183;-163
-191;-133
201;-261
193;-209
151;168
119;-310
-48;249
-38;-319
183;137
38;232
-112;-165
109;150
-258;140
-162;41
-202;196
-255;108
-210;231
-177;-185
-169;82
246;229
-171;-216
109;173
-162;-198
210;-277
-201;-81
277;-188
187;-162
-300;-326
-145;205
245;232
-87;-366
263;-280
-109;-240
-361;-253
179;-244
-276;214
-151;231
-190;-218
-249;330
-80;141
141;183
-239;293
-250;-259
184;110
283;-131
121;-112
-275;-154
-164;-257
-357;-222
-198;205
-244;-232
-200;-117
105;336
215;112
-149;-261
-201;-211
240;-92
-222;-226
189;-165
-283;-144
-96;145
-288;-217
-108;103
-66;-143
-273;106
123;64
-223;-149
164;-223
146;216
-188;210
327;195
283;-210
195;-167
140;-250
-258;173
-107;-167
116;183
-185;124
119;-223
49;253
-207;242
185;173
214;-122
-245;-253
389;211
-242;-156
-226;-238
-274;268
-193;131
241;387
-259;-286
206;252
-348;-204
-69;278
150;-225
-159;-148
-25;-207
247;173
-133;428
223;-237
179;290
-280;-283
221;-270
-148;-116
123;-196
-287;259
-128;231
207;74
297;-147
-225;186
-56;-277
180;-192
212;150
-54;220
-190;-143
139;-169
-315;-141
-271;100
76;-166
-249;144
178;239
-289;171
-353;88
-265;246
168;152
-160;-129
-349;263
-211;-198
-196;165
-153;147
64;225
197;227
252;-200
-32;243
-198;159
-248;107
-71;-153
-165;-208
151;147
118;222
-235;-350
225;251
-168;157
-234;239
312;-200
203;246
125;-297
147;252
193;-200
-198;194
-205;-185
-253;-163
-102;188
-159;-177
-185;-199
295;116
-135;184
-308;-103
-153;-115
278;183
-147;-226
126;156
242;235
174;-262
278;233
256;-205
211;243
220;-258
-203;-233
269;-186
265;-211
191;219
-84;249
334;-168
136;292
-165;-148
246;-39
218;-219
-227;207
-90;-225
365;-197
162;229
-4;157
-145;151
-202;-252
-180;-127
-167;-259
-145;-131
-110;-182
168;-169
-112;198
-221;98
298;-293
-150;175
-176;155
79;97
-122;131
-135;253
-185;227
-150;-176
-231;245
-110;-177
-174;218
232;167
-174;-176
-27;184
170;-233
194;-128
-218;233
-131;134
-261;-131
-158;148
208;-187
-128;-213
166;173
197;-231
151;-134
-132;121
-188;-163
-121;-151
144;-211
148;114
166;-235
220;244
80;-184
211;-229
-152;211
143;108
37;-192
187;163
145;235
-97;210
-267;107
-140;-193
285;180
255;-110
94;-251
-224;46
-110;185
-92;-217
297;190
195;-175
177;-113
-168;-357
-118;223
-176;-194
-247;133
122;183
290;234
-276;-316
-201;-203
141;-102
-15;287
167;117
158;-184
166;242
191;-94
-125;265
122;270
194;225
143;-185
158;-219
-186;-161
74;-120
259;-335
-182;-127
199;-180
-170;253
-148;121
-135;148
-116;81
-189;-182
-140;240
100;117
144;-242
-211;-187
57;-120
218;182
216;-282
-179;141
-33;-157
197;124
-252;107
-236;196
166;-237
176;-180
-92;68
198;-79
146;-113
-60;-52
-138;240
169;71
221;213
152;-181
-86;-187
-228;-184
191;111
139;-126
-116;-215
249;284
-254;-125
-189;-244
237;11
-169;156
-133;158
200;213
-287;-203
-145;185
-220;-209
-181;-182
163;-247
-98;318
-345;211
195;202
161;218
273;-236
-174;74
242;-335
196;308
258;-190
213;231
-220;-186
106;218
162;244
-205;192
34;-164
160;-148
-141;-135
-134;-152
91;-85
156;-131
-109;63
-306;109
-74;-194
175;-110
-179;-159
243;224
111;155
47;-173
129;201
-208;-245
203;319
185;-191
-219;287
206;-212
-128;-157
-157;201
-200;116
-76;170
244;154
-58;146
-120;210
111;156
268;198
158;-271
235;143
-140;241
297;195
152;-70
134;-196
-212;220
-107;219
-204;204
198;-110
-163;167
227;169
-197;242
170;139
325;144
276;189
155;-249
-201;294
-203;81
-199;234
110;218
285;71
-244;-201
-276;-330
-233;-174
231;218
89;-223
279;277
201;245
90;-197
172;276
-98;-234
113;86
219;185
143;188
-157;148
-161;64
-64;219
186;75
-149;-175
-125;184
117;-172
173;-110
-154;138
-177;185
-151;-222
191;-152
266;-127
84;-195
77;145
-249;-119
-247;214
-111;83
-153;-189
-122;-216
162;95
68;227
219;-205
146;100
-199;150
237;-176
83;-129
130;-338
68;-91
-107;258
220;-100
301;156
-205;411
-225;-170
-140;188
-156;195
240;-228
178;105
-217;120
-109;177
-55;-188
153;-202
-208;201
297;121
-161;231
235;212
-193;-287
-199;331
-303;-43
86;114
-155;149
-50;237
-248;-169
9;-187
89;217
-188;-162
-135;-201
94;-103
-139;82
-174;181
114;34
-245;-183
156;265
-273;-141
-48;65
191;131
114;-251
148;178
-175;134
191;177
-250;193
-112;-153
-227;197
-248;154
66;-257
234;162
-250;-209
-149;129
-178;-172
120;170
194;-260
258;-156
-304;-140
72;-223
-194;-231
-242;-122
258;-120
-126;-205
-148;204
241;-279
-155;186
-280;-228
-153;-228
-226;-119
-166;150
-208;-138
-134;-217
-181;-223
241;-70
-57;-116
204;-51
-215;172
-149;-243
127;195
-97;-103
-182;154
209;-237
80;235
202;-86
243;248
-189;-243
-165;222
214;168
169;127
-245;181
100;-96
-176;-136
245;149
208;166
-276;274
218;231
131;-200
185;-197
-172;-40
-150;-131
-63;117
79;-302
-195;145
-167;-209
-184;-183
-138;258
120;-212
-92;-305
-158;-313
-216;202
-119;-216
122;-129
-179;-173
271;150
182;179
-96;-157
107;280
-185;-253
210;-25
206;-26
202;-160
187;-118
-81;-145
183;187
233;196
288;187
191;253
-153;-230
-145;188
186;67
-137;-19
-128;187
171;159
117;-174
105;-40
-143;97
167;-197
-156;161
44;-144
197;168
-246;128
310;-122
186;-74
245;108
222;-138
198;-119
137;180
-254;-183
104;200
257;93
-273;90
208;105
-193;-125
-95;-128
151;209
211;40
142;-197
-292;-72
50;198
303;202
-69;267
-225;232
169;-201
-173;-224
-136;311
-238;-216
267;-150
290;213
-234;-181
159;-193
-200;-260
-205;68
90;130
239;162
129;226
-179;-364
106;243
-153;177
-203;-156
-174;-172
-94;193
244;187
213;-228
-143;-7
-125;-88
172;194
108;279
-93;-193
-125;-202
277;-170
169;-76
-300;80
135;161
-254;-243
-197;-191
-107;119
104;115
169;180
148;-175
190;-137
-201;-231
163;234
-227;-281
-134;-155
146;60
-143;-287
-239;233
-225;-117
225;-156
-185;175
-184;-168
196;280
-79;165
175;-129
-206;140
170;-71
-161;-163
108;145
-325;64
-305;176
-272;131
263;184
-225;164
-183;380
-97;-290
106;214
-140;-148
-83;239
-261;-122
248;74
86;-152
112;210
210;-134
197;-55
250;-173
-206;-186
122;-105
-149;-102
-186;-352
-170;204
-152;-290
233;212
-185;-209
196;-251
209;-142
-153;38
-62;-288
71;-238
144;-109
-94;85
-190;-237
-95;61
-183;-245
-139;-279
205;248
92;194
287;-198
159;301
211;-139
131;-107
-225;-152
-124;33
-105;213
-199;294
-201;-112
169;220
154;-226
171;2
-181;-100
-170;-35
-151;-229
-161;-178
213;-173
-206;143
-128;-64
-179;-163
-286;52
-146;88
169;-133
-120;-220
191;-201
144;-152
-139;-266
-191;-118
-137;230
107;-184
218;168
156;190
-159;129
-311;-128
229;115
164;-163
-252;-214
333;-110
-301;185
-238;-261
-152;-177
-147;214
269;-137
74;166
-178;-159
172;117
67;169
101;-285
187;101
-263;57
84;129
179;-258
188;-49
268;199
133;110
-190;106
-238;199
-248;-116
265;273
211;-117
157;181
162;217
-141;-288
174;249
236;289
-164;-225
-293;156
109;167
202;182
207;-98
-337;37
-162;-133
157;155
-47;-112
-271;214
-122;-207
-281;126
-32;25
348;-248
222;208
-236;159
-176;160
263;-282
-72;-214
-177;-71
-299;-275
79;-153
194;-190
132;-178
-150;287
-246;300
150;129
-144;-130
159;213
-34;211
-230;-236
-267;145
-22;-269
134;-111
127;158
295;-130
-257;83
-257;145
181;-335
253;146
-307;-216
-199;356
153;-143
231;115
99;-231
159;-149
-130;-141
265;154
-195;-192
24;201
-168;237
-132;147
157;-107
-161;239
197;-79
177;-119
-176;-244
100;218
-142;160
-157;-160
155;-106
-156;-294
-122;-218
-258;218
130;-188
334;-199
175;-167
199;-119
-253;232
58;183
181;-163
107;-181
162;-166
-47;-141
252;-180
-101;-219
-201;-275
241;-202
135;-153
-91;-256
140;179
-210;191
-238;252
-247;123
191;-196
-108;189
-215;204
28;-150
-69;184
-88;194
-280;-338
-186;102
-195;-201
150;-148
108;-189
-221;237
196;193
-234;159
-195;-282
154;-211
-172;23
198;191
151;-294
195;253
-275;126
-88;281
-56;-151
-208;138
-253;-232
-197;216
281;164
69;151
197;-155
234;-101
-96;-148
221;-256
-110;255
252;-193
200;-58
210;218
218;-206
-189;77
298;-281
-219;181
-232;-214
-56;-200
158;144
143;201
-264;-94
-105;-124
-162;-138
-194;121
-212;107
326;-156
-218;222
147;-119
-199;158
238;-221
217;147
-227;-252
-157;-237
-15;82
159;176
160;-208
223;237
-109;-138
221;170
-188;142
163;69
-164;-202
143;-106
-298;-171
-220;-11
-263;171
192;-330
-272;112
-137;-185
-225;-233
205;183
-79;183
126;-89
-212;-167
43;142
233;-249
172;-139
158;260
149;78
-180;-211
224;-90
119;266
162;-125
60;308
-116;129
-138;205
172;282
152;318
-178;-134
-261;181
111;105
211;296
-189;215
-198;239
148;-251
-271;-247
324;122
193;214
327;168
192;282
245;101
-208;-179
-227;-204
93;152
-129;-221
-146;-153
183;92
-230;180
-150;288
182;170
-207;-159
83;212
-252;-145
187;-141
177;-100
179;123
247;-142
-114;-178
199;-206
219;-160
-134;-151
162;-141
-161;-108
100;110
-94;217
127;-187
-139;31
220;261
-116;-88
-107;-123
-145;235
-95;-238
88;-122
-238;-208
58;208
-233;125
-111;170
-216;-297
-200;57
-193;98
-248;4
-206;211
-71;-136
-379;256
165;130
235;332
-198;139
-267;-48
-189;23
-295;118
151;-145
255;-184
38;-238
-218;274
146;-249
-135;-248
-229;-149
-155;-125
343;204
-192;225
-189;-159
309;157
213;-264
256;-272
247;101
308;103
-196;-194
-216;-190
242;-163
166;166
-146;238
-229;-225
-233;91
-210;220
-145;-52
-96;-185
116;131
102;164
159;-75
190;-69
194;114
127;-112
-137;129
-140;-109
-132;-216
84;-110
45;244
87;130
-208;-258
-151;-214
-177;166
-161;-287
38;-132
-130;243
244;-143
229;-204
86;239
-87;-356
120;228
-163;124
-280;178
99;-107
190;-303
-180;-187
-170;-239
200;250
-238;82
-238;-116
-254;279
244;-218
88;173
-241;77
181;-193
-272;-175
151;-209
200;-116
110;-342
268;-301
314;54
316;131
275;-60
-129;-185
344;97
303;-222
183;-186
-216;349
306;-227
213;76
167;115
161;209
-217;-161
136;-44
-200;168
-210;185
112;-222
-125;133
151;-75
-141;-118
-154;-173
119;139
95;176
-73;-156
188;-205
-58;102
191;-101
155;-211
187;219
96;-160
-146;-168
-93;-234
217;-266
230;174
-254;136
172;-97
196;232
218;196
198;149
-224;189
261;-166
-97;114
-336;133
-174;-179
272;-165
219;237
483;-166
-298;-112
271;-22
-183;-226
-259;30
188;-212
-124;-234
-185;291
105;-220
-143;198
73;-249
-285;-111
-169;159
142;-250
198;119
-167;-180
114;183
196;-214
-258;-255
292;185
-191;-245
90;218
-215;106
220;-128
-74;-112
-158;194
177;304
-215;27
-124;152
112;94
104;-192
-210;176
-53;-91
90;152
-147;-190
-151;-146
122;-178
-130;138
-222;-89
-185;120
236;-192
113;146
106;-274
153;-161
182;131
-167;146
-230;-184
-246;235
288;-145
-178;-121
-151;-185
-238;120
-223;233
-295;34
167;189
-202;-181
-221;-109
211;-175
-178;34
-196;164
208;-108
245;-111
-160;124
-349;249
184;302
-278;124
-278;-246
208;-180
-182;-290
106;-83
299;-175
306;-149
96;217
350;-307
-207;-205
201;-305
-170;365
-94;200
112;-234
-170;177
166;81
-204;-134
-298;-103
-250;-104
-188;216
-169;-145
130;-162
166;142
139;204
137;-197
306;131
113;-165
131;-104
-218;187
-116;233
-220;195
157;100
107;-228
320;-151
234;-72
-189;106
-227;-156
-147;129
-210;148
160;-151
-134;257
226;-146
121;171
117;-203
299;237
-173;-216
207;-90
293;176
-105;-182
-200;221
233;147
-253;247
197;198
134;98
149;176
-174;-84
99;-107
108;-263
-217;-166
-98;-190
-115;217
117;168
101;-182
225;220
148;68
197;-141
95;-121
25;-149
-176;169
-99;242
-238;-191
-223;-180
136;154
179;-211
-175;132
-221;-136
-49;186
211;-112
309;-206
252;203
-167;-210
151;60
-197;79
177;312
-174;-224
177;-192
112;-109
247;-187
230;289
-180;-123
-278;-217
219;-279
-156;178
-251;194
199;268
205;-194
61;224
-180;256
-195;-207
195;-213
145;216
-113;204
-189;-215
-180;-67
-201;-184
-244;-214
190;-212
318;184
195;190
153;-107
-142;219
234;142
122;-165
97;-240
212;-215
120;-303
123;-209
-202;188
-171;213
-100;89
-172;-123
138;268
-161;125
187;-147
141;-211
115;-140
181;-169
-65;-143
137;105
211;-191
-227;-155
184;-227
-256;184
138;183
-182;141
231;279
135;175
-168;177
211;253
262;138
189;-115
-189;190
22;242
251;139
-217;-207
-173;-307
161;369
-246;-241
-242;-55
-296;-257
-165;191
-207;-137
271;-172
267;89
-182;-169
-160;-78
190;80
-144;-241
-211;197
-290;-214
215;-234
-119;291
-239;-87
165;188
-171;239
178;-263
-173;109
196;-197
-228;-178
-35;210
-209;208
-159;111
-132;69
116;243
-217;97
-179;226
-117;-318
145;176
-172;-87
-246;269
-41;-259
154;117
240;-133
224;86
302;-206
167;-148
153;-237
-277;-70
124;-178
-382;-171
-253;-219
-223;242
-175;-187
309;161
-224;-296
159;-68
198;-271
-233;86
-54;-115
111;-194
266;-278
-241;-272
-327;-171
-272;204
-129;-135
-142;-148
166;228
72;269
73;-149
141;164
241;-71
87;-197
-84;-129
-214;166
-189;141
-195;213
-173;-201
237;229
153;-220
273;170
-284;-192
-224;-227
-191;-251
-164;-87
137;-86
-121;143
-83;-137
-126;-178
-156;140
-269;250
142;-262
-66;-70
113;-216
163;-224
-226;-32
-170;-220
-143;178
227;-108
103;147
115;119
-167;302
-193;-252
295;115
112;-202
-270;-228
79;-244
-224;154
-171;-234
-146;-158
-212;237
183;-210
224;215
-77;-299
192;192
169;196
178;-278
219;202
-174;301
224;235
244;-208
312;-205
171;115
135;125
-221;81
-183;140
-290;-183
223;139
95;-363
222;187
122;234
-249;-163
285;277
178;292
-171;-237
-153;114
255;260
164;135
214;-200
-136;181
-239;-281
221;269
-207;-173
-232;191
-159;-202
-102;211
-102;121
173;-243
158;226
-120;187
-219;154
111;-283
-128;-161
-74;-86
-84;-269
244;-215
263;-223
171;-119
-137;122
-175;158
246;215
-226;-164
190;267
-276;139
-157;-90
-243;382
-225;-32
48;-316
212;168
258;-256
-133;222
-195;78
109;-130
133;241
-156;-250
-247;143
356;-222
76;358
221;-279
389;-223
-186;-164
287;112
-197;-281
242;108
-258;179
-132;223
236;-240
-59;165
230;-273
204;-80
-142;-271
206;165
-176;276
-182;-217
216;-186
-184;-127
-160;-204
-83;93
123;-213
255;-221
185;-148
236;-191
-192;146
216;204
147;-314
192;-238
97;-148
-91;-276
107;-68
-151;-235
-75;-146
133;-187
147;-172
-184;-97
211;114
-216;236
-266;294
-188;152
249;-190
-42;171
-110;137
115;-160
-234;291
-183;143
-258;-177
-110;307
-157;-221
97;-220
327;-209
-294;97
244;105
-167;226
-187;-287
237;-28
-213;139
110;40
245;-149
125;289
-288;246
-138;152
-174;-276
-159;173
-134;-311
-309;241
71;114
221;74
169;-66
266;-129
-103;-184
136;-249
-131;95
122;-222
129;-124
146;145
219;-68
-174;233
237;-167
-145;-27
-145;-103
-217;-314
74;141
166;264
-153;-150
-127;-286
-208;-69
-107;60
-179;163
139;-113
-279;98
141;-283
-140;238
104;-123
185;151
-157;-65
-209;-187
160;203
253;106
84;-163
193;187
-107;-169
164;126
-109;108
205;261
-215;-180
345;-102
-241;-124
-79;133
-293;256
67;-155
-113;161
-103;-90
-366;-300
179;162
-174;179
165;-87
-149;-175
101;215
83;-214
107;-211
123;131
226;185
-270;-304
196;-229
327;301
159;-237
212;198
-194;323
-108;87
321;146
172;198
-180;-194
-221;156
199;160
104;237
-169;227
-165;123
190;-321
-148;-153
304;196
189;182
175;142
59;161
198;215
-156;-188
-207;-213
169;172
-131;-383
-153;-142
297;287
-159;18
-164;276
18;220
-208;-188
130;295
-149;-204
166;-117
173;-180
258;92
277;-204
-120;-232
150;-209
186;-178
-235;-201
146;-82
-156;-204
303;288
-322;255
19;-237
-110;260
88;166
-211;-217
-205;-90
-129;172
-242;-193
262;-210
-217;-213
253;39
-184;101
-233;160
-204;-221
-210;194
-129;182
-171;173
-167;168
-245;-306
-236;81
194;127
210;173
-221;151
-105;202
-167;149
-242;211
88;-121
129;-204
131;-138
-282;293
314;-157
-202;-102
-204;-301
-75;-231
149;175
-350;116
-217;-195
167;280
296;-249
222;-86
172;194
193;295
-146;-117
-218;-223
257;-49
110;202
-287;205
-226;-213
-170;254
-195;289
-57;-120
-228;-117
230;198
138;66
228;-60
167;-183
169;193
203;-153
-203;126
-204;-215
-234;-134
327;-243
194;97
257;171
-328;-233
-203;-206
-279;152
-286;-101
239;-253
-230;183
135;-191
129;-128
212;164
-83;-123
204;131
-107;202
-136;179
196;-318
143;-182
-195;-88
-209;-245
202;193
-267;160
-173;-226
-160;122
222;-195
317;303
-155;124
220;-284
-317;-196
294;-163
326;-178
122;-80
192;-176
159;229
111;259
202;-98
-182;-204
186;203
232;-186
209;-186
-249;134
83;-226
190;127
100;201
62;123
-207;-193
90;-219
-153;233
-234;162
202;-190
-149;262
29;-221
-242;-245
-115;-146
194;182
162;185
-171;-205
149;-247
-138;293
209;-139
159;-206
116;160
377;-249
-249;-321
-252;-183
194;-314
199;230
-23;278
291;-417
261;130
105;174
258;180
-98;131
146;-261
-144;120
-138;289
-163;-125
115;-221
226;307
100;-87
-177;-248
207;-219
-104;-82
-159;201
239;-205
-237;-158
-66;170
331;-106
-282;74
258;-110
-296;-301
-194;248
324;-217
237;305
-262;-203
155;226
263;-280
-65;-367
303;202
-131;-165
175;151
-203;167
337;-153
-178;-271
-72;228
100;145
-132;109
-119;232
54;123
254;-222
-146;191
-195;-76
152;266
-207;-145
-193;-127
56;-188
-221;158
-153;-171
-191;155
187;-49
255;192
203;-259
203;-285
191;163
-300;154
-286;-128
-173;256
223;-220
-101;-210
-187;-126
-163;170
-18;184
-256;252
198;205
-216;-128
-207;-175
149;-250
-136;301
-119;219
215;-201
88;-199
-205;134
-116;203
219;109
-102;166
-261;-177
283;-101
-148;-223
213;-164
240;-234
176;-200
145;227
151;-171
-249;-63
187;-220
-118;203
-202;197
147;-127
-148;119
134;251
-126;-120
-183;-122
-44;-274
-101;242
-248;-201
126;-33
209;215
210;147
65;-140
173;210
207;-268
299;-191
-164;188
-268;97
-102;195
208;91
145;-195
176;-93
107;-178
-85;168
-228;-224
-197;278
-138;159
122;-120
-188;246
180;-180
293;156
175;-106
133;363
-116;-116
211;-91
165;145
-197;-75
-175;259
154;212
-402;270
99;135
152;193
194;89
-136;-172
156;-222
214;-179
-120;-192
-291;-199
-90;220
161;215
160;-290
196;187
246;135
121;-185
216;-149
166;-245
-131;254
-267;159
-209;-275
-199;-35
219;297
162;-187
-219;314
-198;-247
-140;206
113;-56
201;-168
216;124
-293;-86
147;281
-189;114
215;192
-299;-258
139;-203
194;-187
200;-198
251;84
-236;-224
-179;-88
206;-280
-84;238
-111;282
128;161
96;-196
245;241
-276;128
-195;-175
147;-211
73;217
-219;24
-288;-137
-142;-135
-202;-210
-165;-109
117;-177
159;193
180;133
181;-32
-153;213
243;88
150;-79
36;-121
147;-182
186;-265
178;-180
-116;106
-205;208
-153;148
-159;-176
194;125
-182;205
124;-187
183;-133
149;-149
123;-169
-287;-199
208;93
198;-86
-179;-203
56;-260
-208;174
172;58
-205;109
175;259
179;219
-152;239
347;110
227;283
234;-289
-243;195
-165;141
160;167
-290;-124
-116;-149
189;129
-110;-224
-159;-285
-108;-160
-260;44
-28;-237
143;-231
190;127
-178;-165
-128;-254
120;17
-179;-177
-178;213
-142;-252
303;-167
-341;234
-301;-38
108;97
-107;356
40;-255
31;223
299;-265
-248;-139
12;214
-259;155
-85;224
-209;-35
175;160
-143;128
-167;175
-141;-254
23;137
-45;-242
-195;210
-76;-259
111;262
212;-186
110;209
125;-259
224;-203
89;-99
-190;-42
194;-107
-140;-167
-218;-224
-319;171
-119;-139
158;221
-111;-60
60;-249
250;-188
-185;146
-234;-104
81;-316
38;-163
-86;-230
-176;-310
37;319
-194;-220
-193;-311
216;112
149;271
131;-220
283;185
209;-194
357;-133
-99;-231
-147;243
-84;228
-110;330
-82;-225
324;151
98;-215
2;311
-182;-240
-150;-267
-128;-204
-261;-336
49;-261
-315;56
-201;-221
-84;-192
-197;248
-220;28
317;-135
-147;-304
250;-65
133;-191
-156;-205
-232;-206
-158;197
298;-4
114;106
46;243
-309;159
-87;-220
190;215
142;-83
-191;-102
223;-267
-29;144
-158;-97
-139;-13
-228;154
231;-148
168;141
-164;-190
254;81
117;241
172;-3
281;160
-143;179
200;269
264;-194
61;-120
62;195
174;198
-96;105
-319;121
-89;-70
318;213
84;-188
170;63
28;84
-156;-116
242;169
252;251
-157;-228
-197;107
136;28
270;247
98;-213
-65;160
-147;-258
109;259
-139;-140
-89;133
-90;-99
-250;123
-210;176
302;-182
136;325
-247;100
-207;169
233;10
-229;-243
-93;-230
-112;-235
274;-148
290;-73
240;-196
-106;222
-173;227
74;145
-178;-165
78;215
-269;199
-230;-106
-63;183
-170;-233
158;-233
158;118
224;-111
-135;127
-38;186
154;-214
253;172
-107;-45
-156;135
209;-263
163;82
159;-295
146;-235
-190;-142
191;265
-157;-94
280;212
-162;181
-190;132
197;-210
-174;246
295;-204
160;-176
-141;-131
212;239
-141;211
-359;-178
182;-182
-167;-134
-131;-139
-120;117
14;-102
169;-209
149;-253
199;-33
-246;166
107;254
74;-51
123;-30
78;-106
-144;-284
247;-180
-30;-204
-122;-292
254;-129
183;-4
-228;-111
113;247
-275;148
-221;97
-286;182
188;-236
-276;112
-281;143
181;-71
-316;133
-198;117
-200;-168
-88;222
-108;-258
164;-65
34;-177
-179;87
293;185
-52;139
-251;-175
126;-232
-159;183
154;185
116;-233
201;183
-54;186
-25;221
-269;-50
-83;199
-208;-201
-254;173
243;294
202;283
70;-154
144;-180
-269;-226
91;-254
-156;229
157;-79
123;-133
227;135
134;-205
-162;180
180;-103
-226;165
-13;-197
-126;-253
217;256
165;118
-183;-92
-172;-214
-160;-230
-312;118
-175;103
276;-95
-172;192
148;-208
-197;139
171;-138
171;193
-44;-224
-117;-141
147;134
168;64
145;-39
117;135
-161;-205
156;233
-229;250
38;240
-182;-182
124;-256
-195;-115
-188;178
-195;274
255;-20
-165;100
-211;-179
-211;-142
224;82
-190;146
193;-33
-111;-192
154;175
109;-110
161;-119
125;132
135;446
-247;-191
183;-164
265;240
241;-231
162;146
-274;234
-142;127
167;146
192;122
-141;-245
-251;221
216;272
283;220
-249;304
-283;208
90;-176
-220;-186
234;166
287;120
213;92
160;106
206;77
-190;-360
-151;-40
297;141
-201;-286
-203;-195
177;209
-167;294
-187;203
253;80
-100;-253
186;250
-115;-216
236;-77
187;-165
159;186
133;-230
-220;-136
149;-200
136;-69
-107;-234
205;-199
-218;-147
66;230
-195;161
317;-113
-174;122
85;201
-159;-290
-122;-326
-281;257
-177;-186
277;-216
-183;-194
175;122
-252;184
-152;143
-71;-161
-199;119
-149;143
-137;252
-246;226
-102;-263
-215;135
227;150
168;185
-211;174
-273;173
-220;244
-141;154
251;-154
26;-191
9;-157
-29;234
214;-216
-191;-226
-288;-47
-137;-119
315;223
-137;245
-163;-259
162;247
227;-195
97;-256
153;301
128;214
-102;-163
-154;-249
133;-210
173;132
-159;260
-199;-137
-233;181
-165;102
-76;-220
-117;-139
104;178
161;251
316;-229
195;-93
133;91
18;-170
-135;150
-110;-263
-213;-281
210;-96
137;126
125;170
-252;-231
-93;-243
-80;251
-166;-163
84;-148
-233;260
178;-113
238;-219
116;160
-228;-137
79;293
-86;106
-249;209
323;-196
216;-114
-217;-268
-267;-232
185;148
-144;90
-161;-255
-112;375
302;-133
341;252
-279;187
104;-276
-266;-193
95;-149
169;-266
174;-300
283;-250
271;204
180;262
183;-264
-198;-220
164;244
246;-211
231;-290
-160;221
207;-197
92;81
137;135
123;203
-282;-202
93;-177
-122;116
-156;198
156;-285
-208;299
250;-194
-276;-198
-91;-223
150;254
205;166
-134;-196
219;-142
-245;138
237;-200
204;-136
90;355
283;-344
-147;-156
-172;-268
210;-202
111;174
-212;123
152;-194
183;237
129;221
142;171
-183;272
134;-223
-290;236
-64;199
-220;-257
76;-133
207;289
72;-321
-177;-149
175;-265
-301;-181
-134;267
344;-460
-275;-146
-236;195
253;-215
-226;159
64;-422
-330;-235
-201;340
149;-370
132;177
-207;-352
334;261
236;-265
-58;-169
147;203
-120;-239
244;264
-168;116
124;-271
-153;-142
-179;279
151;87
-149;224
-163;90
237;151
120;-132
-246;190
-45;-295
96;227
-74;-225
-201;-223
157;-77
-139;104
-245;-109
-248;147
252;-112
247;236
202;-254
308;-116
97;277
-185;126
-173;-183
-312;39
325;-175
-219;-237
-142;-89
-124;148
-169;137
-205;128
167;306
-204;-189
-193;-148
267;-341
-217;94
-228;222
168;-286
210;-327
-191;324
-306;222
184;252
-288;245
-220;17
129;-236
-208;-136
-13;-403
140;-194
145;-179
210;179
71;-178
-194;-188
149;-111
-198;246
40;268
129;-119
-211;297
292;63
-270;-208
-338;-190
-179;-221
-206;138
-346;-275
169;-256
121;286
253;183
166;-160
210;394
166;-50
244;-271
-264;180
-19;124
-337;260
211;221
178;-160
58;-212
103;-205
-117;178
-169;-230
-158;141
-84;164
230;-193
-118;171
70;-182
287;147
30;-198
285;172
-182;-53
177;-203
224;104
-195;-180
-143;231
334;200
-166;150
287;180
309;174
345;229
-304;-167
102;-308
201;-308
-180;-254
-287;-152
-327;245
307;258
242;-268
194;346
270;111
127;-118
151;-191
272;-248
-210;133
-123;202
-185;-137
-55;-166
252;175
211;-196
-212;252
-113;-12
-192;203
197;-224
208;-293
144;220
-233;-229
146;249
-229;201
140;251
-298;-246
204;-188
273;-150
234;-190
153;55
-122;-206
-179;-211
223;-240
-131;190
-65;187
218;71
89;-325
238;161
-138;204
-301;-186
156;-157
143;47
-132;289
-206;-119
-216;-228
-111;-123
-244;-239
272;-165
205;202
214;28
41;-130
-93;212
91;139
228;-210
217;-192
198;-281
146;-255
223;-158
-248;344
-96;289
-280;279
-250;-196
170;259
-179;162
39;-147
91;-245
208;-232
279;-183
-201;-146
172;246
124;-87
-139;-167
278;-144
-319;148
163;253
-158;106
191;243
1;296
-247;215
121;245
216;277
251;-114
-269;148
-178;170
227;261
-240;-267
-170;-24
255;239
-165;-176
-184;-241
-241;-118
-148;108
-197;-179
234;-66
311;166
-180;-101
-224;-158
273;212
-191;-217
-102;194
-182;-321
180;-81
-268;178
-200;-185
194;232
-184;273
237;-274
-117;64
169;-92
-184;-234
70;318
-127;149
-170;182
-114;153
158;128
-102;189
-157;234
-181;-162
110;195
-151;-63
-117;276
-107;-147
326;205
138;-171
274;263
176;-307
147;-176
196;-181
-127;-182
216;-213
-190;-114
-308;-142
-111;172
-124;-165
115;88
-151;-263
252;-239
230;-173
-197;72
-130;-61
182;-221
158;-217
-164;-205
-76;-189
-189;276
-147;-292
-171;-212
101;216
167;235
219;-217
267;316
188;-125
127;-144
-170;-109
-212;214
-195;185
-233;157
-132;-53
146;217
55;-143
170;93
-172;-170
-120;-239
-225;-203
-233;-114
50;-150
-236;118
-195;-62
-200;-73
-53;264
-113;238
124;-135
-280;-113
164;-201
233;-115
-183;-122
-13;-216
-179;142
211;-130
145;165
284;155
-167;193
-148;-232
120;351
306;-168
-208;-71
151;-221
-192;233
-150;-314
-120;-221
-75;276
6;-141
128;179
-199;-257
159;214
100;171
100;-252
46;333
-269;125
206;165
277;-2
157;-169
137;159
72;271
-350;127
-136;124
-175;-94
239;158
216;-102
195;331
184;309
-111;-205
254;234
126;217
-50;-241
-6;160
162;145
240;283
90;-225
-160;160
-140;-143
118;231
-117;-161
-113;112
-195;-151
-126;35
-143;170
120;-164
115;156
-228;218
-185;89
257;-209
-128;-193
-259;-180
-294;-233
270;-275
149;-176
165;-258
-117;122
-129;202
152;210
-205;-84
69;219
-134;122
-188;-308
-244;150
-171;-235
242;-165
286;305
243;-273
-289;147
-126;270
243;-183
185;299
-179;-116
-265;159
199;-238
83;252
231;-172
299;-176
-104;-342
224;109
-198;-108
155;121
-321;122
-335;60
211;-199
-266;-84
183;-119
219;-204
-234;-288
29;194
-254;172
-165;-181
70;-39
-291;-253
-69;-168
-121;157
102;-201
187;-134
94;-85
129;-113
-224;103
230;247
216;-213
188;-197
245;-126
-213;-187
62;-156
-186;-146
-169;-149
138;-165
182;-131
-45;-235
304;150
-324;85
-98;91
-159;237
217;-87
-219;147
-93;159
104;-124
-121;123
-186;280
-254;-206
-278;84
-254;-202
242;-197
184;-215
-197;207
307;303
-141;185
-134;-219
179;-85
-128;149
36;195
260;-203
180;186
-132;229
-202;111
-131;-89
-343;188
-216;-200
-218;131
193;227
155;250
391;-152
189;-226
-186;-136
264;-157
-236;195
296;-12
207;-258
120;103
215;-180
-261;129
185;-292
-170;157
-142;-188
-147;-104
180;197
201;289
-192;-158
-157;-254
-254;-200
-78;132
-94;219
225;-97
-145;258
204;-203
-255;165
64;-111
131;91
-119;-184
-222;-195
240;47
96;152
153;-86
65;69
-265;-218
223;129
-147;228
201;133
-322;-247
288;-159
-135;-155
-354;206
-205;315
136;-44
-120;296
-14;-375
-150;-234
95;336
-196;67
342;-171
-76;-276
262;114
267;-143
157;-279
133;180
128;187
-194;-368
177;-169
281;181
156;-181
121;205
-325;262
-148;79
315;342
72;203
-201;-313
-148;222
109;105
401;240
-345;146
-190;199
150;-238
-253;-294
253;168
152;90
192;183
187;306
75;297
-201;-220
-136;-260
111;219
-54;-315
-245;-111
177;181
-198;104
-332;227
179;250
-46;-186
268;164
-56;-252
175;-126
202;-74
147;337
171;-227
-297;-300
238;-126
163;-235
-224;-220
270;-281
-169;-161
169;171
-283;355
337;-146
-314;301
161;232
-265;-217
-163;-70
-228;115
-264;-244
182;-240
-265;-225
77;165
-143;308
-331;285
-376;-126
-188;157
-267;266
-215;217
-127;281
-294;-270
-250;163
187;175
146;136
-245;220
-130;311
-183;175
-209;128
170;-207
123;-134
268;-249
-201;394
60;-240
-244;-232
-179;-218
-146;-270
100;292
-192;188
-165;-96
147;219
215;-127
191;-218
164;306
263;279
-128;-281
-221;-309
219;-113
250;79
-286;10
-98;-332
-260;203
-275;170
-93;-201
-264;-332
194;306
169;458
215;-168
295;-35
65;166
135;-246
-192;225
-182;-184
6;-283
128;-182
163;99
203;177
-126;-347
-139;-124
-255;219
-210;-289
311;-43
-255;301
213;-233
142;-229
370;258
-283;-278
200;213
-64;229
-342;394
215;-183
273;-360
-190;-280
-245;-68
285;142
-205;178
-296;-113
-191;255
102;-207
246;292
-157;228
358;-266
-15;-203
81;-270
190;-211
164;-312
299;-202
109;226
189;197
89;-294
-236;-184
238;96
128;-214
235;-193
-165;131
325;-190
179;315
115;235
181;227
-215;-288
292;-302
-168;256
-242;207
257;-62
-317;257
223;-162
-254;-233
1;-183
197;337
136;202
-269;-205
319;-304
-249;253
95;-403
131;-187
206;97
92;-112
-251;-259
-358;-54
359;-350
138;187
-306;282
206;-249
199;196
306;348
52;283
-276;311
175;-324
-199;89
-234;274
-202;-276
241;-182
294;226
305;-187
-200;-170
268;-213
-239;-211
-55;235
95;-349
-162;-122
-226;217
221;-141
-189;190
219;-279
-327;-297
-421;158
251;-248
137;198
-50;-314
186;169
205;-193
-86;-139
194;332
-105;-219
245;163
-172;45
318;-48
-125;-178
-335;165
133;106
-248;166
-438;293
80;281
268;-172
-110;242
-133;-267
348;429
-211;-252
-228;-230
285;-104
-275;261
-153;-227
-120;267
105;-239
248;158
153;-320
140;-269
199;196
-232;287
-162;-122
-203;191
241;-94
-95;-370
-239;-241
-275;168
-239;103
-284;182
207;299
-253;-462
-276;-216
185;-218
-257;181
-251;116
192;-308
229;-230
-206;96
-289;174
347;237
-99;297
-188;-128
292;-184
-209;-139
232;-97
192;-71
154;-211
6;231
202;-179
-180;-219
152;-151
-101;265
-174;155
80;-126
-137;216
126;290
-136;-219
-316;-177
-255;-275
-178;93
-149;-107
268;-57
146;141
156;146
233;-48
115;99
37;-145
130;-214
-188;82
-272;128
-223;218
202;292
224;-174
256;-53
112;-220
-181;270
-139;-119
-225;212
-201;264
189;-277
-159;212
146;-84
211;138
183;-175
133;220
22;-166
106;-224
224;63
-166;-194
-139;186
33;184
-165;235
193;169
171;178
97;192
-163;-120
102;-93
141;-237
-112;-152
-109;-197
-156;200
232;183
250;-213
58;261
191;213
202;-173
126;-196
275;-49
-209;153
-212;174
-115;-215
-121;-254
164;291
98;-71
-196;93
-149;-183
-170;60
116;-130
267;-157
92;144
-197;-204
152;257
-134;160
115;219
-175;-209
117;-7
186;-122
195;-186
122;103
-98;-310
-103;-243
206;-180
-200;129
-299;253
214;190
220;-149
102;291
-180;31
-105;-65
214;-225
182;287
-309;223
-271;-181
-131;-247
-144;-183
-178;-105
135;-93
194;217
113;106
200;-237
-159;63
206;210
228;-188
246;-129
116;-153
81;-173
211;-51
-280;139
-92;190
-197;166
-168;-208
131;207
-192;85
178;-16
219;-118
215;-120
102;-181
-92;-182
135;160
226;-114
-199;-68
174;-63
-162;159
112;157
-224;112
39;232
104;157
-140;149
89;223
184;232
154;-94
-68;213
-116;231
60;144
-187;-229
-66;-127
191;165
-153;-228
-71;-257
-149;-95
-192;129
-257;-207
209;-108
36;82
-117;-50
-131;-199
186;227
1;-251
-248;265
-168;-180
283;-177
-232;133
-181;-302
108;176
-188;106
361;-224
-227;111
181;-154
-112;-211
146;246
-114;173
-209;104
-285;150
192;266
-77;234
-244;144
-171;-318
231;219
-247;-111
-204;210
-247;-146
297;141
174;-256
134;203
253;-152
277;-218
231;-135
-182;-182
160;-200
-193;-156
-105;-126
-117;65
-115;-164
169;183
-210;-246
140;-62
254;-115
-117;148
-134;-264
211;-199
217;-106
-92;-152
-100;-211
-233;78
-151;-155
-151;-202
146;146
259;179
286;-143
271;287
190;-169
213;-130
-176;-154
-139;54
-217;335
-71;237
-124;-203
179;99
287;-203
206;143
-150;-100
-254;-229
-187;-92
-220;-231
244;-368
-151;170
-310;-202
-190;-249
-165;150
-115;35
148;-272
-200;-174
70;-268
134;-76
-243;-187
-232;-290
-143;292
113;-146
329;210
333;105
-233;227
-194;-154
319;113
180;-91
-140;-210
213;-141
-225;180
-203;-282
-57;-137
-220;167
135;-121
168;125
-244;-276
118;99
120;96
247;-96
138;237
-252;85
87;223
173;-130
247;-195
65;198
98;159
-232;118
-298;191
-102;-182
135;173
154;-250
154;205
191;230
-179;-176
186;283
214;79
-193;-246
-147;98
187;203
315;259
144;-248
-218;36
-165;-189
445;182
-239;-238
-103;140
-171;-183
-264;141
-157;175
229;-68
248;160
-242;338
-120;152
160;-67
-364;-207
-352;-219
-181;-200
211;-275
191;-238
107;-186
-298;160
-134;236
66;317
-193;-122
257;203
-169;260
-190;-274
-201;155
-134;-192
260;-186
129;140
243;-182
-153;174
-154;147
132;-165
153;154
-174;-148
-185;144
249;-131
214;175
152;-165
155;-59
-57;-232
116;146
-174;-226
198;158
-274;85
-308;75
189;-99
-275;78
216;-219
149;-187
-136;-212
135;394
-198;152
-194;-178
138;-226
-150;-170
-80;-193
-201;-42
104;-201
122;-100
202;-240
212;-183
-103;249
229;181
331;-191
19;-297
114;-110
-170;-160
89;-184
-257;-206
-139;-150
170;-271
247;-65
-228;-57
148;104
-214;240
-206;132
-242;211
165;-152
-207;284
-185;225
96;-196
-193;211
-377;279
-132;-132
-173;156
-85;-206
160;-189
244;-128
-31;193
78;100
-101;94
-154;-262
250;-159
-242;83
104;145
243;-52
118;86
-151;115
-247;86
-196;-159
-274;37
-50;-240
-167;101
232;202
52;179
229;-157
202;-150
-148;-269
112;-167
-279;96
196;-249
238;-157
242;5
293;-111
-257;119
168;-241
-185;301
-201;-218
-138;-71
135;287
193;166
-126;-234
-259;-151
-304;-140
-190;199
-111;234
222;-275
-82;211
269;-293
-117;241
234;-107
216;286
-225;-169
-242;-132
214;130
152;145
131;-173
137;103
-169;-171
158;254
-226;252
330;147
-239;-223
307;-95
-127;-232
-362;164
-190;133
237;-44
-153;90
-219;-170
-41;-97
161;117
-161;203
97;-104
-176;-27
161;109
127;-189
23;-184
139;121
95;193
-203;-112
204;-161
155;115
137;-322
247;72
-268;174
-217;225
206;189
385;140
-384;-216
-276;185
315;136
226;167
-337;229
-223;21
150;-156
-279;-263
122;212
170;242
141;231
78;124
134;233
-182;-190
-137;-160
192;267
-131;-103
-154;-178
151;165
-136;59
-73;143
270;120
-212;-182
91;45
-200;-5
134;-127
147;-164
166;209
176;-134
-168;-166
83;-135
138;-191
-145;-59
166;-72
-262;-109
209;117
-239;235
232;-84
-75;167
193;155
-132;-125
-116;-155
-78;111
-54;-152
223;-100
-195;-97
63;142
-276;167
-216;162
-308;-225
-261;144
-220;259
-351;208
-277;120
-228;-207
-180;214
259;138
189;33
-189;182
-112;364
-254;251
-160;330
36;-260
148;-286
137;-193
-366;170
253;-181
-48;-208
-175;-215
-184;-185
106;231
-254;210
-236;-223
159;147
86;-108
233;-174
238;253
165;124
-230;-257
-131;-147
123;-127
209;83
-114;85
-99;-190
-192;215
-212;165
-177;-167
-139;-167
219;250
124;226
76;-156
66;-171
226;204
200;-190
-100;189
-161;-46
-167;-206
91;-110
138;107
150;189
-67;-179
-240;-92
-161;261
-168;-129
247;-199
-247;208
70;-247
242;-204
185;118
-116;-103
101;219
-185;194
-150;262
217;-272
121;-207
-278;-144
-127;-160
241;141
-161;170
-248;-191
-275;114
235;-287
233;196
-191;239
193;-242
-142;-241
125;-64
124;-251
242;-318
258;-224
166;147
81;239
226;-199
-129;-210
181;256
191;-305
200;-279
-183;179
129;-176
183;148
198;185
47;86
-151;-200
151;-223
-131;124
-190;269
230;-106
-248;119
129;-125
-133;-214
-258;-146
189;180
233;138
-220;-182
148;-111
-145;194
144;-46
145;-107
252;156
58;-106
-137;-189
-161;-135
114;-145
160;70
-110;190
122;-126
112;127
111;224
189;214
-61;133
255;-227
-207;193
-266;254
-149;-82
196;-210
242;170
80;-122
-309;-213
328;-177
-357;-216
-285;278
241;-204
-312;-249
-379;176
274;-60
-273;225
199;-108
-218;-270
-239;208
151;-233
127;266
-7;-213
272;139
38;-239
-207;-122
146;166
-104;-91
118;148
-192;215
212;-126
-156;-168
-155;81
168;75
-193;114
-153;246
128;149
95;-198
-110;236
-83;-246
186;78
-261;-144
-251;-201
105;-92
-255;169
-221;-183
-102;201
118;-174
276;279
147;-163
154;-257
89;197
-151;149
-117;-116
-218;176
144;-146
-77;-97
-257;-183
-137;197
-190;179
-203;171
171;216
-223;-115
-311;-150
97;-208
-239;254
-199;274
257;-94
180;-285
-122;339
-209;240
280;154
-194;197
-247;-333
246;-256
-100;-283
241;-181
110;-229
261;-252
217;217
254;-111
-260;-243
217;-128
-248;159
-192;205
346;-186
-238;174
233;268
-266;-278
-163;-209
-238;-189
-125;237
-83;-98
201;-213
217;70
107;173
58;-142
90;242
124;-106
174;-73
-94;157
-61;-73
-185;115
70;122
130;-167
168;-203
172;-84
-218;262
-258;-287
-239;69
-236;175
260;-151
-198;269
199;-138
86;179
290;-297
274;274
-123;-232
191;-144
212;237
-229;-188
-257;341
148;248
-292;281
105;172
189;211
153;209
-317;-220
229;-67
120;-193
-153;-261
-149;-151
-94;83
126;148
149;-182
205;196
133;175
207;-152
112;-47
113;-197
-76;106
-167;106
-186;-280
-243;-69
155;148
260;-180
-57;234
-184;-270
-258;227
248;-223
312;-16
53;139
-171;-265
97;111
-223;215
92;300
-199;-168
195;-150
108;-182
192;-168
191;160
-176;-203
-57;-100
78;-120
-190;83
-262;144
197;170
109;-378
253;220
-105;285
-86;-227
168;-265
90;333
-237;271
-232;-64
-94;-307
-250;-181
-140;-291
215;-270
113;143
324;288
264;-243
-171;157
186;317
180;-84
184;-73
63;-292
22;-236
44;-167
-71;53
-226;114
-86;193
-186;-174
87;137
-266;198
119;-153
178;-186
290;-311
269;-223
-115;-146
220;164
234;-127
-118;-195
12;-46
-192;165
145;144
-276;189
35;210
209;190
-152;167
204;235
42;189
194;-106
-107;258
-172;201
103;256
-201;-200
-198;-127
108;140
-116;-211
-42;-204
-111;-304
-214;95
-61;-157
96;-68
-93;106
-285;-72
210;-36
140;-186
-111;-215
-219;142
129;264
175;170
-91;184
204;-176
198;-226
171;-174
277;245
-266;-179
123;177
-267;349
-140;93
-87;189
163;-167
-153;235
204;89
252;-112
205;130
219;113
-108;-99
-156;-115
-140;-202
69;135
128;155
56;-132
174;-68
90;190
-167;114
-170;255
120;157
-193;-156
186;-262
199;-111
-289;247
-145;166
-174;-145
182;145
112;178
58;-110
-151;-225
147;-273
140;204
159;-183
155;-278
280;71
86;-252
155;265
-113;-290
213;-129
-226;271
-251;141
-172;102
131;61
237;-229
246;131
202;-113
-107;150
148;266
-279;106
-193;169
257;158
-202;87
203;85
-238;134
232;-123
-274;192
144;-189
142;127
-185;-155
160;-137
126;-194
-126;109
54;-203
191;-5
-17;-217
204;244
96;49
139;152
-102;189
187;-232
35;-195
147;-148
100;-184
242;123
293;165
-121;-186
-149;-183
-140;-149
-128;228
210;-300
-69;-190
-152;131
149;-68
-168;245
-165;-61
-55;262
101;107
-162;118
-204;160
-168;172
155;128
-90;-176
111;-110
-181;184
-289;121
78;197
-217;101
151;-105
-146;-227
-179;191
-108;-158
-249;-210
281;174
327;164
288;125
90;172
-99;-204
-326;-268
186;-203
106;81
-209;-208
114;242
-189;192
-153;-253
-256;-182
-254;156
-135;339
-236;174
299;-287
-194;-159
-140;80
-155;-49
124;110
254;117
-178;165
-163;164
-225;59
-78;-157
116;79
-130;-84
-198;-120
155;114
-214;-79
-95;152
140;175
140;-236
-155;64
-204;-145
115;-138
-67;173
209;-125
-101;-179
-150;232
173;-165
131;269
177;-152
-191;-31
-104;-177
-97;117
-49;-233
-109;-149
187;121
-25;-223
210;344
-74;-251
-318;-241
-109;68
117;-128
166;-118
296;-251
229;286
147;-251
176;263
-218;83
247;173
230;186
235;174
-233;-170
275;-208
146;-121
-149;247
111;294
94;207
-233;-179
-203;185
-161;-148
-228;231
-281;-163
-198;-264
-148;157
209;-206
143;-193
102;170
-204;-175
-255;-149
190;201
-302;-229
186;-179
152;-151
219;-88
189;-71
80;-156
134;-100
-209;-130
-114;138
-175;155
179;-190
-210;206
-181;-87
210;35
194;127
188;-283
-179;-144
110;-100
-158;57
48;83
142;-257
-194;-171
-243;212
164;208
-214;-228
-180;-134
-245;-201
222;173
-248;-211
-187;-235
-162;243
280;76
203;-41
-402;-204
-80;-258
72;138
180;175
-143;125
-113;-129
-261;155
190;240
-187;78
-127;139
89;-191
163;211
362;104
-137;192
-161;117
-185;-241
-252;123
-271;116
306;-95
209;202
176;167
138;-208
-261;-59
-202;-182
-144;-239
-151;257
-154;-244
159;231
189;266
152;-185
-197;140
137;92
169;263
109;-146
267;-236
-69;93
163;-176
-201;136
211;44
-72;-186
154;158
-176;-282
165;173
-67;-172
-211;-165
227;-57
185;-214
63;-182
155;-190
-220;60
100;233
101;191
-137;256
-119;-184
-2;220
152;213
-210;-235
290;-162
-166;-187
-132;-111
245;-264
163;310
245;-190
148;-212
-217;173
190;230
123;88
-83;200
179;154
293;187
185;-71
-157;-111
159;-1
-207;222
-84;150
-235;113
173;-83
253;197
200;167
149;-133
120;143
278;-161
-234;196
-283;-211
59;-105
-81;-259
229;129
138;117
-151;118
-86;-144
128;-133
-220;133
-248;209
203;-262
180;-119
186;224
56;205
103;181
-172;119
176;-228
-203;-172
-278;73
-188;50
-28;-213
-166;-196
-220;72
-182;92
301;-198
-244;181
-177;162
-102;-184
-83;111
-282;55
184;-179
-249;174
150;167
-254;151
217;220
232;300
150;-77
-8;-174
271;163
-121;-117
-330;-257
188;-75
-1;-190
-141;-53
-155;271
209;175
-205;-184
-218;105
240;218
-158;-157
-160;-162
-159;203
228;-162
-47;124
107;-105
-114;199
59;154
133;190
102;230
-178;-121
-212;-239
125;170
7;-198
-152;173
-146;-198
-37;-196
-125;144
148;-128
148;-190
150;-94
174;-91
-234;166
215;-117
37;132
239;-4
-273;62
72;81
219;-158
-182;71
199;-55
-279;2
-140;-171
-205;94
192;-125
-166;-133
0;131
297;-27
122;207
129;-187
-159;226
-197;132
-186;82
270;-276
-211;-231
-206;151
-159;-176
-210;159
153;-219
232;-59
-219;-174
-151;-176
-188;268
51;-75
239;228
178;23
-186;-198
132;-108
-128;112
-194;-243
-141;-86
-116;-206
-171;-137
-106;-181
281;-229
148;151
-172;-119
-21;-270
102;153
101;201
196;166
77;134
-178;116
-209;11
-121;164
61;123
225;-94
-233;79
-79;136
-133;86
105;-97
-188;205
133;-161
158;-101
189;-150
-200;-218
99;178
86;124
213;178
229;-146
-224;168
-148;-140
-171;146
129;-102
-237;156
53;-73
191;147
241;-43
-206;-217
-193;-239
-285;287
-221;-305
175;-183
-219;-318
240;-207
-98;-222
-243;142
-228;151
-170;-156
151;-277
-146;100
212;44
194;-69
-175;-304
271;120
92;-72
-127;-137
190;-102
209;83
119;102
-225;148
65;-166
-250;208
160;153
-168;-148
-177;-282
148;-114
-75;-253
72;178
-259;121
229;-91
133;-118
115;139
223;-111
86;-70
165;-237
202;195
272;-57
92;188
37;-78
-164;-254
-273;190
201;-174
-218;-217
-133;-260
137;-145
-186;103
-102;-188
-71;-132
42;257
-96;-203
96;-48
262;89
-178;110
175;236
183;-129
55;294
102;244
-50;-147
127;167
-240;79
-271;100
196;284
181;-62
-255;116
-135;-192
-135;217
-278;177
-228;171
235;273
-20;-112
138;124
235;-211
148;304
192;132
161;191
-266;45
119;-225
-224;86
298;-199
123;-140
-191;-307
103;165
-70;93
103;-38
-116;224
-193;243
144;-325
168;156
83;-173
95;-118
104;219
-199;178
-172;203
-140;-141
-161;278
94;-220
-166;-267
94;106
355;-131
-135;251
236;-200
151;222
173;317
154;-143
142;245
-183;-235
-218;-248
-219;-170
115;121
-184;-247
-153;300
-188;-288
-179;-243
-321;-192
-257;198
242;-203
-148;109
-154;108
-76;-242
245;207
-267;200
176;130
-197;-126
-291;128
-142;-129
-113;-126
275;209
-186;75
75;121
-206;255
-199;-190
-149;165
96;-93
-147;-223
-266;-251
135;-185
247;109
-251;-118
130;89
-159;-125
250;219
-119;269
-233;226
270;-202
218;-179
-135;173
106;-344
-57;62
-218;-170
-147;239
136;75
133;-262
258;-175
-262;-161
258;199
-206;188
295;86
219;209
-169;169
179;153
180;-194
221;-184
183;136
-123;-221
175;134
-118;218
130;-188
-169;175
354;-79
-217;-125
133;276
226;166
-266;224
195;169
289;-232
248;-84
212;250
168;211
-191;-97
170;-134
-137;-122
-154;-175
161;270
148;-171
-236;-99
257;-134
133;122
-223;148
-50;86
-17;183
-252;50
-251;-92
-159;152
-177;-247
-120;106
-196;-220
159;-129
-234;-184
141;-231
-89;156
-120;143
-192;-203
125;-108
138;220
105;138
-159;-163
252;-180
235;-166
-263;-257
-121;-206
44;-176
-124;-18
228;139
205;-266
-48;-182
-94;219
188;164
154;167
40;214
-367;255
119;53
157;243
-211;-186
-151;254
116;170
-382;-325
109;-250
-70;221
33;-201
193;113
191;72
173;274
113;167
115;118
-208;-176
175;166
173;-229
84;118
-92;233
-268;-126
201;-198
-150;156
-237;-130
-169;-88
143;-151
143;-227
-213;182
237;115
-198;-68
-207;180
-153;-130
-142;-140
135;198
-196;259
-206;76
-139;154
-207;-41
-332;-278
40;-125
-76;-127
300;-152
-171;-174
344;143
-114;157
8;-143
-73;105
-146;-150
212;98
-243;-278
-201;193
-148;-224
135;-219
101;91
-99;161
-221;-78
-177;221
262;159
-192;-209
165;-187
-208;174
207;-113
-261;250
-160;-149
-201;-209
-283;-243
-80;171
334;-281
-191;-260
292;231
-294;-103
-238;235
100;-210
166;-245
-129;-97
211;177
-183;-263
99;-156
200;154
-348;-82
-286;-166
183;-157
214;-138
161;179
215;-162
-199;156
-124;-202
209;235
191;125
-187;-202
138;100
-107;229
-207;152
-152;244
-33;265
-159;104
-233;-87
-116;250
211;64
-385;-124
315;51
-181;-189
103;-200
-182;-119
108;-231
30;-144
-167;-173
-158;165
167;236
-157;-247
197;-217
-294;-123
-218;15
195;-105
-184;204
-225;173
-114;-187
-122;226
-286;238
141;191
-241;200
-239;-170
189;203
228;-283
174;-202
-200;-228
-139;-28
-165;-207
-84;153
-246;-264
-149;-137
180;146
192;268
-224;-241
-116;-124
251;-214
-143;-226
248;-290
-189;-194
-142;178
-271;-261
-131;127
-188;-205
-89;96
221;65
-295;-93
214;-183
188;235
-150;131
231;232
299;-165
178;-294
123;-216
-139;197
-196;-176
176;49
-63;202
260;-280
220;143
-110;352
222;304
28;-158
-178;-101
247;235
-152;-63
-229;-77
-113;227
-190;209
227;191
-244;-116
300;167
-37;-187
-225;196
278;-139
-139;-146
166;-157
165;131
-190;230
101;-240
167;174
-302;-265
107;-228
-212;-232
144;-205
-340;180
-285;151
155;73
240;-167
-168;223
-297;-77
176;-175
80;160
-268;211
-220;-179
106;-165
-233;-142
-279;72
128;-66
-161;168
339;76
-153;201
-40;194
-154;284
227;179
-157;-128
-157;147
-215;-169
-164;168
-206;249
182;258
283;119
266;-225
-219;170
-308;195
-94;266
-215;-21
-187;-132
331;260
299;183
-196;-223
296;119
-75;244
-85;96
193;-191
170;229
154;-304
254;134
238;-211
-190;305
-146;-130
-135;-66
-248;240
-229;-249
-141;-157
281;220
-194;126
-181;-105
-178;-238
243;197
-207;-186
182;148
130;137
139;-208
176;206
168;-242
174;221
32;-168
-299;-241
182;-122
278;-176
265;150
-191;206
102;-214
216;187
-308;-151
88;-221
19;-198
-170;184
-119;-220
273;-238
255;199
243;131
2;103
-175;-243
-185;-306
-105;-183
-88;-156
-146;-35
239;-124
-172;104
-222;226
243;-169
-157;108
-51;172
136;166
-73;170
-204;203
-190;166
-182;-83
-169;134
-197;-66
-147;116
180;104
-219;-148
-176;251
126;-233
66;-105
-194;202
-220;218
-131;-134
-139;67
149;-226
-201;-248
71;268
221;-253
124;-218
-113;182
-56;-212
-115;-139
180;-131
145;191
156;-141
341;208
218;-219
207;-235
-153;201
70;191
217;-254
185;212
225;188
-127;220
-178;185
-194;-257
145;142
151;-147
136;-148
-58;139
-96;161
-192;-145
155;6
142;-274
139;-210
-164;-56
-117;119
-200;-58
-194;165
202;232
33;108
-108;-176
-158;-136
157;-214
-88;195
119;129
173;-178
255;269
210;-153
-168;93
204;145
193;208
155;-179
205;-187
-101;-222
233;-153
127;-95
-163;-196
116;-88
-35;199
-168;241
-188;196
-120;136
-175;-118
-91;35
210;248
185;-156
1;-143
192;-106
221;166
54;-203
-185;109
-137;-128
168;-45
-211;243
-129;296
168;-249
174;-158
-189;231
189;-225
293;-121
-117;-133
-164;55
178;305
165;126
145;-252
-111;-97
-301;-117
147;146
143;-328
-76;-157
274;45
-136;-102
-261;-147
94;155
-120;98
-123;103
199;208
-194;-96
-124;148
-163;-200
-134;-252
191;-212
-174;240
-174;211
155;123
144;207
269;-162
-144;105
272;-210
178;217
101;-92
188;230
-107;-132
127;140
222;237
-96;208
116;-129
211;-129
-131;-79
-187;-152
226;-144
179;-230
-95;116
-162;149
-115;-218
203;-97
-96;-137
212;146
181;191
189;-204
152;162
-85;-260
239;238
143;-131
-171;234
176;-129
-79;-198
-258;224
-263;89
-188;79
170;110
-159;200
-286;170
229;233
119;110
160;-174
148;130
-142;197
151;205
204;-202
189;-102
-143;165
-104;132
-132;235
143;-188
-129;192
222;136
-136;255
196;124
166;163
160;198
161;-177
-122;176
-228;171
-178;120
213;90
184;145
-120;-185
-139;-126
-153;-125
176;126
136;-186
128;185
167;149
182;-94
126;245
-134;-152
302;140
175;227
156;197
-144;192
-191;173
-124;169
170;172
-162;-142
-189;120
210;-165
78;-202
-162;122
-229;155
-217;-204
134;-163
126;-107
69;-299
270;196
-132;-161
-201;144
-261;118
-62;-135
-124;-202
124;106
168;291
238;-214
192;235
-49;189
167;-150
183;-165
118;-209
99;-274
-71;192
136;-284
126;239
-43;230
-194;-92
-132;147
-79;208
150;-264
141;124
-51;133
-261;189
-163;-214
163;-166
-61;246
235;178
-147;77
202;160
-148;-115
-173;163
-194;-327
114;81
-277;68
-132;265
-193;-160
-86;-226
193;241
-131;-111
-60;-177
111;-171
-212;167
-86;183
160;141
-226;-53
96;161
-199;-211
-223;112
88;330
137;-144
94;-21
-146;147
106;114
-209;110
-194;-170
-72;255
-189;190
166;-136
172;183
-365;-30
-123;95
-292;-245
384;190
186;-73
187;-312
-91;-230
275;-171
-169;-233
-154;-127
205;-140
-226;-265
-233;116
156;-111
-300;187
-186;-73
-150;-149
-103;-294
-230;203
-22;-96
-132;-108
-163;-145
191;-143
-114;-136
107;-184
-175;59
-166;-227
207;162
-226;-213
-95;156
233;-304
266;172
212;-323
307;62
-62;-120
-254;136
364;185
223;157
-164;168
150;-136
-154;-97
176;163
228;94
-198;207
163;129
168;-158
109;-181
-103;-200
-154;-169
-121;188
266;-295
-252;176
-175;-143
-98;-299
-210;201
195;-206
-231;-214
-101;-212
-200;296
-66;-341
314;-255
-136;-230
236;242
252;139
-207;-292
264;58
-42;-158
172;-225
143;-82
197;-73
212;-114
-91;-131
117;144
139;161
51;92
147;54
-90;-161
-169;221
142;204
-220;153
-155;126
93;156
118;-180
128;-105
-45;298
195;-132
-202;260
202;-204
284;220
-141;63
107;-308
156;-246
146;28
111;-227
238;-245
175;85
-178;-295
248;279
147;171
-148;180
200;261
-289;-112
-265;-167
138;158
129;166
123;-117
-255;-164
-236;107
157;310
-144;233
-155;210
85;-171
-265;-215
-86;260
-60;-197
124;-200
167;278
-185;-194
288;-77
-157;-290
-138;302
187;183
-46;266
204;315
-98;-268
90;182
-270;122
-25;-303
-166;-188
-255;170
108;205
236;-187
-140;-234
-155;-195
180;215
111;142
-74;-190
-214;-183
40;5
197;-203
-259;53
232;187
-193;-152
-200;-176
-138;93
204;115
300;203
259;-160
213;-158
-124;-121
-218;144
-215;-150
193;-139
246;-184
-227;-94
-236;151
105;161
159;103
-106;242
99;-188
208;-147
88;-318
180;193
-153;-172
194;238
-153;59
-183;90
-152;179
222;-259
-205;104
204;205
148;-193
70;98
187;271
-260;-264
-221;-147
-237;-215
84;301
270;233
418;-85
203;-74
234;274
-159;171
-224;189
125;234
-193;-290
217;-161
225;-156
-126;115
-153;167
-139;-244
80;311
75;239
152;-309
-132;-80
290;-134
221;141
203;-285
189;-195
259;222
111;-125
32;154
-85;-204
116;-190
-164;232
-114;125
-148;158
200;231
123;-190
150;110
219;-101
-124;136
187;253
-255;183
-212;164
228;206
-169;113
228;233
-232;217
175;-192
-310;182
211;-204
297;196
-195;-121
279;-225
198;-69
-150;148
196;-126
239;196
168;-186
307;218
318;279
196;320
-168;168
247;-171
373;-253
342;-143
328;-254
184;160
70;271
-68;-188
-222;-218
-184;-234
-194;54
248;-131
-211;-96
-133;174
180;-218
-262;130
-186;-247
-193;179
180;249
-66;265
-264;101
-105;195
230;153
-261;-270
202;-138
-279;96
-150;184
135;217
-165;216
88;-286
-78;-131
-233;127
-131;-171
-291;-142
200;181
136;36
244;123
155;234
-160;-118
-190;-208
179;-91
241;74
-185;-152
270;135
-215;270
-232;-144
-263;-144
-113;116
-173;204
-43;141
153;-161
-244;-124
-271;330
-162;-119
264;197
154;278
-174;167
-200;164
-156;183
-128;-166
95;201
-209;-176
-215;-254
60;302
-183;-104
-367;187
7;309
145;-173
-161;188
-102;-286
189;-152
-186;266
171;-185
-175;-138
-205;249
218;-95
59;140
185;-258
-139;-209
-151;-121
-173;215
-189;-321
-91;-161
215;134
-124;-190
269;156
-254;-127
-148;-185
-184;251
111;-226
210;-210
124;-210
106;17
168;-231
108;218
-127;129
171;158
143;203
165;119
-217;-229
221;-176
128;-187
-209;204
143;113
276;141
-225;-232
-224;160
-178;-234
-156;275
-144;-148
-214;-259
-182;217
195;-139
295;-200
102;162
-79;-297
-175;-177
283;213
-177;-250
124;-223
133;-145
108;-274
173;-129
231;-291
297;-76
-207;-378
-260;143
-178;109
219;-231
-202;159
-158;-198
99;235
155;186
232;-139
-189;-185
184;-153
-255;197
224;154
174;-59
-294;-203
-47;194
113;210
-95;-202
-149;-135
-231;-210
168;213
-172;-260
-108;-43
-140;173
174;194
230;-128
-234;-113
-161;-114
212;89
145;150
-179;165
-210;-149
-42;95
173;189
-136;226
-112;187
48;-179
154;134
57;168
-226;222
-246;204
-168;-137
-258;89
-137;197
223;-206
79;151
208;368
147;-93
-186;-313
-118;-307
-239;-220
-220;92
-199;-114
222;341
193;375
408;-31
-173;152
129;214
142;118
330;-190
304;-134
-325;99
227;-178
-151;203
309;139
-202;-148
91;171
-197;-177
-40;150
-51;-89
-125;-95
175;-123
166;-112
239;-190
115;-107
-214;219
171;81
182;232
-94;59
-232;-112
109;229
233;212
-244;-234
178;-350
-208;-185
-109;-363
257;-186
132;234
292;-9
239;-120
-347;-20
144;308
245;168
-141;137
206;102
132;151
267;-135
-189;-136
114;141
-145;144
-231;45
-93;117
147;-47
157;100
122;267
271;-190
247;143
190;-135
-254;86
-147;-170
183;-159
-283;-160
153;168
182;81
-134;159
-97;-249
217;-215
-202;121
-276;250
199;-56
219;-197
143;116
98;140
149;204
-226;290
15;-162
-120;-193
-169;185
-167;327
-200;-206
-115;-179
-60;191
-130;256
58;-172
-163;146
-136;117
-68;-172
-188;114
-158;193
280;-39
-216;61
112;261
-308;67
73;303
125;275
227;-153
-210;-210
177;198
-118;-320
-179;-211
271;-39
-109;-196
-130;-272
-126;166
120;131
-205;-163
-145;79
112;162
-157;-187
-127;-231
-199;165
152;-217
-191;101
86;-158
-215;105
103;211
225;153
137;150
-129;-187
-130;-208
132;182
-130;-295
-144;230
-121;-130
-135;-233
-163;173
163;-247
194;-64
161;-134
242;-216
-240;174
90;-168
190;140
202;-173
-166;313
35;173
188;-87
-195;333
172;-155
-92;192
-105;-143
-82;175
34;-284
-208;-218
202;152
343;-106
172;263
178;-140
-166;252
-216;200
-260;156
187;-219
-365;-211
-170;135
-172;-148
-279;245
406;-206
205;-139
-94;-370
-169;-256
-59;140
149;-86
327;100
262;118
-135;-79
93;-165
-155;178
-117;-191
-80;-194
-115;-60
-183;-150
-150;-141
135;-39
205;118
-145;-90
-73;-204
138;154
150;194
128;156
101;154
-65;247
-163;80
-215;196
270;87
292;-72
-134;150
-146;191
-220;101
81;-220
-134;106
277;-184
138;-98
159;-45
-192;-91
282;242
150;124
181;243
232;-227
-132;119
-335;-73
-207;17
129;-137
-257;160
134;-94
272;168
214;-217
-135;-232
-63;-241
-212;123
-211;-303
258;-63
-195;-372
274;-123
-131;-201
-299;135
-166;260
-160;-125
324;-138
-193;190
122;231
181;-102
-78;-228
150;274
96;-114
-245;-167
40;-298
281;124
184;79
-131;116
202;-207
-175;188
187;100
-94;-129
-227;-230
149;-138
-72;-156
154;137
-142;172
171;-203
107;-129
83;110
197;-153
134;-115
131;-219
202;103
155;-221
207;275
287;-148
-47;-187
-294;105
156;-205
-200;-225
-120;-130
179;-136
-71;199
-236;-146
-229;-223
166;260
-165;-313
144;-171
225;250
-235;80
145;224
137;-163
286;152
84;268
-158;-282
163;234
-239;171
-179;70
103;291
203;-148
-221;106
-150;-157
-237;166
-190;58
-323;185
27;278
-30;-138
161;237
311;-83
248;188
196;103
158;114
-195;292
118;-291
-324;286
259;-136
332;-261
-74;-198
208;79
-183;181
136;-226
-214;187
-299;329
121;-182
153;152
200;-354
289;-26
191;255
-348;188
-187;218
-317;-147
-186;183
169;-203
-174;-201
161;240
287;-193
-165;96
343;-130
338;144
125;226
178;-193
208;141
-124;-239
-240;-188
-199;-111
228;170
-235;-323
-74;247
-214;-140
-191;-207
-225;-210
-230;239
218;-212
-248;268
-138;155
-224;-221
173;115
-183;178
158;274
-279;-243
-193;133
-146;-121
-115;-251
302;250
-272;260
292;315
-242;182
-209;-183
-217;263
154;-179
-227;-184
-308;-262
135;-169
199;198
-196;-86
192;147
-183;-338
121;230
-281;234
-373;192
134;-125
186;-213
-183;156
302;-203
-312;171
-150;-233
-237;243
301;196
239;-287
177;-349
-171;-209
134;237
-194;204
179;319
255;199
-201;227
148;130
92;-264
149;-194
263;204
-273;-227
336;-10
-228;292
39;-321
-260;199
212;-277
-160;-185
200;216
162;164
-270;195
172;221
196;-293
179;-174
153;160
167;209
-325;-154
117;-340
-52;-114
-294;-182
315;240
237;-159
-150;-187
232;-341
282;178
-151;212
-288;139
-232;159
-269;219
-135;-205
-180;95
-280;-320
-201;103
-207;-162
230;-87
-238;-279
267;-211
-210;215
-183;136
-236;-128
148;-168
205;262
324;186
-124;-210
169;-91
276;-210
-294;-134
-261;-238
234;-125
-184;-198
222;229
130;-241
-202;-284
-308;212
121;235
266;136
86;335
-200;245
166;80
186;185
-172;-183
208;180
-281;-184
-300;-125
80;62
-235;-211
-163;258
-169;-160
255;-160
-206;77
-242;-239
203;113
-187;162
181;-204
-165;164
80;-126
-239;-108
191;204
-142;173
-126;75
-247;257
37;213
-230;102
-169;178
-107;-164
169;105
-130;-224
-207;193
-116;-290
160;161
162;-216
178;63
75;-115
112;-209
86;-235
-293;-160
139;-318
-175;-225
-194;-230
-214;195
-194;-191
163;186
-229;-254
134;-106
159;-96
-114;156
-198;-87
160;-295
45;-59
-157;-220
-163;-158
-136;278
-189;-149
-75;-245
92;215
190;229
174;-166
298;109
113;-211
41;-152
-211;-129
-108;166
-109;154
-191;154
-194;-153
204;196
186;-201
143;86
-130;-141
-275;-184
-170;-116
-203;-145
123;-147
-155;200
-73;-235
-271;-157
-170;99
-143;203
160;-150
-57;-46
136;-187
111;-251
-169;-177
-126;-123
-92;160
161;-126
195;301
132;122
-146;232
-164;-227
130;284
107;-244
-266;-138
12;-175
-115;195
-330;-118
-191;-97
-151;201
242;-153
288;136
-197;-214
233;2
213;144
146;-201
262;121
-207;31
257;206
128;-184
198;-164
213;165
125;155
-132;121
-123;189
-256;-185
131;150
251;-112
196;273
117;168
-212;-185
131;170
275;165
-125;-87
-145;284
212;153
128;144
177;-215
-90;220
-174;-71
281;121
-196;-241
-258;181
-146;-102
-192;230
-197;172
129;-225
219;186
-191;28
-134;188
166;-98
-126;-145
-124;-272
-203;-180
182;-171
189;-61
108;-54
-116;162
-123;126
184;202
-239;-135
140;133
-236;195
-125;-182
-130;178
-168;-85
224;-98
285;139
120;-221
-155;195
-115;214
193;-186
185;150
-193;-152
-123;253
180;-260
170;182
131;-97
92;-177
-208;-269
242;231
-217;-150
72;143
-204;228
-121;215
163;-147
-186;165
110;-180
153;-258
-244;-222
309;282
-109;129
-143;-230
158;-170
-325;-147
-294;-40
-125;157
177;-112
156;-155
-8;-159
124;-200
-92;246
186;243
230;-143
236;-139
162;-220
-189;-154
159;-274
-163;-110
-158;-199
93;-260
155;-178
-186;-125
299;110
-154;181
-321;170
-140;177
142;-221
-241;92
-125;214
205;-142
-268;190
-72;152
-172;-121
-42;119
-219;-209
119;-172
66;-236
-154;276
243;88
-135;256
-224;-110
177;-222
-177;137
263;180
119;-240
145;147
-195;253
-113;324
-95;-68
-169;66
-241;-109
-203;342
226;57
133;180
225;-172
130;-181
-196;-212
163;-314
-187;138
-20;-241
144;-221
182;189
240;-192
-173;180
177;-225
-160;158
-64;-159
-144;-134
127;115
274;153
-147;-93
-128;-187
-259;-109
-133;245
-225;170
150;-177
-228;177
84;-247
-124;263
98;-113
146;122
-111;-175
-221;-29
90;141
131;242
225;-145
237;231
-132;-137
201;257
-194;280
110;129
-271;-103
183;-217
-231;-269
-229;206
-258;197
334;-198
-111;109
-126;-226
-296;-211
159;223
-200;205
202;-130
-230;-226
162;172
138;-242
202;-113
160;111
92;108
-116;-178
159;-181
193;142
76;-72
266;131
-190;230
-125;110
162;97
283;39
-181;-202
-172;216
262;118
259;137
-314;154
-167;175
128;-208
-169;-219
206;164
76;329
140;200
238;201
350;288
-154;-117
-162;-187
269;270
-158;-188
-241;-265
405;200
-211;291
-272;200
244;305
-121;-212
170;127
-309;-131
117;-206
84;-142
144;352
385;-214
-98;-158
89;-185
161;-280
-229;-49
250;-175
-80;-159
213;155
-245;232
202;-185
-259;112
239;138
-72;-234
-121;-255
-271;180
-177;-200
219;-362
-252;-222
98;283
-165;228
-43;175
-301;-124
-218;336
-134;198
-87;136
-196;231
-266;-73
-106;133
232;59
259;120
-133;208
-176;186
-135;171
-164;271
309;-162
119;-156
133;-173
-118;144
236;-223
-31;-220
-200;-149
-51;-224
171;259
-221;234
-218;-281
292;235
8;-222
228;-252
202;213
234;203
-135;-35
-241;-4
158;-367
203;238
-316;167
-205;-222
-326;257
-262;302
-209;-41
-279;-283
193;176
179;218
211;-325
121;-36
111;113
156;-81
-167;248
-201;-146
-84;-109
206;-199
301;290
324;211
-250;-191
-235;-226
-252;2
-90;-274
69;-144
-199;255
257;-121
237;-89
58;189
-208;-269
319;98
-130;263
-145;257
120;-124
181;-110
-228;-127
-247;-133
194;90
-204;262
-171;-204
-202;291
170;-236
245;131
-70;265
71;-205
-156;-188
118;-145
226;-246
191;-192
127;-217
152;43
155;225
229;-298
-174;-43
270;133
218;-242
188;-295
-272;198
249;-127
238;91
183;229
196;142
-162;-226
181;-188
-330;279
8;227
285;-214
-293;114
124;-244
-326;-99
-216;-165
330;232
260;170
-194;-160
209;-183
-184;211
121;-291
216;-165
149;183
82;-135
-167;-290
-127;-304
205;-137
159;85
-195;173
318;-278
192;192
182;258
255;178
-180;143
129;-287
-324;195
-118;102
-305;-187
314;-253
204;277
-40;-200
-62;-161
157;-145
-226;-138
-215;216
159;-119
-238;-238
-95;191
178;-64
-144;97
273;-345
-97;-52
-207;314
109;-56
285;64
-165;-231
296;141
173;-254
-239;-167
299;175
-257;-204
289;111
-292;398
79;-215
-38;-168
-189;122
158;196
-267;239
-182;90
193;277
289;-285
-279;93
-254;-139
87;138
-278;-200
-208;-286
165;-124
-114;203
-221;-185
-163;135
202;-205
260;185
215;-151
121;-280
108;264
-182;299
-275;-165
-63;238
212;-311
-188;-171
-189;-256
-125;178
-143;198
-133;215
111;229
-172;-216
-79;-244
101;-190
-156;252
-132;256
227;-121
72;-243
-207;237
-88;190
165;260
-170;364
-140;-262
211;-257
-31;-126
237;-313
169;-303
177;-193
241;172
75;-235
-281;-135
204;-286
-126;231
-128;183
182;-242
-65;9
195;209
-185;-229
-218;-276
-82;-263
-260;105
-188;-393
191;-272
239;113
110;88
276;-254
192;345
187;-311
87;-229
-106;210
-98;227
-122;184
174;75
155;-167
51;-215
80;-199
-110;224
-277;-207
-97;275
-105;143
61;-192
-79;389
13;-227
213;190
131;-221
193;122
-146;-183
112;-263
143;172
-255;-177
-264;176
208;240
-224;127
255;144
265;49
197;182
-51;-194
194;-250
234;-252
-231;-244
-124;-268
-222;136
187;205
200;-115
101;176
190;292
142;-135
172;-273
260;-169
-157;21
-192;237
-273;-114
-193;-91
123;66
150;-221
-54;202
-186;-84
-42;216
211;-211
190;-304
333;181
-221;-216
146;278
-142;224
214;34
-305;-127
143;-59
49;-108
145;-165
253;194
-292;-170
-243;-165
44;-124
-139;331
-298;233
295;253
255;-279
235;93
-55;271
-108;-99
106;-204
186;99
-234;248
-261;-80
-123;-225
-208;-158
-221;-125
184;-219
193;215
224;115
204;-205
-301;220
189;206
158;-302
180;-283
269;-205
422;-98
126;-183
-242;277
-223;287
-214;184
-223;-207
71;364
-96;273
194;-137
154;-51
214;-155
324;-186
-202;-230
134;79
121;-260
-176;-238
189;-284
-64;243
270;248
-169;200
254;192
224;209
-253;120
192;92
147;138
62;-179
-75;266
-297;205
172;130
-103;-225
-165;-119
136;184
-53;-214
-152;-197
-161;-190
-166;89
-213;-58
188;-203
-151;285
-224;-216
223;-232
206;-135
-172;-251
-171;93
149;210
83;119
-309;297
115;-279
198;-33
270;-220
120;342
-239;-263
194;250
-309;201
-171;137
-202;71
210;-157
-202;109
94;287
240;-92
115;253
227;311
-96;-93
-231;-197
-173;-111
104;80
216;170
135;-88
183;-220
285;278
-213;166
-217;249
225;208
-259;-324
-49;-101
82;-172
-224;138
-266;73
-268;-146
185;224
147;174
204;-175
-190;-157
147;-136
141;296
233;-203
222;-177
9;385
211;-114
187;259
-121;-210
322;-102
-195;238
-230;283
-214;276
202;332
283;-189
83;177
221;-172
-40;175
211;125
-219;242
-199;144
160;196
-225;114
124;93
-282;239
164;-137
-87;119
232;-224
219;181
-207;-145
158;-134
262;-91
-151;144
158;-149
90;156
224;-197
182;132
92;162
190;193
-259;32
62;-161
171;-93
140;-130
130;-146
113;117
137;142
-167;-243
-280;-422
-226;-289
-145;109
173;-268
-202;-73
-273;143
191;-203
-309;175
-272;-232
-202;71
169;134
-148;10
-186;241
-206;128
98;299
-120;-279
193;-148
-261;132
-331;176
143;261
-308;205
254;-166
-266;-334
-101;206
-179;-268
-140;-229
79;249
215;191
208;229
183;256
-224;-106
-178;-158
187;-149
206;225
-143;-186
116;187
-185;239
-91;-149
-164;-215
-216;148
-283;216
-165;232
184;-97
-149;-206
-308;169
-68;-216
209;117
99;217
-111;239
-145;177
-151;179
-197;-128
239;130
-198;-342
-151;-91
271;175
-142;-117
-114;48
140;149
257;-201
-178;199
-313;-236
67;-193
-212;177
259;-272
-149;-193
-221;146
162;-187
170;142
248;-222
-225;-260
-226;-332
-252;111
-238;-311
-176;-187
13;240
-131;-141
201;324
-240;-270
-286;-310
-107;190
178;-239
245;-220
132;-222
129;328
198;-134
182;128
-173;67
85;208
173;220
177;234
-131;-169
312;-174
98;-124
-156;147
186;199
197;110
-197;-147
-164;160
-82;-152
-208;120
-196;-213
-178;-118
-183;220
293;-70
177;-63
97;270
-285;-243
-152;-105
141;212
-137;-134
125;-182
240;-194
115;-37
7;-146
138;-144
143;-103
-216;-79
-210;209
-255;263
257;-173
-220;165
-300;-234
112;145
-11;261
260;-237
-156;-116
289;-106
-236;162
182;277
230;-180
-209;-174
-264;159
203;188
-96;-105
-118;-273
-149;-267
148;232
-296;-145
-117;-189
-153;260
236;21
308;-182
-190;-288
-154;-290
155;228
212;196
-288;169
-168;-175
-222;181
248;199
-203;245
-152;223
234;-205
90;175
167;246
-119;146
-159;114
-187;-151
-250;286
-107;140
109;-166
85;278
137;221
49;-93
-164;-179
-48;-267
-143;-334
-157;86
-156;-266
136;208
183;134
82;-65
-188;199
225;110
100;67
113;-178
127;-122
-208;173
146;-145
-206;141
166;82
-91;-88
210;133
-90;-232
233;135
-180;-210
-198;-103
192;-141
233;-203
51;-146
108;-222
-134;144
84;137
132;186
-178;95
-227;-137
147;200
139;86
-141;-91
227;-64
-243;-207
-117;-101
223;-282
215;253
85;-119
292;-234
-244;233
212;136
136;92
-142;137
148;81
158;116
88;-140
-107;-127
212;90
-191;120
-104;119
-204;181
215;-149
227;254
71;186
102;-88
152;196
108;-217
-123;104
-104;-141
112;-89
-116;-60
111;246
206;159
-206;137
-110;-183
127;-122
-104;175
-103;142
233;-182
132;-162
193;86
141;169
1;29
-82;166
109;-150
-108;-111
-227;154
-235;115
-35;-172
-304;-211
-96;178
-132;121
263;-167
-214;102
-338;139
-130;-218
-244;172
-282;227
277;-137
-329;235
220;182
-165;249
175;144
86;115
127;-77
-206;-211
144;146
-171;-130
-273;-237
276;-196
-300;-198
-61;-100
-157;178
175;101
-197;-99
-102;132
92;74
-210;-142
-150;-230
-199;184
115;-183
-258;182
82;-162
-136;161
137;132
145;131
131;106
-240;-165
-156;-247
100;177
-204;-150
-198;47
-142;-82
-211;-225
-164;83
182;-274
229;-174
120;-190
239;-172
-193;217
70;-141
210;206
189;-144
-187;158
74;210
237;-128
-160;133
128;-205
-376;193
-135;-253
-273;146
238;-224
-143;-231
104;147
151;-235
249;411
172;-178
-105;86
-145;115
-230;82
150;-123
-112;-113
-136;162
-196;-239
-136;66
194;-223
138;-56
-51;-287
-131;-180
-411;135
234;-167
96;114
155;102
-187;-120
143;-156
-160;102
-66;-151
-118;-101
-181;-231
-55;-107
-142;-184
136;-127
218;158
-207;-152
-170;-209
207;55
126;126
164;45
116;89
-135;103
-63;261
-178;95
173;215
105;-234
-229;162
-158;169
-61;123
174;-182
-128;110
133;-206
177;-147
205;-252
-188;-142
119;139
88;107
13;171
115;-183
-266;183
-282;-151
-147;152
221;-226
-154;214
233;-127
223;290
235;-100
-136;-222
-109;-265
-171;106
-282;-174
139;-162
-115;-332
302;-92
-203;-259
-208;257
-235;130
-91;-50
298;-131
-172;166
187;211
130;-208
-295;-252
36;200
202;-67
-161;-193
140;-107
57;208
36;202
-205;29
67;-45
-155;121
172;147
-225;-261
-141;-193
111;5
-214;-176
147;156
-174;154
200;-187
99;-344
276;191
197;-260
167;-112
162;-208
269;141
138;-99
155;42
203;-132
-150;-189
-182;16
319;-91
-159;-214
-128;-73
134;-105
-256;166
-121;-153
-72;-215
116;285
-40;-183
200;-53
152;186
-179;183
93;139
216;-162
228;113
193;36
-170;-254
62;213
-256;205
-294;58
149;115
267;-86
-310;166
-141;-273
-274;213
-234;320
-215;137
154;110
-168;-374
165;226
329;-117
214;389
162;98
203;94
-140;183
167;-35
-150;150
189;-175
62;-134
-167;-147
181;203
-222;148
99;-78
-60;111
-184;199
150;-217
118;156
233;-251
198;-102
141;161
-144;93
-187;113
-361;-238
-97;234
186;-246
-211;-146
112;239
218;-206
-185;224
286;-230
152;143
219;126
183;-181
81;167
-95;-176
-178;-76
-104;-104
190;119
-204;-187
-219;145
-175;-147
-312;-207
-124;-105
-178;139
224;-130
-158;62
-138;149
-138;-137
187;101
-154;83
156;135
-72;-186
-145;75
-157;-101
-126;-169
157;125
-138;31
152;168
-186;156
-162;-111
-83;119
197;-206
-195;-295
-126;-209
219;-174
130;293
-152;-215
86;169
-205;-155
142;150
-104;142
-172;166
206;-202
210;-187
-50;255
203;-142
-217;310
-180;-195
-60;247
143;96
193;-213
112;-215
-178;-191
235;201
-214;118
42;275
177;325
-183;208
142;206
303;-84
247;-231
215;254
-146;-195
93;68
-114;69
211;-267
-144;280
226;-241
-251;-142
175;227
146;260
-240;125
195;105
140;-128
96;-92
133;138
57;188
-152;-91
197;-202
-84;-94
-138;-193
74;172
179;-222
-218;-164
121;-160
123;104
-105;236
-123;221
-175;204
-203;294
-233;-231
-312;131
-141;-206
-130;169
-205;-262
339;-74
-126;-234
101;-220
-287;176
-325;222
-135;-201
243;-234
179;164
298;212
-288;-211
227;-154
71;-135
-265;-232
-125;-248
171;-180
-337;-137
166;206
135;-308
-223;-114
-306;117
287;281
194;259
250;344
-290;75
219;175
115;154
-144;-168
-232;78
-258;-218
224;-268
298;-157
-178;-234
-246;221
125;237
60;260
-241;147
233;-241
309;-11
280;-352
106;180
-195;-167
52;181
-94;157
-190;106
-283;158
256;-157
-285;138
194;258
129;-167
177;82
317;177
-228;-123
-259;-232
-189;-319
172;163
119;200
139;-109
134;-161
241;235
-345;240
-206;166
171;297
-264;-287
194;-236
275;-167
-104;137
-115;56
-193;-158
11;221
237;291
203;-128
-118;-243
204;-221
141;224
242;-176
175;-171
313;229
206;-164
136;178
-287;-104
175;-241
-123;232
-173;83
-211;223
140;146
209;-173
229;96
66;-231
-227;227
193;257
-251;118
-213;219
121;136
-239;155
111;189
-154;119
147;-93
-231;93
132;-101
211;132
-267;-135
184;-99
195;-110
-122;129
205;-168
232;234
29;-23
174;159
173;201
220;146
-298;167
152;-199
93;-152
271;-238
204;-150
26;306
153;209
-156;-226
-160;-342
-24;-229
-164;242
232;-176
-268;-166
-253;184
282;-110
-354;195
-253;-186
-190;337
108;212
-308;197
-112;93
-114;199
178;254
-195;-280
188;-243
-279;203
-268;152
128;200
-253;269
217;-124
-21;-324
-166;86
-184;-84
-222;-199
189;280
39;66
180;121
94;101
-240;-177
-157;-244
189;-182
160;160
-190;-287
69;110
-163;24
-119;-264
-212;-216
-213;163
-104;114
-164;189
363;-26
-59;-223
-167;140
-170;-309
217;132
102;192
-297;196
-263;128
-302;269
-45;-191
258;310
-188;-291
-177;-230
115;197
-113;-210
-118;152
203;157
201;-256
-225;173
-173;-227
343;-194
-237;157
151;-3
-92;-204
-239;263
207;-144
136;168
50;-155
-272;-282
-251;-248
-168;291
-179;-65
-36;-311
127;121
-59;-172
182;147
-177;-299
-197;-278
-87;272
319;-150
114;-315
174;-137
189;196
243;-290
99;230
-84;200
225;239
153;156
152;159
-141;-142
165;-163
161;-79
-186;170
173;170
129;101
-22;-138
-221;85
-87;-252
-107;90
-135;-174
-151;-84
-291;128
293;-206
210;-126
110;145
-172;-54
-201;-256
201;173
-145;-156
104;-178
203;-167
239;-248
205;-247
204;-137
234;-201
-206;-234
-154;96
-236;156
100;-80
-237;274
-287;-211
147;220
150;137
210;-314
-108;-145
105;-168
-265;123
363;203
301;-220
-253;-200
-205;146
117;150
-218;-389
-198;-131
-101;-111
249;177
-195;-265
-157;-149
-189;179
58;272
176;-147
-94;-249
-12;-264
100;314
95;132
-220;236
-87;-140
-245;340
202;191
-167;111
-138;141
283;-121
108;220
96;104
-268;133
-311;182
-256;-169
-218;266
-134;89
211;-57
50;184
99;159
276;-237
-179;-134
-235;-215
-125;-173
-156;97
-77;-190
69;197
202;153
116;-90
-180;88
249;155
156;250
149;-339
265;-197
-230;137
129;-143
-246;160
214;142
-207;-156
46;168
-105;-128
143;190
-89;-176
-171;-190
170;-106
129;-200
188;-166
189;-113
-151;150
239;10
122;133
-118;148
-231;-202
153;112
224;183
-200;-194
140;-319
-161;-189
-61;-83
133;-79
104;167
111;-202
93;-349
-115;249
188;179
215;147
-238;113
223;90
141;221
122;-116
-230;-209
179;125
-162;191
-134;135
-114;187
125;-137
182;216
150;149
162;-117
142;141
123;-189
-137;105
-251;-91
180;-105
-111;-293
137;180
137;214
-182;143
-211;-135
289;-249
-210;140
-220;256
201;-324
282;-133
208;226
176;32
194;274
-157;190
-15;-115
-195;-95
-270;263
-150;268
-180;-133
-25;-89
-150;207
-99;131
92;-220
-118;203
-86;136
-57;-128
-131;131
-139;229
240;-35
-121;149
132;160
-136;84
159;139
231;189
168;-290
-155;-184
293;303
-237;-179
-245;-227
240;-287
-288;-66
-167;-193
-159;163
123;291
-99;-134
-155;151
106;156
-90;-227
-182;-155
-224;155
191;-137
-210;247
189;-116
-183;77
184;196
216;223
156;176
-117;-185
-85;-114
102;148
-135;-135
-213;138
-130;-185
-157;-9
-177;170
240;-173
136;-136
162;-47
177;-257
-264;271
170;-261
231;284
282;-188
-276;178
295;242
274;-364
-278;239
174;-202
-48;170
-170;-227
-150;152
129;-196
-166;-199
151;109
196;-195
138;163
64;-61
-133;127
-129;155
-161;126
190;-265
-153;-126
-112;266
-242;-245
-100;246
184;-135
145;-161
-96;-121
-206;-152
-118;319
355;-344
178;129
223;114
-227;-46
155;-283
-90;139
-82;-288
-66;-146
-201;-147
-168;-94
-57;-141
191;-151
127;125
-149;-274
-88;-174
144;212
134;180
96;192
169;174
-184;86
-183;164
-131;169
180;231
300;-186
-197;70
-230;183
-168;137
106;-300
-214;148
118;-166
178;-262
162;-126
-251;-160
145;200
170;103
226;56
178;-319
-158;204
-94;-153
-161;207
236;-162
-164;164
103;-91
127;40
180;-82
-151;-126
-164;-137
-32;137
-180;-226
124;-315
-145;-89
130;-150
-85;-143
-138;192
-128;270
-148;-275
109;-244
-179;190
186;268
80;-146
-133;-346
242;132
236;-146
-256;-208
76;-96
149;170
204;114
-156;201
147;-188
-216;92
157;221
-132;-245
-194;-184
160;-97
-202;-174
111;233
-253;193
232;-220
362;-172
183;105
224;-206
76;-182
127;-49
181;153
189;-133
101;164
213;-85
-191;-216
-165;42
212;-194
-178;-256
-164;-209
188;-229
-94;146
-160;-251
-223;-222
186;115
-135;-145
256;-154
84;265
-157;196
98;242
186;-186
98;177
198;141
-116;-174
171;143
-177;88
-181;103
18;191
233;-140
-149;169
-140;-110
-254;209
-245;180
-9;96
206;109
-346;-280
300;291
183;-130
256;254
128;187
141;224
-339;187
109;-150
-246;100
232;-137
99;-94
-169;-250
192;175
-252;283
180;-150
-251;166
-231;158
218;-198
138;221
171;-249
36;-159
121;142
-240;288
-130;268
-147;-207
-154;201
226;-223
-132;-111
263;51
198;-96
-170;292
75;-90
129;195
263;185
193;-184
185;329
-224;-157
-134;-129
59;-302
111;89
-176;-263
-254;93
-149;-233
-150;-144
-163;-276
-204;223
241;-79
-137;133
-220;219
-156;-184
105;145
-70;327
266;209
-292;-64
-230;154
-252;-213
-183;-265
170;156
-125;156
145;141
-141;229
-223;-243
-268;168
204;-178
-245;-176
-214;-123
223;-245
140;170
-286;-84
139;196
-212;-31
89;182
-77;175
-181;180
45;-214
109;-195
-150;186
141;-111
-133;195
-198;-205
-171;248
211;156
174;-189
46;-142
-274;-126
148;90
-143;141
195;201
180;262
-144;143
265;239
105;-151
214;-261
201;209
-231;-156
223;286
-162;225
146;-248
-133;273
224;-140
-271;-1
209;225
56;294
-206;120
108;257
168;-156
99;-365
199;98
146;144
-125;-58
108;-107
-225;-113
-191;-245
165;225
198;-159
-187;-127
65;-206
170;154
-118;222
-124;237
-177;120
-98;106
-127;-260
-208;153
-156;-94
-179;176
-200;-123
106;-122
-217;-61
118;-194
-186;209
-223;244
-131;-202
159;-132
242;88
138;101
-122;-137
144;-238
133;-106
-248;-55
-224;-171
69;-107
-326;-171
231;159
246;-158
-103;-249
-235;144
172;74
180;153
77;230
-196;136
250;229
272;242
-83;-82
106;169
-200;-169
-258;-100
231;116
-162;-126
-214;190
-194;-147
146;-208
-90;135
-112;-175
167;195
-183;248
275;-343
-182;234
335;-240
-67;-121
152;162
-283;103
-145;244
-245;182
139;88
-251;226
-236;240
-113;-101
176;145
-245;-243
-17;190
-212;-82
162;113
92;-112
168;77
119;-100
41;-214
89;-239
-106;-231
197;-164
-157;-223
-175;-67
-37;209
-171;-254
118;126
-257;-190
265;-152
207;-197
-158;138
-191;-270
229;-208
316;-149
-183;-189
-210;-10
-44;157
-214;-150
-166;-120
168;106
247;223
209;-129
277;211
292;-215
204;-238
-162;-228
-159;53
-174;126
-213;219
-123;-171
253;263
175;-119
159;201
-253;-82
-273;-184
-140;-109
-284;-243
114;-306
-299;277
-238;-140
-197;-256
-210;186
-169;130
204;-251
-48;-96
255;-187
189;-234
-126;-266
-107;-162
-84;190
128;-165
204;253
113;265
-169;180
-129;-213
114;132
140;-234
-130;-139
229;-169
-88;191
-297;-134
-210;-43
-225;175
220;-80
206;202
-115;-138
155;159
188;179
179;-264
239;244
-189;113
225;279
111;-118
95;-111
135;264
134;135
-78;279
-259;136
-224;-316
185;227
126;-89
175;248
150;152
-193;-201
232;168
168;195
-218;-133
-134;201
315;98
214;227
223;-323
-179;215
-197;-156
200;159
-84;-210
-162;191
-242;-147
-173;119
-170;142
246;-188
190;209
-174;123
-273;290
197;-77
-146;4
-107;-178
-215;-225
191;-175
96;-40
150;-167
-173;148
-215;189
165;122
-80;-162
102;204
-195;23
-187;-92
-154;160
-236;-219
131;-176
175;207
151;-189
-124;82
-182;111
116;-165
158;141
-211;-28
-139;159
116;-181
190;148
152;-130
188;-122
-157;-144
219;219
-165;-142
198;145
-125;153
-172;215
242;-74
-225;134
146;-109
139;-154
-119;-222
162;200
-201;229
-221;-278
67;-251
-141;-229
-158;-185
-232;174
193;-176
121;-187
243;-128
119;-132
-175;247
135;62
125;-272
163;-135
180;-219
-124;-159
135;-233
-291;-119
-189;-230
198;-242
87;-126
-136;-212
135;229
-273;89
-167;127
-155;186
112;-161
-97;70
-120;126
109;-57
-192;83
-122;173
-115;-68
-126;172
-116;-146
156;-191
176;-205
-131;153
130;32
-133;219
-205;-117
131;-175
-106;175
210;203
49;-131
186;168
-108;103
-98;221
-117;-315
-199;118
-189;-168
-198;270
160;283
182;157
170;-211
195;-275
-110;-240
133;-149
-254;195
192;-268
109;-106
152;215
301;-95
-301;237
165;-320
-100;208
-134;-271
-87;-178
169;71
179;178
-83;-70
-218;-190
-164;-178
-159;342
-242;107
185;-259
-64;214
97;-98
-119;141
247;-139
123;242
-171;-131
-174;-152
292;145
146;201
161;-149
187;108
-173;-101
177;119
-148;-1
66;171
-90;-191
126;-119
-167;-201
-175;94
-198;118
224;-126
-183;148
-136;-203
-240;-219
151;136
-225;276
293;-184
-149;-175
175;231
120;-174
140;-207
207;170
142;156
-83;-102
128;-170
144;47
125;-252
152;155
-103;305
-166;240
193;178
221;144
-190;-127
-101;169
156;256
115;213
-166;28
-235;110
164;-173
-179;-254
203;130
100;218
102;159
217;148
164;226
-158;-333
-150;-242
86;188
-285;-98
-209;-80
201;233
-160;94
-171;187
140;298
-294;-141
160;169
-216;-128
112;-132
255;-207
214;284
167;-202
-133;-156
191;-118
237;-302
-129;-262
137;-156
-215;-143
143;99
-181;277
97;-208
-199;71
125;221
-218;-202
-167;-259
-115;169
-200;-83
240;-173
-213;-172
223;136
-103;207
-67;273
-184;-202
-27;127
-184;157
-117;222
-104;115
-130;-291
-199;388
233;165
190;185
-221;163
-248;146
-240;210
-254;133
134;-222
168;-197
257;-53
-83;140
198;-42
-119;-193
-150;-68
-212;-108
173;168
-344;158
-188;-34
79;333
261;-83
181;-179
91;222
151;243
-221;-177
-272;-157
314;-277
167;208
-288;171
-361;-236
-193;172
-215;166
-112;-206
-268;-132
95;124
45;206
158;-157
135;-218
219;245
135;-52
-231;179
-141;-258
-175;-220
84;-178
144;105
148;199
-168;-131
-210;-131
-74;162
-80;-163
113;-234
-93;113
197;-191
172;-236
185;166
-161;-152
203;47
-190;280
-44;131
182;-55
134;-176
-205;-291
-135;-154
336;139
-122;123
-139;-203
-79;216
212;-162
234;173
-141;217
204;-52
-100;-219
157;-173
239;-98
188;-77
242;-203
186;147
235;287
191;-183
-172;-148
183;63
218;-174
106;-238
-126;200
210;-169
262;159
136;61
179;163
-164;-85
115;-259
-202;245
-192;240
231;-163
-88;282
107;-109
-175;-285
-236;-282
209;157
152;84
-179;-180
239;-56
-195;126
137;-73
77;-75
157;193
165;-201
-78;-147
-181;-115
172;-173
107;78
-168;197
229;-184
112;117
160;129
117;262
-90;207
69;-124
-175;113
-157;243
-210;-180
127;-370
181;132
201;-192
-200;-226
90;-54
-135;-148
-270;170
107;-174
-144;-209
-175;126
184;-166
-207;75
172;-171
-52;-115
-129;142
150;-126
62;257
18;-291
152;255
103;-263
-156;-187
128;164
-188;-163
209;198
-244;170
181;-157
-205;-288
-360;209
218;113
-204;258
-267;182
211;146
248;-86
-230;229
-221;-224
195;291
-133;-224
-182;-169
159;-202
-110;259
-137;-186
-130;154
232;-130
194;168
138;-155
161;-220
101;220
-139;137
-214;-151
-222;138
51;-254
-188;-116
-117;-163
-217;112
-81;150
-152;190
136;202
-69;-91
-173;-235
214;-61
-154;122
-253;139
152;-251
183;-218
-195;181
-228;202
145;88
-126;127
-174;-102
156;-177
-239;-229
34;-128
76;-292
148;-258
205;295
159;-164
-99;-115
186;-119
-289;185
-284;203
192;-220
-229;258
218;152
-160;-248
-179;-103
-46;-211
-202;147
-225;-46
152;-174
197;185
179;237
249;-170
82;29
197;-144
241;-200
-149;81
-190;121
-194;249
83;211
30;-183
105;-363
174;-234
-267;268
-190;-281
-249;249
-112;176
133;-39
-199;149
74;-136
221;156
371;-207
276;217
-259;-269
275;-230
271;113
-209;-200
-204;71
172;141
-161;261
61;271
224;166
108;172
-140;-228
221;-63
151;-184
-201;-257
-183;-206
-234;307
215;227
282;-147
197;205
166;186
252;-182
226;-197
130;-212
-51;103
-206;18
-140;-200
-128;-172
61;152
242;-181
-281;121
-61;-317
-229;159
168;-260
208;-186
282;65
-129;-290
175;229
-304;129
225;275
-185;-184
213;-164
123;-128
205;-69
230;241
-268;-301
-148;-109
272;-107
-197;176
-152;209
148;216
257;-134
133;226
-202;230
-176;-118
41;-210
221;309
-169;261
-105;-195
-244;-177
-103;-207
-156;-173
130;-209
123;104
201;199
219;-183
-288;112
269;128
149;-259
214;-178
134;-136
200;-143
218;-89
-235;104
-348;83
-163;213
-248;-181
186;73
-125;128
239;-220
190;-94
237;-90
313;-146
-203;-297
223;104
218;-105
-259;-146
145;-159
-247;189
268;287
-191;141
209;171
251;236
-251;262
121;290
175;169
199;-224
-153;97
-183;293
181;176
-80;-192
-105;-82
130;156
-149;-277
-243;-118
-100;-184
-168;193
-90;-156
52;-312
-154;224
-108;-85
164;-253
190;317
-234;176
-137;179
91;-114
107;-203
-92;112
270;-163
194;-140
103;237
182;-112
-141;-171
173;-224
-156;148
-145;217
-118;244
228;-288
-106;197
190;264
211;-145
103;231
253;334
-138;-272
-187;128
-227;121
205;-130
133;135
229;137
74;228
42;106
-117;-150
-165;-202
105;-244
-164;-249
225;185
139;230
-253;360
-288;217
-206;277
165;-122
135;-62
209;-166
-177;136
181;-239
215;-99
169;-210
216;-155
238;260
207;-57
199;-123
-162;240
222;199
-96;231
-209;102
-103;-159
90;219
198;-185
286;199
134;-181
-110;-215
147;-176
-217;-54
-146;-212
63;334
-300;83
173;-220
-166;185
154;223
-128;146
135;210
164;-243
-208;-354
300;-91
35;471
-422;368
202;-193
175;-222
274;282
289;183
286;262
218;-229
-249;280
131;-175
186;-178
145;182
202;153
164;-90
216;95
-218;-300
-252;-141
-110;-217
-173;158
177;-253
-232;-147
-215;229
215;-258
-377;220
-179;-291
299;124
270;121
183;-196
-167;151
-184;251
-113;270
125;-295
-271;-143
224;194
-317;191
-209;148
319;222
248;-59
151;225
-137;-136
-279;186
-180;-135
248;178
-190;-149
-131;179
-188;193
-81;159
160;139
137;185
-219;-169
-75;122
-281;-119
215;156
-232;-111
170;-334
262;96
246;-186
226;-261
212;234
-210;-160
372;-231
175;-148
-230;121
175;-229
-215;-141
111;257
-204;-226
-148;148
-79;-216
136;-67
-264;305
217;77
122;-182
141;188
-208;270
282;-123
-173;306
102;-127
-323;-110
-114;159
-79;-387
-196;102
-225;258
-152;-198
-96;139
-155;-247
-149;-215
289;-87
237;232
-151;-147
-203;-17
-107;105
-127;223
341;-209
237;210
-343;204
253;-119
212;97
160;-141
132;-156
253;176
-302;-69
-184;107
250;55
-306;139
-83;-255
-236;125
-194;236
250;-165
198;175
170;-235
270;-240
89;-182
285;162
154;-169
219;289
229;91
217;-274
233;-189
-265;-208
165;-262
-352;159
242;-157
238;258
190;270
-210;148
76;-170
-140;-176
262;-195
-110;-142
-167;253
-186;-170
98;-243
-173;-220
-168;-161
-205;122
-337;265
-164;-267
226;298
110;190
-227;-217
-167;194
-237;175
-163;153
-233;253
194;136
99;175
73;-224
149;176
247;-137
110;209
-162;-224
-250;-113
-181;-167
261;-180
-169;176
324;-256
114;-140
193;197
190;-106
-138;-152
-239;147
-185;-114
180;133
77;-243
-175;212
262;100
-223;-99
84;-218
273;224
-169;-186
110;-157
-244;-166
-270;132
-232;-200
-255;332
221;272
171;235
-208;-91
185;-95
153;-209
234;-211
161;-296
-252;71
205;-301
201;212
144;-219
-122;199
345;-149
146;181
-278;190
225;-132
97;244
148;75
89;223
242;75
-183;157
176;-164
-228;-49
169;-186
-183;132
231;-211
112;-163
-161;-247
-112;-241
-167;-263
-137;-78
-102;-259
168;220
287;200
190;91
309;225
-108;-253
261;115
295;195
-260;-175
-166;-91
89;173
-78;-170
-151;-239
-69;-115
-125;-114
139;232
-198;-102
153;-147
273;-336
156;214
189;154
-177;326
-221;-85
-246;-140
156;-215
204;126
337;252
284;113
206;-225
144;-225
-252;-178
-149;192
176;-188
276;175
168;-177
186;-37
136;-98
154;-180
168;261
-104;-234
190;-243
-313;229
81;-213
197;197
-195;114
176;327
150;179
246;79
-162;-121
207;259
-150;178
177;-148
175;-164
-285;149
-196;170
-351;-302
-282;-244
171;321
-106;243
-320;-157
294;136
174;202
-98;-164
-42;195
-204;234
-192;152
144;235
193;-284
-232;194
-218;121
-227;-129
120;158
107;118
76;-196
-169;234
-112;133
219;-102
126;148
-341;-227
314;143
277;-289
267;131
124;146
109;-339
286;176
253;-248
87;-290
-144;-114
-150;-246
212;-268
-308;155
137;62
255;147
157;-207
138;-156
-193;-183
97;-154
154;-148
211;207
-153;165
-257;-301
-68;44
265;-141
-179;-106
-192;-136
223;184
167;218
-228;-209
-206;203
-220;177
-344;-207
39;180
-192;91
-218;247
-180;-157
-96;-126
235;309
-183;157
99;85
-145;151
-123;149
-244;244
-183;-129
223;203
150;-152
-249;149
159;-169
116;242
227;207
55;179
-165;-109
-168;136
-148;245
148;-243
-153;133
-140;-19
159;175
-192;111
-267;-167
93;-228
-200;-328
243;-230
210;-317
223;-190
347;-199
-247;242
198;104
112;-236
-131;-50
235;158
-188;121
-221;203
-161;-197
-51;132
-59;-131
-164;155
-130;-152
-223;215
147;-86
146;-123
239;-168
189;-196
-239;-231
-140;-278
-199;131
-218;-139
-124;-185
194;-204
-333;144
-206;164
258;-130
83;-80
199;167
-256;377
-272;200
-91;-284
171;268
-68;332
-163;269
-156;103
293;-214
-158;-372
212;64
237;-178
-260;-209
222;247
-162;83
102;135
-195;-241
276;-173
93;-133
-175;-114
-214;-115
-208;283
162;206
-154;-126
-235;111
-150;175
-56;354
-83;289
-101;378
93;106
331;124
-123;250
185;48
270;58
21;-201
336;70
-130;256
-194;-270
239;-225
-176;-172
87;184
348;77
-189;198
-167;-136
175;325
243;-187
-281;-188
-193;-224
167;183
180;166
128;-206
118;-178
147;325
226;-224
-266;-281
-239;-224
-95;-180
213;-135
-128;234
235;349
-350;-262
-181;264
-205;-69
-312;-267
237;-144
209;-260
-246;-219
-169;66
199;-170
135;-223
174;-218
238;178
102;65
179;215
-119;-168
-11;101
212;-205
216;-80
-139;129
182;179
112;-244
180;-170
101;234
-216;-116
131;67
136;247
-221;109
-208;193
-121;154
120;117
122;101
120;122
-103;205
188;-188
-119;-142
-365;-55
177;-117
156;114
210;209
127;196
175;-140
-210;-209
200;237
-247;154
-129;-141
251;230
251;125
-177;-140
-287;-158
56;-89
-177;188
-194;-160
249;-49
-249;287
-5;188
201;-179
214;-173
167;-163
155;232
252;133
143;162
185;-208
113;-290
-185;292
-164;257
168;-115
-155;-149
-116;85
-155;207
174;-136
-114;-186
112;175
107;125
-196;-98
170;-205
-66;-155
125;-194
-78;-140
-180;-243
182;-88
-142;-212
140;270
-105;-189
313;-141
269;254
-70;-138
255;-130
-115;-191
149;134
144;-191
-216;92
-220;-204
130;209
-231;169
-74;-132
247;-193
-234;126
183;100
-261;-352
223;126
174;-224
178;161
265;-263
163;-161
-202;203
199;-154
-173;-182
-196;208
166;246
-199;-211
257;-209
-119;223
242;-110
-251;269
-83;-235
215;-234
55;137
149;-209
84;-113
-138;-145
-253;-62
-261;-94
196;93
75;270
-232;232
-146;-174
-208;-44
42;-124
244;144
-156;153
119;149
159;212
-84;163
-275;105
127;56
126;-213
-137;-141
-81;-135
120;114
55;-171
231;-155
-82;-194
-139;-212
-222;-4
159;-86
200;-257
263;-209
158;130
321;-240
-108;155
-98;170
115;-62
-133;-195
-214;65
154;-153
-139;-176
-123;252
104;-233
-148;-219
186;100
-153;254
172;-190
250;116
-162;174
-119;-299
268;336
292;-113
-261;-313
-143;-276
-152;-151
229;190
146;246
131;347
-289;225
-344;285
299;33
94;-203
-133;208
-314;138
-223;146
169;166
-165;252
-178;166
-219;86
176;-129
-251;30
93;157
216;-246
185;-92
-126;-185
-272;183
231;107
169;-146
-159;-231
138;-230
244;-162
149;79
-18;93
-96;137
-169;-184
146;112
80;-210
166;229
-187;233
98;-229
218;-293
-168;151
-203;238
-124;-210
-185;-216
289;75
146;-134
145;22
227;-21
92;142
205;138
171;-138
-143;352
215;-143
-278;-172
-177;99
179;-227
169;-249
179;-160
174;-220
270;-132
128;-179
135;200
-132;133
128;-258
230;-92
154;-122
130;115
-146;-136
-173;266
-211;176
196;167
-237;179
203;-240
-97;-169
-165;147
145;-119
-239;-278
213;-316
-238;-163
203;209
-120;-135
201;247
187;-189
-86;-174
297;96
255;192
-222;-104
191;185
191;-178
188;64
187;122
128;-94
236;-167
-231;117
218;86
207;222
98;-229
115;190
136;-163
200;69
-201;250
-229;-190
-213;-116
-206;247
148;190
-194;-306
-266;228
108;-236
-165;-174
-23;-137
-160;-73
-171;265
-152;192
-329;128
-207;-221
-173;-256
-106;118
-170;-279
229;-163
204;-61
-97;-146
-161;-230
304;-173
182;197
156;-248
140;-90
-111;-294
87;-173
199;-220
224;-180
-282;160
140;14
-116;-195
38;-150
-290;193
-285;125
-211;200
262;-153
174;101
-205;-149
144;-107
200;21
169;200
-286;-160
109;-204
-207;228
-149;-174
144;94
-173;-80
153;-205
140;240
121;-144
158;-190
58;-339
200;-260
-210;-148
208;-251
-187;-65
203;168
-209;254
225;-150
-242;236
242;275
-194;-79
-226;219
250;-273
-217;207
-187;-104
-230;-72
-146;-151
109;203
-146;200
173;-293
-76;-131
-83;164
-336;210
170;-179
154;193
115;-235
-92;-144
-169;178
-43;-94
-276;214
176;231
-256;213
226;-96
-111;-227
-229;145
-259;191
153;199
185;-212
-41;-130
-164;-198
202;-98
154;-216
-161;280
-157;189
150;-104
-213;166
108;182
-198;196
137;-230
-230;-257
190;-234
-226;-127
204;123
105;-79
234;49
30;-172
259;-238
-176;73
75;-251
261;116
230;170
195;155
109;-199
128;193
-186;-177
-221;-193
76;-250
105;-136
236;-172
155;-172
220;211
278;91
157;188
-281;-175
-313;-103
-289;-117
186;155
226;155
208;115
47;212
-174;-210
-216;-138
-136;247
171;163
199;241
-147;-191
-267;183
-212;190
-235;134
-75;254
-196;110
-239;116
-198;84
-180;-196
80;249
84;89
-230;-324
-198;153
192;149
-215;-327
226;-169
-240;90
-134;168
208;176
-174;260
-113;-77
-125;254
-169;139
-242;-193
-163;-110
-233;107
-183;150
145;-342
140;-141
75;-189
221;279
161;130
-155;-65
-131;180
-343;257
-214;-191
94;-190
-219;-204
-218;-115
228;-251
138;-234
315;187
197;367
-199;-306
191;167
-268;140
-210;-259
170;-193
197;-152
47;-171
-156;-72
-323;-215
-133;198
-114;200
122;-106
96;-131
108;-55
-149;-136
222;-201
-183;-136
-77;375
135;281
184;294
-230;-244
76;-225
-216;-35
-144;311
225;189
146;-153
139;153
-188;254
-150;178
221;152
86;324
135;386
324;-350
-155;91
124;248
-117;201
-168;32
292;148
184;109
167;-133
-292;-167
193;-261
242;200
167;248
254;-162
239;155
-110;171
225;182
196;-164
-200;-133
192;246
-183;132
-140;-262
162;-222
-140;91
-188;221
104;-136
73;152
191;96
-114;-162
145;-159
-204;-134
196;225
142;239
-159;-167
201;139
-203;-202
-244;133
82;198
196;145
-111;273
-181;-342
263;-92
-177;161
-283;-155
297;-247
-189;-235
133;-45
78;-237
-196;150
166;-215
195;141
-144;104
154;156
-157;125
179;109
142;-100
-116;197
-208;133
-117;-224
210;182
225;-143
266;336
-260;-227
192;243
-282;-142
-248;207
140;319
91;-228
114;122
282;205
-242;193
304;-184
161;-169
197;118
-244;193
101;-143
87;-105
-171;-75
94;226
74;-203
129;119
-211;-199
-138;162
255;272
-122;-255
248;217
349;207
-112;-197
135;-94
98;115
234;-159
207;152
-158;-265
168;174
-188;250
287;206
156;260
149;-271
-247;160
-82;-172
-89;110
-231;-186
-141;-230
162;156
-140;-98
-188;-101
130;23
-238;-62
-121;-210
-281;254
-159;113
167;-240
-65;148
193;229
-62;-84
-88;176
190;-140
-121;152
-145;194
-314;134
155;-224
379;-219
-236;257
195;-185
-214;-157
271;149
4;173
245;-213
113;232
167;133
-237;63
259;151
229;117
-307;-72
158;-144
-133;-108
116;198
-128;-106
-185;-157
-223;-169
-164;178
-243;207
-87;104
-202;186
-230;56
72;-129
180;201
104;-197
-249;-129
-127;92
153;162
255;240
298;220
233;66
195;159
-243;-277
-196;221
84;-146
220;214
-108;269
-207;169
40;-204
228;-156
-161;124
-281;-329
-177;106
-265;-175
-301;-129
217;-167
144;-168
-162;207
203;-82
108;-133
-200;-215
173;160
-93;244
145;194
209;258
-187;149
209;231
260;319
-287;248
201;310
-124;-237
-345;-105
54;234
-85;-304
197;60
242;-199
82;-175
215;-147
-141;-188
172;179
-110;122
177;102
205;207
253;185
-195;-37
-183;105
-256;208
-134;179
132;-141
-151;129
-106;217
-112;238
134;-189
-301;162
182;115
-177;-202
42;-80
-167;-266
185;-277
225;172
-158;230
-316;89
-268;204
-214;224
158;-220
-255;145
178;272
236;-221
-226;-264
-181;172
295;-255
-124;169
-164;-272
-227;-232
118;164
-275;-77
263;-172
-144;96
-162;-65
216;-192
108;46
170;195
-139;-228
107;101
-217;-111
-352;-191
273;93
-206;-235
-164;-259
-271;-128
-133;240
-167;-150
-278;68
-258;193
71;249
-362;77
192;363
-137;-265
160;-183
-160;198
313;-112
-271;196
241;-136
-127;133
76;181
180;-201
11;146
114;117
-192;203
239;-219
265;-191
226;143
-237;-174
-74;144
224;-201
187;80
192;11
198;-231
66;-283
-185;-248
-237;-85
215;-190
-231;-140
-176;-236
-215;154
103;-130
155;131
-58;108
201;226
-335;-252
-181;215
224;228
-244;-296
100;-180
-146;-195
152;217
-89;-128
-155;-332
-159;-132
185;-282
-199;124
-216;-161
-111;220
174;-96
262;-149
235;166
418;-58
-283;177
-170;204
156;211
119;-40
-144;-229
246;192
176;277
331;-118
79;191
274;-203
-246;45
-249;195
-186;110
-173;-197
-314;243
205;-173
-179;228
301;219
-209;204
146;-228
203;-220
197;165
114;239
218;-170
-103;253
208;78
61;-230
-197;66
345;131
-190;256
158;209
-330;250
218;245
223;-243
224;-277
-115;-178
-115;139
-74;-277
-266;-105
213;-216
-159;291
201;-223
108;-275
-288;-291
186;-213
128;275
28;108
-231;166
-281;-295
279;-236
167;-87
168;-322
200;281
238;174
-160;184
-130;273
123;245
139;-182
117;-138
-264;-276
-187;137
161;-27
234;-111
-77;-262
-317;-172
253;220
-277;-193
183;-174
327;-53
175;-271
-195;185
168;282
-123;189
-171;-197
-128;-233
173;-226
-176;-148
196;-170
-335;-108
187;-216
125;137
118;-196
162;114
246;244
-138;-100
176;161
144;-115
64;190
-220;320
-53;-176
294;-209
289;-162
-202;-173
-325;245
220;129
205;169
-82;261
233;-197
77;-231
116;-213
133;107
-130;-168
179;262
-155;152
-244;121
-188;221
178;-166
-180;184
104;246
172;-231
115;296
121;75
-213;-149
-113;-235
-203;-81
137;265
205;153
212;-236
273;-187
215;178
-107;221
-270;283
215;172
-44;-209
207;-270
198;-188
-314;239
-10;239
-81;-164
113;331
171;175
43;-106
-229;-164
359;-69
246;168
159;-163
253;-271
116;77
201;-179
214;38
-181;-170
219;-61
-88;189
-148;103
-109;70
98;231
185;-183
108;122
174;-83
-209;224
222;238
-274;177
-201;27
189;211
-264;230
68;179
-108;85
181;-191
-88;227
122;-254
91;122
-185;-177
199;-249
197;-210
-137;153
250;-251
307;255
207;-183
231;277
249;246
279;146
-151;182
150;-84
202;-176
113;-179
347;-140
163;335
102;407
-387;-217
-221;-239
-203;-255
-238;297
182;-194
-308;-280
-224;337
181;-121
-191;209
-162;-167
-265;180
192;162
-268;201
-178;269
-209;254
259;189
-154;-105
88;-277
-208;153
-145;150
152;95
-174;106
151;-126
-205;-177
-174;165
-73;-93
-135;-213
181;135
156;134
211;203
90;258
-171;-97
-38;-141
232;-269
232;173
-250;-161
131;168
-222;227
-161;-133
-49;-106
-224;208
-270;153
7;95
83;-115
-159;-188
-136;198
-187;-134
170;272
96;128
-89;98
-173;197
-249;138
-136;-176
250;229
-155;-103
-200;-310
143;249
-224;-184
-224;240
185;309
76;-194
-121;140
-291;-240
160;-122
-165;362
69;-76
-318;-161
-236;207
274;-264
244;265
284;-175
-220;-351
-288;-232
-134;199
-376;-110
-145;-229
162;125
-167;-205
203;115
-156;-91
-236;-149
-181;192
147;-109
128;-149
165;-210
176;219
75;-136
14;246
-129;149
230;225
229;97
137;13
-52;-240
156;-184
102;-211
-152;164
77;230
212;152
25;-150
-176;119
-84;-229
-95;223
-230;-181
-149;-152
-125;266
206;-148
241;-170
129;110
-121;-275
-148;-223
218;193
-221;-143
319;-295
178;-283
320;-158
257;-170
178;-247
84;-94
-225;-220
-93;130
-190;265
319;-112
-210;226
-33;-230
273;162
325;196
172;-181
-299;-278
204;-167
-398;138
278;317
148;-206
-190;-75
-134;125
200;144
-75;-90
-190;-189
-146;-252
127;137
-163;-227
-132;-269
-158;112
139;96
180;-126
-168;-106
-153;-233
194;135
96;122
-224;135
-156;-285
-193;95
218;153
-120;254
-162;94
92;-102
329;218
121;158
-201;177
-139;149
-227;-117
-166;221
-239;198
255;-209
147;175
324;218
113;-104
-127;-170
-172;-126
-188;-229
-157;145
-289;-204
184;302
89;148
116;-104
-275;178
246;289
237;229
151;-121
237;-237
-95;209
68;-105
-110;148
121;133
-129;-69
95;182
-102;-255
276;317
-84;-155
-125;-116
210;-288
190;-342
266;-187
261;-77
-326;119
103;140
25;240
-222;228
-147;-249
202;329
58;214
-105;-194
197;-152
-118;-276
-168;-133
182;-212
178;118
296;-167
170;-70
-171;178
157;194
241;245
-89;148
108;109
89;139
184;-208
-173;-217
281;137
-165;233
-204;163
-166;188
198;-102
63;259
215;296
148;-133
168;283
201;-244
-120;119
-182;-175
227;-156
-290;-190
230;412
163;218
-218;229
-263;-278
284;-175
-388;162
-198;160
270;-136
184;-181
202;25
222;214
269;224
-280;161
227;-177
-197;-172
-195;-1
-158;27
-119;-145
-97;-277
-244;169
-311;177
144;-148
-165;107
-181;227
-152;-28
-202;127
-182;243
195;-196
-188;202
102;153
-112;183
220;285
44;113
175;-129
-206;-251
178;254
-102;-70
-95;-246
314;-88
-89;-152
-192;-150
-202;90
167;184
-184;-147
-154;304
116;186
-130;-190
-97;-186
-140;171
234;-173
-215;108
219;-143
-57;156
173;297
157;210
253;164
-198;-298
-118;-182
171;116
-261;-253
-120;224
-179;-200
-313;-170
-156;210
269;-254
320;-196
271;-326
252;-53
-27;227
233;-89
179;213
228;-268
-287;91
41;213
215;-211
-138;156
225;-193
-164;112
-122;-194
-184;181
325;-173
-75;-236
177;144
135;-151
193;316
278;-89
-178;150
-155;284
-189;164
158;-195
-71;-181
-144;57
-272;-78
-179;145
217;-200
284;-186
-135;-344
-108;-145
-62;160
48;-133
131;131
128;174
-194;-149
282;-74
-246;247
-180;-156
-127;-144
-269;-133
-244;-162
-225;-282
197;-159
239;225
-194;-154
-300;-320
255;178
212;224
179;171
182;230
-174;223
-218;8
-243;176
380;300
271;-20
-213;208
-188;179
-126;191
312;-233
-222;165
242;-134
350;-130
216;-138
-147;-158
105;173
32;310
201;278
85;-120
-43;197
-219;-312
-221;123
195;-146
-237;155
131;-166
108;185
189;-31
-173;-75
-239;-258
-118;218
-237;-148
188;-65
-153;-156
273;5
-252;-205
-277;196
-149;209
-180;-108
249;-113
-100;125
72;206
225;-139
-189;-279
136;187
107;-183
-232;-81
138;-197
184;208
141;134
-222;131
135;-178
-128;190
172;227
-131;-302
-193;-228
274;-143
-166;-172
106;143
-233;173
183;-243
221;-265
121;281
405;-134
255;-282
214;-215
166;136
176;-183
137;131
183;-181
-189;-203
-322;256
320;-203
-69;-124
-88;-234
317;-89
-194;138
-188;-82
-167;-174
124;290
-158;-91
137;-56
174;168
-256;145
184;239
212;-220
202;237
220;300
-67;-146
107;184
-119;230
-155;143
257;171
170;-168
-227;158
-107;-253
-279;174
-249;177
-141;51
89;211
-192;-120
108;212
165;-116
189;284
264;251
170;187
-189;229
225;-248
-166;179
99;-196
181;-43
-172;-155
15;155
-104;265
111;-156
-239;145
-174;169
134;-164
223;165
163;-208
199;-63
162;137
-178;173
-273;150
-213;-200
-153;282
250;-201
-264;-167
95;109
218;-192
-292;86
239;-221
191;171
203;354
227;-236
165;288
-267;-116
-262;-191
-155;-185
206;195
-238;-129
-352;246
-139;-230
-174;-124
-22;-199
-235;205
147;-260
-147;166
-166;197
-174;-113
8;351
-245;204
218;100
-160;-88
-62;173
-168;-218
-100;-187
333;256
-199;153
208;131
-163;153
-276;-200
-293;204
192;-122
-187;-181
-289;-206
189;-277
244;89
-92;-139
234;175
-124;-171
71;49
-263;146
-174;189
244;-218
221;-11
-188;260
192;-140
-175;224
-208;-206
-212;231
231;199
250;-248
155;-207
-264;-287
205;183
-158;123
313;210
204;153
-184;158
263;256
270;-257
151;-202
153;87
-302;-255
237;273
-160;84
103;-194
-405;285
233;-341
-185;-169
211;150
134;242
-183;188
290;199
235;-277
215;-80
212;120
222;274
-265;-190
269;-208
-153;-75
-179;-162
215;279
166;-102
-206;-99
236;-171
157;114
-343;290
-248;157
-176;281
-98;103
-223;-125
-196;108
-248;-269
-199;334
-136;-84
173;-154
-159;-288
138;-330
-159;225
-213;120
-231;-115
254;-275
228;173
206;143
-145;-299
129;-101
273;-91
-54;-100
-305;-252
171;-185
-264;-296
142;222
271;-197
-295;-315
-171;244
156;258
191;194
258;231
-337;139
198;304
23;143
-261;-140
208;246
-134;-185
-241;-229
236;126
-173;-253
-134;177
-106;-160
260;-167
-208;91
-159;-112
121;248
-149;200
190;-230
-184;148
224;-264
-170;-198
201;207
-256;197
-93;224
-140;186
107;79
-53;72
-252;110
-17;-163
187;129
-74;-106
-147;109
-128;-82
191;180
176;-166
146;235
152;-207
110;-271
210;-78
-147;-65
270;-134
-210;-213
-112;-126
-241;241
-274;-208
179;268
-172;-200
176;-146
189;-202
-187;131
-107;-129
205;-77
106;-273
-134;-154
-198;-104
-212;115
-158;-75
-158;-72
89;209
190;148
133;-166
246;173
175;-138
146;-76
-243;-215
-71;209
-153;159
-154;201
-73;-161
263;347
144;-115
202;183
-161;-154
-189;-182
-183;-195
-112;-80
131;-130
-186;218
-121;-160
-160;-226
-178;214
-230;88
185;-166
44;-196
274;-206
147;-181
-131;-154
-166;-185
-229;119
158;-188
109;226
110;190
-168;146
-77;-105
159;141
166;-126
-42;-136
170;-248
-130;263
-217;-253
-174;-281
-242;9
57;-156
191;140
-210;-184
212;338
190;112
113;9
154;298
-186;223
190;221
199;-173
246;-130
101;237
229;225
-150;171
-150;114
-103;-251
251;-7
178;-178
130;247
113;267
-178;-163
207;225
377;103
-121;-5
-116;210
230;193
205;50
216;-199
-160;152
-261;-62
91;204
-221;-183
-141;59
-140;-136
-101;245
-156;267
124;-326
202;299
-66;205
-121;194
219;-195
-195;-130
-107;-210
-148;-133
100;-144
251;-131
219;-154
-145;140
-60;196
109;159
-35;-170
114;138
-92;122
-208;-173
-129;93
-285;-272
201;-162
185;290
237;-322
-120;120
-58;275
215;-362
115;179
-232;-88
-222;143
245;-279
126;117
171;-199
153;-139
-177;-168
237;151
-183;-138
213;147
-115;163
-65;102
191;-131
-59;28
6;-109
143;-198
-177;-104
199;243
-165;108
-149;-149
182;-217
-247;-251
-246;-117
-77;193
76;-149
44;-283
150;-173
192;-242
-172;208
158;112
141;-179
169;-125
179;-100
-120;-136
30;-165
-183;-150
-176;-217
180;-164
219;-99
-123;-115
172;133
-42;140
-187;86
-149;113
158;-239
-178;138
-136;171
157;-162
-192;162
-104;166
-115;-294
-262;182
-136;-209
183;-239
211;-289
-148;231
196;101
-326;123
-109;-187
211;-161
-122;214
267;263
209;-190
3;167
-200;169
-118;237
-169;-174
-275;282
-70;-133
-92;275
153;176
234;160
124;-211
156;-275
-178;-2
130;-177
-40;208
106;-227
121;-92
197;102
106;-154
-188;294
306;-284
-180;238
-150;-288
-160;-71
150;187
137;165
-151;-97
-254;-199
-227;-223
-44;237
-80;156
47;-177
-290;184
101;-105
-50;183
104;-256
243;155
-183;-96
-146;-195
95;233
164;180
37;-149
136;161
-155;-201
154;106
-169;125
132;150
-144;-197
106;-172
-184;-249
-142;316
-202;253
300;-212
-222;153
-178;-52
-238;-268
-2;189
-217;212
163;-287
-267;-72
187;150
46;-169
161;-146
185;182
148;161
-269;-150
117;-150
97;148
123;-101
217;161
-140;238
-178;288
212;92
95;156
-263;-133
-43;213
239;195
278;78
-135;195
-99;277
209;-273
-139;-184
344;146
267;252
226;134
249;193
290;203
-193;-192
-218;-192
153;287
-285;-177
-221;-305
232;115
-326;235
-127;215
256;234
-178;-348
222;199
-64;-291
176;-322
194;-146
184;173
111;-336
-191;-93
187;-164
130;-206
-214;-164
297;-163
-115;-246
208;287
-163;270
198;-196
-183;148
154;82
-106;-148
-180;-128
-220;164
-197;-128
206;-117
-127;-87
219;123
-132;250
-266;194
-207;-219
-149;168
-92;119
-114;270
-107;186
-361;-116
53;244
147;127
176;214
-170;360
-29;172
-62;152
-283;217
246;-251
179;-164
156;-147
-242;257
184;-187
-125;-236
-252;-191
-292;-222
216;215
-166;189
-112;-282
216;185
107;-174
267;-226
163;205
263;155
-277;-150
-172;-224
170;-372
106;199
-85;130
-234;-147
-125;183
-223;218
-363;-253
-249;-207
218;245
147;125
88;-143
186;-201
193;235
180;-298
-173;201
-200;-152
-76;-110
163;-152
209;48
164;57
-49;-232
-122;-221
-164;171
-173;-210
149;-206
-124;155
160;-181
213;-96
286;166
-59;-160
222;152
-104;125
-206;119
20;-130
216;-230
-262;-186
-180;-136
281;215
-137;42
-224;-194
-163;249
133;-243
287;191
-181;239
282;-246
-293;-197
282;-159
261;-69
286;-111
214;-181
139;120
198;95
264;-245
-324;-190
122;217
106;-252
298;-186
-129;187
234;-178
256;186
173;228
173;157
-100;-262
248;-188
-236;252
-255;255
282;-244
-137;249
200;-240
-95;-114
-239;-98
328;223
101;146
-277;-143
176;-307
-162;234
275;-246
139;-199
358;133
64;-253
-226;-189
-115;-213
138;-172
137;165
-142;6
200;-159
137;161
147;84
137;144
-106;83
154;-315
-122;129
-144;226
-263;-145
113;-128
276;169
109;-184
-188;-237
231;-366
-178;-109
-220;225
150;-220
-402;-303
-80;197
167;-115
-152;149
175;-274
-165;-218
-271;197
230;-173
111;92
-280;-90
146;220
163;-205
-97;-183
279;214
-171;-228
209;140
-198;169
139;-212
-122;-172
-127;207
141;160
-179;176
-226;321
334;224
238;-155
-113;133
-192;-51
207;247
-271;-198
-301;-329
224;-188
-199;164
-126;-243
-138;194
179;-200
187;171
144;-151
111;-91
160;182
-286;132
-222;-304
-83;143
136;-148
-269;-249
-154;-198
-172;158
-162;250
-94;291
182;84
-170;-175
-194;-105
191;-145
-197;165
-181;231
244;-301
184;-232
-126;173
-117;242
234;62
-105;161
-91;-135
364;-205
-155;-177
75;-221
126;-139
37;-219
143;182
130;-229
-310;-194
250;-122
-149;129
-178;344
217;-222
-239;63
90;196
-126;-107
-304;-70
-157;-231
-298;237
-180;-90
119;-137
272;204
155;133
194;-270
138;71
171;-175
96;-236
-203;264
-273;153
-240;235
127;234
182;-296
209;-50
206;-210
-120;125
-194;-167
-159;163
-148;144
120;-98
-82;132
54;-166
155;100
147;-128
273;184
-48;-138
258;-125
164;316
-256;-181
-227;115
130;231
-72;129
238;173
82;176
211;171
-120;-220
124;-54
186;-215
-141;-224
-135;-174
-285;186
254;235
152;-252
137;167
165;118
101;-271
277;-175
325;-171
-236;255
-229;184
-277;-256
-284;-153
246;259
206;-245
-193;209
-144;-252
-150;178
56;-214
138;-201
127;88
-189;-237
164;121
-250;224
233;114
-149;-220
178;-186
68;-337
208;-190
226;316
-198;-321
-202;-257
262;-240
-86;280
-94;168
114;193
268;-178
221;173
-172;133
-271;-200
206;-178
76;127
-121;194
-241;-184
-88;-78
-78;-129
-158;-172
266;-190
126;140
147;230
118;-207
-142;264
295;195
144;-136
338;-164
87;-240
260;-237
253;-55
-279;106
-189;154
-230;35
-215;-214
193;197
-13;187
196;-202
276;-87
208;-227
100;-243
-261;-203
293;52
127;-195
-197;-182
108;-274
-195;143
229;150
-167;300
200;207
237;155
-174;153
160;172
219;219
121;-100
-184;155
-218;96
244;184
-252;-191
-187;-92
127;250
-252;-80
-200;-149
-252;-181
-141;207
-391;-178
187;-302
192;158
-168;-246
-321;-166
295;229
-121;-217
-313;210
-212;-272
301;-91
-87;186
-118;-205
245;235
-189;107
127;-155
-119;239
47;-141
-215;-128
172;174
-119;246
-146;192
-294;118
100;236
-109;154
-150;152
-190;-169
157;157
-315;-245
-136;208
-211;-197
118;89
83;-185
214;212
265;-118
166;-121
166;-244
-233;-188
119;-221
-241;-336
-197;-302
-267;250
-222;-282
153;135
-155;-188
156;-223
411;-135
-263;223
-172;-147
143;-253
156;-114
-142;-277
-140;-139
-73;233
-284;-180
-141;-260
198;214
135;147
132;-175
142;133
165;-216
211;-184
-147;-186
-114;222
-147;134
-138;167
-197;-230
164;147
74;-216
140;121
-132;-50
-248;-89
-197;-90
-271;-140
213;-191
-228;266
-156;-196
-203;-153
-188;279
-31;77
171;-196
-170;-211
125;-223
151;-188
-119;-186
-195;-234
-268;159
192;-148
175;98
128;157
-135;138
-124;-162
184;18
124;-122
-255;-208
169;-91
-234;142
-236;-311
-252;-258
-261;88
153;-119
98;228
-256;-217
236;109
117;186
138;-275
205;332
-86;367
110;91
75;-298
212;-208
127;190
298;180
-175;143
-138;271
-113;-106
111;290
129;-86
200;186
100;154
-170;-181
138;190
150;204
-129;-196
-212;183
233;170
202;194
149;-130
-189;113
-52;-158
192;91
-214;-203
-174;33
-116;-133
-184;274
-250;164
167;-169
182;167
-107;133
-84;225
177;-213
-97;-205
-80;-148
-162;-60
189;-269
235;-172
72;-174
-189;110
-183;224
122;169
-250;-99
172;95
-59;279
-321;-173
-297;94
-296;-224
197;-216
71;193
275;-84
-204;238
-110;150
210;-291
153;166
-131;-168
-215;87
89;-99
103;171
224;-221
170;-243
-3;-170
46;258
-181;-161
138;262
-90;201
-179;129
93;-121
-222;229
139;-294
77;-201
-317;-266
135;214
-161;258
-182;-114
205;-217
-137;-72
-202;-156
-140;206
110;-194
167;-238
61;-178
49;-164
-100;210
262;178
96;-140
166;-204
166;-100
-226;-183
251;-260
-172;-267
-284;-252
122;-77
289;-221
-290;-106
179;70
-113;129
-188;89
-120;162
168;-184
-194;132
-109;129
72;-173
-67;94
-29;104
-193;-213
-224;186
-257;-238
168;-265
142;-246
-133;130
245;161
-175;203
-170;-148
141;-203
-253;248
114;225
229;-221
345;229
-208;178
-354;97
-148;-133
-126;163
-125;-92
-95;156
223;143
156;146
145;-165
268;-108
-264;-177
162;-164
-161;66
251;-236
175;-320
250;244
139;-218
-179;199
208;-269
-188;172
-261;-102
-200;-148
51;51
125;117
-196;-189
-155;-78
-173;-215
-155;128
-243;297
243;-103
-177;103
101;-271
-174;146
191;-224
193;90
-177;-102
-182;-201
190;144
165;191
138;-36
167;128
-171;-125
171;-12
-156;243
185;87
-243;-162
196;-167
-235;-128
-248;199
-286;288
145;-195
-236;212
-232;-84
-210;-208
197;53
-204;185
172;-244
-281;-206
100;248
122;-38
208;-93
112;116
225;185
-193;-110
275;-156
191;206
190;-154
189;183
-198;174
-200;230
204;231
123;181
-123;-164
-101;158
166;272
177;136
-158;118
-265;168
124;-62
-219;-55
287;165
199;141
105;72
224;173
54;169
-218;-76
-221;-330
163;198
-218;-131
-132;-112
185;149
-125;228
-216;148
263;140
-185;-159
109;201
-135;-131
138;-214
271;-143
224;181
164;-156
-228;-67
208;-106
224;-147
-97;-178
201;-164
-106;-196
151;114
-113;99
111;-141
-182;165
83;151
-147;-188
-98;-182
-19;235
-204;-173
116;-211
-217;-193
74;126
-135;268
-190;294
-191;-176
-177;186
-175;185
-208;359
-232;240
-154;-132
-223;113
181;160
192;91
-175;245
-157;186
-23;74
-99;186
223;-191
271;-122
66;-157
-172;97
252;-196
-196;-82
-226;-173
-79;-167
282;167
-171;167
-178;-253
298;53
246;-152
196;-165
214;213
223;229
-346;-310
-239;-269
223;-186
230;195
-187;288
-84;-209
-230;154
-319;242
-6;-197
-215;-134
166;326
53;75
208;-194
188;-67
236;131
170;-114
-132;123
-188;-70
-238;-145
113;-108
27;230
100;146
-362;-191
-171;-218
-182;245
-208;-122
156;-210
-53;181
129;-328
219;-209
211;137
-213;-222
271;112
-176;201
-108;228
163;-165
93;-193
-183;-258
-157;-205
338;44
-162;295
-273;-213
-199;78
111;-160
154;198
-273;205
250;-307
-236;-211
235;-211
156;-224
133;-152
249;-201
205;167
233;195
137;-202
-379;-200
292;184
100;-112
155;-170
-251;167
183;-141
182;161
232;221
90;344
-255;-210
207;-238
-185;173
-105;280
165;-166
-337;215
64;-52
-160;-265
-82;-210
248;116
172;174
-170;-244
185;-197
-198;102
152;-160
123;-193
267;225
109;-228
-217;-257
-122;-182
73;-137
161;216
-206;179
164;-132
73;326
145;112
164;247
-250;248
163;-321
-219;204
-223;241
-298;-191
135;-112
296;257
166;-197
-186;-151
138;-158
-204;-238
-155;112
179;-226
-150;-168
-168;192
156;-198
-112;199
140;-281
-161;-163
-96;246
182;-243
187;232
-117;-193
145;109
122;-246
-250;-160
200;120
-59;-187
289;211
-207;267
241;-216
-284;-215
-237;124
227;121
-368;169
-275;209
145;175
284;-162
-122;140
-171;-235
123;50
-171;-182
-176;-228
99;-181
-141;193
-113;-56
-156;167
242;-285
187;105
270;-154
268;-161
204;113
-206;214
-190;-84
-218;165
292;-225
-283;-123
-199;-274
-168;152
-158;168
-194;297
179;376
-104;-235
-59;-226
13;-270
-167;192
-215;213
182;-102
133;-154
-145;199
-213;131
218;151
-63;81
-206;-102
78;-127
-228;-91
37;-172
202;-204
187;-243
166;300
146;-159
-236;-164
101;-168
-184;110
-230;165
151;-153
-190;247
137;243
-81;-167
-237;-91
-16;-78
-187;160
-206;-271
108;-126
120;258
123;208
153;-229
227;54
156;-109
147;-324
-113;168
-194;144
-73;207
185;205
137;-174
192;-96
140;-214
-19;163
-156;-157
-83;280
-147;223
175;-282
-53;277
189;-221
221;163
53;-149
76;147
-244;-231
207;-158
215;124
-148;-264
-213;107
166;131
-147;59
111;303
94;93
65;128
-190;-73
77;-126
49;-88
-155;-124
-119;-149
-162;107
100;108
101;-194
99;84
148;118
107;-182
143;-153
125;-152
-171;246
-126;286
-106;-127
-174;-213
95;128
110;-263
-102;143
-162;-54
-173;98
105;-149
210;-137
115;170
-259;-130
239;126
-166;206
327;138
-122;-96
209;-106
77;-243
160;-182
264;254
-235;-161
-335;-155
264;-183
-242;179
-115;98
81;72
65;-210
81;76
-138;160
-122;-136
228;-235
245;105
-269;282
-195;-137
-305;-199
-68;-137
-212;-229
229;-278
167;153
100;223
152;-66
-183;212
195;175
303;-62
124;-155
151;-145
221;-239
130;-146
-86;206
-70;142
-201;98
-183;-182
195;175
-95;154
161;-71
125;-144
75;-181
116;-219
-147;-157
171;157
77;-241
-193;-98
139;-229
-219;239
202;198
-157;154
133;192
107;203
-120;225
171;159
222;117
38;-140
-32;201
-138;141
209;193
-177;-35
-219;-110
79;172
-161;-185
-268;-104
-165;-251
-174;275
-272;-74
231;-67
231;235
-160;-61
-156;-77
339;89
-204;-155
-65;147
-116;-169
105;-136
-189;80
-195;-280
175;142
-172;43
223;-264
-214;201
244;-116
-49;-33
103;241
-168;240
-252;163
-168;85
113;175
-153;164
-152;15
-218;-125
208;65
-98;-142
-114;42
-130;-273
201;158
211;-109
341;72
193;-159
159;-321
218;-316
-231;-183
-27;-309
-145;-155
-245;-244
-102;142
-132;-157
159;190
-239;-242
142;-156
194;-189
-70;137
-219;-119
63;-147
145;-94
-194;-170
-177;-174
-270;323
-218;-291
-246;-124
202;340
158;213
91;-218
144;323
173;-157
272;-226
-80;-82
-254;125
-238;189
-122;212
-120;-272
115;193
201;-59
208;204
-76;-255
-154;-198
-208;-203
-262;-209
111;-124
-199;192
-170;-98
-49;-95
-129;24
-209;64
39;-127
-107;-167
168;-125
194;-112
-151;-216
-236;-299
-165;159
256;-104
130;95
224;165
-240;186
-132;-226
129;282
117;-39
-157;-208
112;-318
-93;183
-138;-195
-135;-100
-55;215
81;-169
327;94
-192;-150
58;94
233;195
125;-296
270;177
-162;132
153;182
242;-143
170;-207
237;211
115;235
-205;283
-78;154
-278;-168
293;216
172;-281
100;121
150;138
-149;-148
101;167
205;201
-170;-225
-249;145
73;175
65;138
234;-257
-316;86
-149;-106
147;171
-66;-201
-183;203
-120;-97
-143;232
-215;100
229;-95
141;144
-62;131
-127;257
156;-36
-206;-259
-184;-161
-129;-157
137;-179
225;-138
95;-51
-195;214
-189;125
130;190
-153;-188
106;215
-132;111
-217;-153
-99;69
-165;-37
187;-156
263;92
182;-92
-126;130
-130;275
209;-186
170;169
-238;-112
-134;159
119;-86
131;103
207;-249
140;-114
-284;-172
147;191
-179;-84
133;228
-249;258
-107;160
171;-85
-195;173
250;-130
151;-202
-117;-203
83;344
-136;174
-233;-190
233;-155
-148;-246
-74;-173
-277;120
287;-57
238;-270
133;-91
189;-53
-288;153
204;65
179;-67
139;-119
121;-134
-145;-133
164;-215
-254;-193
-286;-173
138;-133
30;-127
-253;-252
37;176
-159;148
-179;162
-113;114
152;-147
-281;188
-340;192
190;-119
-143;163
-331;175
-146;-83
-222;206
-87;-149
42;-265
117;-202
-266;176
274;112
-111;229
-203;-163
120;-226
-222;159
256;233
281;-225
108;124
-94;151
-28;139
-173;-167
-175;227
-130;-204
-318;245
253;119
67;305
251;-102
197;-80
-134;-182
179;-68
-253;195
297;-242
192;-132
112;262
226;-196
-174;74
116;-131
-138;158
-102;-97
-54;-164
112;227
204;81
-117;-154
-202;-112
-187;-98
-154;191
-231;102
49;-99
-113;166
189;-228
-146;107
181;-112
176;171
-171;-80
-149;-150
256;77
64;162
144;-91
171;218
-132;-168
222;246
-139;189
213;259
-183;-207
200;-227
-191;-105
-52;129
-226;47
250;-185
-343;186
-176;-259
-153;-129
163;87
-290;190
172;-196
-271;-226
194;217
222;-183
159;-192
141;281
156;190
-220;-226
126;-160
133;154
115;-287
209;118
-214;252
-155;180
197;170
130;178
-203;-74
-175;158
296;176
223;-9
-298;335
-162;161
143;-122
-199;-175
146;232
101;222
310;283
129;150
184;183
-157;-160
-90;-234
271;258
-187;-293
-127;-156
115;196
-308;125
-260;100
139;174
-169;-221
60;75
-199;-252
189;-232
364;-76
149;240
208;-194
-196;-222
198;93
174;-176
-141;-97
154;-156
-140;-57
197;45
-184;322
242;-174
-97;175
289;202
-220;-126
-146;-251
-41;164
-201;-91
203;-365
-192;-86
245;185
23;293
-178;226
-241;-141
-208;137
-185;214
-208;143
-161;240
-147;-177
-259;158
221;79
103;210
-234;168
-87;295
-205;264
17;175
205;-325
252;-298
192;-172
-29;104
120;-157
-246;-139
-199;-228
-175;-320
57;203
-125;74
-227;-223
91;132
231;-142
329;-180
201;294
178;182
-85;-228
-137;-207
280;-30
265;305
-135;217
-118;-161
-140;145
-152;102
-206;-161
-245;-86
104;56
173;190
246;-33
162;-104
128;218
263;-177
-194;251
-259;-175
-309;-191
237;-158
223;128
101;127
-213;-142
-251;-131
-103;89
-269;-226
141;-158
-75;165
164;-193
221;-315
202;185
-122;-101
226;109
-186;283
-136;224
263;-208
126;-205
-122;-241
-288;-130
245;210
-268;272
-190;-209
-267;149
225;-276
247;254
-160;195
113;-240
-69;-176
109;-200
180;-356
237;-210
185;-226
347;292
208;180
328;-220
-191;-208
214;196
124;-187
300;-186
-257;187
66;-133
129;144
125;137
163;281
-109;-178
248;-160
-175;213
-231;123
258;-205
-202;141
215;-215
-198;-249
-113;-204
230;250
178;76
-236;-165
231;-145
-195;220
219;-72
147;-259
170;144
149;-245
-289;-6
-322;-230
174;-283
163;233
-33;251
114;-174
110;-14
105;100
26;152
-90;162
159;-216
-190;280
-224;70
-95;-135
194;-164
250;196
103;-271
-136;-120
7;-357
-295;-119
-155;87
231;-290
-230;-249
-211;138
331;-195
-276;128
221;-291
-224;-272
-51;121
287;-156
172;264
-326;-270
152;220
106;-264
-204;-246
176;258
-270;-301
174;174
-372;116
237;-171
-275;-233
-185;36
120;145
-87;216
-175;138
119;147
284;-196
-292;89
-203;-69
98;259
-88;-263
-334;-141
166;-258
-156;140
-189;-83
-186;228
246;-94
214;163
182;-288
112;-185
192;179
-251;213
-273;25
-184;105
213;-306
-205;-12
-188;-163
-269;282
-220;94
-170;224
229;191
-218;-197
-156;-88
168;-43
-187;291
-173;356
30;-208
167;-330
-13;211
-211;170
119;121
-235;202
-156;-172
359;-161
-23;-128
90;-133
279;-137
66;-227
282;259
149;-83
-136;-294
226;-152
-226;252
-218;228
79;-220
-205;240
57;64
-277;-73
-110;-185
-120;-159
-236;110
-126;-221
80;-139
79;47
282;310
129;-132
134;99
182;-126
100;-93
-232;251
-238;263
-383;121
184;271
139;-344
229;-225
157;-52
-180;163
-204;-117
-220;286
-203;288
159;-174
-215;198
193;-283
241;171
241;-199
211;153
-160;-190
205;-278
267;177
-202;-76
-217;198
148;236
-235;212
268;104
130;236
247;292
-207;-211
249;-303
57;-222
-183;-132
-151;-82
-208;145
101;168
184;-165
132;52
205;19
113;-118
119;-122
120;-225
-119;115
-81;38
-119;-191
-151;-178
204;147
236;-137
-132;72
-128;-197
-200;188
134;-106
94;-234
115;108
-194;-151
120;126
-81;324
303;122
-311;-263
198;-202
229;-172
221;-44
216;138
-208;-242
-160;-256
304;-78
-228;287
-97;174
67;169
238;-88
177;162
-231;162
-147;-184
163;-58
175;198
-173;117
-305;-217
-144;-134
-168;-272
-213;-277
146;-76
75;191
192;190
282;-99
-163;225
168;166
194;-188
65;-205
290;-275
169;-190
215;-164
-252;260
-184;170
-143;250
-158;-193
188;196
-119;221
184;-183
175;-193
164;-31
193;-168
-79;-79
185;192
153;-220
-208;-185
162;-116
-202;125
194;185
-181;-2
124;133
20;191
-217;143
136;154
106;183
222;-200
-149;276
-191;88
181;67
-111;-278
-111;-244
114;223
-92;-148
-277;-311
-142;-182
-115;228
-3;-148
85;-433
-261;105
-145;-93
285;-119
156;-255
-119;-232
-155;83
133;169
145;117
-118;136
276;-77
250;-218
318;-295
112;297
-295;-248
249;237
-178;165
-257;169
-78;223
299;-194
-183;107
159;252
200;-181
130;208
179;226
-125;-243
-121;-341
-230;-189
241;261
78;309
152;-261
301;-133
121;220
-133;113
-93;70
99;127
-190;-175
207;-105
202;-120
-170;151
-225;103
-110;-218
261;227
215;242
102;-250
-250;-141
122;-120
282;189
260;-28
281;-95
63;140
254;-240
339;168
-181;-134
211;-189
-307;241
-268;139
-205;81
168;210
394;-223
172;340
185;-174
-233;152
209;345
-251;163
-205;176
271;207
-260;163
237;364
-207;180
154;-127
-170;283
154;-164
158;69
-252;-96
272;-206
243;-117
-164;166
176;-134
204;288
69;-190
31;255
230;229
90;307
-183;139
292;-243
187;-173
118;-247
227;-150
178;235
-12;293
-209;-65
-180;-285
-90;-253
-198;164
203;-112
-100;-257
-198;129
250;-128
-245;219
-72;-234
-215;146
177;158
-112;111
-210;285
-272;101
105;221
-252;-120
152;-206
-203;312
-200;273
146;276
-305;148
86;-227
-137;-85
-244;115
-179;-230
-186;-218
212;137
109;124
256;256
195;134
-181;-294
-251;-189
242;-251
168;181
-197;-133
158;201
-109;33
-203;-286
-232;-168
-100;93
-170;142
-226;162
246;-41
-215;-226
-296;166
-181;-122
170;227
210;293
-363;148
-110;182
-244;169
-91;-197
201;175
-48;-205
-166;-340
57;221
-207;-248
-137;213
181;368
132;-144
-141;190
-119;-166
185;-156
-223;224
228;-60
-164;-90
-347;137
46;-117
182;204
187;-124
-188;-126
-123;-131
-220;240
-293;-154
-225;-217
200;260
-244;-186
183;163
-75;-192
-234;-258
-97;194
131;-269
191;-135
232;-240
108;230
122;-195
173;211
-212;270
347;231
156;228
210;316
-160;-180
104;-214
84;-409
-288;90
238;160
91;98
-281;-257
-167;94
-81;-282
-255;54
-200;-237
-109;-156
-174;201
233;-175
180;-144
205;137
-205;-203
-173;-253
108;228
-314;-138
249;-253
179;-156
177;-271
187;-53
173;-197
218;-138
-132;-292
-158;107
-243;87
158;-43
-195;240
-171;-124
106;208
196;162
328;-84
-100;-118
165;-89
-218;196
123;95
224;-96
-173;-121
-253;106
101;180
-137;-175
-177;-104
-152;-153
207;152
-134;-170
-189;-131
-162;127
60;229
295;-124
-123;-307
-32;-282
130;162
244;193
-273;198
-253;-217
-242;132
162;348
-268;107
-244;154
218;-95
255;180
158;11
-178;143
-268;56
-190;-204
-225;128
-102;299
36;-265
244;66
164;203
171;-206
-156;-169
-174;-116
-173;-218
-226;190
-280;-276
199;263
308;222
247;-118
-187;200
193;202
165;243
194;-120
42;-237
-153;16
188;-214
-221;57
134;244
-132;-152
217;203
-182;-93
191;175
-204;-102
-123;-91
207;-209
157;-180
172;-206
182;-175
-186;259
93;202
174;140
-139;109
-64;-223
230;176
129;203
-79;-79
150;-165
-139;-238
-119;-124
355;-92
149;146
114;-137
151;-133
-257;152
112;288
54;227
-253;194
108;231
109;200
161;-152
-198;-172
203;147
-107;194
-197;194
-258;144
191;-156
204;252
256;181
96;-123
132;177
169;-118
-127;212
-174;-138
-22;-179
-225;-160
132;25
207;127
-176;239
-149;-204
86;-205
-127;109
-172;129
93;-126
143;-226
205;202
27;141
40;156
-232;123
182;-131
-159;-238
-194;149
-233;84
-120;-212
-69;-162
-218;132
-169;194
99;-152
-275;-32
-203;218
-97;-136
-123;201
-107;94
189;37
-114;291
140;156
-243;111
160;224
245;119
317;-114
-159;-220
187;161
-121;-274
-107;-234
221;-265
-92;-309
-178;-214
-205;64
51;147
-177;-146
-104;190
279;159
-222;-197
-142;-126
-188;217
191;-185
-153;65
133;-175
-125;215
182;176
180;78
131;192
-213;-126
-150;-179
169;73
-183;-69
-123;190
-246;-153
-207;-181
-95;139
124;-108
176;-230
141;-179
205;-89
-122;187
96;-189
348;124
282;-263
-225;214
160;215
186;-147
-176;157
259;-154
-207;141
-247;-130
-89;55
182;-117
-113;-171
165;223
131;-178
192;184
190;-225
-207;211
-219;7
-265;64
234;-141
10;-100
-117;159
-82;-113
-285;111
123;-116
126;-169
-86;-219
-197;-122
-290;105
31;-130
134;188
153;263
-193;-177
186;-174
-216;178
-156;-164
-120;-135
-131;-188
-161;-225
-99;-209
126;-247
205;146
-230;-199
-181;-111
264;116
242;207
176;69
191;137
-171;247
-217;268
-76;150
361;158
82;-218
-151;135
-73;183
-171;137
83;-167
-129;212
127;-273
206;-159
162;-205
-237;-216
211;180
19;185
181;188
172;-96
-198;100
-256;-216
-210;127
127;-47
-130;163
227;-36
221;225
254;-147
-99;-185
-211;-101
-235;128
-227;-215
198;-143
-83;-223
141;-70
-187;-150
-335;134
-185;195
-135;-267
180;-178
-128;158
132;234
267;-209
-98;-172
148;214
139;-160
-155;-176
141;-273
70;105
253;289
-268;180
251;-214
-112;215
136;103
-183;-208
-119;-174
207;-182
-136;-121
256;123
-112;292
133;-150
218;-156
252;80
317;-191
146;-177
181;-213
210;272
140;-249
195;170
286;-245
-217;-157
-204;199
146;-193
-208;-103
-181;-41
72;-202
-194;129
-196;-243
-22;-191
214;256
-135;-134
185;-141
92;182
-216;259
172;132
212;-228
125;186
111;239
-195;-215
184;209
-168;119
-144;101
118;273
176;-180
-271;295
-149;-290
-225;219
-218;149
-184;140
191;228
-285;-107
137;165
294;-191
236;151
133;194
111;116
-151;138
99;-142
-78;133
177;-257
273;-153
-145;-95
188;173
-164;242
228;-245
-302;188
-131;122
230;-115
211;319
85;-112
174;-299
165;261
-200;119
-109;131
-192;-208
-173;147
238;-142
-151;-176
152;188
292;-79
-197;209
126;-38
152;203
62;346
183;-211
174;168
-224;-103
-139;-232
-70;-120
193;166
-239;-148
-107;167
-167;-70
-158;-153
-213;-74
-100;221
192;-231
-182;116
-185;133
-138;-215
299;346
-112;188
165;250
-20;-217
-352;158
-219;-157
-257;-92
98;175
-217;216
138;338
-283;161
-178;-113
-148;113
190;-307
-151;-198
-233;-356
185;-168
237;219
-201;-2
260;101
-122;-182
271;107
-103;72
-233;139
337;-142
131;-86
-257;104
182;-204
-137;152
-212;-222
-213;89
156;211
239;-99
-23;-233
-178;-218
143;264
-221;222
178;282
233;296
-255;180
163;376
244;-187
223;-193
175;244
-128;-122
87;67
-115;228
54;-135
-146;206
59;-239
-156;-108
97;233
305;79
-220;193
176;181
193;-143
218;-207
186;218
176;118
-181;-95
167;-201
-193;-129
-251;-300
201;176
228;-192
-103;-238
150;-203
142;201
-104;197
-132;141
-330;167
-160;189
-176;-334
-232;149
-282;-126
-287;178
-156;-230
90;-256
-329;-190
326;-173
-130;243
-191;67
-290;-87
132;-226
166;152
97;200
-133;-208
231;-92
114;-157
-255;-181
-250;-192
93;-131
-303;-184
199;160
209;-21
-146;-228
-369;129
210;236
280;248
101;299
-296;265
250;202
197;216
-364;-131
