real;imag
-192;156
-185;-168
171;-165
196;-203
-181;-198
-192;154
183;204
153;207
-191;174
206;-157
190;-167
164;-188
136;219
-159;-208
148;165
-179;196
-191;156
-169;186
184;-149
-176;162
153;205
187;-170
181;186
221;206
-204;-204
-170;-178
-139;-188
171;206
187;156
185;-198
226;-180
185;157
-180;167
-200;177
181;207
-176;-204
145;-191
185;-185
-219;210
-169;161
-203;-199
166;163
215;190
172;-164
-179;-193
147;-179
180;192
213;-197
198;-161
162;162
158;-185
184;197
-173;-177
172;-180
-204;157
-168;142
-216;153
176;188
178;-211
194;209
183;-194
-131;157
200;182
-179;158
-198;162
196;137
-191;171
209;171
-184;159
148;-143
-181;183
177;-187
202;214
-149;-212
215;-192
200;-182
-198;178
196;-164
183;182
222;-224
186;218
169;178
168;192
-238;169
216;-171
193;-162
191;-169
187;-176
163;208
179;194
-186;-192
-151;-184
-179;-177
-189;164
181;-151
-167;-192
-205;146
234;-158
-194;203
-176;-189
-179;175
170;179
-185;181
-211;166
-192;172
134;201
-198;-196
161;-167
-167;163
-209;229
155;171
-203;189
213;-216
-211;-196
-214;187
-154;-166
-206;-180
174;191
168;181
185;210
168;150
-174;-209
-127;-171
159;-148
159;167
-181;-159
154;154
-152;186
-174;-215
-160;-172
-184;115
-180;193
-207;171
219;-198
-167;-209
-193;154
-175;-179
171;157
185;202
-199;150
-191;207
-187;196
-167;-181
185;197
-156;-161
-189;-176
178;183
-202;-185
-239;204
177;167
208;-213
-200;170
-170;-198
188;-158
-229;150
192;-159
-173;-196
-202;143
216;-141
159;199
229;-155
-150;-202
-130;-208
-214;192
-180;-229
-193;-178
165;168
-145;-157
192;204
-210;-202
-152;-186
-168;176
194;-189
181;-157
170;-159
217;165
224;-160
138;195
-170;147
165;160
173;215
167;171
-179;-231
175;-152
187;-191
-178;194
172;188
174;213
-163;-169
-186;147
-184;-220
-221;170
-173;-179
-171;-161
-168;178
201;-168
189;-154
164;196
-169;-200
-175;-198
204;184
-132;-170
181;-163
175;-193
222;-157
196;-151
219;-169
232;-172
-205;-177
-199;182
-174;183
196;-180
-190;204
-216;-145
194;199
148;183
165;-171
-187;-179
196;-188
-167;196
196;228
191;-155
-166;-209
-197;175
150;194
-178;-198
-169;-181
-176;-185
165;216
-196;-181
-113;-192
-164;172
175;213
154;-186
-163;-197
-193;-164
166;213
172;169
-223;147
-176;-172
-208;163
188;148
-186;195
-136;190
159;-191
163;194
206;189
-204;173
-176;180
-135;-179
-197;160
-188;182
193;-200
192;226
215;193
169;-200
-205;-188
-200;-149
-201;-214
-222;197
-177;-183
206;170
176;184
198;-173
-185;217
222;192
177;231
194;-174
181;-186
-194;161
191;-168
-205;209
197;187
-198;-153
209;148
-200;-186
193;174
-206;-192
-151;-189
190;-196
187;-213
151;-220
185;-215
-230;164
203;171
191;199
-205;174
-182;-204
170;215
170;195
-115;-171
189;-186
-192;-179
-156;-182
210;-180
185;214
204;-159
141;-200
-178;177
194;167
173;195
-182;176
195;185
183;193
199;-139
-185;-247
197;162
-198;142
-190;219
-188;195
184;-193
151;185
178;167
183;-201
199;152
199;-180
-144;211
-173;-193
165;-205
-196;-176
190;111
209;168
-181;211
-202;-175
170;-141
-181;176
-215;170
182;-204
157;-173
177;175
179;194
180;193
-192;172
175;-181
-212;-205
-189;204
-181;191
-172;-189
-178;-214
-224;199
-206;156
169;-179
-222;143
-184;171
-138;-184
-186;158
-209;147
198;-159
-189;156
172;175
-183;163
196;155
137;152
154;-191
-148;-223
154;185
-212;-216
-225;-204
191;-189
-202;-170
-170;-157
-235;172
163;174
-203;-202
-176;201
207;208
-210;-186
-179;-198
-181;208
149;-154
-174;179
189;-209
-149;189
190;204
154;172
225;203
-194;-163
-199;-149
195;178
-186;-203
-196;204
-175;-179
-153;-182
-204;171
191;-175
162;-222
162;-219
173;-192
-232;200
176;-166
227;181
189;-170
-196;151
178;200
195;-155
-195;179
221;-171
-184;165
-169;-156
-188;187
177;-134
-185;-195
163;202
162;-172
189;207
188;-135
-207;157
-193;165
-181;165
195;-169
-174;-202
-160;144
-185;-189
-170;195
187;-189
191;-188
-163;-167
-198;-175
-182;181
166;-182
169;178
182;183
-179;-219
151;-195
-183;183
-171;-183
-160;-186
-183;-166
-194;-199
-212;-214
176;-206
151;234
-196;-154
-213;-181
192;227
188;172
183;154
192;166
-181;187
-155;184
-169;182
171;181
175;-186
-190;191
-198;165
-172;186
195;-159
-132;156
204;-208
184;-147
187;-219
-144;-206
202;194
197;178
172;185
185;-172
-170;193
-169;-167
-169;186
187;-223
-186;175
195;-185
169;194
202;-154
-174;-199
-132;-170
-176;157
-185;-168
200;-98
-199;-177
197;-175
-161;-180
-180;193
-160;244
-225;-203
156;-134
-147;194
155;120
140;-217
-199;-180
190;205
215;-150
-167;-189
157;-179
175;199
152;169
-192;188
171;-201
-169;200
212;185
-199;-149
-202;-165
203;-172
-141;-231
169;191
-138;182
159;-202
171;-183
162;168
164;-127
174;-145
204;-167
152;184
169;-199
191;174
171;-184
-201;-193
-155;192
170;-189
-187;-195
-177;-231
188;-185
-179;172
-182;-183
-214;-198
158;186
-181;-175
202;-194
188;194
-136;211
167;232
220;-130
216;188
177;196
-149;-183
184;189
-172;179
-213;191
164;192
176;-165
-156;182
-190;-175
-154;189
-191;177
-204;177
188;205
-197;-199
178;159
195;-203
205;173
211;169
163;194
-132;172
188;-163
-150;142
209;-175
180;-194
-154;-161
157;176
-180;163
161;-169
-138;179
-149;146
194;-200
187;159
160;-191
177;-178
169;145
-186;156
-190;181
-170;-179
-174;174
162;-158
-195;-211
155;202
183;-142
-195;178
206;-192
182;188
132;199
161;-199
198;146
-144;-145
-190;-161
-161;-181
171;176
-191;-182
-175;157
-210;-175
-217;-210
-219;-157
-212;143
147;-194
-149;164
-154;180
-193;-151
191;156
-182;162
145;134
-157;-160
-172;181
-192;-168
-179;-179
189;207
-135;200
192;210
-161;178
-144;-186
-185;148
175;-182
-179;-188
-187;-206
152;-188
193;139
-224;-253
188;211
-164;-191
168;163
-219;194
-206;201
151;-158
139;-173
-187;187
182;-152
-187;148
-210;-216
-162;130
170;172
217;-199
166;-176
-159;-204
169;169
-217;146
171;181
183;194
-212;193
155;171
212;-119
167;-159
160;211
-192;-169
192;157
-169;147
186;-129
-125;207
176;-150
-185;-192
187;170
201;163
-165;188
174;177
160;-133
183;-187
161;147
173;179
-161;-183
158;-165
-192;-188
-175;-190
199;184
206;-221
-170;-150
197;-180
156;133
-226;176
-197;158
-204;205
-164;186
-176;-178
-182;189
-162;-168
-151;183
-206;-169
183;-177
-149;-187
173;-195
-217;187
-195;199
-179;-128
181;-191
199;157
197;195
-170;-193
171;-142
178;-164
-186;-186
-186;-174
201;-173
-165;-173
164;160
161;-161
-181;-197
-166;154
171;209
200;178
157;202
-168;202
171;188
173;212
-133;-186
-193;153
-162;-166
160;-152
218;-210
-172;-141
-165;178
187;182
200;186
-161;161
168;-195
194;-138
184;-163
173;163
-178;-143
166;164
-195;160
-169;184
-148;222
194;-151
-177;161
188;168
181;-189
174;188
212;131
-142;-195
-139;-181
-159;-189
176;178
182;144
189;-176
171;-166
198;178
-169;191
-165;174
165;172
-191;-198
197;-192
217;-181
-190;174
-222;148
-217;-120
170;189
150;199
173;-182
-173;-172
139;-188
175;190
199;-171
184;-200
160;138
138;-203
177;143
-186;-145
185;-142
-159;176
-183;153
-180;172
179;204
169;-199
167;173
155;-170
-159;192
192;172
-195;173
-178;174
179;204
-181;182
184;159
-178;201
159;-154
-191;155
198;-207
222;167
-179;-172
173;-153
163;-185
-172;232
141;-196
175;192
150;-180
177;180
161;158
152;188
-183;187
126;-188
154;-178
152;-157
158;-161
150;186
177;167
-179;-175
-136;-234
-210;-167
-206;202
179;-170
-165;-214
-210;181
211;-167
-126;161
-185;-185
-155;196
193;195
-165;198
-182;187
-166;167
189;168
-169;-166
150;-181
-155;168
-191;188
160;192
-153;155
165;-149
-179;-121
-172;170
-165;-164
-216;-192
205;193
160;169
167;194
171;204
-212;-153
-215;-203
147;-188
207;166
-169;-166
212;202
-136;180
-198;-177
-208;-196
-163;205
-183;196
-155;204
168;-184
-209;-184
-178;161
-160;-173
202;136
185;182
-205;223
-217;190
-168;175
-181;-150
199;194
-183;-140
-171;-143
142;169
-172;-153
-150;211
171;144
177;-235
-155;235
-175;-181
185;-150
-186;172
160;-197
-151;-177
-208;184
179;-197
199;170
172;-131
-222;-144
-160;-163
-201;184
-173;-157
-182;-191
203;131
-206;-162
197;145
-149;-189
-152;-175
-139;154
131;-153
161;-144
199;-175
148;201
171;-207
206;159
-145;210
221;163
171;160
182;193
-191;-164
167;-180
167;-184
-194;179
184;162
162;173
-244;-160
-165;226
-216;-205
-179;195
-169;-194
-201;-193
-171;186
157;-156
160;-207
153;192
-164;-185
-169;-191
203;203
-192;-187
179;-179
183;-187
193;-181
164;-167
157;-163
170;-212
-172;-124
-148;169
-181;166
166;-164
-202;146
-202;-188
166;169
163;181
182;-185
-185;-188
171;-211
-149;161
172;175
166;-197
-189;-171
-157;196
168;168
-171;-146
-195;-200
-160;-173
156;140
-176;-177
-150;-171
-139;132
152;178
163;-168
-175;-155
-187;-143
224;201
179;189
-191;187
-155;-149
-180;188
168;153
-210;175
-177;160
169;-176
177;146
148;173
-194;203
-222;138
-207;-182
-212;207
-194;171
166;-175
180;186
210;163
176;-167
-152;-175
-178;-159
-243;-168
-160;161
-183;-151
184;180
145;171
159;-190
-139;195
168;157
188;187
175;-223
189;-162
-177;187
160;-168
-183;190
217;229
-178;-167
174;167
-181;-166
175;159
-203;-169
-175;-145
192;-191
209;-192
175;-161
154;-170
-202;149
118;220
186;149
-195;180
-207;-180
163;184
179;164
-142;-170
186;-171
-185;-159
-157;-177
194;-172
173;162
178;-173
168;-180
-171;150
197;180
168;230
-198;209
174;199
144;207
186;-180
-173;-158
203;190
-199;163
-192;175
-208;178
197;-155
166;211
181;161
170;-206
179;198
184;-165
-188;166
-197;-193
154;-192
-184;-190
204;210
185;169
-195;163
-181;-211
174;-160
-193;177
-152;202
194;-182
155;-169
158;164
194;177
156;179
-211;174
197;-198
-217;-192
-200;213
-183;166
-167;-199
-206;-186
-186;197
-171;157
185;-183
-157;184
-177;187
-184;-173
-178;165
-166;177
169;-148
-190;174
144;153
-177;167
191;120
168;172
168;-186
-157;-186
199;164
-174;-204
-143;-172
155;-186
-182;-185
-160;-189
-180;149
161;201
-144;-184
-184;147
177;186
-189;-145
-195;-162
-192;167
179;-199
-141;183
157;-158
-178;188
186;168
149;220
185;156
-201;-173
-194;-178
209;160
-178;-214
-161;160
-125;-153
-185;-193
-164;176
179;-173
206;-157
154;-159
180;-159
-181;158
141;-174
187;140
207;-172
-209;202
172;213
176;-189
-139;160
195;-155
-172;147
-192;-186
-169;154
125;-162
-207;-204
176;164
186;-184
171;181
154;-148
-190;175
-153;143
-184;172
180;-140
-154;-188
-168;159
-148;-161
-157;181
182;-147
196;-150
-147;-182
-189;-162
-170;169
149;-170
162;167
171;216
-157;-162
207;-198
-181;183
-181;-179
-166;-183
-129;-197
-195;-211
-147;-169
168;-184
201;169
-173;-165
-197;-194
124;183
189;165
159;169
179;182
-152;202
-174;201
-214;189
210;198
201;-155
-185;181
-211;143
-181;175
169;-206
-160;182
146;-191
138;-184
178;-184
-173;-147
179;195
179;150
154;190
175;-186
-158;179
-173;-156
-201;166
160;-182
-194;213
207;-188
184;198
132;-196
-175;-144
-200;-144
-155;206
-154;-170
164;-181
-152;-181
182;-175
-154;-172
-181;164
-168;198
-174;-169
163;-181
-178;157
164;162
174;-154
-166;-178
172;188
194;-162
-138;-169
198;-187
160;200
175;192
-160;167
179;-158
-193;191
161;190
-162;-206
-203;-178
170;-197
-200;-203
180;193
-176;149
163;-214
176;-170
169;181
201;-185
178;-177
197;-162
180;175
177;-208
190;198
182;-170
-223;-204
-193;156
189;-169
-163;-182
-165;-158
174;-194
-192;173
-201;-173
-195;-155
161;207
-153;-223
189;-164
185;178
-153;177
163;171
163;-144
188;153
167;186
-171;-155
186;178
-168;182
-170;174
158;174
141;-147
-174;175
-181;-175
-181;169
-180;160
-156;159
155;174
-158;-139
179;170
152;-166
166;216
159;177
162;198
-222;175
182;-174
-194;215
153;-197
174;-178
-172;-206
192;173
-162;229
158;-200
-165;201
-168;192
166;-175
175;192
230;-199
219;-175
212;152
-177;201
-193;176
-178;-220
-152;159
170;-193
-212;-169
158;169
165;-196
-134;197
206;-168
117;184
163;190
149;-195
198;155
-182;-151
-164;-169
-171;-126
195;197
-203;-156
-196;197
-211;-217
-196;-165
-197;-195
-215;219
208;-198
-188;232
-182;184
-161;-215
215;186
-174;183
174;184
-193;-167
-202;161
-173;-151
-204;-205
168;148
-184;156
133;174
-177;206
-193;-183
-202;175
156;-166
-168;-165
-184;-186
144;-185
170;187
-193;-198
193;178
-177;-168
173;146
-174;190
-191;191
190;-152
148;-137
-209;199
207;-183
-155;182
-197;-151
-174;165
185;173
153;-190
175;-174
-163;-174
189;153
-167;183
166;192
161;155
-167;187
156;201
174;-171
169;-177
199;226
-184;-214
158;189
-164;199
178;-176
-216;232
193;-202
-151;-198
237;203
165;172
-163;215
160;192
243;-195
148;-158
204;210
226;175
-203;-147
178;-192
-171;-206
-156;-164
203;187
173;-167
-194;-198
146;-159
141;190
-156;174
-230;183
-183;173
-215;195
-184;-212
-181;158
-218;-201
-177;159
-168;-163
163;-122
-179;-171
193;-194
-191;134
-150;201
-167;-189
175;-181
179;175
191;175
-163;-178
181;-158
164;-206
-184;-190
-183;-147
181;-232
-173;-196
187;230
146;-163
-181;-157
-160;161
202;163
178;184
194;171
-199;169
157;173
166;143
-166;-160
-149;196
-186;-179
188;-209
194;-188
-203;-189
-155;167
196;158
179;181
-157;169
191;-169
155;-155
172;-183
196;197
-187;-180
207;195
-162;217
-163;188
-168;142
181;-157
-182;186
154;187
205;-207
185;209
170;167
-162;-152
-187;-154
-192;-215
187;188
177;194
140;-177
155;-183
136;134
-171;176
-157;182
183;195
-182;-143
160;-148
181;-164
-221;192
-158;195
-179;-133
188;194
250;144
219;-155
-198;-163
188;-162
175;178
187;-179
209;-205
172;180
158;-169
211;194
-157;-172
187;-203
-174;203
-178;184
-198;184
167;187
169;-169
168;194
175;-152
-152;164
213;220
-186;189
-192;183
157;179
-181;205
185;199
-183;146
191;-221
-141;192
175;-173
185;174
-161;-202
201;-153
201;-159
-206;172
191;-172
171;150
168;-192
131;169
144;193
154;217
-188;183
172;-199
156;-203
162;-179
184;-152
163;171
232;163
-148;-177
-156;-163
-205;-203
-148;192
192;-163
-164;-148
-185;200
181;-155
-161;180
-203;-153
-157;204
211;160
-166;165
-211;187
-155;201
177;203
-183;-152
197;-173
-193;155
-150;169
197;139
-189;171
172;-194
-151;-172
-124;158
-231;-170
-173;-175
215;202
161;152
176;183
129;194
-188;-166
-176;-176
188;-198
192;161
-146;-170
184;183
-195;193
-159;-194
-185;-166
-169;159
-169;179
-184;173
152;-152
-171;-204
-184;204
-170;-184
157;201
158;132
-206;160
-190;174
-146;173
-161;-203
217;209
-151;-187
-191;-193
193;172
-178;-170
-161;176
160;200
211;-152
-172;211
-193;-152
202;-182
-174;211
179;-160
-192;-182
-184;192
205;-208
199;188
158;-165
-187;-146
-187;-154
-159;163
-199;-169
-191;-192
142;161
-174;-191
164;166
-177;-153
-170;-189
-213;171
176;-194
165;-155
162;-161
136;162
181;-159
178;149
-187;173
151;195
199;210
203;150
-204;-189
205;-153
164;-172
-177;214
130;155
174;185
-139;-190
-179;158
-136;-190
-235;166
-159;-198
-181;-185
-201;201
171;-168
169;-184
199;185
-222;-165
-186;-168
174;161
-183;-148
158;-166
164;-179
165;-183
146;-166
169;-167
208;-142
-159;-165
-173;181
-125;188
173;-200
-194;168
-159;-182
161;185
185;157
143;-162
-201;-175
178;-181
-165;208
178;178
199;-201
-201;-184
-187;173
187;217
-197;-191
-169;-184
-193;-172
201;189
-188;-186
-197;-170
-149;192
185;185
183;-147
-194;-168
-186;-175
168;170
170;197
-206;185
-195;-172
-190;178
177;180
-190;193
-155;227
164;-186
198;189
192;157
-172;195
-162;193
-187;-183
-179;172
-141;183
195;-150
197;147
167;148
206;-153
-179;-175
-169;-187
-151;-193
-210;190
-194;-168
187;185
140;191
172;-179
-170;208
158;191
203;196
126;-176
144;-178
-169;182
182;-176
-207;175
192;180
-157;-146
146;190
-185;-194
137;180
-176;-184
-156;-179
155;-126
169;-170
197;-174
156;-204
-141;177
198;196
175;185
-166;178
-154;-179
204;187
199;158
-187;-177
177;-190
-228;-200
-202;-188
180;-168
227;179
178;-194
161;-201
-129;155
191;197
210;190
-199;182
190;153
148;212
137;-158
-196;-179
160;198
-203;146
-155;169
-180;181
161;-186
164;195
156;151
204;-158
167;193
171;-195
-177;165
-158;-127
145;-208
-187;-150
178;152
150;189
-190;162
-217;-145
127;-213
-179;176
-140;174
182;-197
148;-160
161;172
232;140
147;153
-172;164
169;-197
-206;-203
-185;177
-163;194
-164;-204
-182;-181
-203;189
-155;221
231;-187
-196;174
-227;162
-175;-193
-174;173
-192;180
214;-160
-184;182
202;218
-195;144
183;174
191;192
170;-181
-171;-172
177;202
-179;-168
-177;-166
162;-196
-194;-164
-172;-184
-146;161
179;172
-223;-172
-203;206
144;194
-177;-195
-201;-172
-173;184
130;-160
-154;157
160;-181
-196;140
171;207
213;163
158;162
-174;-149
-159;-170
185;187
-142;-162
-156;184
-207;-187
-198;-135
-200;183
209;-204
178;-209
184;-193
143;-217
-194;157
180;-174
123;191
150;-194
-155;192
214;182
204;-181
-149;213
182;-169
-172;191
-171;-168
-172;206
196;-164
-158;-190
177;185
195;-191
170;172
242;-171
-224;234
-239;195
-179;164
206;-169
-202;-182
-228;204
-191;-169
-152;202
158;-211
183;-188
-216;-165
-199;-165
-155;185
182;-171
176;145
197;177
-149;-203
198;-202
-211;175
-185;-207
-213;-158
-190;-161
-170;-161
-151;-207
193;-207
198;166
-157;-130
-140;-169
189;170
172;158
185;132
146;159
-164;175
-175;198
-170;184
201;162
172;-160
-167;201
-125;170
-167;192
184;-213
-143;174
163;-163
184;-239
198;-202
-188;-139
206;160
188;165
189;169
179;-187
-181;165
-175;-207
-207;197
218;-188
-194;178
208;-165
180;174
182;-158
-216;-222
-175;-218
-205;160
-178;-195
238;-178
-181;-199
200;-221
-184;-216
-204;199
-202;153
-182;-197
174;-191
-188;175
185;165
124;-158
-191;-172
158;176
164;-201
-155;-191
171;-205
212;191
191;190
-195;177
153;-178
-195;185
180;164
-162;-165
-138;-131
165;-139
-181;-176
185;160
-192;142
147;-148
210;-153
157;151
123;-178
133;-168
140;-169
144;147
186;-176
182;174
123;-199
-186;-136
-220;188
150;-188
-188;-188
-175;-185
203;-171
-211;197
-198;-152
-195;-219
202;176
-167;-194
189;-168
198;165
-210;184
204;235
189;-165
140;197
205;155
-186;-233
159;199
-195;200
-212;187
166;199
204;-177
-214;197
-190;-210
-196;179
-206;183
-167;166
240;167
-191;-168
183;141
160;-178
154;210
176;149
210;199
-189;164
200;-159
-185;172
225;-175
213;-127
-171;-175
157;204
-181;166
187;-194
-260;177
-180;194
186;-198
154;182
229;-178
139;-213
194;185
-188;194
-165;161
-219;-198
-227;179
191;-200
-195;-163
184;176
178;-191
-196;196
186;-173
174;171
179;204
222;-202
168;194
-181;-179
-189;-151
-169;-170
175;180
-197;-186
-203;171
-165;-163
-151;-147
-165;-196
-166;147
169;-147
-153;179
-158;171
-140;-198
196;189
-204;182
192;195
-181;-137
-173;171
-168;-183
-214;-218
181;168
-192;190
185;157
-180;182
-188;-193
-209;184
211;-155
-158;-182
-194;-195
199;-177
172;211
-173;-162
164;229
-177;-187
153;165
-187;181
-160;187
176;-188
165;-198
-188;178
162;-199
-156;150
-153;-185
-168;167
202;169
182;-231
229;-174
-193;-193
158;197
-195;148
221;241
154;160
-182;146
192;138
195;-157
179;-166
127;194
-151;-204
175;160
-184;165
192;-190
-165;180
195;-159
-171;-155
183;187
185;175
-139;157
179;199
203;-132
160;-181
136;189
164;180
-166;-192
161;-187
-163;-172
-203;-174
172;169
169;-164
-177;-178
170;-186
170;175
-173;199
-192;183
-173;209
-205;202
-160;-178
-220;208
-183;-214
-195;180
-165;-148
189;-169
-199;-210
163;-158
-183;151
-168;170
-191;-166
180;-219
192;149
154;177
-211;-201
210;-179
176;-181
-198;-190
-169;-158
185;-179
-150;-191
150;175
178;-175
-181;-166
-202;186
154;154
161;152
199;169
-210;203
170;192
140;154
-202;-193
-192;167
-148;179
231;-146
137;204
-170;-192
-172;146
178;-203
187;-174
-146;172
203;166
206;197
158;-224
157;-146
-187;-212
159;174
-177;-199
-215;169
-198;158
136;184
-154;-184
146;162
162;214
184;185
194;-216
-170;-170
-163;168
-182;194
186;197
158;208
189;-193
188;201
202;-141
-165;-178
-129;-178
164;-159
-149;147
178;-157
191;-176
-160;175
-171;130
-185;-148
136;192
165;-145
201;188
-179;193
210;174
207;-171
180;-178
183;-190
208;-187
210;169
204;183
-201;225
154;204
-231;-168
-171;-195
-195;-178
151;-181
202;-207
170;-191
198;-192
-188;196
150;196
-174;-202
-192;147
155;219
-183;-206
158;172
-178;147
158;196
-180;-207
206;-175
213;-191
-211;132
132;176
221;-193
-184;-207
149;188
165;203
175;175
157;-191
173;-156
183;-190
-196;-163
201;172
145;170
185;202
196;-220
191;-166
163;-196
-126;-189
-156;-159
-158;-161
-226;173
199;-168
-132;-203
-192;162
170;-191
-148;165
-127;-150
-161;173
-197;-191
-153;184
-179;182
-151;-212
194;155
206;-194
157;-190
-164;214
-176;193
182;171
214;179
-193;-193
241;184
-189;-145
175;-205
-202;-157
-175;166
193;-176
-195;-168
211;200
-182;180
-201;183
173;198
-162;192
-200;-191
-179;-211
-213;217
-184;-222
216;-143
-147;-195
167;225
215;-164
170;214
-217;215
-170;149
-197;-172
168;222
-202;172
186;-171
-177;-204
182;185
-195;-198
179;-170
178;-188
173;-165
-252;-172
-164;167
192;-189
185;-167
189;-173
194;-156
-200;195
-177;164
182;-129
170;206
-159;-193
180;217
168;-202
144;189
-215;-141
189;-185
-180;-173
-200;184
169;-169
195;198
171;-204
264;163
180;213
-199;159
224;176
206;-198
191;146
-188;-154
178;-208
-199;196
171;-191
-167;-132
-220;-166
-165;167
-207;-170
189;215
143;169
-186;169
173;168
164;-171
-187;-200
166;-151
208;216
-227;147
-203;181
168;236
-190;162
165;210
171;189
-202;178
196;-164
-176;-174
152;-170
-206;189
-162;208
-185;188
-161;-189
155;-216
-175;-205
-179;197
-192;178
201;160
170;-173
-199;170
140;143
-209;191
161;165
-158;-174
180;198
-210;189
-226;185
194;168
198;175
175;-189
-161;200
171;-194
-167;203
183;133
162;-184
-193;197
-201;-171
-213;-189
-172;-174
-162;169
177;175
229;191
161;-197
-177;-136
-148;201
164;-198
156;-172
-195;-176
188;-205
-192;-168
171;184
-185;219
210;179
180;-199
-176;146
201;224
173;171
-216;145
-137;-175
188;180
-163;196
215;-200
218;-154
-191;-200
-178;-203
163;212
182;-225
169;-184
187;-195
194;-143
-152;149
163;167
187;164
215;-219
-192;-222
165;-186
-174;-185
186;-177
163;-199
-191;213
-169;204
180;-225
-170;219
-191;205
-197;-183
-173;-172
166;-205
181;-217
-163;-191
-219;-177
205;-134
-174;-197
-176;-190
174;190
195;-184
189;-146
174;-165
176;191
170;-184
175;-165
-165;184
171;134
-187;158
-180;174
188;-182
189;226
-189;184
-190;-165
147;203
-203;-181
-183;-183
-158;-132
193;161
-197;-184
-218;-199
-194;-182
-200;-173
141;-176
200;152
203;-174
176;-209
-217;-168
197;204
-197;-166
171;-191
185;161
196;-174
164;212
209;193
-173;193
177;-153
-196;152
-183;-216
176;208
-163;-185
-206;155
-221;172
184;-145
181;192
-192;-217
192;-165
153;168
-185;-160
188;-183
-164;-188
145;207
-165;195
-218;-201
-194;-178
-168;155
-200;173
-222;180
161;-176
-183;163
-181;-175
-177;201
164;162
190;-192
193;191
173;231
219;-201
-201;-167
202;196
-210;-210
-184;202
182;-185
178;192
-198;151
153;143
196;-228
176;-171
190;169
213;-208
-167;-147
-197;-144
-172;162
-170;162
214;204
-197;203
164;177
194;-172
-194;-170
-160;144
-230;209
-182;161
189;-203
158;-165
149;199
-201;-168
174;-201
-147;163
-160;-214
173;199
175;189
-215;185
-213;171
-172;-190
172;183
-163;-179
157;183
-189;-201
191;-174
227;181
-178;-190
156;166
-189;189
159;-189
-178;138
180;-169
-213;-148
176;216
-174;165
187;-184
-196;-214
214;213
148;192
-139;-177
-170;-172
177;-196
155;226
173;-200
156;-194
-189;-187
183;186
-177;-185
-193;195
-164;-190
168;-186
-179;176
-180;180
157;210
-178;-180
166;-176
239;156
158;-191
195;150
177;-205
-173;-165
176;183
-196;-179
158;159
-199;205
172;-206
-234;-191
207;161
196;189
149;-205
-158;159
190;120
167;-148
236;-181
166;159
-173;181
-148;-198
-184;174
-214;129
-124;-191
-163;-177
157;-190
216;225
-186;136
-211;178
148;191
-176;-171
196;190
163;168
189;-176
187;166
-177;-191
-233;-212
-171;-179
-181;141
158;185
-142;227
202;-160
-185;-178
-193;-203
221;-196
187;159
147;201
-200;176
167;186
-182;-172
-164;-185
-246;200
-170;-219
193;-216
-218;-191
-190;192
-180;-158
-185;199
-178;-162
162;194
-198;220
191;-159
-184;-169
214;136
169;-222
-206;-182
-147;213
177;-207
154;-223
-176;212
187;205
-186;-174
-195;-230
-184;-182
181;196
-154;-183
189;232
191;145
-166;-171
-222;179
159;-148
-158;-240
211;-176
-183;172
-186;-176
-168;-192
-183;155
-175;-175
-167;-180
170;194
-169;-190
181;206
-158;164
-168;174
175;-210
-196;-199
207;173
196;188
185;195
172;-180
-167;-239
179;-176
-183;186
166;-210
-199;190
152;176
211;-183
202;-206
185;-202
189;-187
-197;-231
192;-194
-186;-242
-218;-209
213;184
192;-169
145;175
-185;198
-174;202
-196;185
-183;165
-151;167
-189;200
-201;185
-161;173
206;-187
-186;188
-140;-187
-150;196
198;190
-174;157
165;-178
174;-210
211;-210
-162;165
-171;187
-156;-186
-191;-210
-159;-208
165;196
154;-165
181;175
-172;-182
-187;-158
179;-171
193;-174
-212;-151
-182;151
136;202
-184;159
-175;-217
151;163
-196;224
179;-180
206;-184
-169;-189
-203;-203
200;-161
-184;-193
194;-196
206;193
-215;-219
-184;209
160;155
199;171
-182;-164
177;-190
186;-184
191;-186
-187;199
179;172
180;195
-191;-177
-161;146
183;-142
-153;-187
-161;143
158;207
171;-187
221;-165
160;185
-200;166
-162;201
198;195
194;-168
-188;-216
167;-168
-169;164
-171;-202
178;168
-189;156
-156;-172
-180;168
-202;123
-161;190
156;172
-148;188
182;-196
153;-184
-160;210
-198;-171
-184;-163
195;198
174;-207
185;165
-163;187
219;-190
-165;137
167;143
190;206
-182;-154
-186;-193
158;-198
169;232
-214;-190
191;182
230;-207
-213;-181
239;192
207;188
167;186
-199;200
195;177
139;-194
-249;-169
-166;-163
171;158
-170;181
175;172
219;-131
-199;134
184;-169
167;180
172;181
147;-168
-166;178
-143;-150
-178;-189
-236;167
166;200
176;164
195;177
205;-156
192;-169
149;-130
-185;136
-159;-189
181;197
-165;-164
193;-186
181;161
172;-170
-186;155
157;-146
194;175
-163;217
160;-171
-176;-181
187;-160
162;-161
-196;-137
196;-157
-155;-145
-179;219
-164;190
-163;204
-192;-137
-177;151
-183;-129
178;-171
174;-186
-181;-152
-167;183
202;180
176;183
-145;188
241;-154
168;-151
169;-173
149;161
-162;-181
185;209
-185;191
-170;179
-207;207
187;-157
-159;223
221;198
183;-198
183;186
145;187
-205;-229
-198;-204
-193;-183
183;183
201;161
188;-187
206;-191
196;185
-186;187
-184;179
210;193
-210;-190
195;-219
186;-225
-195;136
-204;182
-197;-219
193;161
175;199
180;-178
-187;-195
131;-202
157;208
215;-167
192;-188
192;165
178;-144
192;176
-182;-193
154;-192
-192;201
-168;191
-167;200
227;181
188;-166
233;201
164;-180
-158;156
182;186
-175;181
-180;214
174;177
-191;224
192;212
-201;194
218;-222
-199;205
219;-226
214;235
-224;-197
200;-193
218;-196
-181;182
207;-187
182;240
177;-199
193;195
217;169
182;189
-193;156
214;-142
176;-166
225;-174
204;-195
167;182
207;165
-189;-195
-192;-188
-205;-157
-143;196
203;-197
-168;-214
-211;191
193;-210
-166;178
-198;-168
-188;172
169;188
-185;201
-187;176
-183;220
181;205
-185;-198
195;-200
-182;201
-180;141
190;189
-188;160
119;-182
-210;-164
-170;222
-176;-180
-202;-226
216;194
168;169
198;171
195;197
-192;-214
-188;-210
163;-206
159;165
-218;-161
174;203
-211;234
-180;-217
-160;-192
-187;173
-184;188
-208;231
189;-194
-190;-224
-187;184
-176;-202
200;219
181;193
-194;201
-155;186
-178;151
-193;-187
162;179
-192;-178
-225;-185
198;168
-181;-189
-209;161
201;215
144;-182
-149;169
-210;-176
194;-220
-231;189
210;-184
-178;-180
-188;210
230;-173
179;229
166;-189
-192;-167
-180;-184
-146;193
-209;-190
-177;-179
204;174
-193;-174
173;173
-184;-223
-181;-205
-154;149
172;-185
153;-173
179;-189
166;206
177;-180
157;169
-188;191
240;151
201;235
177;151
-194;-207
197;-178
201;-182
-221;184
175;260
218;207
-232;-168
-196;200
-171;-235
-224;196
-173;-161
-179;-198
-209;207
246;-154
213;-169
194;202
-229;-181
-185;-223
230;176
-166;-198
189;-206
174;-179
185;-172
202;-215
196;-199
197;-192
-206;-210
-163;213
-206;191
191;-197
-212;196
-219;-172
217;178
197;207
199;-185
-194;-145
188;-175
-167;174
238;213
203;-171
-203;-200
-203;169
173;150
-187;-186
-210;-157
-189;-161
168;208
-187;-169
-186;-192
-184;180
193;157
161;-190
-161;-157
-200;-202
197;189
185;195
-160;207
-167;-161
-209;199
171;186
-166;180
-192;204
205;-215
202;180
188;154
-200;153
-180;168
-167;-175
-184;175
-197;194
180;-201
230;194
175;242
194;-213
-137;-226
-203;-208
-206;-203
-176;176
-212;-199
235;201
186;208
218;-212
-158;217
212;177
186;203
177;-197
230;-237
-173;162
213;-181
-212;209
153;180
-164;-221
167;160
-175;-204
175;214
-149;-196
-180;-190
203;-188
160;-170
186;-195
190;-150
-166;178
173;199
182;191
-176;196
-209;-148
192;153
199;152
-182;-185
157;-205
-157;-193
-208;-194
171;-170
203;164
144;-227
190;-227
-178;189
174;160
206;236
-179;205
206;237
185;231
200;-195
-173;-210
152;225
-170;237
-164;122
-208;154
195;-156
213;212
155;205
194;-179
161;179
160;-178
-211;210
-204;-163
186;-178
-155;-215
177;186
175;139
-162;137
-117;-168
159;-167
-198;166
-148;177
178;-124
174;-178
195;176
191;144
164;162
-175;144
168;-210
-150;-171
-190;183
-153;179
-166;-188
-173;-157
-200;208
-158;159
166;-220
-157;209
-184;194
-216;-198
-193;161
-182;229
205;-202
-208;179
191;210
-173;182
199;175
194;178
120;-182
-170;-183
189;166
-210;-187
-203;-162
179;-176
-193;-164
-202;-190
-191;164
185;190
-159;-202
-169;172
190;219
-216;-185
-212;-223
-209;192
191;-202
-170;149
205;-163
-179;164
262;188
214;183
170;159
-155;-164
-164;-187
157;171
-180;-164
-178;183
-206;-161
-162;-213
-158;192
140;-171
149;-168
177;-158
197;-181
-174;147
146;-180
151;184
180;-150
-153;198
206;174
180;-191
-185;203
181;-185
-151;176
-178;-186
-178;195
167;-157
-222;-185
207;179
177;-168
184;193
197;-187
-172;183
-185;185
-193;183
190;-175
-222;-208
-168;195
-207;-165
-191;164
169;-192
218;-191
-170;-157
-174;-181
-180;222
198;-198
188;193
193;221
-177;-200
230;-209
-210;189
-168;-202
-175;-220
-214;-195
-189;-208
-180;-181
179;-185
174;175
-151;-196
-182;-182
160;220
174;169
169;161
173;157
-147;170
-183;194
-177;213
145;180
177;-135
-185;195
-196;158
-178;176
165;-198
-179;205
157;-155
173;-164
178;-165
-195;-172
160;169
179;134
198;140
158;-196
-178;163
-182;-165
-196;183
161;-214
-201;225
201;-196
186;152
176;-170
-186;-224
-193;-164
-190;226
-194;-182
173;-229
-159;-187
191;-207
-192;-184
-139;191
-177;204
-194;-177
161;-146
-163;181
195;160
193;-182
-149;-166
181;187
225;-235
-164;-187
230;-229
172;208
199;183
-233;175
202;-196
-207;189
182;159
-191;-189
-215;-211
176;-157
-152;-196
185;160
-209;171
166;-182
189;-144
192;197
136;-204
176;-172
167;-185
203;209
166;-171
157;171
166;-173
-205;-183
-167;155
186;-180
-169;-178
-166;-168
214;-186
-197;177
-196;-203
-191;-181
203;168
-222;-187
174;-170
224;197
-174;160
239;142
199;-194
196;137
191;165
-179;-195
190;154
-193;173
-191;204
211;191
170;-184
-189;218
-166;-190
-189;179
-188;183
-173;154
193;175
-176;-156
154;185
178;-188
171;174
180;230
171;157
-181;206
193;-160
-167;174
175;-160
153;-183
-180;-152
187;209
-171;197
153;-220
-156;200
-187;173
171;-167
163;155
168;-170
173;-201
167;155
-163;201
-198;221
-191;-159
-186;178
177;-184
-133;-211
181;199
177;-171
-198;185
178;-180
167;180
246;181
185;-198
202;183
-157;-175
-140;-205
-166;-210
198;213
-165;-192
-205;182
-179;-170
-150;-198
-149;-191
-151;177
222;-195
-173;181
-167;164
-191;-191
180;176
-173;217
195;184
-233;-235
-178;189
-217;-199
-172;-207
187;151
-175;158
145;119
-184;179
-188;-204
-156;194
153;-191
-158;-154
-197;-203
172;-183
196;166
-191;-193
204;176
-182;-177
181;196
-137;193
-153;202
198;-192
221;-208
-213;197
185;-158
-188;198
-143;-178
-171;153
146;156
157;-134
187;-179
-164;-194
164;190
-180;152
175;190
178;175
-183;170
189;218
184;-197
200;-209
203;196
-186;-204
170;213
-201;191
163;-138
-208;132
177;-196
-178;-192
168;186
162;228
-205;130
182;176
173;-181
157;-199
174;211
155;159
-174;-161
161;-205
-168;-180
-195;-209
173;161
170;-185
-171;-189
176;-200
192;170
-183;177
-174;171
-143;170
-134;172
-198;-186
-186;215
-159;-189
-140;202
-170;-174
198;-128
-165;-202
187;-204
-216;164
-174;169
-201;-189
169;-155
173;190
176;186
-205;-163
178;-175
187;-159
-202;-187
-192;-179
238;-227
-201;-165
171;173
204;-145
-202;-193
-152;145
195;171
156;166
182;191
-172;205
207;188
148;198
-195;-181
-183;172
-188;-158
186;-208
177;-176
-164;-175
-165;167
192;172
165;155
-231;175
177;-157
165;-195
166;-141
175;212
-159;-196
181;199
-200;194
-188;164
-204;196
183;-193
-201;175
196;204
204;-172
174;190
190;184
-169;-201
-176;-193
-188;-203
177;169
161;240
196;-168
172;-152
161;183
-201;189
-127;200
173;186
-193;-188
177;-210
165;-190
-166;127
-171;212
-163;-162
173;115
150;192
183;-216
-187;-199
185;-193
151;196
169;-168
137;-185
180;188
152;-167
200;171
-177;-171
183;-148
-198;153
-174;167
-207;190
164;189
190;-165
166;201
210;-184
-153;220
188;182
-185;214
-159;193
205;190
-185;177
172;188
-181;164
189;-216
-177;213
185;-238
182;206
-171;-191
195;-207
184;-219
-169;192
200;-232
177;177
191;-181
206;181
182;178
171;191
-199;188
173;-174
167;-166
200;-184
212;-173
229;181
174;211
-191;-196
-207;-162
-150;-202
-208;189
202;-173
-169;-202
-170;192
181;-208
-183;198
-189;-179
-204;170
172;141
-161;197
-148;163
-218;179
203;192
-197;-209
194;-185
-195;184
-170;159
181;176
-202;176
167;-156
-191;-167
-166;170
-195;-145
-165;-199
210;150
171;207
147;159
186;204
-184;-199
-161;-188
184;-210
201;187
-196;-166
183;172
-175;209
-201;-195
-180;-187
-176;179
-167;239
-194;193
198;-198
-200;-173
-182;220
-214;-196
208;179
202;200
-170;140
-206;160
-188;163
-164;-195
215;183
-176;-155
-158;-168
162;186
-195;-189
-227;173
163;191
167;-204
-165;189
-195;-178
173;-171
-180;187
169;-180
-226;-175
-182;186
195;-174
161;174
152;-99
-172;-196
-177;-189
-197;205
-161;-159
-179;-163
153;190
-189;-147
182;184
-200;-178
-181;-190
-169;159
145;-156
176;-173
202;-151
154;205
175;-171
155;189
-172;185
177;147
187;181
158;156
-172;-181
154;-182
185;-167
-175;197
226;201
169;202
-234;-188
-185;181
-221;-182
-194;205
-186;-190
-195;-212
-199;181
183;-181
179;-185
193;181
-212;-205
-174;-176
193;190
-158;-171
236;-162
179;-187
180;-176
178;-161
217;-197
201;-212
-210;-211
-210;177
-168;209
183;-168
-166;151
-191;-186
203;232
189;158
205;-170
-173;-167
179;-182
-176;178
161;177
167;-162
-189;-208
-151;204
210;189
-183;-200
-152;-228
-195;-169
208;159
-196;-233
-174;-219
-168;157
181;179
196;-154
-197;-181
-179;-174
157;184
171;188
-134;193
-155;-177
-185;167
198;175
-181;155
-186;184
190;-191
144;181
173;172
-206;188
-195;177
-205;-220
-178;217
-180;189
221;-190
188;177
175;203
221;-208
-189;-200
-180;-241
-150;-193
-174;156
-198;-176
212;168
177;184
194;-181
-191;177
176;193
199;196
209;-193
197;-197
-179;166
181;-187
-220;153
216;174
-187;-197
228;200
-168;-181
201;143
-230;-194
-189;-188
167;-192
198;-224
157;-193
120;-196
-224;180
168;173
193;186
-188;199
-191;-182
182;188
195;200
-188;-170
156;-172
-178;-188
-209;-177
202;-167
185;161
189;-194
146;-206
-178;173
184;143
211;178
-168;174
190;194
218;166
207;-181
-181;-176
183;159
-174;228
-201;155
-188;205
190;-199
176;171
191;175
170;-167
174;170
208;-234
-161;192
-184;-199
160;-213
-214;-172
171;184
186;150
-174;214
-204;-215
169;-165
-167;189
-175;155
160;-184
180;-206
185;164
169;143
165;178
-184;189
171;-175
-198;-180
-190;142
-184;189
-152;-144
-213;-196
-206;201
-190;192
200;-197
-188;155
-190;198
-166;-198
-178;175
-172;208
176;-186
-173;181
166;184
-222;179
193;165
160;170
153;-200
-227;-200
171;146
-127;-188
-217;-165
176;-196
-160;-188
-170;-179
-167;195
183;176
-220;-155
-212;187
155;181
-185;-200
-189;-135
-192;188
143;-218
-140;197
190;-192
-179;198
206;182
217;175
213;177
-228;-211
-172;-184
182;164
-211;-189
-190;204
-158;-191
-220;-145
-192;170
184;-167
151;-194
184;-225
171;-177
-149;171
198;-171
183;185
152;-192
-161;190
201;156
179;-173
-207;174
153;-173
-162;174
-163;-144
-176;186
140;-191
-208;-163
178;145
198;-132
200;206
183;-154
-210;170
-166;219
-207;201
159;-150
-218;-170
-215;156
-179;-169
-172;173
174;-190
169;-190
-177;-147
-142;-146
-210;219
172;-209
185;176
179;152
-189;-166
135;-190
-165;179
-190;-198
-204;-134
-213;-184
-192;-155
-194;-152
176;-164
141;155
-181;-199
-196;-189
151;173
195;164
171;144
172;174
-170;181
-125;172
-161;200
212;162
156;-178
-181;196
-185;207
-195;189
205;-170
-143;194
190;-161
202;-174
191;-218
-173;-190
175;157
162;186
183;158
159;-155
-155;168
-217;-170
-180;216
151;-203
-164;161
136;-211
179;151
149;-181
-227;-159
-164;-147
-198;232
-189;-146
195;-183
-231;-165
171;-225
-197;-207
-144;212
-186;167
-204;-192
157;-150
-155;139
173;138
161;-214
-155;-190
204;173
168;-182
-174;-182
161;-187
192;173
190;172
-169;137
165;-199
-150;171
196;223
-199;-202
-174;-196
177;-209
-184;-134
218;173
-183;203
167;-208
158;-187
199;155
151;-163
180;-204
162;-170
188;179
156;-178
212;186
196;-162
-170;-189
-137;190
191;-177
-199;-169
-182;-169
182;-212
-179;197
-160;-190
-183;-188
176;165
-195;-126
178;-211
184;186
-153;190
167;158
172;-170
175;178
195;159
-175;-190
208;189
-177;170
-194;187
137;178
163;-214
-179;215
-205;-194
-163;172
-149;199
-198;204
193;157
-164;-130
156;155
164;-195
193;158
182;149
226;164
-194;159
203;-197
-165;172
194;-175
150;-153
-192;-220
202;190
-202;172
198;-212
-237;181
-157;188
174;-163
194;171
180;-175
171;-173
200;159
-170;159
-175;155
-126;-160
-134;144
175;-151
-170;-187
176;196
187;-180
-220;195
169;-168
192;223
158;234
198;-143
143;175
-167;-200
-180;-192
-192;-193
189;144
-218;-178
-222;210
-217;-182
-190;-167
-173;-158
-168;171
176;-195
-162;153
-184;166
-169;-162
154;177
-213;176
172;188
-165;-170
-158;188
-178;-162
-171;-158
159;187
-183;151
216;200
-169;153
-219;-149
-202;195
190;-170
-194;-156
-172;-177
193;-174
142;168
-156;-199
137;177
-120;-160
198;154
-158;153
-187;166
171;-202
150;-154
-174;179
159;-184
-162;181
-149;-161
-167;141
152;158
144;-188
192;-205
-129;-225
169;192
-180;121
189;171
185;157
-165;168
193;188
139;-192
177;-143
191;213
-187;-184
166;171
-180;174
203;-198
-216;177
172;-186
-187;-170
191;171
166;167
-195;185
155;177
181;-213
187;-163
171;197
171;173
-210;-163
188;-206
-144;-179
-165;-171
166;184
160;-177
-208;-154
164;-148
170;191
-224;200
-181;190
-182;173
-194;159
-183;-192
-209;160
-195;-207
-129;133
-155;-172
157;-120
-182;-133
176;-198
-189;166
-188;148
-173;-140
164;-156
206;163
168;146
-191;-172
159;-172
190;-144
-180;-190
-185;-155
173;-195
-174;-165
231;154
176;-180
-166;-140
-165;188
168;187
174;172
173;155
-260;144
129;174
215;162
-150;-178
-148;161
-154;-205
166;-205
182;-200
-145;-204
-181;177
181;166
152;167
-179;207
165;-146
150;-206
188;-179
183;208
-182;-210
192;190
-167;192
-188;182
-186;193
181;-187
-182;175
231;191
203;-208
177;186
148;181
-165;-218
-160;-195
-202;-172
171;189
131;197
204;-184
172;-180
171;170
-226;183
-196;167
192;139
-203;-207
147;-195
219;-154
-196;189
-222;178
-191;-180
143;177
156;145
159;-167
-216;-170
224;-182
171;188
161;-148
158;-199
202;179
151;-140
208;208
-183;-183
196;-160
-187;190
-176;176
-189;154
190;193
206;-185
178;186
170;-190
-187;200
200;182
-177;212
-187;193
185;173
-173;211
201;216
-178;153
202;-167
-190;171
182;-187
222;169
-204;-185
162;-179
187;-217
-161;173
209;-190
181;197
137;-204
163;193
139;166
154;166
-187;184
189;-154
172;-191
201;-163
229;-163
128;141
139;210
-201;-153
-207;-208
-159;-201
-171;164
158;-210
-174;-166
-148;178
187;-187
-167;191
-158;-146
-181;174
175;188
-189;215
-196;156
-178;211
162;158
-188;-185
179;-180
-168;157
-161;202
192;173
-215;195
185;-185
-190;-191
-167;186
-161;-201
-189;-170
184;178
161;200
165;175
153;193
-220;-185
-215;-180
200;-182
180;180
-166;-199
185;205
-211;167
-187;-169
-197;-195
-147;230
-136;193
-169;209
202;-180
-164;-192
-166;187
-145;-216
143;154
163;222
-192;168
-235;205
-179;142
-163;-206
163;182
-156;-224
-169;-220
156;180
-167;-205
-186;185
167;205
186;-162
-212;178
-230;-191
193;-171
-201;205
166;-209
-209;-197
-195;176
151;-149
191;158
164;-163
-143;-194
-187;-190
-169;195
-167;-131
-151;-189
182;180
-187;-147
189;169
-178;-165
-171;-188
-181;211
225;-178
176;-181
180;-210
245;202
198;-155
166;196
-179;174
165;150
222;173
178;193
-215;-161
125;-217
198;-183
-176;205
183;187
141;164
-165;-192
-187;188
-184;-181
-183;207
-175;-175
-180;-183
-182;166
182;-201
180;-208
176;165
-166;-176
-149;-195
165;204
-185;-214
187;-152
238;-173
189;-159
191;-162
190;-110
158;-172
-174;-179
-208;147
-184;208
184;-176
-205;168
-197;-180
217;176
189;181
172;-178
-188;-195
142;-165
-184;191
133;155
180;-161
-205;-203
-180;187
183;141
-182;-159
-201;-194
-187;-194
185;178
-150;-178
-199;-149
-176;159
214;179
196;-217
-210;-209
-206;-185
185;175
177;188
-194;209
-159;-184
-236;166
155;151
-189;169
-212;208
197;-212
145;165
176;184
-188;192
-189;153
-212;-192
-220;181
-194;191
180;-173
176;166
191;226
200;-179
-221;-206
-165;-179
-146;-202
-172;198
-161;-193
164;221
162;185
151;-171
-213;176
179;186
145;164
182;-193
191;-156
-213;150
169;-168
-181;173
168;135
-129;-159
179;172
-172;-176
195;204
-167;-179
-201;-169
172;-201
153;-204
159;-203
176;-167
-185;134
169;155
185;188
-148;172
-141;-164
187;182
152;203
-168;-175
159;-164
-152;-175
-115;-181
160;-202
190;196
197;-229
188;-206
-200;182
198;193
147;203
-197;149
157;170
151;163
176;-168
-165;-176
149;168
-166;176
-137;160
-159;163
171;-153
189;158
186;150
164;-186
179;156
167;-148
-197;184
-202;-141
182;-154
-160;-195
163;173
204;203
-192;175
-152;-200
208;-182
-194;171
-197;147
189;-169
163;-156
162;180
169;183
169;194
-151;155
161;-155
-163;-195
-183;142
-174;161
-181;-211
-129;-169
-230;162
-166;161
200;-166
-195;144
-190;170
-194;-180
-187;168
-172;169
169;-180
-169;174
167;147
-160;146
178;196
239;204
156;-163
-191;-194
185;160
-191;-151
-171;-162
145;-191
-186;-150
-191;-217
-168;175
165;170
-165;-178
-215;150
160;131
-176;-195
-170;-169
-186;183
184;-154
-187;154
175;-202
-163;195
192;180
162;183
182;197
-180;-158
-143;-182
172;175
-181;-156
-176;187
-208;-188
-145;-149
-184;209
174;-166
169;-189
172;-196
197;-183
-189;161
173;-156
201;214
146;-178
-216;180
153;167
173;-148
-202;148
189;-151
-193;163
-158;-146
-172;181
194;-159
-171;-176
157;199
193;-160
183;209
205;-166
-178;180
-149;194
-214;216
209;-161
-193;-186
-156;206
-141;-176
-170;219
170;-176
181;-175
-198;-194
-163;-187
-143;183
211;-185
165;146
165;175
-151;-145
214;-170
-181;156
-184;-198
-217;-189
-210;-196
-160;-192
-190;-172
206;-172
167;167
-225;-166
-155;-180
203;179
175;126
194;186
192;169
-175;194
-159;221
-144;213
196;151
188;-231
-169;173
-157;144
-233;181
175;-185
-148;163
185;-159
173;-177
161;-187
-167;-144
183;172
167;173
140;181
155;-167
-196;151
-175;-183
-197;171
174;-181
-200;166
177;-146
146;200
186;-154
-186;-195
-151;-199
-189;126
-167;-168
168;-178
-220;-210
198;-167
-174;-181
-152;199
-161;194
-181;-170
179;-182
-187;165
180;189
165;-233
-134;-156
175;189
172;-186
-153;-161
164;-169
181;187
188;170
-181;161
157;-134
-183;169
151;177
-159;-204
-178;-181
128;-166
-193;-197
193;200
-155;187
188;-190
146;-182
198;194
156;-198
179;-229
182;-189
203;112
186;-174
158;183
169;-190
-208;-208
-151;189
193;-193
-165;-193
-158;-220
179;-177
-157;162
-185;-209
-193;-204
188;139
-192;-171
178;-154
162;163
-163;143
200;191
200;-164
103;184
162;189
-159;-206
220;152
-210;162
-159;127
187;198
166;-185
-194;177
-173;-181
-191;213
-175;170
-183;196
180;177
-227;-197
228;217
148;-188
149;179
155;196
125;203
-210;161
147;-174
-206;176
199;-143
180;-169
-182;-187
219;192
-150;164
118;-198
-187;208
-202;241
177;-187
180;157
195;-221
189;-189
188;161
-214;174
-206;147
-163;-164
-157;180
155;-200
-176;-163
164;211
166;-182
-186;217
160;-171
229;204
197;161
168;-164
199;215
-165;-192
-193;-162
-158;-154
149;179
-199;-201
-165;171
-165;-168
-191;-207
-168;-184
-177;195
187;-194
-177;142
-199;155
-194;-171
175;186
-190;161
216;223
-163;-193
-168;197
-163;-214
-178;-171
178;160
-161;175
252;188
-191;174
-259;-165
-162;194
170;-235
-224;-206
-152;-188
183;-213
185;194
-188;-136
183;164
-157;-154
177;196
-194;167
-165;190
183;-209
136;-169
-143;198
169;-173
-211;155
-176;-188
-172;194
166;145
172;-175
170;-181
-141;-200
149;178
-168;188
189;185
194;157
-142;179
171;139
183;-212
199;-192
175;167
-169;-162
218;181
-207;170
181;-186
-187;194
169;-152
-202;-204
181;173
182;184
-220;170
179;200
188;-152
188;-188
169;196
188;184
-148;-202
172;-167
-178;-168
-170;-224
184;192
170;-162
-170;-170
169;-236
182;170
-174;228
-212;213
-200;179
-211;199
-230;-196
-183;134
-177;-180
-146;200
-139;-206
149;-178
-185;-177
167;-178
-195;186
-192;177
-165;-145
172;-177
158;196
188;150
-154;-124
190;-131
183;-188
-201;-176
-183;-148
143;-186
-210;-168
190;202
206;-197
-205;-211
-159;173
190;176
197;149
180;185
-159;162
185;172
216;166
-217;-157
-152;-147
-176;-191
-148;-198
-165;164
163;-211
-189;-187
216;166
168;-181
177;158
-185;171
172;179
-200;182
151;179
-178;-181
-195;155
214;-158
168;228
-164;163
210;-175
204;-165
176;-133
180;-213
-146;-145
-168;171
148;-181
153;-187
203;-180
-159;214
200;163
206;147
-188;160
-187;-153
-200;184
-196;-161
193;184
141;-227
163;184
198;-190
164;-208
206;-172
160;162
-162;-180
213;194
-204;198
-212;182
226;186
167;199
181;225
208;-199
207;-194
161;-217
196;-174
-184;-169
165;-184
148;-160
144;191
200;-182
-175;-226
-235;150
-217;162
209;-191
-187;-207
194;-153
-187;196
-176;156
203;-137
-146;-207
159;-177
-169;169
151;170
-168;-198
153;166
186;152
-150;-167
225;132
161;216
-169;179
212;-165
155;-167
188;-173
189;207
196;191
177;-172
-150;181
179;178
221;158
189;-213
170;156
157;-183
221;182
-157;177
-186;-161
-176;217
-192;-134
164;175
-192;-169
-186;188
161;-183
-214;-166
-193;-175
168;-172
173;135
-202;207
195;184
-211;-158
-190;-148
-179;184
-188;-183
177;163
207;145
202;-166
154;-191
-190;-166
-181;-188
183;-178
-201;-182
-194;175
-131;164
165;189
-158;-220
187;-177
-157;-209
177;-163
-175;-164
-195;202
168;201
176;192
142;-211
205;195
222;-168
152;-177
202;192
158;171
-176;-133
183;-145
151;-178
-141;-166
196;176
181;155
-138;201
-195;-177
176;-193
169;-209
142;-176
-188;-129
-156;157
-160;224
-191;190
-162;177
-168;218
186;-182
173;172
-208;187
-154;-159
192;151
-179;-148
191;-181
166;171
126;-163
-163;-180
194;161
-190;179
173;-153
-158;180
211;-193
182;177
-206;-186
-177;229
-187;168
163;-231
-176;209
196;-180
147;170
-166;167
-174;172
166;-147
214;-157
-215;189
158;179
-201;187
177;-185
158;173
-177;172
-169;-204
-185;168
149;180
130;143
-161;-172
157;194
-190;157
113;198
170;196
112;186
200;171
160;198
-160;-166
-136;143
-194;155
-141;170
222;142
199;203
179;-173
193;131
-163;196
-202;199
182;-188
176;-217
161;-249
187;163
189;174
-173;-160
190;155
-180;-144
162;187
-204;228
199;-212
-170;153
-181;-200
200;-169
199;190
136;-181
-195;-128
-189;-181
-171;173
191;157
-201;-174
207;181
210;181
-194;-188
170;-189
-216;201
-189;-160
-205;164
148;196
-159;-164
-183;-234
-172;-201
-199;165
150;196
-213;-196
-166;192
-197;183
165;-205
183;-169
151;178
162;175
-184;183
-191;216
191;-183
-168;183
-173;175
-142;-159
-174;-199
-192;181
193;161
-160;-185
-181;-185
-162;153
-167;181
-175;144
-179;201
157;-163
-135;191
187;-196
149;-185
165;-172
192;-188
-202;-168
-196;-156
218;158
-177;-169
164;166
-163;126
-155;-187
171;-197
-173;168
-156;-162
176;-170
173;205
141;206
189;-168
213;-181
186;-163
209;188
194;-182
-160;-173
-191;-185
-164;-182
-230;155
-160;158
-192;193
187;199
-184;-243
153;179
-183;192
-203;196
-172;213
199;147
-167;211
-220;-130
-167;-177
184;176
-159;174
163;-172
-165;161
174;176
-193;196
-155;190
168;174
175;137
-144;-167
196;-164
-209;-184
158;147
157;162
178;-166
201;212
-174;127
-211;125
-182;-190
204;-183
-195;188
166;186
213;-159
-175;-206
-190;192
-160;-172
-226;175
-199;-150
-215;-148
181;-162
-167;-167
-183;162
-170;238
196;195
-178;-179
-180;235
218;-197
177;220
-196;191
-216;176
162;112
-183;-157
165;-213
146;191
172;-184
-192;-139
-184;175
199;175
-200;198
-181;-168
-202;-149
224;146
-164;202
212;193
183;-191
198;222
-189;181
-203;-163
156;172
175;-204
-150;208
-164;-176
-193;-153
-201;-138
-173;153
-171;149
-134;-201
170;188
-157;-155
164;168
-174;-190
-155;-186
-189;-188
-155;146
222;223
169;-188
185;-178
-175;160
158;-175
-186;202
-174;-176
-188;-180
218;-204
213;227
196;-149
148;195
159;-166
-170;-199
203;-201
-184;134
205;188
-183;-164
201;203
-187;206
202;217
-168;192
-196;147
-180;-157
207;165
-178;-182
-186;181
166;-161
-212;185
-178;191
181;192
-174;194
186;-155
181;-162
-177;222
144;149
154;-236
-172;-143
-183;182
184;-229
204;159
-236;-193
-155;191
172;-194
-196;-165
-161;201
-179;189
190;193
203;174
-200;-176
153;-136
-168;-187
187;186
165;-178
144;-154
-134;-197
-127;-182
-192;167
-181;-171
202;-171
-194;179
-195;-183
175;-167
158;155
-183;153
187;186
-191;155
-175;187
-166;-176
-205;183
-184;167
181;197
-204;222
-192;-134
158;213
-181;167
-188;-175
-199;168
197;-171
163;212
190;-193
-168;-158
222;195
-170;-182
-200;-181
183;198
184;178
-175;159
-208;-160
168;199
-207;201
-139;180
190;227
-172;220
-188;134
-207;203
-204;199
-182;-175
165;-156
207;156
-178;215
-230;-155
-202;-201
174;-229
216;171
-189;176
170;155
-185;222
179;176
-167;-164
171;-182
174;-155
-153;-177
-187;-200
-183;-183
-152;136
-183;184
170;178
198;172
164;204
-193;135
-183;145
178;191
156;211
195;165
199;-167
-184;151
167;-183
221;-217
194;198
189;170
-162;-246
170;197
-199;184
-171;160
241;-223
200;-161
170;-235
189;-172
178;-181
183;187
232;161
223;178
-209;178
200;-184
187;-168
168;-151
194;-197
-140;-121
180;166
192;144
-164;222
-201;-183
177;-182
-156;216
180;-156
202;-185
-144;194
191;203
187;-197
-153;210
169;-178
220;136
-191;-139
-213;-167
164;-145
211;-181
-176;170
-200;177
200;204
193;-198
-217;199
-143;192
179;-201
224;220
186;-191
215;-158
181;-193
-175;-169
177;187
-193;202
173;-178
178;218
180;-170
198;165
184;-175
-205;145
177;182
191;-158
-197;-164
165;-186
-163;-139
148;-177
-210;-179
191;179
-180;-182
-166;-177
-189;173
169;169
-192;198
-189;-210
182;186
206;-174
-207;-198
159;150
-171;192
199;-161
-177;198
171;-212
185;-189
182;-181
161;-140
-147;202
180;-145
200;185
-213;-171
205;174
224;163
204;193
266;-160
-203;-168
-218;159
-194;-132
-209;172
203;211
173;-210
197;178
191;192
193;-218
-158;-185
219;205
-169;195
-158;233
208;160
213;194
-179;157
184;209
-173;216
-198;170
196;-163
193;175
199;170
-167;186
151;148
-205;-185
-174;-192
-178;-169
221;158
178;188
202;-178
-180;187
-191;-152
-188;-162
163;-161
-195;-166
180;-175
196;194
-179;157
194;163
160;-216
233;-200
184;-195
-180;-189
-178;-192
155;-204
177;-208
220;-219
250;183
204;194
-230;-201
189;125
-171;-211
-226;-169
-153;224
225;157
-187;217
208;-199
-208;196
-200;-175
-200;-199
209;-217
-211;-171
-182;-159
160;-195
219;171
188;-206
-176;-175
-198;180
183;233
164;-174
-190;-178
-217;192
190;222
-175;180
165;-227
214;-158
215;-190
-172;222
-181;-197
-177;166
-194;222
179;-189
-177;199
-155;209
178;-206
-184;-191
138;-195
173;135
170;-172
199;167
163;168
196;190
167;163
159;-185
-184;198
-140;220
-207;-189
150;-188
159;-146
-217;-182
-154;184
181;154
198;143
-165;193
173;-165
172;-186
158;-141
187;147
-203;-177
161;200
-160;156
-156;187
-160;193
236;-223
-156;223
156;202
198;-221
179;156
209;203
-158;-184
-213;-179
-182;-150
159;222
195;191
183;-194
151;-170
191;138
-203;223
-168;195
151;135
-205;-187
204;-176
168;-189
-147;177
-207;133
-165;-151
147;157
140;186
156;-190
-171;-148
171;-185
169;119
176;-173
181;-177
188;166
175;-202
174;167
-197;-173
157;-198
-168;168
-172;146
-148;164
133;164
148;-189
150;169
151;-174
-205;157
211;186
-163;181
-173;164
162;130
-173;175
187;184
-164;197
197;-156
-200;188
213;-162
182;211
-187;-195
145;-165
187;-213
-206;156
210;-189
165;163
167;-182
172;167
150;162
214;184
-198;213
198;-186
144;-170
181;-179
183;-235
188;178
147;135
-203;-193
-200;-195
-164;-168
-188;191
177;-182
-177;-210
-186;168
145;-188
-176;157
-175;-135
-186;188
187;130
-202;166
-138;156
-185;215
131;212
-170;-155
192;-185
-145;177
-171;183
195;193
-192;193
177;-189
-192;-165
-199;186
-193;-175
-141;-186
222;168
147;170
145;146
165;142
-186;-179
-231;-208
183;-199
185;144
-220;-117
187;168
-199;211
-203;-147
-205;-188
-173;186
-200;185
-176;164
211;-153
-226;-187
-180;192
-192;-199
205;210
217;215
-185;146
-183;170
-214;198
-211;-193
161;175
-167;-187
-177;-170
171;209
-194;-173
-173;186
207;153
174;-177
-182;171
-186;-191
175;-188
-190;173
176;-180
-222;-150
-189;215
152;-181
202;171
167;-208
-161;-156
-179;-148
-201;208
-206;-167
-139;-162
145;182
-194;-159
189;140
-174;-182
-181;-203
-184;145
189;-165
187;-170
151;-171
145;160
188;-193
166;169
-162;167
171;188
161;191
174;187
-212;-185
166;-178
133;-189
-182;192
160;167
177;186
-166;-181
-177;198
-191;-208
-204;186
-205;-212
-177;-206
-214;225
191;-208
151;-197
174;173
-183;-172
-176;-192
213;177
-190;-196
162;-196
167;-205
159;-231
199;-176
161;-190
199;-184
-171;-166
-199;201
-165;186
174;-197
-192;196
-196;-207
175;185
157;143
152;-186
-168;-177
194;-189
-122;178
156;163
169;-205
-177;-173
-183;158
134;144
-201;-175
-156;-201
-176;-169
163;176
-139;-185
-163;-161
-200;173
195;135
148;-172
-159;-178
-166;-162
182;168
148;169
-176;174
-146;-172
-168;164
165;186
-187;199
-153;181
169;-161
212;145
161;207
-189;192
-180;185
-164;-205
-193;191
-158;161
219;-200
192;167
181;201
196;-193
-227;-161
-180;-185
-190;-154
-164;183
-163;-165
205;176
169;182
146;-203
-185;202
200;185
183;174
168;-199
162;-173
-207;224
176;-193
-183;187
179;164
-149;-134
142;153
-154;-173
170;167
-165;-217
-184;-154
231;-153
168;-160
166;-207
169;-181
-185;174
200;197
162;160
-187;180
-170;-191
189;203
183;172
-168;-155
216;-148
-172;-187
-190;-171
173;-192
154;156
185;-141
176;-226
-133;173
211;174
172;189
-216;160
195;218
196;208
170;-145
-153;-185
161;188
-168;167
-177;108
-193;158
152;-157
170;193
179;158
156;-144
167;174
186;-168
-192;211
-193;-166
200;-160
-162;-195
205;201
154;177
-193;211
-177;-184
125;-226
-168;180
-221;167
205;-129
186;-162
192;161
166;135
209;153
-167;163
167;-186
-188;-171
-161;173
-224;158
-140;-141
-198;-180
-215;178
-142;166
141;-177
-171;205
-170;194
-214;-162
-165;176
-130;189
173;-188
-159;179
162;149
-149;181
212;185
161;143
159;-157
-174;-139
185;151
-173;-148
-164;-197
116;-148
-163;-190
-189;-180
-210;131
169;183
-184;-190
-178;154
180;179
-180;-172
-174;-212
-186;166
157;-174
-192;149
193;-186
-196;170
134;151
113;173
156;160
-200;-187
-184;-158
201;185
-175;-179
-181;182
-191;-175
-188;-189
-165;199
204;-188
167;-171
197;-182
181;-184
-195;155
176;-191
120;186
221;-185
-167;158
183;163
175;-177
-156;162
183;-167
-144;170
-177;-126
-204;189
188;-177
-172;-188
164;185
205;-176
120;145
179;-193
-154;154
-160;177
-209;170
194;-191
-164;-169
-149;194
-155;-164
-161;186
179;-202
177;-127
-174;-159
-147;-202
-172;173
155;-180
157;211
175;183
-167;-195
162;-193
-187;175
-190;-149
-168;-161
-178;-152
-188;-158
-191;-160
186;-172
170;147
-140;-167
-161;-158
155;136
185;170
151;162
187;207
-139;183
-179;197
-169;169
181;180
184;-178
-149;144
-167;184
-198;172
150;-185
-153;187
241;-165
206;-126
192;-186
-171;-177
176;193
192;151
180;166
172;-182
-186;211
-147;-193
-187;182
151;-187
-197;211
156;-216
186;147
194;-158
-186;-179
-178;-161
-175;165
-170;-179
193;-188
-190;-130
180;-159
-151;-180
-162;173
-201;169
-137;-152
164;-189
-180;142
171;188
187;-158
-186;-160
181;215
193;-147
-167;-148
199;-198
154;126
158;175
-200;131
186;-146
-166;180
155;190
-166;-194
-162;-231
173;-171
-175;-122
154;169
-206;161
193;-171
192;-197
149;178
168;-166
236;-198
175;-191
225;214
221;-193
157;160
218;-157
-196;-216
-161;172
159;-185
-192;-150
-162;-185
170;-188
-198;144
-170;-179
-132;-184
169;169
-168;-181
170;-184
199;173
-155;170
180;171
167;-181
141;163
195;138
-196;-174
165;221
-185;166
-211;206
202;141
196;-222
-193;185
-190;-199
-171;147
-153;153
-145;172
192;188
-176;-187
209;176
158;-166
165;163
187;155
149;174
-183;161
195;-170
-156;165
205;-198
158;-158
-167;-182
178;190
-205;160
175;-177
-236;202
-159;196
189;-162
189;169
181;-213
164;-188
137;185
-169;152
-203;200
-162;-209
-190;164
146;-172
-165;-186
167;159
170;-132
-185;167
196;-167
197;207
158;194
175;-201
198;225
-196;-187
-157;-186
-170;-180
167;219
-137;-172
-193;129
-177;-202
-181;-208
-141;-226
-197;199
205;-161
-203;186
-168;141
-238;-188
207;205
-207;207
159;199
-200;-172
-200;205
-206;-232
-200;-206
184;207
-182;186
155;189
-186;199
-198;-183
-196;155
177;-189
-179;-182
-183;-191
186;-209
174;196
-170;-148
166;219
-193;-201
197;173
-174;150
-175;172
138;-152
179;-200
-168;150
179;-188
-156;163
-154;-175
-221;185
169;123
177;-183
159;-170
-190;-144
169;201
-173;180
224;180
167;183
-159;166
200;205
189;-173
167;-177
170;197
-158;-200
173;172
-189;186
227;-112
-203;182
220;-146
-176;-189
147;202
154;198
-217;213
180;200
178;-147
171;-168
192;229
159;191
-152;-161
169;-227
-188;-198
-229;-197
197;147
196;-206
-192;-186
214;-152
198;173
-163;160
-216;146
-203;188
-172;171
-164;-171
-186;154
-197;-220
-202;201
-187;-169
190;-172
-183;-160
157;-174
-177;145
-159;146
-183;-144
197;-162
183;201
166;172
-189;-167
182;-153
180;-179
-168;-196
-174;-192
204;-165
-128;-198
200;180
179;-136
-165;-195
-156;153
209;190
138;154
186;178
-186;180
155;182
180;210
-160;-146
-188;175
-153;-202
193;-147
201;-188
-200;-158
-170;181
202;198
199;205
-162;159
164;-164
160;-160
202;-188
163;176
-168;-222
201;179
-179;190
-171;205
-152;216
206;-178
-197;210
147;179
180;-183
168;182
131;169
-160;-205
-192;-155
-150;-196
158;180
169;195
174;-165
171;-199
132;197
-203;174
-199;191
182;176
-207;-210
227;-238
191;-182
-171;179
-192;189
-186;-196
181;119
185;171
147;-179
-209;-194
174;-216
207;147
166;-165
151;-165
188;195
209;-202
170;187
-200;-177
188;-163
-182;159
-190;209
-171;200
215;186
172;-172
198;219
192;-199
-197;173
166;172
-182;191
-196;185
194;161
-198;192
198;151
-188;186
165;-193
-176;181
166;-192
154;156
-144;-202
200;-145
175;-139
-175;166
203;-168
174;188
197;-169
154;170
180;173
139;232
-202;146
199;-136
187;-157
183;-178
211;-183
134;206
175;203
-196;-182
-187;-152
-192;-201
-211;181
178;-176
-192;-173
-192;244
196;-239
-191;177
-177;-196
-190;179
190;139
-183;145
-176;141
-164;142
201;143
-174;-189
182;-207
-183;194
-186;200
170;190
-177;158
173;-176
-209;-176
-189;188
-189;-186
-217;-192
196;170
183;188
240;200
174;199
-162;-166
-217;-155
190;-174
228;183
-208;-165
187;207
-168;216
-193;-179
-202;-176
-111;183
-172;159
-155;175
189;-197
-161;-180
-162;177
-190;-177
158;183
126;186
-203;178
-211;161
-143;194
-151;-217
173;187
-159;-179
-145;-238
162;194
-155;-194
-196;135
121;216
218;-192
-189;132
-187;-211
188;-227
-172;170
258;-173
-194;-211
-211;164
155;-190
186;197
184;-176
-165;-166
-181;-108
-184;179
-183;-163
-215;-188
194;195
-206;-146
212;176
-159;-214
-205;-173
-158;153
146;-236
176;-191
205;-182
225;217
158;-200
190;185
-175;213
218;164
157;188
207;185
-191;-199
186;-194
175;-178
-189;233
208;177
185;199
-187;-172
-171;189
-180;-179
-207;178
-182;-197
-157;-203
-187;147
226;-167
199;-148
156;198
-152;-188
-171;-178
165;222
-156;-211
206;-176
192;-187
177;-170
203;-141
171;-145
171;-169
-179;-181
-179;210
-178;178
205;-162
-169;168
-195;-193
204;168
192;165
198;-219
-171;-186
177;-216
-168;185
196;168
142;-152
-174;-189
-186;220
156;177
-142;-187
-210;-173
-167;-179
173;164
-145;-192
-192;-170
-182;159
187;164
186;-195
-214;-196
-194;-190
146;193
207;162
-154;155
-185;-163
-184;166
197;197
-176;199
-166;176
199;-228
181;171
202;193
-157;184
-170;172
-196;-181
-168;180
-213;180
189;-160
189;167
148;214
196;-172
-121;-202
-142;-146
-131;-199
-151;156
-156;-213
185;199
133;201
154;-149
-163;138
137;200
124;181
189;-170
175;-181
-181;113
158;-171
-178;124
175;174
-184;-155
165;195
-177;-188
190;171
-151;-173
-216;-190
168;-168
174;-202
147;-209
199;-191
-185;183
175;175
207;174
-152;225
-178;-174
217;175
204;211
-176;-144
146;-203
-204;-159
-175;-163
165;-180
186;161
172;-164
175;-177
-149;191
184;142
119;167
-196;172
146;174
181;184
166;-161
-169;-188
156;163
-156;183
-165;185
-155;178
180;-211
179;190
170;198
190;-169
168;206
155;-192
-166;161
-197;-180
159;-200
-177;-178
202;193
170;192
-186;144
-189;-163
190;-211
-167;174
-159;167
186;-177
154;-156
204;180
186;164
152;154
-204;190
161;-214
-204;-197
-173;184
-174;200
-195;-210
-181;-189
-173;182
-171;170
147;-181
-205;176
-165;199
-190;-185
-162;187
-139;206
201;-193
-173;157
160;190
-193;163
175;130
193;174
192;-186
-148;-163
181;129
-165;-191
-176;-163
152;-220
-200;-161
-193;-197
-169;185
166;187
-173;-154
-192;146
189;157
-160;-188
-195;-196
-200;190
217;-173
-187;182
179;-187
-183;211
216;165
186;180
206;190
-174;-199
-176;-179
202;187
-182;-188
-168;192
-192;-187
-184;-197
-169;182
171;-193
203;-186
190;-183
163;-162
-168;163
203;-215
198;230
187;-178
-165;154
236;178
196;-180
-203;189
158;-194
-197;188
-184;-190
-192;212
217;-191
-205;-171
189;172
157;-170
185;180
205;-202
-197;223
-181;217
-188;194
206;-214
-145;-163
-203;162
-159;-174
-175;174
207;-162
183;-180
-166;-193
-174;-180
-148;223
140;-178
162;180
135;176
-169;-179
136;-178
-153;230
-197;-187
-222;-175
-160;-185
-209;-165
-201;-181
214;-162
195;177
-198;-193
-147;-208
173;166
171;191
174;179
215;191
-153;163
-164;148
-177;194
208;217
178;-211
-164;188
-144;169
-163;178
207;-224
-178;215
188;-192
162;-208
177;-197
-186;-172
182;158
202;197
188;185
194;-163
-206;206
-205;-214
-191;183
150;-162
-155;134
144;-213
217;188
181;-228
-171;-178
-197;-162
-171;177
-202;-159
181;-197
-227;-173
190;-175
-189;-155
-176;185
-154;183
-168;-208
194;-161
-180;198
188;159
160;-175
-173;-180
206;154
170;-179
-159;-160
188;-194
211;201
123;143
-179;158
168;-178
-145;166
162;181
-146;-163
-193;-188
214;-164
-198;-197
164;186
-173;178
185;-222
199;-192
251;195
154;-181
176;-204
139;-205
214;171
188;-166
187;186
172;-201
-213;-201
-183;165
157;-239
-183;-194
-165;-186
192;-196
-194;180
-176;-196
-196;-198
213;183
-193;-167
185;-185
161;191
-145;176
194;176
159;-206
203;178
207;175
-202;-178
211;172
-173;177
-181;198
171;182
179;-194
-184;176
-179;-164
-177;194
-146;223
-203;182
222;172
-148;-153
193;218
192;-194
188;166
195;177
179;183
-177;162
152;-163
-183;212
151;-213
168;-171
-160;-190
135;170
-176;169
187;-170
-205;194
-175;178
178;-176
125;171
174;-171
168;-184
202;205
-176;203
-194;148
-186;-169
-167;200
159;-186
-174;-160
160;155
179;-124
-183;188
165;-203
166;188
156;185
170;-153
161;191
-172;-206
-199;-167
-160;-185
171;146
-149;-164
-147;155
-194;-182
-177;-170
-179;-210
-187;186
170;-205
-146;159
-170;175
-165;-176
178;189
-206;204
196;148
-157;-146
-195;148
-145;-184
-171;-198
152;205
-196;194
195;155
-194;147
-176;-166
-181;187
202;-166
-165;-195
-155;-189
184;-154
173;169
-164;-143
198;168
-195;-170
212;174
-155;198
-158;195
178;-184
154;-156
-173;217
163;-167
-199;186
-195;-196
-163;183
173;188
205;-161
179;-211
-167;-157
184;150
-210;158
167;188
181;150
-178;190
157;160
174;-172
181;-161
189;157
-150;-132
190;175
-154;211
169;-162
-172;159
175;-203
-182;-179
168;196
137;219
-166;161
173;181
190;-185
181;-192
187;150
198;161
-173;-194
182;-189
-164;-167
-173;-153
182;137
174;-188
-153;-161
174;-180
176;183
-194;199
-171;179
-155;173
-174;171
-174;-175
-158;149
-190;-134
-170;157
-160;-200
181;-194
-180;-146
177;-174
-148;201
-161;220
-217;-151
159;-157
193;154
185;159
-161;-169
170;-184
203;-170
-181;-177
-176;-185
187;-164
-200;-180
195;164
162;-160
-174;-153
-169;164
178;167
140;186
198;158
-158;219
165;176
154;189
-154;-157
-194;195
-178;-189
160;-176
161;-167
-171;-190
-189;165
140;192
181;133
-155;179
181;-212
155;-213
185;-171
163;154
-189;-168
160;161
-189;157
-167;158
-189;150
160;-223
-165;193
172;203
157;-167
172;200
177;164
-178;-167
-175;-175
-164;-200
142;194
160;220
205;-181
178;-196
194;155
-199;138
-217;234
209;206
-183;-164
199;-188
184;-164
-174;150
-184;191
-206;-199
183;188
240;157
168;-142
-178;-139
175;-203
199;186
170;-197
193;-180
161;192
199;-160
179;153
-215;-157
198;-228
-183;190
-172;144
-185;180
179;166
159;-159
164;176
174;-148
-178;180
159;159
-177;119
-136;182
153;170
-173;184
191;193
-176;176
185;-152
-187;149
209;-154
191;202
-169;-174
166;-196
199;-172
-170;164
168;-155
211;175
213;-155
137;170
129;178
186;182
-188;191
195;-175
186;-155
218;-180
193;-128
138;207
141;231
-190;-188
-204;-176
-221;-180
-217;159
202;-157
-180;-175
-206;195
206;-205
-163;185
-187;-211
-205;186
198;197
-221;173
-195;166
-177;164
204;186
-195;-151
168;-181
-212;173
-169;195
217;179
-191;189
176;-190
-200;-177
-189;156
-198;-169
-185;-192
159;167
161;194
137;177
151;191
-168;-186
-144;-131
193;-171
149;196
-204;-142
195;175
-176;185
-213;-199
-201;-206
-173;195
-195;180
-180;191
200;-195
-187;-171
-179;178
-195;-183
169;123
120;191
-180;181
-164;147
-198;179
-206;-227
198;171
-181;-161
-191;-184
147;231
-175;-172
-224;175
167;224
167;-144
-195;162
-200;-204
184;-191
-227;207
183;-197
-188;-165
-219;162
199;-168
196;189
172;-191
-184;-236
-192;-171
-162;189
-200;-86
-196;-153
183;166
-142;-178
150;162
-178;-155
-194;-228
-181;164
188;-188
144;-202
145;-161
225;196
179;-167
128;142
-183;197
157;201
174;160
173;176
-179;-183
138;-187
190;-183
-163;161
176;178
165;169
-169;-156
-140;161
-197;-197
-182;189
-179;-166
-172;-191
-201;177
212;-197
177;-196
174;169
-163;-186
-195;-157
216;200
-219;-167
167;-192
173;-182
172;-165
188;-168
194;-187
206;-187
-149;-188
-186;159
-179;199
208;-233
-173;168
-219;-196
228;204
181;184
181;-187
-198;-171
184;-168
-212;154
149;185
240;-184
-188;-140
-147;199
182;179
-190;-200
-161;-154
-183;-170
201;187
-209;-158
-191;-157
-175;154
201;168
166;-182
-162;-153
-178;-136
163;158
152;167
-159;173
-159;-177
-206;194
200;145
-153;158
-191;188
185;-182
162;214
156;165
-165;178
-182;179
-195;-184
-159;211
-178;187
163;-160
182;158
166;171
192;-185
-189;-161
-135;-186
-148;-214
-180;200
-183;-167
179;195
167;172
165;-222
-201;188
184;196
149;206
205;-175
207;-204
-178;164
195;-157
-151;232
206;172
-209;-161
172;194
-169;-210
199;173
-227;-212
-180;-212
169;-183
193;-202
171;-158
185;-149
-175;150
225;181
114;179
-173;195
-193;-184
152;170
190;183
-149;-174
179;-160
-191;-173
-146;-181
189;-181
222;222
179;-175
188;-161
-196;209
190;157
167;199
-180;203
188;167
175;169
173;-186
-188;-172
184;180
-206;188
-198;194
-192;171
189;-192
183;174
144;184
192;-212
142;165
198;-190
-192;186
-172;-141
182;-166
-202;-202
189;196
160;191
-140;151
-197;-164
162;-171
-176;209
-190;216
184;-193
164;-192
186;162
166;156
179;193
-149;194
164;-175
-180;-164
-191;175
-206;185
-154;-177
-159;-170
-221;204
-197;204
197;-198
-183;195
-174;189
-177;-172
-184;209
-202;165
142;-197
-170;219
197;192
-198;187
190;223
191;158
179;-213
-193;-167
161;171
-133;-188
-185;-182
177;-148
-148;-199
-197;-171
-172;172
195;149
-165;-140
-173;177
184;175
-194;-178
-162;-200
-164;183
184;-212
-155;203
188;-178
-174;150
154;172
181;198
183;210
-171;-209
-186;-209
164;216
-228;-202
-180;144
-188;-176
-159;-186
-176;179
185;-152
193;-212
190;-189
182;-171
-174;144
194;-192
172;125
161;-206
-188;177
152;167
184;-179
-145;166
176;-177
-176;157
-154;-174
-191;162
158;-134
-165;-209
173;184
174;-188
188;171
174;-180
-185;200
-160;181
-141;180
129;-166
-199;-180
-196;191
-186;-186
-200;160
178;-204
211;-204
-223;-180
-263;-196
-224;174
225;-192
170;185
166;157
-191;-151
165;-183
-181;176
-212;-147
-207;-156
-195;-177
-208;-152
-174;-149
155;-229
175;168
-200;-161
-156;-149
205;177
157;185
174;149
198;197
-168;178
-163;181
-193;132
163;126
218;-184
-197;152
-159;199
-194;204
161;-177
-231;155
155;-188
163;-181
237;-207
-194;-173
187;154
176;205
146;152
205;-201
-179;169
-183;-209
-163;198
195;-186
-166;177
176;-168
154;216
177;-176
-166;-147
-166;-182
-179;224
-164;-178
169;-194
-198;-179
198;-198
-179;-233
-219;178
-177;195
-213;-141
167;-194
-167;205
186;171
210;-197
-179;-206
240;192
160;-158
-216;-180
154;-195
176;166
206;232
-150;123
181;-202
-185;182
192;186
-170;-140
-156;-204
184;-169
-173;-192
189;170
-171;151
219;-186
211;-132
176;184
184;-160
179;-192
169;-155
211;165
190;-156
201;182
177;-199
-166;-176
-177;176
156;-223
-185;-188
-194;-177
181;-192
-196;186
-183;-161
-207;-168
210;211
-188;-195
183;-195
176;183
-178;158
171;175
203;-165
180;184
164;173
-209;-190
191;185
-192;185
-167;171
179;193
157;-209
-202;177
-148;-185
-175;182
-152;174
-167;223
150;197
-215;-177
178;168
189;-150
149;230
176;203
163;222
-184;193
211;-164
-162;170
185;-216
170;-166
-176;-133
154;169
-190;167
179;-206
-168;223
-139;190
150;-158
185;145
145;-160
171;-164
185;159
-174;181
-181;170
-196;-161
-177;175
158;-179
-154;-175
139;181
176;-183
-162;156
176;-188
190;158
218;187
201;-209
168;199
-126;-188
-189;-175
-186;-207
167;184
-172;-198
-224;166
-186;-164
-168;-198
-170;-144
-200;187
158;-192
-202;177
-179;164
-210;-173
191;188
-158;198
188;143
-187;-176
-179;173
-162;-146
-178;-174
180;183
-128;185
210;155
-159;187
-222;-164
-171;165
187;-156
-181;-140
-205;-178
183;-185
148;169
-175;-170
176;144
-174;-157
155;159
-188;171
-151;149
179;-139
181;-156
-182;168
150;-154
-174;167
-167;-193
-161;183
179;153
180;-185
198;-153
-214;-133
186;151
-181;192
178;149
160;151
-143;180
167;156
167;-198
191;-171
182;173
-173;-175
166;172
-184;177
189;-144
-198;174
177;-197
-194;-190
169;170
155;214
-177;178
166;188
185;-166
193;-154
163;179
189;198
-150;-172
162;-167
-185;-190
-189;-165
197;166
143;-192
-162;-145
151;-203
176;158
-173;156
-152;178
-178;192
-147;158
-187;-171
-170;165
-177;-167
-163;207
-172;-183
171;-133
-188;-156
168;-192
-178;182
-152;156
-168;-150
191;-190
147;154
162;184
-150;-174
153;-175
162;-185
-184;-170
-172;-163
160;-140
-183;-227
168;144
181;-170
-191;-196
-186;199
166;166
174;171
170;183
-174;204
191;186
188;157
-169;-155
-170;160
-163;-186
157;-181
172;-185
-174;-191
-206;191
173;179
152;199
-151;184
208;-191
151;-203
206;-173
181;181
-162;-164
195;197
-168;189
-158;174
-141;185
173;-201
-168;208
209;150
183;-189
174;154
167;182
-211;-178
-129;-190
-204;-192
177;147
189;176
199;-192
176;-175
178;218
-206;160
-176;174
163;195
-208;-218
148;-139
160;-172
-185;131
-197;179
-174;-148
185;201
169;167
207;-171
-180;-199
161;-176
174;159
194;-169
182;-187
170;187
197;-168
170;189
-186;-178
194;-172
-199;165
-200;198
-176;199
220;194
209;-198
197;163
141;-210
-216;159
185;175
-198;165
-177;192
190;164
-190;176
175;183
-143;186
190;-188
-162;206
199;-203
198;174
-201;-190
206;-177
174;-191
-194;176
187;-161
181;174
173;-177
199;201
171;166
177;193
-164;195
184;-193
149;-202
200;-222
149;-160
199;196
201;166
-185;-162
-181;-192
-197;-160
-215;157
212;-164
-160;-154
-173;186
186;-194
-180;169
-181;-207
-169;188
195;191
-212;148
-162;183
-225;153
175;207
-157;-162
236;-143
-193;191
-188;141
175;170
-197;161
202;-176
-183;-171
-179;161
-138;-199
-210;-202
224;190
148;172
196;174
223;166
-201;-172
-201;-166
169;-216
199;141
-198;-158
174;155
-174;186
-187;-208
-193;-159
-168;187
-149;163
-186;170
161;-154
-186;-188
-177;190
-156;-174
158;203
181;161
-177;154
-171;152
-158;200
-169;-217
203;158
-175;-189
-154;-184
171;180
-186;-170
-139;205
220;175
198;-170
-179;158
-183;-181
176;-201
-170;170
211;-193
-154;-178
-219;179
196;-200
148;195
221;-167
-184;-210
-179;-166
-200;181
-223;-177
-156;-176
162;186
-150;-177
179;205
-172;-185
-157;-170
-190;171
197;-206
159;-168
209;-173
153;199
181;-201
209;117
-159;201
198;192
164;212
146;159
-174;-148
192;-187
190;-190
-221;232
136;178
191;190
-228;-149
-181;223
-213;-237
-180;159
-198;-193
-172;-145
-222;201
162;-185
169;-197
156;152
-227;-210
-172;-160
173;150
-176;-203
195;-214
170;-182
157;-152
182;-191
185;-213
158;-199
-202;-166
-188;181
-204;158
206;-177
-180;159
-153;-180
126;195
138;189
221;-199
-162;-166
189;-140
-193;164
176;187
180;-219
-167;-179
-203;172
167;181
-189;-181
-181;-164
-177;-189
177;173
-192;-188
-161;-162
-185;156
155;138
159;-169
-199;-177
-208;-168
175;175
202;209
-147;227
-209;-189
-181;212
184;200
-204;175
-194;174
164;-162
165;158
194;174
-161;221
-134;178
-182;-168
-157;177
-200;197
185;-197
215;168
186;147
187;-226
-220;-203
-139;-158
-159;-167
-210;195
-192;-177
207;173
168;211
196;-209
-138;240
183;168
180;152
168;-197
148;-221
-200;182
198;-168
-196;140
183;189
-151;-187
200;220
-191;-199
175;173
-156;-187
-194;-202
178;-208
208;-206
168;-183
176;-190
-198;196
181;228
191;175
-158;185
-167;-189
161;189
182;214
-187;-186
192;-169
-183;-162
-174;-177
184;-188
206;210
187;-218
174;-199
-171;193
184;164
191;183
-171;149
168;180
152;187
164;-167
-184;-195
144;217
-155;158
-194;210
-228;180
197;-182
161;196
147;196
167;-175
193;203
167;-170
-169;173
-165;-212
162;-208
-192;-196
176;186
172;143
-189;153
-226;-175
203;-118
-208;212
-189;188
156;-196
196;-168
170;183
191;169
216;186
-188;172
161;-155
-162;-200
-155;173
-223;158
-154;-191
-192;-204
-186;176
-166;182
168;-220
-165;155
-150;157
-171;-211
-190;146
-217;177
167;-181
-204;206
190;173
-175;193
208;171
183;190
146;-163
-176;-178
188;180
-231;-166
-167;-197
200;-176
-182;-196
-178;-207
-181;166
161;195
-175;-198
-205;198
185;163
-170;-216
-161;-173
-177;174
221;-145
-168;209
224;-197
-176;166
194;186
200;167
211;210
-168;-183
-162;-196
180;164
-163;-168
-196;177
-203;-184
-173;-191
-199;162
193;-168
185;-181
201;-173
206;-164
-230;180
231;-143
176;189
183;-185
-212;157
199;229
195;-169
-207;184
220;-181
-245;193
-196;-237
-201;194
160;-169
-202;-148
145;200
183;-168
184;178
198;-173
-146;180
-144;182
-212;165
190;-171
-200;-154
-173;196
-169;-167
-142;178
177;-168
165;-203
-211;-174
-212;-161
-127;156
182;-214
180;156
175;169
-202;-194
196;-191
-173;192
-187;-182
-167;-172
-187;-200
-209;-181
-192;-181
214;-226
157;209
-147;-208
-191;-158
196;155
135;181
179;146
150;200
-202;189
-208;191
-179;183
194;195
157;-180
-156;185
-188;154
-201;181
189;-153
-156;218
216;-181
156;-142
202;-205
-148;-193
200;191
146;207
179;213
185;-181
-216;188
-143;-192
-193;166
153;-185
-189;154
187;-153
129;196
155;-160
-199;-194
-166;-140
-158;170
-177;-172
187;-167
-175;-175
208;-181
-181;-145
-197;151
-182;190
-202;-183
147;-173
-183;180
170;155
152;-185
-196;-154
182;154
181;-127
-154;-171
172;-185
199;201
186;196
-194;178
183;-178
-206;213
185;209
-171;-219
-220;-214
215;-164
-191;-187
189;211
-237;166
175;-190
171;-169
190;159
163;-189
190;-201
197;-188
222;165
216;-186
134;203
186;-162
-222;-210
-182;214
173;-226
-157;-206
-185;-172
233;-209
-209;165
-189;-205
-190;-213
209;197
-164;-170
217;-184
157;140
-168;201
174;182
160;-157
167;198
183;188
-193;-210
178;220
-145;182
-165;175
207;188
162;-206
-180;172
-204;-183
-172;159
-144;178
-183;211
203;196
-176;-162
186;190
192;-184
205;169
176;132
181;205
-163;202
190;-217
-141;207
166;-203
168;-219
-191;-159
212;201
-207;166
162;-169
-199;166
-189;172
136;-171
134;161
159;-161
161;-188
170;139
-203;208
-208;185
-197;-205
-169;188
190;-188
-179;-216
171;166
164;-173
-173;176
167;-191
135;184
172;176
188;-184
177;206
-152;-144
-151;-175
-152;-204
171;202
-204;-193
-196;176
-181;-138
-179;-163
-219;-190
-170;188
188;-226
-179;176
-179;195
-197;-183
188;129
-159;223
162;215
-181;-175
-173;172
-182;-145
-150;-186
186;170
-198;143
176;198
-150;145
-179;-141
-136;184
151;-171
-138;-171
-157;-149
160;-190
168;153
-186;-193
174;168
-181;-177
151;173
-160;157
-173;177
193;-209
180;-179
-175;172
185;-187
-171;202
-179;-238
-201;178
199;180
176;-176
178;-139
-157;-177
151;178
-179;172
165;147
171;143
-215;181
165;181
122;-155
167;-191
134;157
-135;-182
173;170
-140;189
184;-163
-171;191
178;-178
-194;-176
165;201
153;217
-139;173
157;174
188;-165
181;-157
151;176
190;174
-176;-193
183;-209
-204;-194
-150;-173
141;160
125;-153
-191;-168
147;-165
198;155
-171;178
-140;159
-148;181
-159;126
-175;-182
-168;165
-158;-185
-150;182
-166;-178
166;-168
-175;-165
189;-181
-179;179
-176;209
-189;-176
181;-193
176;193
201;204
-151;-159
175;-199
178;-208
-180;-190
-191;-202
193;-194
-179;-179
184;183
168;-180
-145;-185
-217;178
174;211
167;178
164;147
-189;154
173;134
165;191
-147;-170
-152;145
-127;-196
171;-162
177;169
-213;203
-198;180
155;176
195;175
-214;-180
186;203
186;185
189;172
181;-204
-202;159
163;146
-158;-181
-180;191
177;-220
165;178
-185;165
178;-138
182;174
166;210
160;-187
-193;-189
-204;-221
-187;186
169;-183
167;196
-212;181
186;209
-194;-173
-185;157
178;-167
-160;212
157;-170
-177;-195
168;186
-138;-232
-203;224
163;194
-169;160
-169;174
-157;207
-202;-189
197;190
-180;-193
-153;-185
182;192
214;197
166;154
147;-198
-175;-188
193;-176
-183;173
-160;-181
-173;-200
186;182
-225;-156
168;180
152;175
-184;220
-151;-177
175;178
187;219
192;-174
-160;-177
-175;-163
-163;175
145;209
175;-176
-186;163
-150;-188
164;196
-168;-209
-185;-166
-206;-153
176;169
-190;-153
-201;-202
135;-210
195;215
205;-149
195;-195
145;197
181;148
-196;203
-187;-183
-167;-211
-175;-230
-199;-179
180;-139
-140;-169
-185;203
181;-155
-130;-180
-138;184
160;-166
-172;165
123;-147
182;213
179;213
-189;-175
-187;148
-174;226
-206;208
-197;-175
-201;-147
-174;176
197;163
177;-189
201;168
172;169
-169;171
172;199
226;167
164;-164
173;-126
198;-148
-201;-179
-146;-198
178;153
173;-200
-209;157
178;-173
-176;-134
-133;-186
171;-154
169;169
-200;-197
-178;174
163;191
153;212
202;-171
-152;170
-182;-159
182;191
176;-173
155;167
-158;-207
-164;-210
164;149
-206;143
184;203
-174;-174
-163;-192
205;196
-187;-167
165;224
-171;183
-183;-185
154;167
195;-183
200;-167
148;230
173;194
-191;-166
194;195
-213;-154
-180;154
166;-193
191;-170
192;-214
-166;180
145;201
-217;-146
166;-214
-181;198
-206;194
200;177
204;161
168;181
-169;175
178;-184
-177;211
-196;163
-187;-201
-197;184
187;193
148;189
-176;175
-161;171
-171;-189
-160;-142
177;162
-190;201
-170;177
153;186
173;-174
-189;154
-220;185
-192;184
188;159
165;-203
-182;145
160;-163
186;-171
119;186
-224;166
187;168
165;188
-184;-194
-169;-203
-187;166
152;153
205;-190
206;-188
198;-204
200;-170
172;187
-165;152
-133;-150
-191;188
191;-161
184;177
184;-195
-229;-179
-170;176
-184;-192
-194;-190
149;-203
154;-159
178;-177
-186;-183
182;213
-151;-187
175;-198
190;-201
-190;-203
193;-222
-187;-183
184;152
-197;-196
247;-180
203;-158
183;153
-185;-156
182;175
191;187
-196;-145
-200;203
186;154
151;-139
-179;-198
-202;-197
160;211
-151;-164
184;175
-165;-193
190;-163
-166;-150
-169;198
-187;-181
-168;174
-239;165
188;-160
-168;-199
168;182
-195;174
178;161
-179;136
196;-128
166;198
176;-190
186;-170
176;-187
207;183
-193;158
-171;168
-219;-202
-157;199
-204;-192
-211;176
155;176
-216;198
-202;235
-156;-214
189;-188
204;-199
-189;-147
-173;-152
131;159
-168;-168
178;173
-184;196
150;177
-169;199
-158;-186
150;187
183;-172
190;-165
170;-156
-137;-183
-161;-147
226;-202
-183;-199
-169;-175
-200;-148
175;-190
218;-164
185;-182
172;-192
-151;-208
171;210
190;169
156;211
-211;-240
203;226
203;233
201;-177
187;202
150;215
169;167
175;151
185;-160
207;218
180;185
-158;-160
-172;150
152;190
-201;161
177;175
234;-198
181;-192
160;-169
-136;-158
182;-137
151;-194
-157;158
-177;160
-192;183
-158;-183
-223;-202
-196;-171
161;-166
129;212
165;-187
-154;-171
-210;153
188;192
181;183
162;-167
161;208
177;198
160;-180
-215;175
165;-153
-191;174
173;-177
-185;167
-167;185
156;191
-121;-162
223;-179
187;219
-181;166
175;210
179;-198
182;-155
175;-180
-202;186
-201;-203
-161;-211
195;196
-213;137
175;219
-171;-170
-169;-189
-209;-188
204;234
223;218
195;-174
219;-207
-164;-173
-141;-183
-201;-216
168;197
-165;-192
-179;177
160;191
-203;151
-166;-172
186;-173
202;192
-150;-164
-182;-193
182;-176
182;-197
170;179
-140;-196
-150;178
-176;187
-169;-165
200;-213
-155;169
-144;-172
-155;168
-198;-210
166;177
171;189
207;206
-201;135
183;-207
174;-200
170;172
-221;191
171;-177
210;-187
-177;144
-156;-200
147;-165
-156;-189
186;-132
206;199
-188;-198
202;196
-197;173
-176;198
-210;151
-205;-238
-176;-179
-208;186
194;-174
-212;-173
-208;170
-213;221
-178;-193
-173;-195
-182;-191
-171;182
192;132
177;177
-197;-202
155;182
-162;-184
171;-185
-184;-202
-172;-167
-204;191
180;172
-177;-206
-183;-169
-174;175
-165;144
-185;175
-140;-163
163;-168
-183;180
-190;-140
170;-176
137;155
-192;203
-184;-187
-142;181
-171;178
160;-152
-208;-170
178;-192
-197;-150
-167;-188
200;222
149;161
212;202
176;149
175;-161
167;-174
214;-205
180;-160
193;-176
-176;-183
171;202
177;188
-180;190
210;-160
175;197
-201;-221
162;229
184;-182
-197;188
-174;132
176;222
-210;231
176;-188
-225;192
174;-182
-222;198
186;212
-203;202
189;219
206;-181
-193;166
191;-200
-206;209
203;-177
248;-168
-185;-203
-168;-162
-180;171
-186;-180
-195;176
-149;163
163;201
-157;146
-148;191
202;-172
174;204
195;187
155;-175
196;-174
-152;-196
162;196
147;213
-191;-192
-152;193
168;-159
185;178
162;-196
171;-193
174;-186
167;-179
-176;226
198;-134
191;-178
151;187
139;195
-193;143
-145;-136
-209;174
-180;150
203;-193
137;167
-186;198
-182;176
-147;-172
-173;-194
168;181
-169;171
-166;193
-127;-182
183;-186
182;-136
-164;-189
-219;-156
183;196
186;196
-180;220
172;-186
-187;-157
-167;-202
173;-150
159;-178
-144;163
153;172
-188;-192
-205;-181
168;-196
188;-171
159;-181
-198;-140
-194;184
207;-187
-177;198
186;-178
-145;205
182;-178
-198;-145
210;176
-202;186
-192;-117
201;175
168;207
220;-175
-172;175
-164;157
183;-185
206;-167
208;-183
188;-149
-190;-181
219;-152
-184;-163
137;215
-185;-190
-195;-178
178;208
154;-179
-177;170
-202;-170
-196;165
187;217
169;177
-181;-177
198;166
174;190
-123;151
168;174
162;191
-172;-193
-200;181
-177;191
-184;-144
203;-201
181;-165
-153;-183
-174;-204
171;-171
203;-140
165;-169
171;-206
-185;208
247;182
-194;193
180;-178
-183;-179
-230;-184
185;-212
-177;207
165;-221
-173;164
-176;-196
-147;191
166;-189
-206;-171
172;-214
-195;-205
161;-177
-198;-152
-181;-182
194;206
-212;185
170;179
162;172
-197;177
-171;183
171;-183
180;198
193;188
-213;-198
167;-137
185;-168
176;228
166;-189
-183;182
167;178
187;-181
-201;-179
-168;200
158;195
-156;184
-179;153
222;-187
194;151
177;-213
180;-196
218;158
-167;-178
-172;154
-212;187
156;188
209;-155
-192;-163
-183;162
186;175
198;210
199;-195
164;208
193;-163
-169;159
-202;-165
171;197
170;196
193;-214
-154;140
-192;-183
-204;-156
-196;-185
189;210
-187;-174
-188;-223
205;-195
-176;196
168;195
206;174
221;181
172;-186
181;205
-168;178
-196;211
185;152
-197;-193
-209;194
-169;-207
170;-211
158;-185
-177;-192
-182;216
166;189
162;182
-178;126
193;-150
191;-146
179;-203
193;160
-165;-177
199;188
-193;157
-159;188
-170;149
167;-164
-175;156
204;142
161;-186
182;187
186;164
-161;-152
-188;-172
-157;-148
187;200
220;186
158;-171
184;-198
204;205
-201;181
-159;187
200;191
-190;-169
182;-202
140;-190
-196;184
-175;157
-180;-151
180;195
196;149
202;-173
-175;-201
168;-162
165;208
186;-167
182;-201
217;168
181;-204
196;183
-174;-159
169;-170
-190;167
-155;180
-200;136
197;168
171;-161
155;185
161;-171
-207;147
194;157
-184;175
-188;191
179;171
-171;172
162;146
-187;160
150;-162
-173;200
164;-202
183;168
-161;-149
183;-197
162;-173
-178;190
132;-181
169;175
173;-149
186;139
209;150
159;145
-152;161
165;-190
184;-181
163;-194
154;-155
143;186
160;187
-184;-171
-205;-191
-170;-207
-166;184
160;-173
-154;-199
-197;174
182;-201
-200;168
-188;-213
-180;189
196;204
-165;159
-176;174
-182;137
204;216
-211;-149
176;-193
-184;179
-199;140
193;174
-170;132
204;-174
-181;-130
-175;160
-146;-181
-171;-186
161;144
148;165
172;170
162;128
-162;-186
-179;-164
186;-207
156;192
-190;-193
193;173
-179;168
-143;-167
-202;-184
-180;190
-147;213
-184;192
194;-195
-219;-176
-173;163
-187;-195
199;142
180;174
-205;202
-194;146
-153;215
-144;-194
191;180
-186;-173
-175;-155
187;166
-191;-210
-156;218
187;176
217;-174
-150;182
-211;-169
183;-176
-204;194
172;-201
-131;-171
-191;174
154;-155
204;185
150;-178
-190;-168
-174;-217
-213;176
-173;-218
-180;-197
206;156
-187;-172
158;118
-162;-182
-163;-185
-184;169
186;-212
179;-166
180;-145
186;175
192;-192
207;172
-182;170
155;204
207;151
142;167
-184;-219
137;-167
133;-182
-144;145
184;176
199;181
-197;-151
-182;164
-174;-141
-190;177
-161;-184
-216;-162
-160;198
138;-152
160;-161
168;160
-172;-149
-176;-165
172;197
-200;-189
173;-193
155;-200
154;-149
178;-185
207;-213
192;-185
-188;-140
-152;189
-212;187
242;-182
-180;212
-213;-187
166;142
161;217
177;-189
-194;-172
167;-172
-175;180
157;186
221;-161
-184;-178
-181;189
200;181
-170;-219
-157;-164
-173;-190
177;181
-201;-177
-191;-178
-188;167
148;180
191;-177
-167;-185
-165;-169
126;181
134;164
-174;184
-148;-204
-177;171
201;194
-197;151
-153;190
138;-156
195;149
160;170
-140;154
-195;159
-179;-169
-191;226
-171;193
147;-153
189;161
183;182
212;-167
-178;-191
-201;-187
-216;-173
-156;165
-176;-181
160;176
181;181
151;-196
-157;180
200;135
171;146
175;-178
168;-196
-142;159
173;-157
-187;184
167;176
-210;-191
153;174
-179;-204
205;141
-208;-157
-197;-165
167;-180
169;-211
200;-140
195;-181
-182;147
162;173
192;188
-168;186
-174;-190
199;190
192;182
-165;-172
165;-147
-178;-207
-188;-188
212;-202
181;172
170;-206
168;-207
-118;230
227;203
164;200
-204;179
162;206
137;204
139;-193
-182;-186
162;172
-175;182
-187;183
-191;160
153;-190
176;156
146;145
175;-202
157;152
185;-183
-229;218
-199;-164
190;-185
-182;-166
215;238
183;183
-206;195
-194;-184
175;-226
-183;142
-178;170
180;-184
177;-146
173;165
219;172
193;167
-170;199
188;-210
-186;-144
-194;218
-190;216
-193;-193
-208;-169
-207;180
-185;220
195;-162
-174;166
-198;156
-191;-214
-173;204
-196;170
211;-225
-205;196
204;180
-179;198
189;149
207;153
203;-204
-186;-153
200;170
-202;-184
-184;-103
201;-195
-252;-173
-156;-192
-199;177
160;174
-171;-207
-191;191
160;145
-206;-199
-161;-208
-187;198
167;-206
-194;204
163;-193
-212;192
243;184
210;149
172;175
-177;-125
-171;-162
162;147
-181;-219
-161;184
-177;-180
-199;-190
-154;187
187;-177
171;-200
152;-185
173;-153
-166;188
186;-199
150;195
155;-175
-208;197
175;176
151;-189
-199;197
183;-184
-206;174
-153;-178
-208;195
189;-219
-159;-184
186;181
220;-193
197;184
159;-210
-176;159
-180;173
-164;178
214;-186
-208;-160
-145;211
-234;-139
-212;211
167;-193
193;-228
-226;-153
-193;-162
-121;232
161;-254
190;186
145;217
-142;-188
171;-168
-161;122
-118;-192
-234;-162
-204;-167
-209;-189
-194;-195
232;-204
154;197
-173;-188
-173;-187
172;164
178;179
195;172
177;157
-168;197
-188;180
-168;173
193;206
177;-188
-205;169
-167;210
-160;157
233;-201
-177;208
179;-195
178;-186
193;-166
-164;-196
202;184
191;146
160;189
179;-156
-157;202
-203;-184
-163;215
186;-205
-208;201
187;-187
161;181
233;-148
-201;-237
-198;-202
-170;181
-214;-191
168;-166
-204;-173
157;-195
-230;-133
-183;228
-192;244
-176;-166
117;-218
-160;202
158;184
180;-198
-207;-173
181;194
190;-179
-195;-167
180;-148
165;168
193;170
-183;169
185;-189
-191;194
169;206
-169;-145
-145;-180
180;-183
-211;-226
129;144
-157;178
195;-179
182;-196
204;188
209;-183
165;-175
189;-175
206;174
150;-217
186;148
236;-186
-154;-162
-148;178
169;-165
-195;-152
-198;-159
199;-169
-197;158
-158;-191
-235;-195
200;176
-193;-186
192;-192
170;188
-198;191
178;150
170;-140
187;208
150;233
-161;-209
170;150
-219;229
-156;199
196;176
168;-232
-186;160
-175;-224
-169;210
-203;239
-156;173
178;182
-232;-178
222;157
185;-200
188;146
225;160
216;213
-184;185
187;-170
-177;174
149;-179
188;-215
-194;-203
138;218
-165;168
219;-188
-198;178
-185;175
188;-178
169;205
188;-159
170;-162
216;174
-182;169
-172;151
-178;-193
-170;167
150;-152
-167;-147
147;126
170;-133
-162;161
209;-175
143;187
179;171
206;-203
189;139
-223;-186
-162;-176
-190;-181
200;169
-214;-135
-200;197
-161;-144
-183;-180
-201;-201
-210;221
151;-243
-160;178
-198;190
-165;-176
166;162
-178;159
229;176
-178;-176
-185;171
-194;-218
-159;-198
153;199
-178;145
202;154
-169;154
-159;-214
-159;192
198;-152
-190;-192
-156;-209
181;-209
196;192
-166;-162
216;162
-175;-172
120;149
-158;180
-167;169
192;-165
211;-182
-173;167
157;-172
-182;170
-155;-159
-159;125
173;177
160;-147
160;-177
-118;-161
187;171
-170;127
196;181
186;183
-192;157
168;169
145;-153
193;-187
172;185
-197;-170
196;185
-185;193
205;-180
-163;244
176;-208
-183;-176
234;167
192;180
-142;200
221;156
211;-207
195;-203
217;207
184;176
-219;-205
203;-190
-208;-236
-185;-192
204;221
206;-150
-190;-193
189;-195
190;189
-215;126
-166;173
-173;193
-202;195
-214;-162
-217;153
-165;-176
-177;170
-161;-175
181;-176
-210;-205
203;-149
-196;198
-170;199
-226;-202
194;-177
151;175
166;149
-164;-185
178;-175
186;-181
-165;-147
-171;-190
161;-132
-175;-121
176;156
207;-153
-156;-191
-183;167
144;170
163;165
176;193
-213;158
132;175
157;196
-202;-155
-194;197
-202;-176
203;-186
209;-193
-187;-179
-183;185
191;215
153;163
-187;164
178;-165
184;-182
176;-210
244;185
-170;-231
203;183
-174;172
-203;214
-167;196
190;-184
-196;180
208;186
188;-200
169;166
153;190
-187;-166
-165;-204
-189;-192
203;212
163;183
191;-170
172;-156
229;194
-186;162
-157;193
193;178
-195;-178
161;-177
200;-204
-177;175
-174;179
-163;-232
190;168
165;169
141;-203
-166;-163
178;-206
199;157
171;-193
209;-164
165;152
195;-191
200;175
-176;-186
180;-172
-200;154
-156;194
-239;157
156;170
205;-181
201;233
176;-206
-178;204
177;180
-180;142
-186;176
160;220
-161;170
200;133
-201;177
199;-164
-190;184
169;-190
176;188
-207;-214
191;-166
191;-163
-190;196
192;-182
184;205
213;-157
162;182
182;193
169;158
-179;198
203;-190
186;-136
192;-168
189;-163
176;193
161;181
-170;-213
-190;-164
-180;-173
-180;195
192;-171
-165;-165
-194;155
160;-179
-184;212
-199;-180
-186;186
199;182
-176;190
-174;200
-179;143
205;189
-194;-155
150;-174
-197;171
-135;206
157;200
-145;192
185;-154
-183;-184
-204;185
-214;-179
-201;-175
151;208
201;197
222;201
189;185
-196;-167
-172;-219
175;-209
218;199
-209;-162
172;241
-167;174
-197;-227
-186;-192
-199;181
-172;158
-200;158
176;-237
-182;-187
-165;164
-190;-188
190;221
183;197
-193;164
-181;209
-192;173
-179;-214
159;188
-164;-201
-178;-155
157;184
-192;-195
-234;181
155;176
215;-194
-204;159
-188;-183
161;-189
-220;195
196;-165
-199;-173
-175;165
210;-186
160;205
137;-164
-193;-193
-212;-125
-179;179
-195;-157
-154;-154
206;141
-196;-175
225;192
-187;-157
-164;-186
-189;182
157;-131
173;-188
185;-173
194;182
230;-206
175;159
-219;165
191;211
195;190
178;161
-163;-227
200;-156
220;-195
-195;227
186;165
191;144
-184;-199
-213;189
-198;-203
-222;147
-183;-151
-199;-173
-175;171
181;-183
224;-186
162;208
-180;-200
-201;-177
182;170
-228;-220
259;-184
201;-218
202;-142
216;-139
236;-190
174;-174
-181;-159
-163;199
-205;219
205;-183
-185;167
-165;-177
173;173
130;169
179;-175
-172;-202
218;-152
-193;200
192;193
169;-172
-188;-160
-179;170
198;182
-167;-188
-200;-182
-223;-161
164;153
-196;-189
-160;-165
-175;175
188;175
185;-159
-164;-208
-161;-174
182;170
154;170
-195;193
-179;-229
-214;198
210;153
-188;215
-195;199
207;-154
174;185
157;182
-216;165
-162;198
-194;-220
-188;184
-211;160
199;-183
182;190
217;172
203;-178
-166;-206
-168;-216
-199;-177
-188;198
-177;-185
151;233
172;184
222;-209
-157;200
194;161
176;184
198;-184
166;-151
-176;181
219;-202
-201;148
167;181
-180;-138
173;182
-173;-215
156;156
-171;-179
-156;-177
220;-152
199;-142
178;-170
150;-172
-167;169
161;162
202;196
-160;168
-212;-149
165;163
207;168
-170;-159
180;-177
-197;-183
-177;-180
199;-210
234;200
173;-179
199;-218
-192;190
176;160
183;186
-165;175
174;177
193;209
179;-164
-169;-152
132;180
-174;161
-141;161
-141;211
142;-145
209;163
195;155
175;-191
134;161
193;-198
-175;161
-195;-154
163;-177
-189;-205
161;170
187;163
-182;183
-181;-225
181;-212
-162;184
-209;226
191;-179
153;-199
182;151
145;168
197;201
-227;216
174;-198
-176;-224
-201;181
-189;181
-188;-184
-164;-192
-189;193
-179;183
181;-165
-186;172
-156;156
-171;-155
-214;212
-201;161
194;-174
-181;195
191;150
-144;193
171;187
216;207
172;-230
-174;-167
199;165
-201;-194
-184;-213
178;-172
-202;-167
-148;-142
-194;153
200;194
-177;-165
-199;183
145;212
-162;-194
-184;-164
-173;153
145;-200
-167;205
166;-215
-175;169
136;135
201;193
172;163
-158;-153
-172;-211
187;197
-166;-177
-231;190
-187;-188
-174;-191
-156;193
165;-178
204;-191
190;-203
186;-156
-163;246
200;-162
188;200
205;-204
-158;208
246;188
183;-179
-156;147
121;-208
-159;180
-206;-180
-170;181
144;-148
-199;-201
235;177
137;-166
177;214
180;-195
-203;197
-210;146
-180;193
199;-190
-238;-188
-194;178
-198;-175
-214;193
196;-190
181;-182
-182;-168
-229;-197
-202;186
192;-235
203;162
158;216
-177;-176
188;-166
-181;146
-195;-164
-160;-175
-176;-174
-151;-187
-211;-168
165;-166
200;191
-192;-197
-168;-214
127;165
178;141
152;190
128;168
-202;196
-193;177
-133;176
193;132
203;-189
-195;193
-167;167
-130;156
242;-182
-182;158
194;-186
183;-209
180;-179
-179;-165
190;186
178;205
181;200
176;-159
-164;175
-162;-161
-186;192
159;-197
-190;191
140;-175
163;162
187;-150
-154;-152
-148;-162
-217;169
-180;-189
175;-172
-197;-189
207;-189
-174;-190
-170;200
-148;183
-135;-174
205;-216
-180;190
193;178
151;-235
-198;-172
153;177
182;-179
-194;-195
218;-221
149;136
167;182
-230;189
175;-190
-157;154
186;234
-172;-154
-177;-198
173;-186
-165;-168
188;153
-159;151
207;-166
170;-165
208;184
184;-202
207;-191
211;-163
182;181
191;-198
178;170
170;-175
-175;-163
-186;208
195;-202
-163;-192
-184;-199
156;-215
-160;168
-204;-199
-195;-166
214;160
-165;-175
179;-159
197;167
-179;214
161;178
197;-187
186;158
177;162
-171;-180
186;156
-194;162
-210;196
174;187
153;-160
-201;158
-190;-124
-177;174
-196;159
-168;226
194;169
-195;-200
236;209
212;-172
160;179
146;196
176;195
-217;193
175;-192
-184;193
136;-156
182;-222
-133;-182
180;182
-181;131
180;-129
-151;163
-135;186
175;-197
178;204
201;-158
240;-190
164;176
-172;204
-183;208
-188;-208
-213;209
226;-172
-184;-195
178;165
213;-189
-183;196
183;-168
169;151
181;189
199;-180
141;167
-203;-201
-198;-199
-210;-179
188;154
-162;-220
-193;181
-202;-204
-212;-219
-185;-162
-171;186
195;-189
-186;144
-180;195
-125;-220
164;158
-187;198
159;162
-167;-133
-146;189
-163;-175
-192;-202
172;152
-185;153
149;174
-167;148
-176;-165
-194;187
187;-171
-164;-166
-167;-196
212;-146
180;211
-213;-175
168;177
-221;-154
233;175
-172;209
-196;196
206;-187
185;-176
-171;203
216;-203
-204;203
-201;-179
-215;224
189;201
195;-178
194;-157
-195;-177
206;189
-196;196
181;191
188;203
-214;173
160;201
164;-172
223;-157
156;200
-185;-218
148;184
-188;179
206;-200
-179;176
179;-179
-205;-180
196;191
179;167
-222;170
161;149
211;-177
195;-194
163;194
168;199
-188;-192
159;-136
-170;-169
-186;-171
207;157
171;-163
-171;-178
158;-177
187;196
-161;159
-207;171
-185;135
-198;191
-207;-172
-178;193
-178;-146
-193;187
-179;-212
211;-214
-175;-168
195;-210
-186;197
-195;234
-230;-191
170;-226
224;183
205;191
-229;-194
208;-161
158;-210
-183;-207
-239;-158
164;-168
-211;-200
180;196
166;-187
-178;-201
-201;145
136;196
174;161
159;193
-159;171
158;184
135;205
-200;-142
-186;174
-127;-177
207;-204
186;-175
-145;-162
-180;170
167;173
159;194
-162;146
166;-160
134;-153
171;-149
187;180
-152;-144
213;156
-149;180
-185;198
-172;191
175;-190
-174;183
193;168
173;-215
169;175
184;158
-156;-168
-202;-155
-172;-151
190;174
226;124
177;-194
188;-150
157;208
-192;168
-192;185
196;219
-159;-204
154;-181
176;-165
-195;149
-166;183
-180;-179
151;168
191;157
169;-145
-196;-164
165;-173
168;183
180;-179
167;-155
149;155
162;-161
173;126
-195;-137
165;-144
-150;125
-142;164
-208;176
177;135
159;-180
190;181
194;-167
-122;174
180;210
-178;185
-172;175
154;148
-160;188
195;233
-156;220
196;-167
-177;180
170;-215
183;189
-189;-155
208;-149
158;-151
-156;190
163;-178
174;169
185;-221
163;198
185;165
161;151
-207;155
167;-177
171;-187
157;-205
169;-184
191;201
205;156
-199;-198
-225;-222
-202;-177
-209;141
175;-181
-149;-174
-179;157
185;-185
-162;185
-160;-185
-173;176
163;180
-151;179
-161;208
-168;177
145;162
-139;-173
168;-138
-163;169
-181;201
147;161
-158;132
169;-163
-141;-170
-184;166
-176;-190
-130;-145
145;200
169;172
202;177
165;141
-173;-181
-178;-144
171;-204
198;195
-197;-176
194;164
-168;191
-194;-162
-207;-186
-172;197
-171;221
-194;208
160;-206
-175;-140
-155;172
-222;-140
182;162
172;179
-171;184
-154;210
-142;183
-194;-187
164;180
-217;-154
-181;-170
176;185
-170;-198
-180;179
184;168
185;-162
-189;154
-214;-202
213;-148
-160;163
196;-167
-180;-145
-177;205
179;-161
164;177
195;-177
-155;-202
-148;-158
-166;188
-173;-161
-160;-161
132;150
-171;-186
165;194
-183;-170
-194;-159
-155;197
162;-179
160;-145
161;-160
140;155
160;-144
159;165
-154;208
178;137
175;166
196;186
-148;-177
165;-198
167;-223
-157;171
202;142
163;183
-193;-157
-172;187
-214;-186
-165;186
-183;-207
-181;-162
-187;218
171;-185
166;-197
161;153
-168;-184
-180;-191
181;185
-163;-161
173;-168
181;-197
181;-162
150;-162
189;-175
196;-194
-170;-191
-185;205
-198;140
207;-150
-211;188
-148;-176
221;159
159;185
175;-159
-167;-194
173;-204
-186;236
151;165
181;-128
-144;-181
-179;149
193;173
-144;-201
-184;-155
-191;-175
189;140
-159;-213
-165;-151
-159;183
186;153
129;-147
-168;-148
-162;-183
151;178
184;164
-127;183
-162;-183
-172;198
165;162
-160;190
-194;193
151;-181
205;152
201;182
-164;176
-158;194
-181;-183
-150;188
-172;186
183;-187
188;160
207;167
147;-171
-175;-181
-202;-189
-188;-187
-171;160
-182;-166
149;162
182;135
163;-172
-139;154
190;149
184;185
167;-179
175;-179
-130;204
156;-173
-189;163
147;224
-195;-189
142;183
-140;-190
170;192
-206;-161
-183;-159
162;-169
174;-190
161;-173
149;-178
-191;159
192;150
142;182
-149;124
-154;-166
162;172
138;154
-206;-176
195;-151
-150;-173
-170;-199
178;-139
181;207
149;-195
183;-180
-214;157
141;176
176;210
-177;176
141;156
156;175
193;-216
-187;-213
195;142
-181;207
-147;181
-206;187
189;-165
143;170
174;174
195;-137
193;216
202;-154
-157;185
-194;-195
193;-198
-153;-175
169;184
183;174
-169;162
-145;-165
160;-177
-172;158
-178;139
178;-170
216;-181
117;172
146;197
128;201
-169;118
149;-174
-161;-212
-199;157
-169;142
-182;-169
-142;-165
-179;161
-153;170
173;-164
-183;167
-131;173
-171;-195
-169;215
-224;155
173;-185
-208;188
177;182
-176;206
176;173
187;192
162;-173
-150;-204
172;173
-114;-168
-209;-165
234;-190
-198;-207
-193;-175
-146;193
190;161
-166;-153
-178;155
173;193
-169;-215
-186;-115
-161;175
181;-198
-233;183
182;-201
-159;191
223;196
173;185
183;193
-180;-172
-167;-154
178;193
-125;-128
-171;163
-197;-198
-155;-200
-165;156
160;-183
189;-152
131;-172
188;-156
-160;147
184;-185
155;191
174;-152
-192;157
156;155
189;-148
-146;155
154;-168
-161;113
-183;-139
-188;124
155;-174
-151;-209
147;148
196;-154
147;185
151;-175
-181;200
-199;185
-223;195
203;-151
-202;-207
-180;179
-213;-184
-183;172
205;-195
207;-167
-173;-185
-160;-165
-183;174
182;-137
198;156
136;195
-175;-198
170;-178
-191;181
-163;-170
-213;-165
-195;-163
-197;-158
-146;-167
177;-160
175;213
-196;-139
-226;-187
210;179
168;173
171;183
197;156
-195;191
-176;180
-168;186
177;169
210;-173
-186;176
-183;155
-199;143
192;-155
-175;183
152;-144
137;-165
158;-159
-180;-154
154;159
196;165
179;162
181;-160
-160;177
-168;-175
-187;169
189;-187
-170;175
198;-153
168;146
126;-204
-166;-185
-175;-189
-128;183
-211;-183
216;-177
-178;-157
204;-153
-158;-189
-165;162
-189;126
-152;-178
203;-171
-193;191
182;210
211;-190
-173;-186
214;150
173;-192
-153;-174
201;-208
199;127
208;145
-185;174
161;-203
-152;204
161;203
-221;-196
-171;-167
205;-189
-183;-158
172;185
-168;210
171;-181
184;-142
177;188
149;-184
194;-171
158;-169
163;186
181;-202
161;148
168;-210
-145;-160
-113;173
148;-147
-198;-178
-162;-186
169;-147
-159;189
-170;-167
-175;-166
179;160
-186;-162
178;-189
155;182
-186;148
183;126
182;-198
155;159
151;172
-181;-224
142;152
-184;149
-195;152
150;175
190;-177
-187;173
-179;-213
-164;173
-159;199
-174;178
206;160
-159;-178
141;184
195;-163
164;166
188;178
166;218
-197;176
177;-193
-198;145
142;-160
173;-160
-213;-156
214;190
-196;176
187;-208
-173;170
-187;206
124;-188
182;170
174;-194
135;-160
188;138
-164;185
-190;155
-164;-185
-189;199
195;-171
-159;-180
185;187
162;-169
-166;187
187;-178
183;232
168;162
176;-168
204;181
-183;-173
-191;-196
-174;-138
200;210
-201;-183
-183;156
-198;-183
-174;-175
-198;-209
-175;213
159;-179
-181;182
-158;138
-166;-198
202;181
-144;182
189;185
-182;-147
-184;178
-188;-190
-169;-182
167;156
-229;185
171;164
-143;186
-171;-125
-181;164
137;-192
-201;-160
-192;-187
169;-183
205;161
-176;-169
176;176
-147;-171
149;173
-162;182
-202;180
159;-180
142;-205
-150;228
191;-189
-167;184
-220;-184
-202;190
183;177
199;-177
212;-194
-193;-186
180;175
-182;174
149;184
160;214
-219;162
184;187
195;-228
159;-183
211;144
-149;-182
175;197
-139;194
185;-136
-212;167
203;-220
-166;-187
169;207
196;172
-200;200
182;159
170;-183
171;-198
165;177
133;197
-192;-153
220;-186
-165;-162
-183;-178
193;156
175;-206
-160;-186
171;-175
180;172
-146;185
-205;218
-218;188
-178;179
-161;-162
-175;207
-170;-179
-168;163
-169;-180
208;-165
-212;-152
168;-182
-186;194
-174;188
-194;-154
161;-166
160;175
203;154
-159;-201
149;-155
189;-180
-186;-134
-162;-163
199;-160
-203;-169
178;176
207;-216
-163;-201
-229;181
154;180
183;201
192;190
-195;208
172;182
219;210
-185;-170
-156;131
-151;-151
148;-137
173;-159
-162;-193
-186;181
172;210
181;200
-207;150
184;-157
165;-169
194;-199
182;202
-184;-186
186;151
-221;163
-183;176
-186;136
214;-191
-194;131
188;129
203;-205
150;170
143;214
-144;-204
-172;-180
-191;-186
205;208
218;190
191;-170
183;-142
165;135
-195;131
-179;152
173;173
-114;-148
152;-147
163;-167
-185;149
-169;193
-192;-169
169;157
171;193
166;-184
-166;-175
167;-189
156;160
190;-151
193;-145
206;185
181;-167
172;182
-182;-191
200;-225
-193;190
-187;166
-222;188
170;200
177;-172
186;208
194;-182
-186;169
201;185
-208;129
-201;154
182;174
-162;165
143;177
-172;141
185;-192
-191;192
184;-176
159;205
-181;-214
197;-178
178;-170
-186;162
169;-172
191;170
185;-212
235;175
146;202
192;199
-227;205
237;-210
171;-178
174;-208
200;-194
176;203
196;231
-159;-166
-165;-146
-153;-155
-192;124
172;-165
-176;-176
-187;141
153;-172
-168;165
-158;-214
-183;167
176;197
-194;205
-176;180
-209;153
185;184
-194;-194
225;-206
-189;197
-171;185
235;193
-197;175
178;-181
-204;-191
-199;191
-166;-191
-154;-170
186;194
192;191
211;199
189;192
-154;-173
-156;-228
178;-175
183;192
-161;-169
162;198
-229;161
-154;-169
-166;-214
-178;199
-192;196
-211;181
184;-164
-207;-174
-194;188
-165;-186
182;187
194;201
-184;132
-197;162
-188;170
-184;-159
155;225
-205;-175
-183;-173
168;189
-206;-188
-183;201
210;198
174;-134
-149;175
-171;-195
162;-140
-149;168
144;-137
-147;-123
-170;144
162;-151
192;159
156;-154
-160;-152
-176;-157
-175;169
-185;-145
-168;-199
160;182
-166;-202
176;205
-205;-210
-205;-204
-197;168
175;-156
195;-171
176;-174
189;216
177;-167
196;177
-168;191
168;210
150;170
172;171
-191;-197
196;-152
218;-203
-229;192
166;206
174;195
-170;-183
-174;200
-183;-173
-196;115
-132;-191
-163;-177
-215;123
208;-198
195;-192
179;158
-208;-188
-212;-195
167;196
-186;-192
190;-190
205;-180
170;-157
174;-199
152;-202
185;-156
-158;-157
-193;165
-152;154
133;-163
-148;177
-173;-216
174;166
151;162
149;-177
-128;-136
158;-170
-167;167
179;180
179;-149
-186;-192
-165;158
149;166
-177;-180
-177;-222
-209;-179
191;181
-216;-141
-172;-191
-170;188
207;185
202;-161
-168;-155
-173;-193
188;169
173;158
-195;158
-204;-192
-196;168
196;201
-153;176
-236;176
201;-174
172;187
151;162
-194;164
-195;170
-161;-205
-193;147
-172;176
223;-166
171;207
130;141
167;-183
-141;-181
-158;-254
-196;-169
-171;180
-189;-189
158;203
205;174
172;-183
-190;186
169;174
189;165
204;-185
173;-226
-144;153
149;-158
-130;210
186;159
-160;-164
183;202
-168;-175
218;164
-202;-188
-207;-209
164;-211
153;-182
214;-189
166;-198
-198;207
207;188
217;156
-163;192
-213;-166
174;216
158;148
-202;-237
169;-214
-180;-212
-196;-187
177;-166
192;190
177;-164
197;-157
-216;158
167;212
157;173
-179;163
212;133
174;154
154;-209
-191;-140
206;139
-157;183
-145;165
-140;143
127;-193
191;148
189;134
191;-203
168;165
188;-202
-196;204
-162;-156
190;-171
-180;-144
172;177
197;110
-200;204
-198;-169
130;-192
-153;185
-167;202
160;-222
176;-206
167;146
234;162
210;172
-212;198
208;-234
-185;-156
-164;160
-139;156
-197;-157
-178;-173
-215;194
-210;209
133;-213
-166;164
-160;189
-154;-201
-211;178
-153;159
174;-154
-202;152
169;228
-202;195
204;206
177;206
197;-151
-155;-200
159;197
-176;-177
-219;-202
222;-180
-169;-196
-186;-127
-134;191
178;149
-181;-194
-165;204
193;141
-215;-175
-200;-206
-175;199
191;-223
-163;189
166;-178
-176;201
170;210
210;185
198;158
-174;-161
-227;-164
218;145
-197;-174
-179;194
-155;-147
-182;-219
-170;232
127;-196
148;-176
167;-166
178;-186
-140;207
174;-220
193;145
180;-216
-124;180
207;147
203;-160
-169;142
155;-197
-191;170
-183;-188
-181;192
220;-187
-185;-164
169;183
158;-157
145;182
197;-184
-173;180
-176;199
-181;157
207;-175
-202;-208
-219;187
-145;-194
-228;137
191;-198
201;-166
-135;-191
-191;-181
-197;147
206;-169
197;185
185;130
-163;-148
154;-178
-193;191
-215;-176
-183;-167
-199;-159
-212;-130
-183;-154
185;-207
197;159
-162;-158
-180;-154
192;129
197;165
220;171
193;157
-163;234
-222;173
-144;200
164;201
133;-210
-183;191
-157;173
-182;186
178;-178
-198;188
173;-173
162;-191
183;-219
-195;-163
167;153
187;172
175;145
153;-215
-173;168
-177;-170
-158;155
192;-254
-185;152
202;-241
172;160
146;-163
-174;-155
-174;-215
-195;162
-171;-190
146;-211
-230;-168
221;-189
-172;-220
-208;168
-192;143
-176;-192
226;-197
-207;131
128;188
225;-189
-187;-182
163;146
156;-178
-167;-161
148;-193
207;168
182;156
-165;169
175;-208
-191;185
179;186
-215;-189
-183;-173
209;-168
-174;-196
163;178
-166;167
138;-189
165;-204
157;150
158;-203
176;-220
161;-227
184;190
172;-212
215;147
145;-190
-211;-179
-160;199
180;-184
-148;-153
-160;-149
198;-210
-157;213
-219;-157
-167;-171
150;194
-213;-209
180;-180
186;148
-199;166
170;164
130;-182
176;190
212;228
-167;-202
206;207
-199;168
-157;219
205;207
193;-163
-181;147
-166;-182
-182;127
-188;169
-201;170
138;190
-166;-211
168;198
223;-170
148;233
193;162
203;161
-183;206
176;-167
-217;184
189;-180
163;-212
-180;-173
180;151
-175;161
174;-177
-198;158
-205;186
174;-180
180;184
186;-196
184;-189
186;142
-190;174
-185;168
-195;-135
-191;164
159;-160
-193;-204
216;172
207;-189
-166;200
195;-129
165;194
161;168
167;-196
234;182
-135;-137
-170;-212
-196;-182
182;193
-200;-200
-200;175
-206;-172
-190;-174
-176;-207
-167;189
157;-179
-188;208
-160;196
-182;-195
187;158
-136;173
179;211
-115;-213
-183;146
-163;-191
-152;-189
158;174
-170;144
190;179
-166;220
-186;-159
-190;173
187;-155
-155;-166
-195;-174
181;-202
167;141
-213;-182
154;168
-192;-177
184;157
-171;196
-150;160
165;-200
152;-186
-144;207
156;-191
-160;203
-186;-198
-164;210
227;171
159;-204
191;-188
-195;-151
194;193
-213;155
172;210
145;201
-211;173
163;204
174;-146
189;-157
137;218
-215;-185
247;180
-171;197
175;-150
-178;206
210;-189
-199;-182
219;182
190;204
-190;180
150;214
178;-198
150;-131
191;167
197;168
-159;-131
192;-176
-140;-153
-154;-195
172;178
197;-137
-168;-184
206;-160
223;189
-169;162
-176;171
-181;175
-177;226
-174;-205
-188;193
-163;-176
-212;155
-177;-177
158;-167
-188;-157
189;-120
-197;144
-161;178
-185;-152
148;-139
166;165
195;188
-205;-134
179;-187
197;-199
-212;-142
-218;-181
166;-178
-208;-169
163;172
184;-181
-209;-183
-185;184
207;153
151;208
185;205
-208;150
147;230
160;172
-175;-198
-178;185
-208;-179
185;-171
172;-224
-197;-189
-224;196
172;197
200;152
-205;155
163;-191
170;-213
147;-170
178;179
-183;-195
174;156
-176;223
-178;177
-157;187
160;-179
-180;182
148;181
186;-181
132;163
187;166
-172;-146
-142;-200
-195;-168
175;153
202;192
190;-242
178;-178
169;179
-216;166
-223;165
199;172
-182;-202
176;-173
153;-207
-215;174
-161;173
-183;-191
189;185
186;207
176;-179
-172;-182
185;-147
189;168
167;-175
181;-201
203;188
188;-207
199;158
-196;-160
148;-228
-155;182
-189;150
-203;191
239;200
164;-195
188;154
192;-224
-180;197
201;201
-199;170
-172;158
147;175
-152;150
208;184
-180;197
175;-164
-143;172
158;-173
138;179
-159;-184
212;-145
161;-157
-179;139
181;-181
167;165
175;-166
174;184
153;198
154;174
-190;181
144;-220
215;-179
202;-213
158;-231
185;198
164;150
-136;-248
-177;-188
-147;-216
-211;189
129;-204
-191;-151
-187;168
156;-176
-188;161
-206;-188
-156;191
211;167
-155;181
-144;219
-237;196
170;175
-168;-196
144;-193
-204;170
-153;157
207;196
-166;213
206;-210
-238;-182
-189;143
-178;-181
-201;-161
166;191
182;211
194;193
194;182
-193;-138
-174;-174
165;-165
173;190
-199;-185
179;166
-183;190
-207;-166
-159;-222
-161;163
-176;147
-162;162
193;-153
-188;-178
-184;166
-153;-172
154;168
180;177
-180;179
-187;221
-154;163
-194;-132
205;201
-181;-168
-162;-193
185;176
-193;-166
-145;200
165;180
179;-204
-226;169
-233;-199
207;-153
-170;206
199;-206
-171;-195
-151;223
196;-209
176;207
192;-181
-199;-156
-139;-181
-164;187
-189;-190
-184;-210
188;203
-158;-169
198;202
-191;-174
-173;-163
-172;211
183;-149
202;-212
178;-175
214;157
169;-160
194;220
-200;207
191;157
177;189
171;202
-208;-196
176;-208
196;-229
-185;199
207;178
193;198
-172;-201
-162;208
-167;-204
-194;186
-158;-144
-181;-213
-183;181
147;-150
178;-142
191;169
-163;-186
-180;-188
198;198
-169;-173
164;-165
176;-196
127;-215
181;-185
186;-194
179;-156
-186;-155
-187;162
-173;205
155;-189
-183;154
-182;-205
161;212
188;183
167;-177
-194;-175
188;-211
-178;174
196;154
206;-153
-204;-178
-185;168
157;182
-179;-162
-201;-171
-198;-167
210;174
-149;-236
-193;-200
-147;204
164;184
145;-214
-188;-160
-203;-172
179;194
178;183
-149;205
-205;-167
-161;222
177;163
-186;198
-198;173
204;-198
202;181
177;197
-190;178
-191;213
-195;-189
-171;190
-181;176
170;-178
193;208
205;201
176;-150
-155;-210
-159;-165
-189;-163
-147;132
-157;-205
178;162
205;233
192;-175
-194;172
192;162
204;110
171;-193
159;-177
-176;176
159;-223
-168;156
179;183
-220;-223
162;214
-199;-179
143;170
-157;-183
-204;-183
200;-211
185;-177
212;-240
187;-142
-157;186
150;166
214;178
-204;193
-196;-186
209;230
160;203
-157;-153
137;-174
-189;-187
-198;-153
195;-172
188;184
181;-173
171;-133
-169;175
159;203
183;148
-175;192
188;171
169;153
190;-180
-214;-211
139;190
-186;165
-168;193
-177;172
149;-163
183;205
166;194
181;-175
182;174
237;-167
-139;189
-142;-172
161;-192
-189;-227
191;192
190;210
-141;208
-187;-206
202;-205
-172;188
-215;155
148;-181
163;-230
138;209
197;213
173;172
-199;196
156;-176
-158;-185
-210;196
-231;219
-168;-200
-188;-205
-186;195
-210;186
208;-196
-201;192
-221;161
-182;-200
-196;157
-216;170
158;-142
-160;156
157;170
-180;174
178;184
177;193
163;-161
-171;-183
161;175
-198;-190
-150;-214
211;-152
-179;-151
-181;-169
-182;205
170;175
-161;-189
-148;182
159;184
-178;-148
-172;-160
-173;182
188;-199
-173;161
174;-184
-174;207
216;189
177;173
169;219
-188;-169
-205;-185
191;176
-165;-188
-204;177
-200;-179
-175;-196
-133;182
180;-205
166;-175
186;-150
194;-135
-142;200
171;-178
175;184
189;-180
-186;169
205;177
209;-192
-213;184
168;-143
-173;205
-201;-197
-185;145
165;-174
-151;-215
176;168
167;-171
200;183
191;-166
-191;154
-184;172
-202;157
166;-173
-188;-191
-154;221
-158;-214
-194;136
194;-189
189;-144
-127;-208
-155;-179
-218;175
168;-136
158;181
202;197
-129;-191
156;-188
-180;178
-202;-179
-179;-208
-205;-193
-185;-203
-185;-188
200;-154
189;211
-193;-172
-228;-180
197;182
175;142
176;195
222;174
-192;175
-206;179
-202;171
210;177
214;-184
-186;183
-135;159
-156;205
161;-160
-207;207
165;-182
186;-160
176;-183
-143;-151
209;191
192;208
189;212
204;-203
-177;162
-188;-175
-230;200
195;-212
-165;164
190;-155
196;188
207;-196
-161;-183
-175;-212
-187;212
-189;-131
186;-184
-153;-170
178;-152
-157;-176
-191;178
-189;163
-142;-216
209;-190
-189;163
183;206
184;-161
-139;-207
177;170
183;-214
-207;-184
188;-162
175;181
193;246
-182;206
187;-189
-222;235
164;151
-193;-198
-122;-173
189;-212
-240;-227
171;206
-192;193
194;-176
186;-197
169;201
148;-215
218;-151
186;-204
217;166
195;-194
193;229
185;-153
-220;-192
-215;200
195;-169
-214;-157
-170;-210
166;-164
-190;213
-173;-143
-207;-175
184;198
-209;-195
186;-196
173;163
-189;190
177;185
171;-204
158;231
189;173
-231;-184
215;170
-197;214
-193;160
128;175
180;-154
-174;173
-149;-147
-188;194
-196;197
-160;171
170;175
-177;-211
177;214
208;-149
157;199
148;193
187;194
-206;195
185;-153
-180;187
201;-150
181;-185
-145;-199
185;211
-221;159
149;-177
-217;156
-185;197
188;-184
165;203
174;-182
194;-178
192;229
-171;180
-183;136
-170;-188
-193;181
181;-178
-169;-161
179;173
174;-178
-153;163
153;-159
164;167
191;137
172;-165
180;166
-173;-176
-179;-184
-206;-168
182;168
-178;-195
-217;172
-221;-160
-207;-194
-204;-196
-185;177
188;-205
-213;172
-165;184
-170;-195
171;161
-177;148
153;205
-193;-164
-158;198
-172;-189
-155;-175
185;183
-195;160
147;200
-144;139
-148;-185
-168;147
190;-180
-126;-190
-155;-225
183;-143
165;155
-170;-186
179;191
-176;-170
144;159
-188;147
-201;145
194;-190
181;-180
-204;139
172;-125
-183;152
-159;-164
-155;166
163;180
183;-155
150;-174
-140;-149
148;202
-177;148
165;187
195;160
-158;191
160;158
138;-174
178;-181
171;192
-186;-164
141;166
-198;233
170;-167
-167;211
148;-202
-213;-190
212;159
166;213
-185;186
151;191
170;-180
165;-176
158;174
194;203
-185;-123
149;-148
-179;-189
-190;-157
144;175
197;-206
-168;-197
202;-181
185;182
-209;182
-152;191
-182;167
-185;167
-198;-194
-185;162
-181;-226
-207;172
-142;-181
193;-150
-178;-176
148;-169
-160;127
-179;166
-193;-179
155;-172
179;162
151;183
-156;-182
187;-155
139;-145
-185;-151
-163;-173
160;-181
-156;-152
173;209
128;-186
-150;-188
-161;169
167;180
179;165
180;137
-179;171
171;169
206;158
-163;-152
-165;211
-170;-180
169;-187
152;-171
-215;-187
-149;183
158;203
193;176
-165;210
189;-196
198;-164
191;-191
134;198
-155;-169
204;208
-180;203
-198;151
-235;185
192;-182
-142;182
192;199
133;-205
212;175
212;235
-144;-217
-190;-204
-179;-198
175;212
195;213
212;-206
185;-197
202;185
-152;189
-179;202
170;162
-215;-207
126;-250
172;-213
-176;172
-160;169
-171;-156
202;165
189;197
165;-147
-206;-191
180;-177
202;187
233;-145
185;-179
205;180
180;-207
193;191
-169;-194
169;-141
-218;165
-198;165
-162;172
184;213
175;-180
159;210
168;-169
-198;196
189;187
-162;178
-184;222
151;150
-198;185
171;188
-178;213
194;-161
-186;189
186;-203
176;189
-181;-164
204;-177
186;-228
-197;178
190;-180
176;157
191;-212
179;190
194;183
174;153
-187;185
221;-168
196;-203
181;-196
232;-204
202;188
180;201
-160;-161
-184;-131
-192;-191
-168;155
156;-167
-187;-202
-178;201
190;-186
-165;193
-152;-175
-194;240
182;189
-183;198
-174;181
-194;190
211;148
-194;-205
147;-208
-199;160
-149;195
142;187
-177;213
184;-193
-179;-185
-188;160
-216;-199
-175;-207
161;176
151;178
157;182
176;153
-199;-150
-173;-180
163;-191
210;194
-181;-181
189;161
-140;166
-170;-210
-178;-188
-182;175
-178;211
-175;163
167;-163
-169;-169
-162;152
-239;-161
206;177
217;176
-203;165
-181;170
-221;197
-176;-194
152;222
-179;-206
-143;-166
214;206
-189;-182
-176;184
147;211
160;-174
-161;220
-200;-151
174;-193
-202;156
180;-194
-161;-139
-186;173
169;-191
203;174
179;-207
-146;-205
-173;-174
-168;155
-193;-199
-164;-197
203;174
-176;-178
167;198
-179;-182
-185;-148
-163;175
189;-149
185;-187
172;-197
154;185
201;-163
184;169
-252;181
212;154
194;181
199;174
-195;-174
175;-186
193;-169
-197;198
203;162
202;140
-157;-204
-149;183
-203;-198
-184;212
-203;-167
-139;-178
-193;171
189;-215
203;-157
204;179
-185;-168
-182;-178
200;183
-193;-174
214;-204
171;-200
171;-199
129;-152
188;-178
185;-162
-196;-185
-202;146
-172;190
172;-189
-164;179
-197;-170
177;134
166;152
179;-181
-189;-168
171;-179
-179;200
219;181
189;-192
-207;-194
-178;166
209;169
-153;-195
-165;-186
-179;-147
231;150
-193;-186
-191;-178
-237;154
203;177
157;-158
-176;-155
-172;-196
181;157
181;196
-187;172
-149;-161
-206;137
200;157
-175;170
-192;172
158;-189
216;173
184;231
-132;182
-196;202
-213;-185
-170;203
-163;189
182;-185
233;177
153;202
181;-169
-169;-202
-206;-161
-217;-240
-229;172
-171;-151
161;192
200;199
174;-193
-207;168
239;183
209;158
178;-212
216;-208
-218;247
165;-186
-191;191
213;160
-203;-161
207;147
-194;-172
167;164
-220;-189
-165;-179
153;-181
166;-193
178;-177
212;-177
-188;201
228;158
201;197
-211;217
-179;-174
176;184
194;202
-175;-161
183;-134
-207;-179
-166;-185
129;-159
167;148
175;-196
199;-212
-204;182
180;219
214;167
-184;195
185;206
177;176
194;-178
-163;-178
175;163
-188;159
-143;208
-143;196
136;-199
195;143
170;154
172;-183
173;167
179;-198
-153;206
-160;-165
163;-179
-177;-175
156;159
161;175
-184;157
-178;-185
179;-139
-187;190
-167;191
215;-189
229;-166
167;170
178;155
207;200
-182;173
193;-164
-187;-186
-176;180
-153;170
-145;-172
-169;-159
-162;140
-155;168
197;-192
-186;155
-148;152
-151;-186
-171;181
-165;163
179;-185
-170;169
168;172
-159;150
152;201
160;184
188;-170
-165;-185
152;195
-191;-207
-192;-194
190;-174
-182;-199
-155;-167
-190;206
182;172
-189;-187
-178;172
173;171
-174;-217
-218;-154
-174;222
174;-215
-177;192
147;-224
-191;157
251;148
178;183
208;160
-204;-163
-177;-174
166;176
-201;-195
-171;170
-177;-180
-219;-192
-172;126
200;-159
169;-218
186;-226
178;-176
-189;172
177;-188
185;187
203;-121
-149;181
207;213
190;-176
-190;187
167;-194
-139;181
-175;-191
-184;200
189;-173
-195;-172
206;181
171;-216
194;150
148;-199
-173;177
-174;150
-128;237
213;-189
-193;-199
-181;205
-174;-164
-196;170
223;-145
188;-134
-183;-194
-145;-198
-186;174
202;-149
195;151
195;138
-202;-154
188;-195
-184;166
-218;-168
-174;-179
-226;-164
-176;-143
-223;-140
156;-210
182;192
-204;-182
-184;-166
210;172
204;151
176;150
210;187
-185;193
-166;216
-177;178
194;208
168;-176
-164;147
-195;187
-194;177
207;-218
-173;181
159;-183
195;-181
213;-194
-199;-230
191;164
204;179
185;185
203;-157
-166;166
-200;-173
-199;189
157;-198
-169;169
192;-177
176;207
146;-194
-165;-191
-184;-152
-163;184
-160;-143
175;-200
-198;-192
175;-220
-174;-178
-167;175
-174;141
-182;-171
149;-219
-227;219
195;191
207;-218
-196;-237
210;203
183;-201
-209;-185
166;-163
213;158
209;178
-157;208
136;-187
-150;208
209;172
-189;-142
-196;-161
162;-173
-193;-158
181;154
-196;190
163;-161
201;-180
171;206
165;-173
167;-166
187;-186
207;163
181;-157
200;209
201;-159
-167;-202
-199;198
204;-164
-187;-216
-233;-193
207;-163
-203;172
-165;-228
-173;-222
196;178
-200;-172
207;-175
221;242
-203;187
176;177
190;-188
211;187
194;181
-203;-165
162;193
-170;186
-180;194
186;183
150;-171
-198;179
-191;-206
-262;169
-189;151
-198;197
191;189
-170;-192
185;168
168;-213
183;192
164;172
157;148
-196;183
149;-185
-207;175
189;-196
145;-211
-155;-150
151;167
-200;174
189;-187
-191;176
-179;194
185;-191
174;159
176;-167
186;-161
197;190
-181;165
-176;189
-189;-188
-180;167
212;-181
-176;-235
183;178
155;-219
-178;188
219;-164
141;162
170;184
151;-172
173;175
-219;-153
-206;-160
-176;-149
191;192
-187;-155
-138;146
-205;-200
-171;-163
-153;-158
-181;187
206;-172
-200;150
-179;163
-227;-196
165;192
-201;164
185;172
-169;-163
-185;133
-154;-164
-133;-155
157;151
-170;161
182;182
-198;142
-200;-165
-201;195
157;-177
-154;-193
-149;-210
186;-173
169;189
-196;-222
166;201
-159;-204
177;139
-196;190
-178;213
160;-189
205;-149
-170;175
161;-190
-195;153
-185;-192
-187;206
182;174
180;-197
162;-190
-175;-184
168;202
-160;191
189;187
203;203
-175;161
179;149
145;-171
162;-178
181;142
-171;-190
158;192
-197;162
170;-156
-148;205
166;-174
-175;-163
155;178
160;152
-181;196
189;179
176;-211
142;-190
195;172
174;190
-175;-208
195;-169
-179;-157
-174;-188
169;157
192;-185
-179;-192
156;-176
139;181
-159;239
-188;155
-163;111
-180;171
-205;-166
-173;182
-157;-161
-194;170
-166;-218
205;-188
-170;-155
198;-192
-194;162
-223;160
-179;-169
202;-179
184;199
157;201
-206;-191
198;-134
195;-165
-194;-176
-192;-190
211;-116
-193;-216
205;190
156;-220
-184;-188
-167;200
197;166
177;153
178;192
-178;183
202;166
150;190
-221;-169
-178;148
-172;-194
186;-178
178;-173
-192;-150
-182;212
195;174
174;150
-197;180
178;-143
210;-185
211;-144
162;184
-195;-221
165;207
-216;218
-179;209
-202;195
177;-164
-163;195
186;166
228;-178
160;199
202;185
-193;-161
-173;-160
-193;-191
196;158
201;183
175;-135
181;-212
210;166
-177;185
-187;183
193;210
-186;-173
177;-187
204;-146
-185;196
-193;196
-213;-196
205;171
180;164
167;-166
-199;-201
179;-176
156;196
167;-165
213;-237
207;226
154;-159
181;164
-177;-179
217;-192
-175;166
-178;187
-170;179
179;191
161;-196
166;221
190;-194
-204;201
178;185
-173;160
-219;181
184;162
-167;214
155;219
-210;185
187;-177
-200;207
170;-149
197;182
-187;-192
179;-197
198;-180
-161;194
167;-187
199;164
183;-207
203;201
191;159
194;222
-197;181
201;-182
189;-201
183;-212
203;-217
152;197
155;212
-229;-135
-215;-186
-191;-230
-185;212
204;-189
-173;-201
-166;189
195;-183
-173;210
-220;-186
-182;205
148;194
-217;153
-191;183
-188;192
174;206
-219;-221
191;-194
-211;197
-197;177
189;193
-184;183
167;-183
-168;-163
-181;198
-161;-197
-209;-152
203;162
185;193
180;184
208;186
-196;-133
-178;-194
215;-204
188;174
-159;-161
165;171
-181;185
-208;-179
-184;-195
-226;210
-152;170
-157;206
214;-192
-189;-176
-188;204
-195;-175
193;153
207;143
-203;195
-148;194
-166;165
-179;-191
174;207
-199;-202
-168;-204
172;177
-187;-175
-190;222
197;188
192;-134
-193;176
-167;-172
192;-141
-187;199
209;-206
-171;-179
-180;190
176;-195
191;185
171;-184
-175;-206
-177;-153
-200;188
-190;-189
-188;-177
225;165
-197;-171
210;185
-176;-183
-198;-130
-224;194
173;-180
185;-179
180;-152
166;178
153;-182
188;199
-200;169
194;171
165;178
172;195
-198;-153
223;-164
189;-154
-211;203
182;200
207;162
-183;-195
-201;162
-186;-197
-172;182
-200;-175
-181;-197
-146;174
156;-175
210;-215
179;190
-195;-200
-160;-194
212;193
-177;-215
175;-169
179;-214
178;-195
240;-198
158;-111
214;-202
-206;-192
-212;206
-165;177
189;-188
-145;198
-190;-169
183;174
207;241
151;-158
-190;-195
188;-209
-192;188
150;196
181;-174
-187;-153
-182;145
183;190
-161;-204
-201;-170
-136;-192
180;161
-216;-152
-205;-138
-176;158
183;161
195;-179
-147;-186
-211;-171
184;184
156;152
-196;159
-188;-169
-172;190
185;196
-222;192
-202;155
195;-213
179;181
201;179
-181;174
-215;148
-178;-183
-164;127
-221;201
174;-173
168;164
207;169
213;-186
-191;-207
-182;-182
-206;-179
-193;221
-150;-216
198;160
172;180
167;-145
-190;192
181;170
183;191
209;-198
194;-179
-155;160
150;-161
-232;175
140;180
-152;-176
158;205
-145;-208
174;185
-189;-202
-185;-192
197;-178
209;-189
135;-181
168;-159
-170;165
179;153
215;197
-190;155
-168;-168
169;168
171;190
-187;-179
174;-179
-223;-171
-194;-194
189;-169
190;202
199;-138
173;-190
-224;151
204;166
132;176
-188;159
167;176
147;169
186;-167
-160;-197
158;147
-171;188
-167;191
-178;186
187;-170
168;201
130;156
183;-157
141;199
171;-190
-193;123
-169;-173
172;-158
-198;-169
183;141
177;157
-222;160
-163;-183
190;-169
-164;180
-144;155
145;-165
200;-188
186;177
158;145
159;171
-160;182
194;-189
-157;-150
-156;173
-164;142
-184;-193
-150;-157
-186;206
-176;193
195;-165
-183;164
-220;179
-172;-181
-160;155
-188;209
160;-167
-174;208
162;213
-152;185
183;145
197;199
187;-172
-168;-220
208;177
-186;-173
-196;-196
175;-174
-226;-188
-153;-127
-174;169
172;225
-165;-194
-198;174
181;196
-177;-175
-171;-147
-141;155
172;-170
-164;210
181;-177
-192;135
195;178
164;186
160;215
-188;-174
-178;-170
145;185
-153;-218
-190;181
-181;-148
-156;-189
-175;160
179;-195
159;-174
207;-161
174;-186
-174;180
215;-187
172;163
191;-191
-154;175
166;189
124;-227
-171;165
143;-186
-159;175
-152;-201
-195;186
171;-199
-189;-179
202;171
168;-187
204;149
184;-218
-171;157
-196;189
-230;176
145;-196
-149;-157
-209;182
-230;-198
-188;195
224;-209
193;-145
-224;-195
-190;-183
-188;212
198;-195
145;174
153;183
-150;-169
177;-146
-170;219
-170;-178
-173;-189
-196;-194
-160;-191
-134;-190
190;-196
164;166
-171;-137
-152;-176
146;162
160;215
148;172
173;142
-190;166
-221;155
-190;155
182;214
174;-179
-174;131
-164;157
-182;154
190;-183
-195;193
170;-185
181;-174
179;-144
-171;-148
177;137
159;190
168;185
157;-204
-191;183
-165;-142
-150;183
138;-184
-162;167
196;-188
212;181
189;-220
-199;-188
-179;-224
-219;201
-190;-205
182;-176
-151;-189
182;-146
-208;-173
-188;239
-161;181
-203;-209
231;-202
-197;169
178;239
152;-192
-197;-223
174;212
203;-199
-166;-167
176;-160
179;191
148;168
-170;180
179;-149
-176;159
120;146
-195;-179
-144;-204
173;-168
-193;-200
126;178
-205;140
161;-185
197;-181
174;211
178;-196
189;-193
162;-194
185;199
151;-207
165;183
183;-170
-177;-145
-171;151
176;-184
-180;-158
-189;-169
165;-167
-178;170
-209;-187
-201;-210
191;166
-171;-200
179;-191
174;175
-162;187
216;144
206;-166
185;200
174;185
-140;-187
216;190
-179;175
-225;200
209;189
228;-152
-208;189
-209;-163
-214;228
-157;171
-247;197
187;183
-180;-189
188;182
219;-145
181;181
177;183
157;198
-209;204
183;-174
-209;134
229;-179
207;-198
-186;-189
206;220
-183;164
181;-156
-221;184
-167;192
182;-172
158;140
178;-181
198;-168
169;151
-201;146
-152;181
-170;-167
-176;160
214;-201
-183;-205
216;185
254;-180
-221;181
245;-197
191;228
198;186
159;-203
190;158
-174;-184
-201;-163
-189;-244
164;189
-188;-201
-208;165
-174;-210
-201;-178
-194;-203
-194;122
174;-175
-211;138
-201;174
-196;-200
177;198
-200;191
180;173
-181;-179
-220;167
-163;-179
-199;-227
177;202
-164;176
134;196
-165;200
-197;-185
-231;173
184;-168
-168;-213
-158;-187
193;-193
180;189
-231;-190
138;168
-185;-152
198;179
-211;173
-201;191
182;-188
201;-202
-188;192
204;-165
-197;166
-174;-198
-205;187
162;219
182;-198
193;-181
-163;-204
199;194
-216;182
192;181
190;199
-209;205
182;184
170;-164
223;-170
188;216
-167;-184
167;198
-185;198
179;-175
-146;174
143;-171
-188;-206
193;182
141;193
-178;165
146;178
167;-192
177;-131
183;200
218;206
-219;-154
220;-216
-205;-174
-185;-190
207;157
192;-185
-166;-167
171;-195
177;190
-153;161
-223;160
-211;163
-191;211
-149;-224
-166;175
-181;-181
-143;139
-157;-186
140;-179
-184;-164
195;-205
-170;183
-205;151
-200;-181
172;-159
171;140
162;179
-161;-184
197;-173
215;-211
-177;-181
-210;-212
219;-206
-223;-210
164;212
213;-161
-225;-183
-184;172
190;193
219;258
172;181
-188;190
194;214
189;176
-144;-211
-162;188
-199;-160
164;-152
164;-172
-181;-168
-184;172
185;171
155;178
-203;199
162;-152
197;-158
183;-183
161;158
-185;-158
226;173
-157;200
-205;199
-206;192
156;-159
-187;195
170;197
216;-205
195;202
195;181
-180;-183
-233;-180
-227;-190
190;191
204;185
158;-197
161;-173
157;167
-180;135
-164;169
211;152
-167;-152
159;-229
145;-191
-173;167
-190;169
-156;-174
187;170
211;199
162;-173
-161;-183
172;-177
160;211
159;-151
176;-199
178;184
175;-182
192;202
-160;-172
187;-195
-165;187
-164;177
-154;171
161;187
212;-197
169;202
165;-239
-184;222
193;204
-190;198
-198;205
161;178
-184;214
188;167
-195;175
178;-166
-218;185
173;-189
173;208
-191;-163
175;-165
167;-186
-163;180
153;-205
193;183
202;-172
196;192
201;181
165;189
-185;192
210;-179
196;-189
181;-189
180;-216
170;134
197;169
-198;-139
-181;-173
-219;-159
-151;182
179;-179
-157;-147
-175;185
193;-170
-156;171
-168;-217
-178;188
159;159
-181;166
-150;181
-188;172
172;190
-177;-181
168;-166
-158;187
-181;208
210;215
-180;166
185;-126
-179;-210
-191;199
-196;-210
-228;-176
192;201
235;168
225;172
190;209
-187;-195
-206;-214
164;-230
168;208
-179;-198
183;179
-186;176
-175;-188
-163;-168
-195;194
-205;230
-173;165
202;-183
-215;-220
-191;191
-206;-188
179;216
190;212
-212;125
-168;152
-175;182
-141;-163
181;200
-203;-226
-181;-172
181;190
-250;-215
-153;213
159;201
177;-217
-157;140
-186;-145
151;-181
-156;184
144;-174
-193;-120
-164;215
192;-161
194;196
226;-159
-143;-169
-179;-179
-195;183
-173;-183
-172;-167
149;170
-185;-171
165;220
-189;-157
-216;-162
-177;149
191;-222
177;-157
180;-192
215;160
168;-209
202;153
-187;202
177;170
186;175
222;178
-190;-189
194;-189
162;-211
-191;198
157;193
170;187
-164;-215
-190;189
-211;-195
-163;141
-241;-192
-178;-179
-171;170
193;-198
212;-227
180;187
-177;-160
-208;-189
193;152
-195;-203
155;-167
216;-187
179;-154
181;-221
178;-175
198;-202
-173;-210
-134;188
-184;184
175;-193
-194;185
-178;-215
189;197
168;159
149;-180
-196;-150
143;-200
-145;182
158;132
166;-219
-180;-166
-163;152
191;205
-185;-148
-156;-157
-191;-183
200;157
-145;-180
-133;-188
-182;183
199;211
186;-185
-168;-178
-222;-153
183;176
240;173
-189;174
-210;-173
-168;207
170;182
-208;163
-192;190
166;-181
205;132
166;197
-156;222
-202;193
-167;-214
-197;174
-163;179
186;-198
160;164
158;179
186;-169
-135;-166
-218;-224
-179;-162
-205;159
-180;-193
151;171
217;157
186;-152
-162;184
152;176
211;150
188;-206
180;-163
-191;188
193;-190
-161;169
172;151
-218;-181
186;206
-200;-175
202;196
-183;-166
-182;-173
182;-189
206;-192
173;-181
185;-169
-187;161
179;172
184;212
-193;186
-195;-171
211;201
209;195
-211;-188
153;-209
-186;-189
-202;-185
178;-164
192;193
156;-167
199;-182
-194;184
150;226
158;154
-185;208
150;174
192;223
203;-173
-157;-183
158;173
-232;151
-173;164
-197;181
165;-193
175;179
173;165
170;-174
187;232
175;-147
-198;202
-179;-154
184;-195
-163;-142
191;164
204;151
-196;194
-169;-214
177;-172
-200;175
-190;187
178;-199
160;-166
182;170
206;172
234;202
-203;171
153;-215
-182;-182
-141;202
-166;182
-203;-235
-200;-177
-180;204
-197;193
194;-197
-164;194
-192;175
-170;-195
-140;216
-172;153
194;-126
-182;173
155;183
-162;166
202;177
183;205
187;-208
-159;-190
181;185
-147;-176
-178;-190
180;-173
-150;-159
-179;-159
-156;177
198;145
-144;-210
-172;163
156;218
-165;-194
-191;-198
-149;124
197;-159
-230;178
191;-198
-169;197
178;170
197;159
167;196
-165;-157
-180;-185
184;202
-186;-188
-142;179
-153;-177
-191;-185
-200;207
178;-183
202;-156
172;-218
146;-154
-179;198
184;-199
187;212
185;-166
-153;188
212;169
190;-176
-143;208
164;-190
-158;158
-157;-174
-197;214
164;-198
-186;-173
193;199
180;-178
184;144
180;-162
-225;188
-169;152
-178;146
191;-194
-212;-197
-188;158
-154;-165
-208;166
193;-192
165;-160
-168;-168
-164;-201
-159;119
187;-234
151;183
139;147
-187;-159
193;-183
-209;169
-199;-153
-143;-165
-159;-203
-184;-178
-196;-179
179;-185
193;169
-159;-186
-179;-208
170;176
186;198
205;193
116;194
-228;234
-175;205
-146;179
173;170
180;-158
-176;178
-178;195
-124;133
191;-183
-182;167
206;-160
225;-174
228;-182
-187;-221
213;207
207;184
207;160
149;-222
-180;173
-216;-158
-195;212
200;-222
-175;177
195;-200
191;197
198;-189
-187;-149
-179;-186
-170;183
-175;-209
197;-164
-182;-165
163;-175
-141;-149
-208;174
-188;179
-178;-155
176;-167
-196;147
185;187
186;-177
-157;-149
186;145
169;-185
-159;-203
143;-205
159;157
170;183
-162;144
169;-170
-165;160
182;191
-154;-189
-198;-201
226;-198
-194;-148
178;170
-157;188
200;-157
212;-144
171;164
164;-177
212;-156
179;-145
156;217
186;-183
197;180
157;-198
-187;-195
-182;192
161;-185
-185;-166
-194;-205
185;-203
-185;190
-174;-161
-219;-129
190;153
-174;-169
176;-173
156;199
-194;222
197;186
197;-151
176;174
192;185
-203;-201
195;155
-173;189
-169;189
184;179
210;-194
-183;135
-176;-195
-230;186
-183;165
-176;191
182;146
-196;-177
156;158
195;-193
162;141
191;152
202;196
-171;185
214;-223
-198;211
166;-194
179;-188
-175;-198
213;176
-180;191
182;-204
-176;148
-191;169
127;-209
176;192
181;-185
167;-169
210;183
-170;179
-216;186
-159;-172
-193;222
213;-194
-221;-200
173;206
183;-196
-221;127
196;-147
195;160
205;193
209;-174
226;163
-205;-187
-178;-160
-205;-151
184;174
-179;-175
-198;205
-190;-209
-190;-150
-181;-190
-218;179
189;-206
-167;171
-181;159
-168;-164
199;202
-161;180
165;159
-212;-186
-217;163
-193;-173
-163;-185
189;201
-184;153
174;166
-133;176
-151;-161
-171;183
146;-182
-183;-194
-202;-188
186;-181
202;164
-190;-198
202;214
-209;-188
167;202
-177;190
-200;164
192;-161
195;-172
-199;164
237;-181
-169;164
-159;-170
-180;192
154;196
192;-177
206;-197
-177;-203
174;181
-222;205
168;167
200;169
-190;170
171;196
221;-192
182;-154
192;204
-172;-175
207;180
-193;225
202;-150
-168;163
192;-201
-187;-171
176;162
189;191
-161;169
174;201
201;-209
196;-201
169;135
195;187
-169;-166
192;-163
-213;-176
-178;-187
183;208
189;-149
-203;-216
186;-191
189;187
-159;209
-149;158
-188;187
-179;167
-186;-192
-168;193
-201;-151
-171;177
-160;-201
168;-200
-201;-197
180;-128
-184;205
-193;173
-204;-185
208;-233
176;223
144;216
-181;-198
156;-181
219;-191
-190;-168
-157;-193
163;-169
-155;-159
175;217
177;-163
-178;-221
-213;170
176;182
165;172
169;178
-212;167
149;195
121;204
-192;-189
-165;125
-180;-173
190;-127
142;-150
-155;-156
-166;194
168;182
182;183
-175;172
182;-168
178;-182
160;-158
161;150
-142;-184
209;183
-188;189
-193;167
-191;158
203;-166
-184;195
188;174
162;-193
156;153
165;223
-176;-174
-180;-181
-177;-191
177;183
161;186
244;-175
175;-150
162;201
-201;169
-170;196
138;169
-181;-176
151;-178
201;-201
-180;179
-197;173
-154;-160
163;193
147;175
180;-124
-161;-167
144;-194
147;199
185;-170
187;-198
197;211
173;-154
154;182
-204;-190
140;-115
-188;168
-176;154
-181;203
202;165
185;-204
214;182
175;-183
-221;168
171;159
-143;201
-165;185
195;143
-151;169
205;221
-174;202
206;-173
-158;187
157;-177
200;125
-168;-162
163;-177
175;-228
-158;151
183;-176
173;157
181;-160
182;169
198;197
164;153
-190;145
183;-181
179;-194
202;-197
191;-200
160;196
194;204
-181;-163
-167;-180
-160;-173
-170;194
194;-181
-173;-207
-174;140
169;-161
-157;167
-189;-157
-177;168
145;153
-183;147
-161;127
-141;184
208;141
-177;-217
189;-178
-166;171
-170;164
172;219
-174;181
175;-182
-158;-162
-172;184
-184;-196
-186;-170
189;160
173;181
155;185
190;163
-174;-197
-177;-193
205;-173
186;191
-172;-163
184;145
-195;182
-155;-164
-210;-166
-126;183
-197;145
-162;171
127;-197
-152;-157
-165;199
-223;-203
187;184
206;200
-165;148
-188;186
-140;188
-200;-193
196;165
-195;-183
-171;-189
201;190
-175;-207
-210;166
206;194
195;-154
-175;157
-180;-173
197;-162
-210;148
163;-181
-184;-179
-165;141
182;-112
160;190
174;-157
-153;-166
-178;-166
-182;163
-173;-158
-125;-186
163;149
-167;-169
181;169
-154;-163
-175;-158
-183;187
169;-179
204;-187
187;-176
203;178
179;-173
197;169
-182;164
192;176
158;144
194;173
-182;-170
169;-228
155;-180
-218;181
174;143
179;165
-226;-169
-175;206
-174;-163
-164;140
-164;-143
-200;-164
-137;184
156;-171
160;-155
184;146
-190;-151
-199;-160
159;155
-168;-145
155;-210
174;-188
168;-211
175;-165
199;-220
193;-180
-201;-194
-174;151
-199;157
179;-155
-160;152
-162;-183
203;138
168;186
171;-189
-135;-158
186;-202
-164;173
144;156
180;-167
-185;-168
-164;174
179;188
-192;-162
-151;-157
-181;-173
168;172
-160;-169
-174;-162
-184;163
169;164
196;-208
-172;-187
-173;-156
164;169
191;182
-183;183
-159;-173
-221;155
158;210
-194;218
-152;190
173;-174
176;143
193;173
-177;193
-169;147
-166;-166
-183;177
-189;196
167;-168
191;152
174;151
148;-172
-183;-188
-182;-125
-177;-187
-170;191
-184;-188
164;180
164;151
133;-150
-164;203
195;169
177;182
222;-186
200;-150
-190;203
177;-182
-189;156
169;204
-145;-216
167;207
-213;-179
185;204
-186;-190
-227;-203
201;-189
195;-203
194;-231
131;-209
-182;177
221;129
178;226
-177;184
-178;-151
194;151
167;176
-159;-162
180;-189
-184;-180
-179;-152
192;-202
142;167
177;-158
148;-211
-151;161
194;138
159;174
-185;173
149;190
165;166
192;-208
-177;-184
162;141
-220;180
-191;221
-167;178
169;-219
179;231
205;196
165;-211
177;203
201;-176
-189;201
-210;-174
161;-178
-175;-179
200;168
203;170
-186;197
-215;-153
156;-219
-174;199
-180;198
189;-223
214;-178
169;201
222;204
214;155
-179;221
225;-190
-205;-175
-210;187
-197;185
-163;-192
-180;-226
-226;178
-194;204
179;-166
-175;170
-166;148
-180;-158
-201;178
-181;154
149;-150
-191;165
162;185
-222;173
183;145
141;153
190;-166
-165;-154
191;194
-185;-181
-169;-175
171;-216
-175;-164
-201;-184
-181;152
161;173
-175;-144
-199;173
195;172
-196;-173
-152;-181
-185;202
169;-171
-217;202
160;-259
-199;231
215;190
195;153
208;218
-193;-157
-233;-166
224;120
-205;-146
-168;191
-222;-173
-196;-167
-196;233
184;-180
179;-194
225;-191
156;-211
-179;212
168;-230
213;169
146;-208
-226;235
194;213
243;-216
-153;190
192;-208
-211;173
-207;-173
-166;192
163;-149
-183;-165
159;162
187;-166
192;186
150;-154
-182;165
-200;196
-206;196
164;-148
-162;-142
-195;157
-152;-196
-152;174
161;-148
199;-163
-159;-184
-176;-203
-175;172
179;-242
169;172
187;162
-180;-197
169;-162
-190;170
-178;-210
-186;-191
-209;-166
-177;-185
-189;-169
189;-166
187;175
-209;-160
-188;-206
201;161
169;209
191;155
192;183
-148;187
-202;177
-145;231
186;163
157;-246
-176;184
-171;229
-199;205
161;-180
-166;240
140;-215
189;-170
184;-193
-210;-184
224;212
224;215
201;167
197;-193
-188;176
-196;-208
-220;159
214;-191
-215;214
196;-180
165;165
163;-206
-167;-183
-151;-190
-190;193
-154;-176
186;-178
-166;-187
200;-153
-180;-171
-150;142
-178;143
-150;-152
237;-177
-152;175
191;182
157;-168
-173;-200
174;195
216;-169
-193;-170
157;-208
173;176
165;170
-201;195
171;-150
-199;183
213;214
-203;-225
-183;-188
213;-201
-191;-164
192;196
-159;183
192;-211
206;-225
173;152
218;-219
170;-212
200;-220
231;164
191;-237
207;183
165;-186
-202;-174
-203;183
170;-195
-229;-199
-207;-210
182;-196
-207;179
-145;-162
-160;-201
217;175
-176;-205
184;-203
185;193
-221;193
162;187
187;-190
170;159
180;199
-177;-195
189;200
-175;187
-184;172
144;199
181;-154
-178;181
-176;-204
-184;158
-149;194
-189;157
169;145
-180;-164
163;181
165;-166
163;178
139;184
170;186
-200;202
204;-157
-197;187
199;-145
181;-191
-179;-192
191;186
-188;190
178;-192
-165;200
-213;214
124;-175
196;183
184;-222
148;-195
180;157
-182;192
-187;194
-204;-168
-145;181
136;-180
-201;-147
193;192
187;-163
-152;155
126;-164
206;145
212;169
182;-136
163;156
-180;-192
-197;-203
-173;-151
168;172
-174;-164
-185;189
-138;-163
-185;-176
-177;-181
-142;185
113;-181
-189;183
-193;185
-188;-196
213;163
-181;162
168;126
-175;-186
-164;197
-182;-188
-213;-173
212;202
-179;194
180;200
-170;145
-144;-176
-173;154
186;-198
-196;-187
-169;-223
168;-191
156;173
-216;-175
208;171
-156;-172
172;142
-173;167
-173;195
159;-195
169;-207
-162;161
195;-180
-176;185
-164;-137
-189;174
171;157
158;-210
185;-226
-159;-166
175;208
-148;181
180;173
188;130
-160;184
173;167
144;-194
153;-190
181;170
-160;-150
183;164
-165;186
170;-152
-193;217
174;-184
-177;-162
190;167
186;188
-172;203
175;180
175;-228
213;-170
158;178
155;144
-183;-168
166;-196
-164;-197
-187;-166
193;175
196;-186
-210;-171
177;-182
203;232
-181;228
-191;175
-164;205
-189;207
-183;-174
-202;146
-169;-168
-176;167
-209;-160
179;-201
-191;-184
196;-200
-177;195
-155;172
-176;-200
164;-193
171;160
204;159
-169;-174
160;-176
147;-219
-164;-161
-189;-172
176;-193
-167;-166
204;201
170;-148
-234;-190
-189;170
143;168
207;177
179;166
-164;182
181;172
176;135
-173;-152
-142;157
-141;-217
174;-140
180;-163
-160;-186
-191;180
154;228
185;185
-176;152
159;-157
179;-160
220;-172
170;153
-198;-169
176;168
-134;207
-215;189
-192;161
160;-201
-189;169
181;146
185;-201
162;150
159;179
-203;-174
-208;-151
-152;-210
209;162
172;184
174;-147
176;-182
166;192
-189;171
-214;138
177;162
-164;-215
198;-170
172;-165
-188;164
-198;182
-116;-178
130;191
171;159
174;-173
-166;-234
205;-154
182;166
199;-194
154;-221
176;189
196;-158
215;185
-179;-189
172;-193
-174;194
-166;178
-177;171
156;177
162;-181
196;179
198;-195
-156;204
195;191
-195;233
-131;161
182;172
-209;207
177;194
-175;137
167;-165
-151;205
178;-153
180;188
-169;-148
202;-181
171;-214
-196;169
167;-186
213;185
193;-169
161;155
185;188
213;179
-182;181
181;-162
150;-191
171;-179
174;-188
190;161
219;192
-185;-206
-184;-211
-199;-160
-207;184
215;-193
-163;-164
-188;171
187;-161
-193;189
-154;-148
-209;191
171;202
-190;145
-216;140
-184;161
188;224
-167;-210
171;-186
-151;206
-183;199
208;169
-205;205
187;-178
-186;-148
-181;187
-225;-162
-182;-159
210;209
183;155
167;164
186;183
-183;-197
-195;-188
176;-163
199;178
-171;-211
189;185
-177;125
-189;-155
-159;-144
-187;141
-150;184
-191;186
155;-170
-197;-178
-195;146
-178;-160
168;156
156;199
-161;169
-163;166
-188;199
-196;-194
200;178
-188;-213
-199;-176
168;171
-192;-202
-196;174
174;175
156;-175
-201;182
-160;-172
175;-141
-184;164
184;-159
-207;-185
-186;191
216;-166
131;193
237;-171
-206;-193
-171;-167
-199;139
-146;-161
-190;-179
196;207
-166;-224
162;199
-165;-174
-175;-201
-188;179
166;-177
191;-205
175;-158
188;196
157;-182
166;165
-176;178
183;169
210;190
165;183
-212;-190
162;-114
193;-182
-156;193
186;179
194;212
-206;-193
-165;186
-177;-193
-181;190
-176;-164
-203;-201
-162;216
148;-187
165;-171
187;178
-178;-131
-156;-184
174;204
-167;-203
144;-220
228;-195
160;-156
180;-193
221;-194
215;-174
-178;-206
-167;164
-180;192
212;-150
-161;174
-153;-180
166;174
154;141
171;-160
-134;-193
220;-166
-178;187
172;202
148;-164
-157;-204
-190;175
131;216
-151;-218
-201;-195
-199;-197
183;212
-185;-176
-221;-191
-191;180
124;147
171;-201
-174;-183
-169;-197
198;184
203;172
-174;164
-175;-159
-172;184
176;188
-191;197
-212;116
160;-196
172;160
189;185
-201;176
-183;200
-193;-192
-151;202
-186;193
152;-163
148;159
190;176
150;-189
-197;-171
-177;-157
-176;-226
-176;200
-203;-174
222;193
194;177
211;-183
-149;200
167;191
171;209
220;-210
156;-170
-189;206
201;-173
-179;172
161;145
-145;-139
155;145
-176;-180
194;169
-165;-147
-185;-148
157;-172
185;-171
183;-163
158;-205
-166;196
194;162
174;203
-178;175
-175;-177
195;156
183;169
-219;-188
191;-157
-174;-154
-172;-152
183;-181
202;155
158;-181
222;-169
-152;199
148;219
202;148
-160;167
174;181
202;158
182;-184
-163;-140
179;168
-142;164
-154;157
-175;200
157;-178
178;152
189;142
156;-158
201;183
135;-157
-142;206
-175;-185
173;-217
-173;-169
143;161
182;153
-127;169
-192;-165
135;-163
-147;185
-157;174
187;-129
177;-141
167;156
179;140
151;175
-184;165
178;-187
-189;-166
-194;181
-165;204
-186;-170
-149;-179
-168;181
-178;175
177;-186
-156;184
-226;209
-189;-178
-223;160
-208;173
163;-182
-210;190
181;158
-231;156
177;197
201;147
219;-190
-152;-210
176;180
-154;-213
-169;-219
253;-189
-188;-215
-199;-151
-147;188
168;158
-155;-184
-178;221
165;194
-216;-161
-152;-194
-166;166
125;-195
-218;169
192;-154
-156;187
208;190
141;143
180;190
-176;-156
-190;-171
142;152
-162;-164
-153;196
-183;-115
-188;-132
-166;194
146;-173
186;-187
150;-157
139;-194
-145;171
153;-183
189;168
161;-175
-126;202
189;162
175;-140
-170;169
159;-167
-194;203
-198;-189
-171;150
196;-155
-155;-200
212;141
187;-172
170;187
165;-170
-163;154
-222;165
-201;197
229;-171
-193;-187
-195;196
-187;-184
-206;168
178;-198
237;-199
-145;-242
-164;-217
-206;170
177;-182
191;133
190;154
-156;-152
205;-187
-156;165
-140;-139
-157;-207
-164;-153
-202;-172
-205;-164
127;-215
180;157
-244;-150
-194;-151
194;158
145;147
217;164
172;182
-173;161
-165;179
-135;203
165;146
162;-112
-175;165
-134;203
-164;178
161;-172
-201;185
146;-149
147;-185
191;-177
-171;-175
159;176
149;173
180;178
165;-189
-135;196
-169;-168
-194;162
193;-146
-185;187
205;-182
164;179
164;-194
-188;-208
-133;-182
-132;200
-178;-165
176;-179
-155;-211
189;-158
-180;-223
-200;214
-230;201
-201;-166
228;-179
-248;197
188;181
184;-183
-170;-245
182;153
157;-181
-169;-152
166;-190
185;152
203;159
-162;176
166;-155
-158;154
180;160
-191;-145
-172;-161
153;-203
-197;-123
222;189
-160;220
138;-189
170;-190
193;156
150;-144
134;-186
160;-186
155;163
165;-165
176;171
157;-177
-150;-135
-127;185
175;-191
-152;-175
-175;-185
132;-207
-144;146
-189;-174
-145;-215
193;167
-172;-159
178;-192
177;164
-195;166
193;165
171;-198
193;166
155;204
-155;-185
176;188
-188;218
-168;170
179;217
183;-219
-205;155
-165;-183
-207;156
-182;185
-199;163
184;184
-185;-193
172;208
235;-146
179;193
211;183
194;164
-164;227
184;-167
-179;186
167;-174
184;-185
-210;-182
163;156
-165;160
180;-170
-174;183
-179;204
204;-178
207;183
187;-207
153;-191
187;153
-217;169
-181;193
-189;-191
-169;191
145;-199
-180;-188
207;173
186;-186
-202;183
200;-165
184;187
199;149
182;-175
199;136
-197;-159
-176;-181
-194;-163
176;175
-209;-180
-257;148
-225;-171
-223;-150
-165;-181
-172;249
199;-195
-190;200
-198;211
-178;-172
181;152
-162;209
198;212
-212;-200
-197;171
-167;-191
-234;-163
220;163
-174;164
202;201
-191;127
-185;-190
-208;195
175;-189
-224;-138
-179;-195
212;-203
196;177
-160;-180
167;186
-200;-165
197;149
-171;137
-159;162
182;-170
129;-183
-160;166
191;-191
-178;188
-192;-198
-201;187
163;195
196;-194
182;-175
-200;-165
193;141
-231;195
178;176
141;245
-197;181
188;162
181;-173
155;-164
207;200
-188;-179
131;180
-199;178
164;-168
-196;190
184;-174
-194;-170
157;167
166;210
-182;212
178;186
143;-166
177;-184
211;206
170;179
-209;-138
181;-185
-202;-212
-233;-192
218;185
174;-180
-179;-159
160;-149
230;168
-198;178
-198;196
-193;197
-202;190
-179;-219
-180;181
-178;-203
-195;177
-182;-181
193;-186
-175;-209
162;-179
-140;185
-195;170
-196;-161
156;-164
184;202
145;180
-216;-187
173;-221
211;-195
-161;-189
-177;-185
189;-178
-160;-167
211;198
168;-167
-173;-169
-167;177
176;179
177;181
160;196
-235;187
174;213
184;141
-156;-199
-136;226
-170;-187
156;-193
106;-198
-168;-165
-160;188
191;181
195;188
-160;167
170;-218
160;-167
215;-152
191;147
-197;-190
217;182
-172;198
-166;185
-195;167
191;-157
-213;185
160;192
218;-170
137;197
196;207
-181;-205
-219;-184
-178;-193
196;210
164;153
213;-142
190;-184
192;157
-148;203
-176;162
224;172
-211;-144
165;-189
132;-180
-187;196
-163;161
-200;-191
183;178
203;174
177;-153
-214;-152
179;-168
159;160
167;-163
174;-209
198;188
177;-195
161;169
-170;-202
139;-233
-180;146
-199;164
-156;200
182;162
147;-163
167;180
187;-200
-194;180
225;183
-191;201
-187;172
135;179
-211;187
159;197
-192;174
187;-187
-228;198
184;-175
167;187
-167;-202
204;-218
183;-184
-221;196
184;-161
178;194
199;-179
188;173
122;172
163;199
-182;169
162;-175
235;-186
178;-194
163;-151
134;182
171;183
-168;-142
-201;-156
-186;-188
-174;176
186;-188
-233;-202
-136;202
185;-191
-132;230
-129;-170
-174;183
177;127
-164;196
-187;194
-156;204
218;220
-195;-204
154;-203
-213;182
-158;165
159;194
-194;155
189;-187
-169;-208
-175;195
-173;-200
-216;-191
178;177
140;190
146;130
198;165
-152;-185
-220;-167
151;-178
216;162
-179;-179
166;199
-202;184
-169;-183
-202;-156
-184;147
-182;145
-212;160
214;-215
-192;-186
-188;187
-178;-174
189;212
196;210
-182;198
-218;200
-167;145
-181;-168
204;234
-165;-185
-172;-143
207;173
-187;-173
-185;182
174;168
145;-152
-143;226
-184;-173
173;-209
-179;179
175;-199
-164;-191
-175;237
162;-184
201;165
162;-200
-218;-182
-186;-145
-132;201
-204;-166
-169;-166
167;156
-171;-176
226;196
-177;-158
-162;-174
-192;197
160;-193
176;-151
150;-201
184;146
182;-210
182;164
-147;120
175;147
167;191
185;187
-216;-196
200;-190
164;-161
-165;173
186;198
153;187
-176;-189
-196;172
-210;-188
-202;220
-201;-205
-167;-215
-172;147
215;-141
197;-184
166;196
-226;-212
-175;-148
218;189
-215;-187
195;-212
182;-179
149;-202
169;-158
206;-188
193;-162
-151;-206
-217;168
-134;212
141;-185
-183;205
-193;-151
235;154
179;227
189;-227
-170;-124
152;-227
-165;169
173;161
143;-216
-168;-190
-171;169
182;185
-184;-184
-191;-172
-186;-169
164;151
-182;-182
-174;-192
-164;136
183;150
143;-161
-142;-192
-155;-178
175;198
206;155
-179;191
-159;-191
-217;154
159;206
-178;187
-191;148
142;-167
184;218
183;170
-197;188
-213;174
-203;-170
-207;171
-223;190
208;-167
208;214
189;179
165;-215
-186;-173
-220;-230
-194;-189
-199;200
-178;-181
174;231
162;198
206;-207
-190;185
195;200
160;214
173;-165
209;-128
-149;163
205;-178
-222;184
167;170
-171;-179
177;231
-217;-171
209;152
-167;-181
-187;-220
189;-178
185;-205
237;-157
221;-168
-179;162
185;176
178;202
-194;204
-196;-182
211;204
172;160
-189;-226
153;-197
-186;-184
-153;-208
199;-192
180;206
162;-165
185;-178
-166;170
193;199
159;196
-160;170
183;206
173;195
203;-176
-154;-187
172;186
-207;165
-193;199
-204;188
209;-156
169;149
157;224
178;-204
147;164
145;-148
-210;176
-226;-199
205;-190
-188;-180
171;217
180;190
-221;161
-185;-188
192;-176
-196;196
-225;172
163;-184
168;-167
162;214
157;155
189;187
-165;155
158;-202
-193;-191
-198;201
-175;183
-167;-186
-208;-212
-167;162
-158;166
200;-171
-200;143
-193;149
-201;-192
-153;151
-176;186
174;-149
-191;213
216;190
-179;211
186;176
178;190
158;-140
-184;-184
191;155
-186;-146
-165;-194
176;-180
-185;-218
-167;-175
-179;177
171;211
-189;-171
-175;170
165;178
-186;-182
-151;-171
-198;161
177;-148
-175;177
144;-207
-197;154
203;216
154;182
202;193
-176;-207
-190;-208
133;182
-207;-191
-156;200
-206;-188
-177;-198
-216;167
140;-163
163;-172
203;-196
165;-192
-201;149
191;-196
162;187
202;-150
-212;170
167;179
219;-196
-171;155
173;-148
-189;165
-152;-156
-172;134
185;-155
-205;-179
182;182
174;-206
208;216
155;-190
-164;150
-186;138
-202;194
208;-180
-211;-165
-200;174
-170;-174
-163;197
195;-192
212;-200
-186;-205
-195;-196
-195;173
184;-178
199;213
153;190
-180;-167
176;-154
-187;183
-170;-180
-166;-167
-204;-182
-211;-191
-178;-192
163;-192
171;212
-160;-205
-191;-154
162;165
148;205
143;188
192;157
-162;115
-185;135
-162;204
220;185
191;-172
-190;175
-193;129
-198;184
149;-162
-200;166
165;-205
125;-144
166;-164
-188;-165
208;161
168;182
210;165
143;-174
-179;172
-214;-149
-184;188
177;-182
-220;220
166;-192
159;225
180;-180
-158;-193
-183;-209
-180;176
-159;-204
166;-182
-157;-215
215;-231
-181;-211
-155;209
-197;214
-169;-170
157;-162
-187;158
188;188
164;-218
-189;-205
168;223
192;-177
-218;-139
181;-201
175;186
187;181
-204;131
175;-177
-156;180
195;188
-162;-186
-158;-198
199;-158
-142;-167
194;217
-180;172
164;-143
172;-165
181;196
201;-207
156;-184
200;-175
188;184
181;-171
146;195
208;-185
-141;-138
-181;181
198;-166
-201;-192
-199;-172
185;-189
-172;136
-158;-183
-203;-187
176;154
-182;-179
222;-198
146;146
-168;204
210;209
191;-146
196;171
221;169
-199;-198
187;196
-179;177
-199;193
181;192
179;-201
-194;196
-197;-212
-171;206
-182;193
-206;186
176;155
-195;-215
180;191
174;-213
171;199
155;176
162;181
-196;166
154;-204
-196;210
178;-141
221;-167
-207;-143
173;197
-177;192
175;-228
-173;168
-139;170
162;-187
179;207
163;-205
198;-183
188;189
-203;181
-187;172
-217;-156
-195;196
193;-194
-202;-172
179;201
171;-190
-187;158
199;-200
205;206
144;183
203;-160
157;192
-201;-208
-158;-147
-159;-199
170;199
-177;-199
-190;203
-164;-182
-209;-166
-182;-220
-194;120
163;-149
-207;155
-155;185
-232;-192
201;193
-154;159
184;178
-193;-189
-176;213
-197;-186
-178;-125
180;198
-183;147
168;184
-172;206
-201;-178
-180;183
147;-211
-162;-194
-156;-197
200;-177
187;192
-206;-174
163;190
-152;-200
159;186
-216;200
-222;188
192;-180
158;-167
-194;208
173;-200
-229;145
-168;-202
-193;215
207;208
165;-200
198;-187
-236;-179
168;170
-150;177
193;177
151;174
-165;176
168;191
176;-183
220;-184
145;202
-169;-174
179;194
-160;199
171;-195
-144;188
186;-161
-204;-191
193;179
195;185
-167;157
160;153
222;-165
186;-188
195;168
157;194
-211;-187
213;-189
-200;-197
-183;-173
199;161
169;-241
-179;-205
185;-159
197;152
-163;152
-180;186
-166;168
-160;185
-195;-137
-165;159
-197;-193
-167;186
-157;-191
188;-162
-201;-192
175;-196
-226;146
-204;162
-182;-207
181;-236
181;198
188;188
-172;-155
128;-191
180;-168
-164;-157
-192;-194
221;-195
-184;-178
189;217
194;-216
-203;-168
-228;179
174;177
191;171
202;221
-205;201
195;178
181;181
-162;-184
-155;176
-184;-172
146;-183
172;-192
-179;-205
-196;198
193;184
152;171
-157;173
183;-203
218;-166
188;-166
157;178
-160;-161
186;194
-188;206
-189;215
-185;174
200;-151
-178;170
182;182
209;-213
176;181
172;193
-194;-191
-194;-159
-193;-216
186;185
178;184
197;-152
127;-182
185;157
-133;154
-168;161
179;177
-193;-184
172;-192
165;-183
-167;158
-216;205
-166;-150
185;177
178;205
160;-181
-212;-205
190;-193
153;194
198;-216
190;-193
153;194
162;-147
173;160
-177;-185
182;-208
-168;211
-196;169
-226;205
147;175
154;-150
171;154
199;-198
-204;163
189;166
-178;166
-199;176
198;198
-177;162
146;188
-196;179
196;-179
-191;182
190;-187
161;172
-199;-230
201;-159
173;-173
-169;160
168;-189
172;216
187;-169
206;172
182;160
185;191
-201;197
176;-211
223;-214
181;-168
141;-190
213;189
196;178
-194;-186
-200;-137
-185;-190
-136;190
188;-207
-153;-169
-211;205
120;-195
-145;209
-174;-166
-170;166
133;173
-208;220
-185;134
-162;183
192;203
-155;-177
197;-158
-176;159
-225;196
178;195
-227;180
184;-185
-208;-192
-156;190
-197;-164
-180;-182
197;173
161;213
176;169
184;194
-198;-196
-193;-200
159;-179
165;152
-183;-209
162;216
-183;186
-157;-201
-167;-190
-198;200
-187;226
-216;180
175;-158
-220;-203
-234;163
-234;-188
183;198
197;199
-184;166
-174;189
-178;146
-166;-193
184;167
-164;-178
-221;-165
185;159
-205;-215
-175;196
159;209
191;-205
-145;170
-195;-198
187;-195
-187;163
193;-178
-193;-147
-158;174
195;-155
217;183
180;-167
-171;-191
-166;-161
-203;175
-174;-175
-174;-200
191;141
-139;-169
183;179
-159;-212
-208;-204
-180;183
175;-196
136;-193
166;-178
212;183
191;-192
147;182
-195;163
203;203
190;169
190;179
-174;-186
214;-169
163;-194
-195;173
220;206
192;201
-175;-180
-212;203
-172;-182
-211;173
-194;-203
-183;-200
-184;184
208;-227
232;-188
183;183
-139;-212
-173;-224
162;224
-217;-168
224;-191
173;-159
198;-200
161;-192
192;-217
178;-208
-186;-165
-178;204
-133;184
127;-187
-144;197
-170;-184
186;177
187;179
178;-170
-199;-179
165;-167
-172;166
171;164
178;-190
-201;-181
-183;149
221;188
-174;-173
-214;-191
-170;-223
195;180
-187;-188
-165;-234
-182;217
169;155
178;-190
-182;-195
-173;-167
168;201
177;184
-206;202
-175;-188
-169;186
180;208
-183;191
-162;175
209;-213
215;173
165;222
-155;161
-208;229
-190;-203
-205;197
-157;191
173;-184
215;193
164;167
208;-190
-187;-214
-195;-193
-166;-209
-241;188
-212;-143
221;188
198;147
152;-172
-230;193
190;173
165;159
202;-188
171;-180
-149;188
196;-186
-189;206
204;207
-205;-159
177;206
-195;-185
222;145
-217;-171
-190;-175
217;-180
149;-148
181;-214
184;-129
-163;180
175;187
174;180
-215;165
-191;-180
162;181
165;156
-199;-131
222;-210
-216;-201
-162;-201
149;-170
187;195
183;-177
160;-156
-168;149
141;171
151;186
-187;190
178;182
154;171
168;-152
-190;-184
167;218
-176;177
-183;206
-193;169
161;-174
195;201
188;144
186;-193
186;245
180;-200
-163;187
-190;-189
213;-190
-178;-182
176;186
161;172
-153;174
-173;-185
161;-194
-164;177
-157;236
177;-208
180;-165
174;178
154;196
189;157
-218;199
151;-150
-189;-158
-160;137
-162;184
-193;-146
-168;-193
-181;192
-206;177
185;-170
-175;210
-183;200
-170;-146
-207;213
-208;203
154;-192
-128;214
176;162
-188;247
178;192
161;139
140;-181
-190;-155
200;184
-151;-172
-135;-175
152;-187
-177;-177
-168;-192
-166;183
159;157
-173;-160
-174;195
148;158
-175;-148
-209;-199
-183;189
188;-223
-175;204
210;-154
-174;192
178;158
159;206
177;160
-196;-181
-179;-159
170;226
-230;-176
-198;228
-153;-177
-153;-172
-189;184
201;-135
176;-193
154;-171
228;-179
-154;176
210;-163
185;136
176;-140
-157;157
179;180
178;-150
-136;146
222;-178
-204;174
-184;-162
-133;174
164;-211
-194;-188
188;155
188;-210
173;197
211;-178
-199;198
-173;181
-182;198
206;-202
-218;-193
-137;210
-212;-206
-174;164
190;-153
167;-191
-187;-164
-169;-167
-179;147
191;-220
161;173
162;171
-208;-189
202;-174
-159;180
-197;-179
-193;-164
-228;-206
-183;-151
-200;-202
155;-150
175;178
-215;-177
-198;-176
176;202
160;176
180;241
222;168
-165;180
-179;207
-156;174
150;186
184;-199
-163;206
-174;176
-141;170
184;-214
-190;170
159;-165
196;-183
171;-138
-140;-192
174;199
166;170
186;175
206;-175
-166;191
-192;-191
-182;185
156;-201
-210;197
199;-214
193;211
196;-198
-206;-189
-178;-159
-164;211
-231;-152
187;-193
-170;-158
151;-213
-182;-162
-165;181
-160;190
-181;-178
168;-208
-178;181
157;181
197;-183
-162;-212
182;187
177;-186
-175;-165
176;-171
182;162
187;148
-121;177
201;-228
-197;210
184;182
-166;-156
-194;-184
192;-209
-214;-223
188;190
-182;201
170;-197
152;-166
188;162
135;-199
205;-160
199;-209
214;187
174;-159
191;136
202;-197
-177;-177
-195;199
183;-146
-175;-210
-185;-207
148;-171
-165;156
-179;-159
-183;-171
168;194
-192;-184
194;-167
172;183
-177;185
167;195
149;-194
181;169
195;196
-223;-193
179;227
-142;211
-176;242
221;174
158;-182
-195;162
-189;-176
-170;190
-177;161
-212;179
169;174
-135;-179
167;170
181;-191
192;209
178;170
123;197
-205;175
205;-188
-224;169
196;-113
154;-144
-198;-138
151;187
-178;136
190;-159
-204;135
-153;181
176;-160
185;158
192;-154
204;-166
171;207
-183;163
-193;162
-166;-186
-157;182
184;-163
-136;-198
145;164
153;-165
-183;197
224;-148
150;159
187;165
171;-153
147;212
-205;-149
-136;-135
-164;-172
189;138
-169;-196
-194;163
-175;-202
-146;-146
-212;-168
-219;171
179;-182
-214;139
-157;153
-160;-170
153;198
-182;175
167;217
-158;-183
-180;181
-135;-214
-178;-162
148;177
-196;166
158;196
-147;181
-197;-193
-191;164
176;-159
-178;-177
-180;-205
177;-160
188;182
-177;-192
165;190
-173;-182
151;160
-197;192
-141;156
202;-194
143;-164
-195;179
207;-147
-188;201
-189;-178
-185;160
154;139
191;-166
174;-149
-172;-180
138;165
-164;168
176;161
193;174
-182;165
170;179
193;-205
137;-179
157;132
-162;-195
183;182
-191;177
227;-171
-174;165
142;-163
-164;-173
150;159
181;184
-194;163
200;173
179;-148
179;-198
143;191
179;209
-161;-184
177;-160
-182;-166
-183;-218
184;164
194;-154
-161;-165
196;-130
173;187
-214;195
-179;164
-183;166
-172;151
-159;-133
-217;175
-179;-228
-132;199
-184;-157
205;-150
-170;-174
203;-160
-179;150
-196;162
-183;-184
209;-183
169;180
175;173
-171;-132
185;-213
195;-164
-162;-180
-89;-196
204;-156
-164;-221
175;156
199;-161
-185;-176
-178;195
152;151
154;175
178;157
-148;204
192;164
196;157
-141;-172
-179;182
-161;-185
175;-147
164;-181
-156;-174
-210;144
189;191
181;192
-177;185
205;-189
170;-132
159;-177
162;151
-192;-200
178;191
-192;192
-202;186
-172;191
159;-198
-187;175
178;216
209;-162
156;183
162;158
-177;-198
-198;-165
-197;-179
160;183
195;172
180;-154
198;-163
131;191
-182;187
-180;201
190;166
-206;-171
175;-174
125;-144
-171;155
-161;169
-168;-200
133;138
191;185
185;-188
-168;-173
171;-160
188;164
158;-158
184;-204
178;176
172;-205
157;167
-215;-159
174;-216
-191;119
-182;164
-228;213
157;162
236;-204
155;184
188;-163
-157;182
179;172
-137;196
-199;177
140;186
-202;180
197;184
-169;198
153;-195
-198;171
189;-166
192;158
-191;-206
168;-145
180;-173
-206;124
181;-195
137;190
184;-194
170;184
171;186
227;177
-186;200
196;-182
204;-183
171;-228
147;-210
159;147
198;225
-159;-213
-201;-213
-165;-174
-147;144
178;-153
-172;-178
-122;167
195;-195
-185;172
-175;-150
-144;158
169;168
-181;179
-186;187
-208;208
145;173
-223;-170
186;-165
-160;195
-187;183
182;168
-205;196
177;-173
-171;-179
-198;208
-165;-190
-177;-206
190;176
191;201
181;194
167;164
-153;-154
-145;-217
209;-199
187;171
-196;-204
200;172
-188;170
-226;-201
-137;-183
-226;184
-250;194
-155;183
190;-146
-131;-177
-225;193
-183;-192
152;184
162;201
-209;188
-182;178
-166;202
-187;-193
177;196
-184;-211
-207;-162
181;190
-192;-161
-162;208
202;187
149;-187
-174;150
-171;-168
149;-158
-206;205
191;-203
-182;-173
-177;164
119;-176
189;174
180;-183
-176;-188
-199;-197
-173;206
-169;-175
-183;-192
217;173
-201;-164
177;179
-216;-194
-224;-170
-171;176
179;-183
208;-239
169;-192
189;153
189;-167
202;177
-199;226
187;178
146;192
179;234
-155;-219
200;-184
210;-189
-220;178
193;191
152;219
-194;-230
-159;159
-183;-218
-211;145
-208;-215
-172;-200
-192;170
141;-203
169;-171
187;150
-156;-184
-166;-198
174;187
-160;-155
164;-194
174;-208
161;-193
189;-196
205;-182
174;-164
-150;-189
-158;202
-163;151
174;-164
-183;147
-181;-178
163;182
180;214
204;-186
-173;-160
182;-162
-141;187
192;184
171;-156
-187;-179
-165;160
195;151
-181;-196
-187;-175
-219;-202
187;165
-193;-190
-191;-200
-159;178
182;181
191;-184
-159;-195
-191;-189
173;198
213;155
-215;220
-204;-194
-171;166
207;182
-162;195
-205;165
160;-206
174;170
182;156
-204;139
-153;180
-164;-182
-189;222
-174;138
186;-218
194;168
159;175
176;-165
-173;-184
-198;-170
-155;-178
-175;193
-177;-229
170;188
139;200
204;-197
-207;186
196;184
209;182
164;-205
194;-185
-155;147
175;-169
-194;132
173;150
-193;-173
160;162
-191;-183
195;186
-183;-160
-228;-165
180;-157
176;-193
178;-161
159;-195
-188;170
192;177
190;221
-199;187
-170;-210
161;226
174;147
-170;-196
178;-174
-188;-170
-179;-176
165;-203
190;199
158;-206
188;-155
-195;196
175;189
165;187
-169;194
147;150
139;193
149;-145
-162;-171
210;121
-165;190
-121;208
-189;176
163;-178
198;152
212;190
190;-155
178;192
172;-158
-161;201
-199;-169
173;-173
-168;-115
191;147
148;206
-168;211
-209;-128
181;-160
-176;146
-158;207
155;-189
201;-190
167;195
200;209
205;190
-178;231
220;-150
-190;-205
-216;199
-207;149
-178;-235
-171;-198
-195;192
-178;160
193;-201
-201;173
-231;171
-218;-203
-200;182
-216;174
229;-215
-216;204
174;207
-211;144
191;204
156;169
207;-185
-200;-153
162;194
-169;-176
-171;-213
206;-192
-157;-195
-189;-185
-184;98
178;147
-180;-182
-179;202
169;188
-211;-209
-220;-180
-133;178
160;-192
-155;180
185;-151
-163;172
163;178
206;191
209;167
-151;-170
-160;-133
206;129
-186;-185
-208;176
-155;-193
-196;-193
-189;174
164;-161
135;-179
189;-156
154;-217
-160;145
224;-187
179;136
214;-187
-188;181
170;176
198;-213
-186;184
217;-180
-200;184
-133;-208
-231;171
187;-193
-187;-236
227;220
178;-165
205;229
202;-152
-149;188
-177;192
-186;204
168;-226
-212;-232
-185;186
-191;-146
-182;192
192;-179
177;-156
-168;-222
-190;-196
-181;200
229;-201
196;151
131;208
-147;-169
166;-178
-144;186
-225;-153
-190;-192
-167;-185
-173;-119
-214;-179
175;-162
163;164
-186;-150
-158;-158
160;189
187;199
193;161
219;187
-184;173
-146;216
-190;216
194;152
153;-175
-170;195
-152;195
-197;182
224;-145
-172;180
193;-210
219;-145
211;-194
-204;-179
170;162
162;185
190;212
186;-175
-224;206
-204;-202
-226;179
194;-184
-190;197
188;-201
227;206
204;-176
-194;-166
-194;-223
-168;201
-221;-190
167;-204
-202;-183
198;-205
-198;-190
-179;126
-174;152
-198;-209
168;-166
-158;177
171;200
212;-190
-185;-163
132;137
194;-186
-182;-190
210;-164
160;138
155;184
-182;200
187;-202
-186;198
220;204
-172;-177
-186;-138
160;-205
-216;-198
150;173
-176;158
175;-222
177;-183
170;207
160;-191
149;-180
164;-195
176;180
183;-187
180;192
223;-145
-192;-241
-168;151
194;-199
-173;-222
-192;-168
145;-197
-210;213
-164;-216
-157;-212
195;175
-140;-220
208;-209
191;198
-215;217
205;182
175;-169
189;201
180;226
-190;-172
179;213
-176;199
-193;164
161;200
194;-183
-199;183
-168;-216
-199;179
-199;200
-157;133
184;170
-130;-153
131;195
148;-194
184;219
171;199
143;196
-194;199
144;-172
-167;199
155;-193
169;-193
-185;-133
203;146
-169;170
173;-185
-197;179
-209;158
146;-183
206;192
188;-156
189;-152
159;251
-164;199
-218;196
-192;-165
-177;130
170;-193
-177;-196
155;187
181;-164
-191;143
227;-189
211;161
171;187
217;-186
169;159
-164;-168
-185;-164
-175;-145
193;193
-200;-172
-181;164
-185;-167
-190;-154
-202;-190
-174;189
185;-183
-177;174
-200;183
-218;-162
196;161
-170;177
171;156
-211;-153
-234;148
-195;-178
-214;-206
164;168
-168;179
164;182
-207;182
-166;-194
-185;167
187;-181
-191;-206
-210;-221
157;-183
169;220
-177;-187
153;184
-184;-170
159;165
-158;183
-170;191
166;-214
183;-217
-179;153
211;-181
-173;174
-166;-136
-192;164
122;151
146;-185
200;-195
-209;-196
178;187
-166;209
195;206
171;228
-177;155
170;214
171;-213
181;-161
160;179
-169;-189
158;190
-180;186
169;-163
-188;195
172;-187
-200;-183
161;141
191;181
-183;172
204;188
151;-182
189;-204
187;151
165;189
-174;-198
186;-206
-172;-186
-169;-181
174;160
160;-167
-197;-147
193;-170
193;195
-172;211
-216;196
-203;187
-220;186
-187;-170
-186;186
-146;-181
-189;184
-197;-176
177;-195
-187;-217
182;-179
-193;187
-175;160
-178;-207
174;-200
170;201
190;158
-182;-162
205;-187
160;-197
-192;-141
-216;-165
157;-165
-172;-186
196;139
126;-177
-178;-189
-163;202
157;165
154;151
172;201
-154;162
163;182
168;182
-149;-179
-199;194
-186;-194
166;-143
224;-184
-208;-157
-206;193
159;188
164;184
-195;172
203;-177
187;-183
182;-153
158;193
-159;-214
193;203
-187;138
-211;141
-195;162
207;-147
-198;176
192;168
214;-170
184;179
194;189
-157;-211
-191;-151
-188;-173
170;154
190;175
185;-174
167;-220
200;159
-148;228
-172;193
196;145
-188;-199
158;-209
171;-223
-158;187
-209;190
-176;-164
171;170
214;173
184;-169
-199;-180
204;-181
150;179
185;-194
200;-178
184;192
169;-209
172;194
-183;-172
193;-145
-193;168
-211;152
-211;165
199;211
182;-205
169;172
187;-176
-213;151
188;197
-177;150
-193;150
153;162
-190;113
188;209
-172;188
173;-150
-184;182
142;-206
166;183
-205;-181
191;-197
172;-173
-194;160
168;-165
176;155
162;-198
176;156
160;197
149;178
-169;157
163;-192
183;-178
184;-188
166;-201
192;174
214;175
-172;-132
-192;-175
-159;-195
-173;244
147;-194
-165;-153
-178;209
180;-214
-160;168
-165;-156
-177;178
158;144
-182;196
-157;195
-141;215
153;183
-219;-167
176;-168
-197;163
-168;228
179;189
-216;156
198;-166
-150;-229
-191;169
-121;-183
-147;-227
194;165
148;192
207;182
154;186
-216;-230
-174;-206
152;-176
173;180
-151;-209
139;196
-209;117
-171;-208
-179;-189
-239;168
-174;209
-169;192
208;-206
-180;-203
-189;191
-175;-193
204;185
156;167
-157;212
-186;178
-181;206
-186;-170
201;198
-162;-142
-203;-183
185;188
-202;-161
-205;225
195;132
145;-211
-173;234
-243;-186
194;-244
-190;163
156;-211
-186;-168
-183;184
196;-169
215;164
144;-182
-190;-156
-199;-178
-223;194
-154;-164
-188;-212
192;181
-188;-191
193;196
-157;-179
-185;-222
-220;162
162;-173
217;-176
196;-151
196;190
219;-190
171;194
-225;156
156;168
193;165
135;239
-150;-222
154;-156
185;-163
-235;164
129;206
183;176
-182;-232
-194;175
-189;-169
-161;187
-144;-181
-179;-149
-187;172
248;-190
179;-181
162;152
-176;-182
-151;-176
216;168
-204;-185
151;-203
148;-237
142;-188
144;-192
159;-148
173;-132
-216;-135
-167;160
-199;172
146;-220
-162;223
-227;-164
213;155
157;183
176;-181
-206;-173
157;-199
-175;208
160;175
224;-178
-139;-139
-171;183
170;179
-191;-169
-165;-165
-187;-159
182;147
-158;-188
-193;-179
-195;149
163;199
174;-138
-130;-176
-174;-219
177;192
206;149
-191;207
-165;-192
-208;182
168;208
-215;151
-191;203
181;-201
164;200
144;198
-205;194
-196;180
-197;-207
-191;158
-164;177
158;-179
194;176
189;198
168;-206
-166;-183
-164;-200
-184;-209
-185;162
-205;-135
185;202
173;210
167;-165
-153;177
158;207
213;193
147;-171
196;-195
-136;167
121;-211
-150;215
248;122
-160;-175
211;188
-166;-198
180;210
-227;-154
-146;-228
200;-191
175;-209
163;-166
180;-170
-182;204
186;216
197;221
-176;171
-137;-140
175;220
175;168
-174;-200
194;-169
-180;-178
-138;-224
177;-141
144;179
174;-200
193;-185
-227;190
207;203
196;136
-141;204
168;155
189;141
212;-167
-201;-140
190;133
-185;186
-171;163
-176;209
130;-174
186;208
164;164
160;-208
182;187
185;-196
-212;196
-175;-200
180;-190
-203;-214
167;198
155;140
-171;197
-176;-178
175;-190
-188;199
-187;146
162;-127
151;-204
144;205
183;180
181;183
-164;160
204;-168
-148;-167
-171;171
-165;160
-171;-179
-178;-197
-173;175
-156;146
153;-186
-207;146
-130;134
-188;-172
-168;180
-168;193
176;-174
-159;190
221;171
-200;164
180;168
178;223
218;-162
-175;-221
185;171
-170;-175
-176;-242
223;-187
-145;-187
-174;-130
-146;203
215;149
-217;-164
-168;180
207;152
-178;-188
-217;-151
-209;187
186;-202
-178;172
212;-213
-201;181
196;176
169;200
185;186
-128;-192
-187;-189
228;182
-157;-205
-143;185
-161;-178
-170;-168
-164;155
148;-208
187;-196
175;-196
188;-207
-154;160
161;-198
157;168
155;-183
-178;161
156;165
175;-159
-177;192
211;-152
-181;225
-150;-193
-180;156
196;-177
-148;-177
175;191
185;-195
196;176
170;-173
-155;140
-169;150
-209;212
207;-179
-169;-167
-204;165
-222;-202
-236;153
201;-206
186;-176
-155;-195
-190;-241
-209;162
227;-187
185;140
176;156
-193;-127
123;-191
-156;196
-176;-132
-176;-172
-169;-189
-182;-168
-195;-135
198;-211
197;172
-207;-179
-179;-139
181;209
215;179
185;176
231;199
-199;186
-201;178
-207;223
156;174
139;-199
-171;207
-175;196
-179;157
132;-170
-186;175
156;-176
189;-184
207;-144
-203;-142
164;181
172;187
208;177
202;-176
-192;187
-169;-172
-207;161
144;-166
-175;189
134;-165
184;183
177;-159
-168;-186
-176;-225
-163;162
-187;-206
170;-206
-156;-162
179;-149
-175;-193
-186;193
-216;153
-190;-216
173;-162
-194;153
188;183
221;-203
-161;-240
182;166
108;-197
-179;-116
183;-191
183;140
182;161
-160;200
163;-234
-201;202
201;211
-202;-188
-204;-209
198;-209
-183;-206
183;156
-216;216
205;-187
185;-220
212;198
156;-170
210;-149
161;-196
181;202
211;-184
191;191
221;-194
-200;-185
-207;186
178;-180
-188;-161
-169;-150
206;-178
-173;161
-191;-181
-214;-147
162;190
-178;-164
159;-196
161;174
-167;168
163;227
176;-145
136;153
203;152
-217;-222
169;179
-196;197
-176;170
208;192
178;-188
-216;210
-190;-201
-189;182
-203;233
-194;179
196;163
-233;-225
191;210
182;-188
175;206
135;172
185;207
-184;186
170;-176
-191;172
206;-173
194;-187
-151;-189
177;206
-187;189
156;-175
-155;209
-206;228
195;-212
231;185
194;-182
215;-197
154;217
-198;181
-187;225
-164;-179
-212;189
210;-197
-157;-178
174;191
169;-171
-191;217
194;-205
196;216
161;212
190;-192
196;174
-153;-196
-177;-149
-149;-185
198;145
-148;-217
-171;201
-174;-190
-170;-189
-183;-152
-150;186
200;-179
-207;172
-155;141
-190;-203
203;167
-201;209
181;225
-182;-206
-176;164
-172;-230
-188;-213
210;184
-185;162
192;159
-172;235
-206;-146
-178;222
189;-214
-189;-226
-233;-183
131;-215
148;173
-171;-173
160;189
-174;-195
178;181
-194;159
-183;170
168;-197
153;-161
-192;201
177;-211
-162;219
-165;-192
-210;162
208;181
204;-184
202;-180
-209;-173
188;174
-197;210
186;171
163;171
-222;156
191;181
209;-182
157;-163
196;218
-139;-180
211;170
-198;159
145;-177
-182;163
179;-144
-188;-198
166;183
202;177
-193;160
180;167
198;-195
211;-190
187;169
138;179
-188;-208
174;-193
-163;-178
-183;-198
170;189
173;-167
-196;-207
142;-147
183;228
-233;211
-196;191
-196;192
-162;184
-196;-176
-189;197
-197;-181
-171;179
-183;-170
187;-196
-192;-163
170;-195
-164;191
-215;217
-167;-199
195;-225
206;166
179;180
-214;-165
164;-182
208;-172
-155;-197
-201;-176
165;-197
-189;-183
199;156
215;-212
-181;-173
-196;165
173;196
170;236
168;186
-181;183
177;180
185;185
-199;-162
-189;182
-179;-165
181;-202
196;-177
-148;-139
-198;191
180;223
200;165
-199;237
183;-203
206;-157
192;-181
166;148
-192;-142
171;167
-193;222
-191;155
-174;151
203;-147
-227;189
188;199
168;-160
220;168
206;178
-206;-207
-222;-174
-172;-165
199;153
207;189
179;-231
188;-190
175;192
-208;174
-200;168
185;170
-156;-177
197;-184
166;-199
-175;157
-199;186
-202;-157
143;202
205;201
183;-155
-165;-192
187;-169
160;194
202;-205
168;-196
218;183
176;-227
202;179
-233;-161
204;-170
-217;173
-163;221
-192;204
180;199
196;-210
168;195
217;-220
-171;184
204;190
-180;188
-204;202
181;178
-192;197
225;214
-183;187
209;-175
-168;197
203;-229
192;159
-215;-168
182;-177
192;-164
-183;203
191;-191
226;184
161;-159
202;167
202;179
202;185
-216;152
185;-190
199;-181
204;-161
207;-224
164;212
171;171
-198;-188
-157;-219
-168;-187
-190;162
227;-185
-186;-199
-183;189
183;-147
-203;209
-177;-191
-179;198
124;187
-212;155
-177;162
-199;151
154;182
-208;-160
172;-162
-188;196
-219;194
196;188
-185;220
218;-196
-199;-165
-181;159
-194;-175
-203;-167
210;173
152;197
215;175
215;194
-209;-195
-200;-211
144;-181
189;171
-217;-201
198;185
-182;207
-210;-209
-211;-171
-198;188
-206;167
-161;217
219;-200
-171;-172
-165;208
-179;-177
189;132
192;208
-170;268
-183;224
-184;190
-198;-192
169;207
-183;-153
-208;-176
161;222
-181;-179
-175;174
203;195
197;-174
-183;179
-181;-209
162;-167
-193;226
190;-151
-189;-208
-191;183
164;-191
225;166
185;-187
-154;-169
-197;-180
-172;198
-194;-170
-175;-221
176;159
-169;-191
214;153
-195;-198
-182;-149
-183;211
178;-182
177;-183
199;-186
217;183
200;-205
184;183
-160;170
149;191
229;186
218;196
-207;-152
235;-191
167;-194
-186;179
169;221
163;164
-199;-197
-185;160
-189;-211
-167;193
-162;-150
-224;-185
-193;178
211;-170
185;-149
142;185
-174;-177
-191;-183
167;209
-186;-177
216;-229
185;-195
149;-162
171;-151
212;-193
224;-188
-197;-145
-183;196
-169;184
168;-159
-185;174
-163;-176
192;181
187;178
184;-210
-179;-188
212;-184
-224;172
209;211
206;-187
-173;-165
-215;192
164;182
-208;-185
-180;-175
-152;-222
203;217
-189;-170
-188;-188
-185;170
181;145
143;-174
-195;-205
-184;-207
189;226
207;151
-179;168
-187;-210
-170;205
226;216
-174;222
-228;170
205;-203
134;170
206;202
-177;195
-208;150
-167;-186
-135;221
-185;207
218;-169
228;151
215;204
175;-173
-229;-206
-176;-153
-189;-190
-177;169
-215;-196
176;200
185;219
174;-232
-200;171
146;140
174;179
171;-151
210;-210
-235;165
162;-165
-168;164
191;185
-174;-172
187;192
-194;-173
162;154
-185;-175
-171;-225
138;-186
189;-223
215;-208
165;-200
-184;165
182;204
188;199
-248;189
-214;-184
138;145
185;174
-194;-206
163;-162
-174;-197
-211;-199
212;-194
180;173
194;-193
158;-170
-186;157
189;177
168;170
-140;181
196;167
187;149
180;-167
-182;-160
186;166
-191;182
-164;167
-175;158
172;-202
202;181
206;177
195;-196
212;219
170;-228
-235;214
-197;-189
171;-184
-173;-146
188;212
207;179
-186;206
-169;-189
170;-185
-174;197
-189;181
186;-189
193;-167
131;165
131;181
161;182
-169;150
173;-181
-158;-166
-205;172
-171;182
-153;-177
-186;-198
-204;189
-188;171
216;-216
-225;147
-204;162
-180;-212
-215;150
-185;127
183;-182
-180;186
164;186
-213;118
151;164
178;198
197;-182
-165;-189
142;170
-214;-203
-178;-192
138;-174
-186;-143
-152;-142
-177;178
182;161
-194;-154
-175;186
171;188
-185;-175
-185;-194
-204;191
190;-187
-208;181
206;-180
-169;173
209;211
204;193
180;183
-182;-191
-174;-146
171;193
-154;-138
-183;181
-145;-201
-211;-160
-177;170
163;-130
178;-206
153;-178
191;-180
-187;163
152;-164
210;180
215;-181
-199;137
140;202
202;-190
-202;202
204;-207
-199;163
-183;-210
-166;176
225;-181
-159;-220
157;219
183;-189
145;206
190;-184
-179;161
-189;182
-221;211
226;-191
-192;-218
-212;172
-215;-194
-158;173
118;-157
198;-147
-172;-172
-185;-159
-165;171
155;-189
154;182
175;175
-192;-177
173;-170
-156;192
-197;-175
-195;-161
-150;-183
-210;-170
-188;-193
204;-196
170;171
-181;-179
-200;-181
203;200
153;186
171;190
153;197
-192;189
-191;179
-171;203
207;191
181;-185
-146;185
-203;172
-208;197
106;-160
-186;195
192;-163
215;-186
149;-215
-165;-181
160;194
169;205
161;172
203;-182
-200;158
-194;-199
-168;184
199;-164
-177;141
195;-162
187;185
194;-163
-188;-193
-165;-182
-172;184
-175;-181
196;-130
-223;-189
204;-175
-189;-167
-198;169
-177;190
-145;-199
164;-145
-185;214
179;179
145;-158
-186;-211
169;131
200;-190
-159;-149
182;-192
204;178
176;207
-158;169
154;-189
-154;192
201;209
-163;-205
-185;-170
169;-200
-214;-162
157;156
-162;187
147;-218
247;-213
164;204
186;-191
188;-206
203;-184
149;177
206;-169
215;198
169;-175
-184;-171
-193;186
206;-168
-189;-196
-170;-174
205;-166
-207;214
-197;-222
-153;-196
182;161
-172;-214
184;-197
140;186
-199;168
157;201
173;-168
182;204
170;185
-181;-175
170;191
-181;181
-133;188
191;160
164;-170
-227;182
-191;-216
-199;198
-169;164
-169;168
129;173
-190;-141
191;160
183;-169
166;177
169;172
151;161
-220;186
178;-178
-179;212
194;-202
208;-181
-182;-139
178;156
-163;186
182;-205
-177;211
-184;180
194;-180
205;196
192;-202
191;-186
169;147
-177;167
-184;162
-176;-157
-199;173
153;-201
-196;-194
165;185
192;-170
-182;154
156;-165
184;215
163;190
171;-184
184;147
-196;-148
-200;-158
-167;-149
180;186
-199;-213
-161;153
-154;-182
-194;-191
-191;-166
-158;206
152;-156
-169;196
-172;195
-138;-188
167;174
-147;212
191;204
-201;-190
-195;189
-199;-167
-214;-164
180;204
-200;199
195;206
-197;183
-168;-188
-185;189
133;-195
-163;-222
-200;-198
192;-161
198;167
-182;-186
162;216
-214;-182
233;205
-190;158
-199;166
163;-186
176;-200
-172;168
184;-168
-159;173
-192;-167
-172;158
141;207
172;-212
161;-164
-213;-180
140;147
-196;179
172;155
182;153
-180;143
188;174
176;-156
174;-176
142;186
-171;-186
212;141
-146;185
205;-194
-189;177
212;-179
-196;-172
210;179
173;175
-190;170
178;165
148;-163
198;-167
186;189
177;182
-143;-183
215;-207
-233;-167
-158;-206
183;162
139;-193
-150;-172
169;-186
190;185
-173;184
-206;170
-166;198
-180;208
-183;-174
-147;189
-178;-151
-194;176
-181;-173
161;-149
-197;-186
180;-199
-167;162
-190;174
-143;-186
199;-187
167;196
210;180
-149;-204
182;-175
184;-156
-202;-169
-167;-178
152;-163
-192;-184
173;198
195;-173
-170;-124
-173;191
182;151
192;155
151;177
-118;185
156;162
175;194
-163;-186
-159;140
-191;-182
187;-170
164;-203
-186;-167
-185;158
229;209
185;186
-177;169
144;-170
181;-182
193;-179
196;166
-153;-201
151;221
-210;172
-169;183
-184;177
187;-166
-194;194
182;180
230;-205
163;129
148;187
-195;-186
-189;-184
-196;-203
205;188
232;173
168;-218
172;-195
160;153
-196;190
-194;190
188;168
-171;-168
180;-165
183;-176
-169;144
-153;160
-185;-158
182;138
183;181
169;-200
-172;-188
150;-180
147;183
204;-181
191;-138
193;149
174;-139
205;176
-194;-176
143;-180
-159;167
-157;179
-188;183
206;153
172;-178
182;218
220;-194
-178;179
154;223
-206;171
-156;162
158;202
-181;152
127;201
-169;152
170;-164
-186;207
140;-163
170;195
-189;-205
183;-177
198;-215
-179;159
191;-207
177;200
194;-205
177;189
163;215
165;175
-202;189
181;-152
182;-158
194;-192
165;-201
194;200
178;192
-176;-194
-186;-191
-171;-156
-198;172
177;-180
-139;-195
-188;161
181;-164
-178;163
-201;-141
-170;198
149;183
-145;143
-161;166
-180;145
167;143
-154;-195
140;-173
-131;173
-230;169
194;176
-228;166
223;-210
-222;-180
-197;151
-179;-219
-194;-202
180;193
174;186
164;166
157;161
-165;-198
-182;-202
168;-183
197;170
-157;-179
147;178
-149;158
-158;-170
-171;-180
-213;194
-177;174
-199;201
206;-181
-183;-182
-230;174
-167;-148
163;195
156;232
-198;166
-172;216
-215;193
-225;-204
148;177
-157;-167
-193;-184
215;182
-202;-177
-154;191
218;185
185;-187
-157;207
-169;-153
187;-195
-142;185
160;-157
-188;-176
-166;152
215;-174
141;201
154;-173
-213;-197
-169;-209
-181;162
-172;-172
-182;-146
169;179
-204;-169
210;186
-160;-168
-188;-179
-177;238
198;-154
195;-181
126;-165
197;168
200;-163
152;203
-215;153
153;187
179;183
146;163
-164;-234
223;-228
170;-184
-192;173
161;185
144;188
-149;-185
-174;174
-170;-170
-201;150
-165;-189
-170;-193
-151;174
177;-171
146;-191
143;165
-161;-199
-181;-180
205;196
-167;-165
161;-203
172;-188
196;-142
176;-197
187;-205
176;-193
-219;-183
-174;227
-210;184
195;-169
-160;170
-197;-193
196;179
178;197
213;-211
-217;-183
173;-185
-204;154
163;206
199;-178
-178;-137
-194;184
177;144
-170;-172
-154;-203
-168;-196
154;207
-172;-173
-198;-190
-177;153
158;206
230;-158
-183;-194
-158;-200
175;167
153;171
-164;182
-182;-174
-205;149
159;199
-224;184
-224;168
176;-165
122;144
154;216
-210;168
-162;175
-153;-166
-190;132
-237;176
184;-195
179;157
205;181
207;-172
-146;-189
-179;-174
-147;-185
-211;178
-197;-179
173;196
207;189
199;-158
-206;200
168;222
191;194
185;-177
179;-205
-139;160
172;-161
-132;199
177;186
-160;-175
159;189
-178;-181
167;163
-227;-209
-186;-161
156;-187
193;-196
214;-184
164;-189
-182;196
151;220
181;184
-159;184
-147;-163
182;172
151;166
-185;-146
183;-161
-163;-161
-190;-131
166;-175
135;174
210;-189
195;-139
-171;192
192;208
207;144
-167;189
186;173
217;192
174;-203
-181;-159
134;163
-192;162
-190;133
-186;190
177;-175
207;213
171;171
164;-202
206;186
192;-235
-152;172
-171;-218
180;-199
-153;-159
157;152
161;157
-202;197
-192;-205
201;-188
-206;239
-185;162
198;-179
178;-179
200;157
165;183
167;173
-171;187
204;-177
-150;-180
-154;169
-187;153
-167;-191
-169;-184
-168;146
-169;146
181;-173
-169;138
-198;160
-148;-169
-201;156
-130;162
188;-152
-165;197
173;178
-173;150
190;181
198;145
135;-203
-191;-174
182;160
-182;-217
-140;-209
149;-200
-154;-178
-164;-182
-214;190
195;190
-167;-188
-189;207
157;210
-219;-165
-194;-191
-210;177
194;-180
-197;159
189;-173
-167;203
185;194
214;214
218;183
-194;-190
-194;-171
171;229
-189;-197
-165;173
-177;-167
-178;-199
-191;198
150;-225
138;-161
199;-183
178;-197
-181;196
218;-187
171;156
183;-194
-188;145
165;190
214;-168
-171;169
187;-145
-179;175
-142;-182
-138;170
155;-144
-175;-184
160;201
158;-129
177;240
149;-185
-173;181
-168;192
-197;175
161;-185
-153;-178
-188;201
-168;-188
-206;186
170;-172
187;-150
-199;-175
-161;-184
-169;140
173;-207
193;166
201;168
-181;-184
174;-197
-166;200
-179;-177
-217;-184
-181;-181
-208;-187
-175;-145
189;-197
182;190
-196;-182
-205;-176
167;170
190;166
162;170
187;167
-175;193
-179;182
-200;185
187;230
156;-177
-181;212
-165;196
-182;141
212;-189
-159;174
147;-163
190;-187
190;-191
-184;-193
183;152
180;172
178;186
157;-138
-139;146
-192;-182
-176;133
138;-186
-144;174
175;-177
157;190
166;-205
-167;-172
-165;-171
-194;148
-159;-169
159;-204
-189;-187
188;-158
-149;-170
-197;214
-184;167
-144;-206
211;-168
-184;147
137;177
193;-164
-163;-207
212;192
138;-208
-205;-180
181;-214
240;193
194;144
-174;229
176;-197
-162;211
189;175
-217;-219
-127;-170
166;-207
-176;-174
216;162
-211;182
169;-218
175;-197
180;194
216;-174
165;-167
147;-213
160;205
176;-173
166;187
184;-174
-209;-187
-184;177
180;-187
-185;-179
-136;-189
201;-171
-153;177
-185;-136
-159;-173
169;167
-178;-174
170;-144
156;170
-172;122
170;169
145;-197
169;146
184;153
-178;-170
175;156
-179;133
-167;134
147;164
159;-140
-179;138
-148;-175
-183;153
-192;192
-146;182
159;201
-182;-181
161;216
206;-204
192;155
213;176
200;194
-172;176
190;-215
-182;195
231;-182
189;-182
-179;-206
204;193
-177;173
191;-145
-187;162
-182;204
170;-173
167;217
206;-176
163;-189
166;177
-219;167
-201;167
-147;-212
-187;180
177;-176
-190;-160
185;169
211;-155
-181;141
194;-177
178;172
199;199
162;-181
229;179
-223;-208
-189;-167
-188;-205
210;179
-246;-195
-204;187
-194;-200
-167;-220
-175;-181
-176;219
234;-168
-173;195
-185;178
-189;-212
152;180
-147;135
231;142
-187;-199
-154;189
-165;-174
-167;-240
146;166
-224;201
172;195
-178;202
-164;-177
-227;173
159;-166
-160;-216
-202;-207
212;-188
108;190
-162;-205
199;190
-190;-187
181;204
-156;166
-171;168
205;-226
159;-181
-224;186
189;-186
-195;166
-188;-207
-184;180
188;195
197;-188
153;-199
-164;-191
193;169
-186;220
200;164
218;192
-162;191
211;192
155;-191
193;-174
179;156
-176;-209
166;178
-161;184
195;-195
-190;213
200;-165
-188;-219
181;180
143;169
-195;155
186;171
229;-196
189;-172
174;239
198;173
-166;-191
179;-166
-159;-189
-175;-193
174;205
188;-201
-212;-185
191;-142
181;185
-172;178
-180;179
-188;173
-171;154
-163;-202
-171;189
-170;-210
-184;193
-158;-207
176;-192
-188;-213
180;-163
-220;179
-198;201
-170;-166
199;-174
187;198
180;192
-179;-172
201;-191
218;-158
-188;-157
-224;-188
197;-166
-170;-218
137;181
170;-176
-197;-155
-178;234
166;178
186;173
182;159
-165;206
218;211
191;174
-207;-187
-201;232
-211;-150
170;-186
147;-195
-171;-185
-164;163
161;158
165;198
-173;185
176;-176
168;-203
188;-188
175;199
-199;-169
150;194
-187;183
-200;178
-161;171
210;-146
-177;182
166;177
164;-130
153;160
185;168
-134;-222
-123;-229
-179;-161
168;200
174;179
194;-157
171;-197
192;165
-165;180
-166;178
206;187
-177;-180
139;-159
169;-209
-145;152
-178;187
-170;-131
183;159
167;163
139;-196
-174;-170
163;-191
164;206
191;-175
138;-158
149;135
169;-199
155;143
-184;-150
193;-184
-210;168
-189;179
-180;153
170;160
168;-173
218;162
173;-198
-185;175
164;160
-162;201
-148;196
188;191
-211;179
142;172
-167;203
197;-194
-147;149
186;-215
185;192
-156;-174
161;-172
209;-199
-194;151
230;-198
203;193
205;-163
188;167
174;202
148;193
-161;139
188;-164
209;-179
216;-164
194;-126
180;186
139;194
-204;-184
-193;-162
-190;-223
-163;257
192;-173
-180;-200
-185;172
186;-210
-153;178
-159;-142
-174;163
160;160
-155;183
-181;142
-192;169
181;156
-167;-150
158;-207
-170;167
-159;171
186;160
-204;175
159;-193
-184;-196
-222;157
-230;-177
-181;-171
212;195
182;165
199;182
187;189
-169;-177
-197;-153
137;-219
195;206
-195;-197
181;182
-192;167
-184;-179
-201;-208
-137;179
-207;193
-158;178
178;-183
-160;-192
-184;148
-188;-190
226;191
190;179
-184;218
-176;207
-152;168
-203;-174
167;165
-177;-233
-134;-191
169;198
-118;-181
-211;162
155;201
183;-212
-209;200
-221;-158
175;-213
-186;223
191;-212
-222;-190
-160;186
159;-181
200;186
182;-164
-186;-166
-218;-165
-193;163
-160;-169
-199;-191
222;170
-201;-145
210;191
-178;-207
-143;-200
-180;227
176;-177
175;-207
185;-170
169;199
180;-172
181;198
-178;204
177;149
163;196
201;154
-174;-166
150;-161
201;-192
-159;186
160;144
179;166
-185;-221
-186;183
-149;-174
-225;186
-151;-168
-233;-233
-238;220
178;-207
207;-167
184;158
-167;-217
-170;-192
180;210
-197;-198
192;-173
139;-142
194;-154
204;-148
241;-128
212;-135
-129;-181
-193;140
-191;203
188;-200
-175;180
-217;-188
223;178
171;160
200;-206
-186;-198
178;-242
-148;142
209;147
198;-176
-180;-174
-170;168
164;157
-174;-179
-170;-194
-189;-153
208;199
-189;-196
-192;-211
-174;176
200;173
190;-211
-198;-181
-205;-184
175;191
170;160
-184;193
-209;-185
-187;191
179;160
-202;194
-197;146
204;-170
176;163
162;165
-173;149
-190;170
-167;-149
-138;178
-196;177
196;-188
197;178
163;189
217;-190
-188;-201
-184;-145
-170;-200
-177;183
-155;-149
161;196
177;214
178;-164
-209;183
121;182
159;212
208;-170
178;-145
-181;144
217;-163
-207;170
193;174
-164;-166
192;191
-176;-174
165;180
-191;-164
-174;-165
199;-184
179;-163
180;-169
187;-195
-158;189
215;188
183;177
-201;194
-161;-151
199;166
199;163
-150;-162
149;-208
-146;-184
-169;-177
184;-207
172;197
140;-172
170;-227
-234;190
181;207
146;139
-163;169
176;144
216;198
206;-150
-179;-165
157;165
-175;206
-172;211
-165;193
146;-179
143;173
138;200
197;-183
175;165
176;-174
-190;152
-170;-156
140;-188
-183;-172
151;185
164;156
-185;149
-197;-183
206;-207
-211;157
-174;147
180;-129
198;-184
170;202
175;201
213;211
-191;218
201;-192
-179;-193
-219;169
-177;181
-198;-218
-208;-219
-170;158
-188;184
170;-186
-220;152
-160;165
-191;-174
-184;190
-172;193
201;-184
-188;205
181;188
-150;195
175;179
216;200
184;-207
-177;-140
164;197
-186;-212
-174;-202
152;-158
-182;-210
-222;-185
-167;180
182;197
-186;-181
-185;184
208;163
-211;-212
-228;-179
-178;214
209;-203
-179;203
185;-183
-168;210
170;170
180;214
189;177
-161;-147
-189;-167
149;171
-169;-229
-218;191
-211;-183
-170;-223
-167;147
199;-142
215;-145
204;-197
166;-163
-209;173
186;-208
157;181
209;-194
-184;186
192;182
182;-223
-176;183
177;-189
-185;205
-192;-197
-174;189
147;-178
-150;-173
173;199
189;-172
203;161
193;-209
-176;175
-171;191
-197;192
181;-227
-205;-225
-193;176
-196;-218
-214;183
215;-217
204;-221
-191;-210
-166;-192
-206;168
167;-200
171;180
177;224
-185;-168
189;-179
-173;213
-216;-154
-176;-179
-205;-220
-206;-211
-168;-217
144;-223
186;182
-168;-191
-166;-185
183;156
194;193
164;190
180;186
-162;168
-162;183
-186;186
133;164
222;-171
-168;161
-212;174
-185;151
176;-180
-170;182
157;-164
151;-175
175;-174
-190;-222
153;149
169;197
177;163
184;-200
-192;170
-140;-182
-171;182
182;-179
-145;156
184;-231
209;206
188;-191
-182;-187
-181;-210
-166;130
-191;-140
179;-198
-189;-201
196;-212
-200;-181
-212;174
-183;148
-165;-198
191;-166
-187;150
191;146
196;-175
-211;-195
200;165
178;-181
-170;-206
190;-182
186;187
231;178
-201;222
230;-161
-185;181
170;189
-199;-178
-188;-128
156;-146
-226;-181
134;152
-157;194
163;-191
184;-216
191;165
190;-170
196;-155
182;-215
162;177
193;-177
130;208
206;-173
-203;-186
-172;151
187;-211
-230;-209
-136;-211
168;-152
-179;170
-181;-185
-188;-207
157;171
-197;-182
201;-168
187;174
-165;215
171;181
129;-212
197;172
190;194
-197;-193
161;163
-164;229
-159;169
190;211
164;-200
-133;182
-171;-180
-146;190
-185;214
-195;185
188;189
-159;-225
189;190
214;-142
231;169
154;197
151;155
-176;165
200;-159
-192;204
168;-215
171;-192
-186;-198
220;167
-188;171
177;-191
-196;164
-187;198
213;-202
189;196
151;-198
193;-185
191;163
-169;187
-153;171
-188;-187
-169;178
219;-213
-183;-167
170;168
171;-193
-186;222
171;-164
224;190
185;190
200;-187
142;222
-128;-183
-174;-222
-169;-178
190;200
-179;-172
-171;170
-158;-169
-182;-198
-177;-211
-193;138
199;-201
-184;170
-187;203
-229;-208
137;181
-201;166
203;201
-198;-186
-217;197
-209;-150
-217;-173
172;185
-147;188
170;186
-151;191
-185;-175
-178;139
184;-189
-161;-169
-187;-191
183;-166
181;171
-193;-145
185;142
-157;-142
140;165
-190;161
-164;169
189;-197
207;-174
-161;221
158;-213
-197;193
-169;-205
-176;159
188;182
193;-192
175;-156
-224;-186
154;196
-195;182
191;161
189;172
-181;189
167;166
181;-194
190;-196
185;109
-158;-167
163;177
-162;175
140;-168
-177;163
188;-180
-181;-169
165;195
145;185
-221;177
179;211
205;-168
191;-166
135;181
155;199
-191;-165
194;-212
-173;-209
-180;-160
177;196
186;-201
-174;-176
157;-227
174;205
-202;181
-201;183
-185;214
-185;209
-165;-109
-173;168
-146;-192
-141;171
-173;-155
166;-156
-162;-174
179;-162
-168;189
-175;170
-206;-159
184;-146
207;155
179;189
-199;-206
162;-219
147;-166
-197;-152
-212;-165
219;-176
-174;-213
187;165
233;-181
-190;-165
-204;187
179;166
178;194
179;173
-188;212
194;136
170;173
-160;-198
-172;195
-241;-170
168;-206
209;-211
-196;-194
-175;185
200;173
201;163
-154;187
155;-185
169;-200
202;-181
214;202
-136;-203
175;214
-168;190
-165;206
-207;163
168;-203
-187;162
204;186
142;-198
212;197
199;174
-196;-127
-158;-204
-204;-150
141;154
190;161
185;-187
187;-158
185;161
-149;205
-182;177
171;169
-174;-200
177;-189
174;-196
-197;218
-172;157
-182;-165
186;172
157;191
179;-189
-172;-206
122;-153
152;175
189;-181
152;-193
187;154
223;-177
162;188
-205;-205
197;-170
-168;170
-161;170
-205;179
196;182
172;-166
166;206
179;-177
-170;186
170;187
-202;208
-204;165
171;191
-173;175
225;170
-191;218
199;-194
-173;217
184;-196
169;180
-206;-198
237;-193
233;-193
-182;188
156;-193
215;169
174;-176
186;153
176;136
187;142
-163;182
178;-174
171;-206
174;-205
171;-152
190;157
139;164
-154;-212
-152;-181
-186;-192
-220;165
192;-172
-171;-189
-200;157
159;-188
-171;182
-171;-192
-168;151
167;175
-209;180
-187;194
-188;165
195;181
-190;-149
184;-207
-190;213
-177;153
152;162
-200;177
158;-192
-159;-198
-174;155
-166;-223
-159;-163
214;154
198;144
191;177
167;139
-220;-182
-195;-189
206;-201
214;182
-173;-200
189;184
-161;177
-181;-214
-209;-168
-204;161
-204;144
-170;200
154;-196
-179;-168
-169;170
-194;-185
188;145
166;168
-161;170
-189;171
-190;185
-165;-181
173;206
-183;-149
-208;-211
234;129
-176;-189
-180;189
193;184
178;-133
-180;165
-185;-174
212;-203
-224;172
234;-161
-211;-176
-187;180
167;-205
207;162
154;-167
-178;-190
-168;-195
-163;178
-175;-189
-168;-141
161;174
-201;-188
210;182
-208;-159
-197;-204
-208;167
182;-186
183;-152
180;-136
160;197
213;-178
181;206
-170;162
176;180
208;167
196;195
-198;-217
190;-214
193;-189
-153;190
136;181
148;189
-174;-186
-155;166
-193;-180
-186;183
-206;-170
-213;-175
-169;188
212;-191
150;-189
163;192
-172;-188
-218;-152
218;168
-209;-185
170;-166
166;-176
191;-186
149;-175
140;-188
189;-201
-153;-185
-177;163
-186;160
193;-168
-165;169
-187;-232
208;184
165;165
181;-157
-181;-183
187;-213
-155;203
157;162
171;-138
-192;-196
-180;160
181;182
-182;-190
-177;-184
-170;-197
195;185
-208;-187
-196;-155
-145;186
125;178
135;-156
-165;-155
-153;-186
179;176
177;207
-170;167
-179;-196
-198;182
186;182
-197;191
-168;141
179;-160
201;136
193;200
-195;168
-180;203
-180;-214
-172;191
-191;158
197;-211
200;178
201;204
194;-210
-199;-184
-223;-152
-202;-181
-202;139
-197;-182
185;138
207;162
172;-200
-189;152
174;202
203;167
143;-170
173;-163
-147;214
167;-215
-160;155
172;180
-204;-120
177;143
-174;-175
161;153
-221;-221
-197;-151
123;-208
187;-188
142;-160
157;-206
-207;190
224;186
188;164
-157;192
-177;-190
176;182
167;196
-193;-191
193;-172
-169;-207
-183;-205
218;-181
175;206
178;-193
175;-171
-155;176
185;178
194;159
-178;165
178;167
163;183
199;-178
-164;-126
152;173
-211;160
-159;170
-174;197
175;-179
196;153
176;158
155;-155
147;177
171;-153
-173;167
-216;-171
161;-157
-171;-203
156;167
172;170
-209;192
-190;-168
183;-159
-207;163
-161;181
182;-174
227;-239
168;194
183;173
218;192
-194;201
194;-190
-206;-175
-177;175
-185;190
-190;-197
-215;-216
-221;217
-233;161
185;-181
-143;146
-192;190
-201;-170
-189;173
-181;179
189;-216
-188;153
173;184
-214;191
161;193
143;183
181;-170
-205;-213
145;188
-151;-212
-236;-201
160;-168
-203;-216
-156;-183
-181;191
165;181
-193;-179
-181;156
167;186
-208;-170
-217;-173
-191;206
169;-162
-172;188
170;-212
-179;178
209;164
195;138
160;175
-173;-153
-163;-166
159;163
-160;-175
-176;187
-175;-181
-172;-215
-210;201
174;-200
189;-215
176;-179
195;-158
-203;230
217;-155
164;199
182;-214
-190;156
187;196
192;-220
-189;180
188;-191
-216;155
-138;-189
-146;190
162;-193
-165;-210
210;154
225;-167
180;146
150;-193
-163;173
-157;148
-185;172
196;-194
-183;-203
-200;202
-185;-167
-176;208
201;-158
223;-186
-149;-178
-148;-192
-201;196
186;-185
147;191
196;185
-166;-171
170;-188
-150;178
-181;-175
-153;-147
-191;-170
-194;-176
-199;-161
203;-184
197;154
-217;-144
-199;-197
178;156
159;121
191;165
177;164
-154;168
-185;228
-172;167
204;194
121;-193
-191;209
-188;215
-160;163
200;-188
-188;204
199;-164
188;-203
162;-200
-172;-190
204;192
208;229
166;206
210;-216
-189;164
-180;-211
-231;237
175;-164
-196;164
186;-204
228;181
192;-159
-206;-151
-152;-190
-194;203
-208;-190
159;-178
-157;-195
190;-215
-153;-158
-190;124
-199;176
-199;-178
199;-158
-196;171
168;197
189;-199
-172;-196
131;182
174;-203
-161;-180
181;-190
172;189
146;170
-168;186
181;-193
-137;154
144;158
-169;-168
-165;-170
180;-189
-183;-177
200;174
-155;178
186;-216
130;-153
176;159
153;-124
184;-162
147;-185
197;142
144;-162
187;176
199;-169
-169;-144
-202;209
207;-184
-207;-178
-200;-189
153;-202
-201;170
-199;-223
-197;-207
164;175
-162;-162
183;-218
157;189
-214;178
177;210
173;-178
189;193
191;186
-183;-208
172;184
-194;195
-205;179
201;210
188;-155
-219;170
-184;-172
-217;172
-209;192
-178;165
146;178
-161;-156
183;189
220;-158
168;214
215;176
185;162
-142;202
180;-185
-166;168
201;-166
192;-196
-223;-193
190;163
-241;178
207;-185
-181;172
-197;167
137;-168
154;171
171;-188
157;-190
167;107
-169;180
-161;214
-192;-182
-178;178
180;-167
-212;-199
182;216
179;-170
-169;188
202;-179
176;202
214;182
152;-175
170;213
-187;-174
-177;-154
-185;-184
194;191
-205;-184
-175;152
-173;-194
-146;-151
-202;-178
-133;186
151;-160
-199;177
-201;177
-186;-204
153;210
-179;164
169;151
-175;-186
-176;168
-145;-175
-178;-207
168;202
-159;186
183;178
-178;142
-170;-193
-169;178
157;-190
-152;-138
-195;-149
167;-181
174;170
-193;-172
187;148
-193;-153
179;156
-168;186
-180;184
158;-226
182;-200
-187;193
223;-221
-175;211
-183;-184
-200;218
226;193
188;-195
209;-184
-182;-190
199;206
-189;215
195;209
193;189
-197;196
183;208
208;-187
176;-215
151;204
-199;-208
231;140
-148;180
161;-200
-137;164
156;-156
-160;-176
130;186
167;204
-197;142
164;183
176;-151
200;-170
189;203
203;196
-143;-172
182;-167
-198;-167
-189;-199
166;211
170;-178
-212;-164
182;-205
209;144
-176;179
-174;159
-180;159
-154;156
-119;-184
-167;159
-168;-166
-137;193
-197;-122
150;-182
-156;-167
180;-175
-202;181
-187;192
-218;-164
160;-165
193;185
184;207
-197;-187
207;-190
187;-182
-186;-141
-185;-183
195;-183
-198;-134
185;220
181;-181
-172;-196
-180;182
194;185
141;221
187;199
-186;212
157;220
216;198
-182;-197
-151;168
-162;-185
208;-159
162;-183
-188;-173
-179;166
173;178
138;186
-194;142
128;-131
160;-131
181;-167
165;207
-174;-170
203;207
-209;180
-210;196
-192;167
165;-214
-194;187
176;178
207;-159
151;166
162;186
-201;-153
-154;-171
-155;-219
193;196
154;235
222;-162
151;-180
173;168
-158;179
-174;192
200;150
-202;-200
137;-173
192;-194
-209;183
-142;185
-139;-192
169;184
162;186
212;-162
-142;-147
168;-168
168;199
179;-201
202;-146
166;169
160;-158
138;175
-136;-178
163;-174
-204;173
-185;206
-189;167
186;181
149;-160
179;185
189;-172
-156;165
178;207
-143;192
-187;185
212;191
-158;208
205;185
-182;230
198;-157
-191;157
199;-172
176;136
-192;-177
157;-192
135;-210
-134;183
133;-208
194;182
168;-204
184;187
173;162
155;210
-209;162
190;-165
166;-198
206;-179
235;-209
178;230
156;190
-218;-165
-150;-146
-169;-164
-177;198
169;-162
-189;-171
-145;197
181;-227
-195;172
-152;-193
-182;129
166;194
-185;149
-196;159
-194;170
126;194
-158;-189
175;-170
-165;172
-176;179
182;205
-210;197
161;-158
-167;-176
-195;169
-186;-192
-179;-163
163;167
188;193
204;205
162;189
-151;-162
-220;-188
182;-208
192;149
-152;-135
196;162
-180;161
-182;-123
-184;-181
-200;172
-186;185
-172;178
176;-197
-149;-158
-154;192
-173;-169
185;137
161;170
-205;152
-198;188
-195;169
-191;-207
180;183
-168;-246
-181;-193
194;228
-153;-191
-213;147
177;220
169;-156
-141;188
-172;-190
199;-193
-182;186
180;-193
-167;-157
-194;173
219;-154
129;248
168;-175
-173;-204
-173;-200
-177;198
-187;-145
-124;-166
166;183
-169;-189
130;179
-148;-168
-211;-156
-175;193
158;-191
187;-168
187;-181
155;218
138;-138
184;133
-178;186
192;147
157;164
179;177
-183;-157
205;-154
148;-179
-175;171
141;170
154;173
-194;-187
-196;158
-187;-169
-178;174
-184;-153
-194;-166
-166;194
193;-171
208;-183
183;205
-155;-227
-191;-183
174;188
-167;-183
197;-146
195;-158
187;-177
191;-162
185;-202
213;-194
-205;-213
-184;183
-154;182
139;-188
-172;160
-186;-172
173;231
180;162
183;-187
-172;-173
193;-176
-184;169
148;225
190;-154
-174;-150
-178;146
150;170
-167;-175
-183;-169
-182;-184
148;176
-166;-179
-151;-206
-167;206
184;187
172;-206
-161;-145
-177;-145
207;189
190;167
-193;183
-181;-190
-184;197
158;159
-184;185
-119;167
207;-219
178;171
200;174
-183;190
-143;166
-172;-153
-212;147
-179;166
169;-193
187;136
140;186
167;-204
-183;-194
-184;-120
-184;-187
-172;163
-133;-176
198;148
186;203
205;-195
-191;160
195;191
169;179
223;-168
223;-192
-191;183
203;-153
-221;161
174;231
-188;-189
183;154
-176;-183
158;159
-223;-164
-190;-176
194;-164
162;-196
207;-202
156;-172
-185;195
195;128
213;157
-174;162
-167;-174
222;176
197;199
-205;-125
180;-177
-204;-170
-184;-174
198;-167
215;157
164;-142
141;-188
-167;150
205;158
175;212
-212;234
187;158
179;186
183;-180
-169;-154
187;193
-194;202
-212;155
-163;165
136;-173
173;168
214;161
203;-214
199;152
193;-189
-173;209
-198;-195
160;-230
-183;-173
166;188
195;160
-156;177
-202;-171
183;-178
-218;184
-169;146
173;-211
166;-174
174;186
177;158
171;177
-213;144
174;-167
-171;-218
-193;147
-186;197
-195;-158
-164;-173
-165;185
-174;145
151;-174
-165;137
-164;189
-201;-190
-191;176
-183;155
152;-161
-160;198
206;142
-196;187
167;161
192;195
150;-173
-168;-201
211;171
-163;-150
-164;-206
199;-180
-154;-184
-193;-180
-190;178
182;182
-174;-163
-184;213
185;194
-187;-200
-195;-223
-169;191
194;-161
-224;161
144;-185
-205;165
189;141
213;188
201;163
-201;-123
-164;-153
203;178
-185;-141
-167;198
-164;-183
-197;-248
-211;164
185;-200
185;-183
194;-209
209;-207
-191;134
165;-200
199;188
152;-175
-177;150
175;161
170;-138
-179;179
144;-189
-137;202
-150;-146
-166;136
177;-176
-200;-141
160;161
189;-164
151;171
191;-155
-191;162
-186;124
-168;180
160;-200
-123;-185
-202;190
-182;-178
-152;164
173;-178
177;-181
-160;-150
-186;-179
-170;177
178;-166
206;179
166;156
-170;-187
209;-175
-181;166
-140;-195
-202;-180
-179;-203
-166;-179
-206;-194
172;-171
185;187
-186;-210
-156;-166
182;193
212;204
204;163
186;170
-168;215
-185;169
-192;177
188;194
156;-222
-217;198
-152;188
-197;188
179;-131
-208;162
203;-155
177;-140
187;-161
-195;-180
188;175
164;213
155;208
222;-207
-187;144
-196;-182
-161;170
163;-223
-176;122
172;-179
136;138
171;-183
-184;-167
-184;-198
-157;146
-190;-199
153;-144
-161;-148
168;-161
-216;-198
-189;169
-188;192
-165;-189
192;-172
-197;176
158;193
164;-175
-203;-189
173;153
198;-179
-162;-213
163;-186
215;194
208;195
-153;199
202;-199
-179;185
207;185
-170;-183
-172;-173
205;-194
-223;-201
174;199
-161;196
182;-154
186;-215
184;189
170;-189
178;-201
188;-160
200;164
184;-185
195;165
198;-168
-184;-163
-187;245
166;-190
-203;-179
-186;-178
166;-153
-195;164
-185;-179
-176;-156
162;209
-166;-181
179;-148
140;186
-210;165
165;204
135;-192
176;165
178;184
-164;-166
155;153
-174;173
-181;237
171;185
141;-157
-156;190
-176;-215
-167;171
-175;173
-164;171
208;205
-141;-220
151;168
186;-158
155;162
200;162
231;169
-165;170
170;-185
-204;168
174;-196
169;-174
-188;-207
203;165
-149;221
210;-202
-162;205
-180;169
189;-188
202;197
149;-183
157;-207
196;175
-152;164
-202;158
-145;-159
-201;200
164;-216
-163;-148
214;180
193;-234
-162;178
172;-180
206;199
179;183
163;-200
190;161
-189;-168
-215;-151
-175;-174
209;187
-180;-176
-166;146
-192;-187
-177;-175
-167;-191
-177;201
199;-157
-183;180
-196;192
-197;-195
161;179
-186;198
171;201
-169;-174
-145;165
-149;-158
-176;-182
169;171
-175;178
156;197
-189;136
-130;-189
-163;182
190;-151
-217;-186
-184;-172
201;-175
194;210
-201;-184
190;181
-164;-126
161;205
-161;160
-173;186
181;-171
165;-186
-184;165
138;-206
-164;170
-178;-182
-167;193
186;140
181;-173
189;-176
-165;-156
182;140
-168;201
212;200
187;159
-153;175
192;177
154;-196
223;-201
214;186
-200;-150
199;160
-163;195
157;-192
-179;200
198;-181
-177;-145
180;191
182;159
-146;155
209;157
178;-193
179;-185
187;171
172;178
-208;-220
187;-181
-180;-148
-191;-190
176;157
167;-207
-172;-149
140;-171
183;191
-175;182
-151;154
-199;152
-193;150
-154;-179
-175;170
-151;-169
-152;163
-179;-191
146;-153
-172;-150
178;-200
-171;137
-178;201
-202;-150
168;-153
166;196
138;171
-171;-163
159;-169
178;-182
-201;-155
-161;-176
154;-199
-149;-165
193;232
150;-163
-183;-217
-201;187
224;208
182;141
209;207
-170;213
220;174
204;145
-211;-229
-163;166
-181;-221
160;-156
195;-154
-160;-171
-181;185
146;195
196;192
-174;177
122;-209
162;-196
157;-183
182;216
-166;-199
197;159
-202;195
-175;203
-188;192
195;-189
-217;219
161;223
201;-186
127;168
176;194
-155;-230
-194;-203
-150;-201
166;226
184;181
226;-168
214;-177
153;172
-169;172
-210;154
156;179
-159;-188
198;-166
197;-155
-186;147
-201;135
-159;-185
134;187
144;196
195;-167
-161;-179
133;-150
186;168
180;-206
172;-176
173;168
194;-196
193;156
-159;-164
211;-149
-187;197
-174;183
-189;193
203;184
172;-168
251;177
196;-220
-167;184
193;150
-174;191
-186;181
192;167
-180;173
158;199
-201;154
188;-199
-203;197
191;-162
155;193
-143;-167
198;-155
190;-178
-185;162
217;-184
147;168
136;-176
190;184
170;158
196;174
-157;182
194;-140
196;-225
182;-157
186;-188
164;179
160;209
-188;-203
-148;-185
-148;-199
-165;153
181;-187
-196;-182
-159;180
214;-127
-199;179
-155;-194
-165;179
178;191
-142;195
-170;141
-194;221
116;202
-150;-164
162;-167
-190;221
-190;185
197;183
-145;174
166;-207
-175;-154
-169;186
-193;-173
-229;-176
180;191
178;229
165;158
176;221
-206;-188
-218;-229
219;-196
179;177
-182;-174
218;177
-200;181
-216;-204
-201;-207
-199;197
-221;189
-203;159
217;-169
-134;-178
-176;163
-155;-229
199;219
184;187
-179;162
-198;181
-180;184
-151;-210
203;172
-165;-232
-152;-192
210;206
-153;-213
-213;166
195;179
163;-158
-202;182
-163;-216
175;-146
-220;148
206;-183
-193;-182
-157;151
148;-149
136;186
163;-149
-149;-198
-169;-214
-189;178
-145;-175
-163;-171
183;126
-186;-173
184;178
-167;-150
-176;-173
-195;183
176;-176
178;-178
151;-149
181;156
156;-204
157;185
-199;186
171;175
201;176
194;209
-197;-189
163;-180
180;-205
-193;212
166;206
217;204
-159;-157
-195;155
-196;-146
-150;205
-175;-165
-166;-195
-192;149
172;-141
214;-178
129;205
-166;-143
-178;-194
131;180
-174;-200
184;-175
153;-193
203;-179
197;-150
163;-192
207;-192
-181;-180
-182;172
-209;172
184;-169
-189;153
-166;-183
173;171
124;172
184;-143
-171;-159
156;-191
-168;153
159;170
212;-160
-176;-161
-176;185
140;179
-188;-193
-190;-171
-220;-181
157;185
-162;-175
-186;-176
-196;188
229;184
187;-185
-209;-132
-166;-171
208;179
177;196
-193;162
-198;-194
-186;209
187;195
-206;163
-198;216
181;-182
216;204
187;174
-170;176
-152;168
-169;-170
-222;188
-232;157
202;-196
153;188
194;162
205;-156
-167;-214
-177;-170
-202;-183
-176;175
-193;-242
135;197
162;174
182;-196
-181;113
190;215
181;177
200;-202
166;-177
-217;186
180;-191
-178;204
185;179
-176;-198
177;161
-180;-192
187;171
-196;-176
-145;-169
156;-187
173;-139
158;-166
180;-189
-176;171
148;161
180;175
-176;191
-133;-166
196;181
236;168
-180;-156
156;-177
-177;-205
-203;-188
172;-206
164;213
150;-192
127;-188
-168;199
215;141
167;225
-211;208
180;184
181;173
196;-168
-179;-141
191;196
-216;188
-179;222
-184;184
169;-177
177;168
174;195
187;-181
180;155
162;-181
-172;200
-134;-171
177;-177
-151;-205
167;146
160;163
-168;154
-160;-171
203;-171
-166;158
-184;208
171;-159
176;-204
196;176
141;141
216;147
-183;162
183;-180
-188;-187
-160;172
-177;189
-186;-188
-139;-174
-184;172
-165;183
174;-185
-158;193
-188;193
-188;-188
-172;190
-182;176
178;-157
-171;202
195;152
-177;191
221;168
220;156
185;-220
-197;-157
135;208
-204;-158
-172;-160
202;-207
-196;-142
-172;-133
-143;188
190;181
-205;-152
-200;198
183;179
-219;-183
-173;-175
-169;193
199;-180
-210;152
171;-158
-191;152
168;210
159;218
190;177
-187;-131
-173;-167
182;157
-194;-178
-183;186
-148;-194
-161;-196
-184;235
209;-190
153;-163
206;-166
167;-157
-150;161
191;-198
195;153
148;-198
-153;173
211;168
181;-160
-163;193
164;-203
-183;184
-201;-242
-215;193
191;-194
-174;-191
179;152
160;-204
170;168
179;-181
-174;181
-175;194
-210;139
152;-196
-192;-193
-148;213
-197;-190
-189;175
171;-214
171;-211
-177;-133
-197;-196
-152;244
161;-176
179;156
179;165
-183;-142
163;-184
-216;154
-200;-179
-167;-162
-150;-173
-192;-181
-195;-167
181;-181
165;198
-168;-130
-142;-151
188;144
162;161
202;193
185;186
-179;198
-167;182
-196;196
211;178
180;-178
-182;199
-177;177
-205;199
200;-216
-184;192
202;-205
160;-185
218;-182
-222;-169
195;182
161;148
170;191
179;-146
-182;190
-196;-170
-153;169
174;-213
-158;195
160;-200
175;171
230;-190
-202;-180
-227;-157
-168;195
-175;-176
175;-166
-170;-153
176;-142
-169;-171
-168;167
-188;203
-217;-162
135;-188
-198;199
204;188
150;-178
-191;-190
179;214
173;-160
-171;-203
210;-181
175;199
199;173
-175;166
175;-228
-157;196
160;144
-182;-191
-165;-203
165;-178
-178;-187
176;172
-212;172
197;-209
178;-172
198;188
149;-207
160;-169
175;-187
166;203
186;-180
175;183
164;-194
-185;-199
-199;183
165;-176
-171;-129
-208;-169
191;-183
-194;208
-183;-189
-206;-216
204;179
-151;-184
141;-229
191;163
-151;193
132;167
164;-198
166;147
160;180
-182;-185
183;169
-201;186
-167;198
184;191
184;-222
-193;180
-170;-161
-156;205
-181;179
-153;162
174;204
-173;-159
193;171
186;-172
159;139
140;166
125;182
-149;182
195;-178
-193;171
182;-184
190;-180
-194;-201
161;178
-193;159
208;-154
-198;201
-236;221
181;-190
210;213
217;-222
152;-140
185;173
-200;180
-209;200
-208;-164
-189;196
159;-164
-219;-160
176;171
189;-157
-178;182
161;-168
178;168
166;185
140;-188
157;191
-178;-174
-182;-216
-210;-180
192;196
-210;-211
-146;143
-181;-146
-184;-177
-132;-169
-175;145
220;-166
-199;184
-190;151
-152;-203
188;206
-186;166
198;211
-171;-205
-217;174
-198;-193
-191;-194
187;223
-182;206
200;189
-206;207
-200;-185
-191;165
173;-188
-203;-162
-210;-209
199;-220
160;164
-194;-202
153;180
-157;-179
187;186
-183;176
-219;184
156;-228
194;-211
-151;178
165;-193
-201;181
-179;-160
-177;173
158;156
180;-168
178;-226
-170;-232
235;183
-207;227
169;189
186;144
-175;183
129;138
164;-206
182;-214
179;165
-188;-198
173;167
-219;132
204;-210
-189;148
188;-163
-199;-194
182;190
177;223
-188;148
167;178
118;-174
156;-167
121;145
142;149
-166;-187
183;-170
-178;-194
-153;-219
181;162
175;-168
-177;-241
173;-178
192;187
-228;169
-219;187
-208;170
-194;210
-183;-173
-183;204
-182;-166
-186;193
-192;-204
109;-164
-210;-184
178;-201
-199;204
-198;180
-197;-173
188;-179
193;175
150;187
-194;-131
187;-165
193;-203
-189;-218
-183;-205
146;-204
-208;-207
174;193
175;-191
-170;-193
-164;212
201;137
184;160
181;166
-167;201
197;163
187;192
-163;-148
-175;173
-193;-204
183;-169
211;-188
-131;-179
-172;171
194;220
172;166
-188;201
199;-173
202;-157
151;-179
186;188
-179;-180
178;151
-201;170
-150;152
-162;178
186;-201
-198;162
185;158
210;-199
190;188
199;171
-222;-194
-189;-156
-181;-189
168;161
196;173
193;-213
215;-167
179;212
-167;161
-160;164
160;212
-198;-176
178;-165
198;-176
-156;164
-180;197
-149;-209
150;140
168;146
170;-192
-162;-204
200;-167
172;162
184;-163
191;-194
161;155
143;-194
163;153
-158;-182
166;-180
-146;158
-208;178
-189;163
200;200
156;-167
147;152
172;-183
-167;175
199;167
-138;198
-155;159
182;158
-183;190
152;201
-194;186
162;-163
-150;175
189;-172
212;169
-176;-196
190;-197
199;-182
-173;187
192;-190
199;161
174;-175
151;167
174;166
164;166
-188;162
178;-174
167;-202
193;-192
127;-168
191;171
152;180
-184;-171
-199;-189
-241;-170
-205;249
176;-176
-198;-184
-179;165
154;-197
-178;166
-169;-164
-237;181
181;151
-200;155
-165;151
-158;143
165;158
-137;-170
193;-194
-189;159
-179;190
92;146
-196;169
159;-146
-211;-156
-135;177
-184;-185
-162;-190
171;181
168;180
177;174
177;205
-167;-191
-165;-174
197;-182
154;166
-196;-181
182;153
-133;199
-169;-194
-163;-164
-195;180
-157;179
-173;205
151;-159
-165;-156
-190;176
-194;-159
190;174
161;175
-187;198
-151;189
-165;166
-172;-167
169;173
-166;-182
-194;-164
149;158
-209;-199
-158;194
203;181
198;-202
-185;193
-172;-226
198;-178
-214;158
186;-187
-185;-138
-194;194
191;-189
190;146
170;-181
-210;-169
-186;-145
-179;191
-162;-204
-168;-178
190;149
-160;-138
145;177
-176;-193
-166;-191
-132;178
161;-158
202;-158
135;-155
146;171
191;-200
176;181
-166;170
174;185
168;177
168;146
-193;-179
188;-166
163;-197
-199;238
196;164
176;170
-190;-172
-155;213
-177;-178
-166;195
-221;-188
-176;-213
-143;173
152;-166
157;-199
219;205
-174;-183
-182;-173
214;153
-205;-174
168;-183
159;-190
176;-195
195;-166
150;-157
198;-163
-173;-167
-150;182
-212;165
194;-200
-195;201
-181;-177
163;208
184;209
175;-198
-212;-223
158;-177
-177;172
154;174
202;-183
-161;-179
-179;192
172;166
-210;-170
-173;-193
-177;-228
157;177
-185;-198
-181;-195
-148;182
145;136
176;-167
-156;-189
-196;-175
186;170
176;180
-159;177
-128;-189
-204;152
185;183
-178;158
-185;162
180;-215
161;196
190;181
-179;163
-196;164
-196;-189
-138;217
-163;160
173;-172
176;161
177;138
171;-204
-198;-161
-189;-182
-155;-173
-169;169
-205;-162
201;177
175;140
170;-197
-157;170
173;185
209;179
185;-172
185;-180
-184;192
193;-153
-185;200
177;183
-167;-181
178;162
-162;-187
201;191
-165;-166
-179;-178
207;-172
184;-166
172;-200
190;-209
-198;191
170;149
172;160
-154;156
-147;-138
177;164
198;207
-168;-175
180;-215
-160;-175
-208;-215
150;-160
162;208
179;-186
209;-207
-157;178
174;192
179;164
-191;145
173;152
176;197
174;-182
-178;-146
166;188
-185;168
-183;192
-213;192
210;-154
196;185
184;165
183;-195
190;161
171;-180
-209;155
-180;-195
196;-180
-174;-203
166;164
166;189
-198;191
-148;-177
155;-215
-175;178
-166;151
167;-188
158;-184
159;184
190;175
153;142
-180;192
151;-193
-189;-200
-165;172
-195;172
-170;-155
-194;-207
-193;157
-190;195
148;-175
-189;187
-150;182
-181;-180
-181;165
-189;157
147;-206
-162;172
187;165
-203;174
192;149
183;199
155;-165
-179;-169
170;212
-143;-160
-182;-192
182;-152
-208;-193
-161;-174
-162;172
151;186
-148;-213
-192;168
150;188
-173;-170
-187;-145
-193;148
169;-153
-141;165
188;-197
-182;157
207;155
224;156
144;174
-177;-156
-173;-179
175;191
-183;-192
-179;191
-224;-189
-187;-150
-203;189
163;-208
167;-192
175;-170
183;-157
-151;175
132;-135
177;184
149;-210
-159;189
175;226
158;-201
-163;187
165;-200
-154;200
-186;-176
-200;208
155;-205
-180;-185
170;183
178;-189
162;174
167;-156
-192;153
-154;190
-179;166
176;-185
-184;-167
-174;201
-172;-198
-218;157
196;-182
177;-124
-162;-229
-189;-160
-183;181
185;-157
169;165
130;186
-163;-178
193;-183
-166;195
-171;-168
-176;-161
-161;-156
-179;-153
-141;-157
153;-177
152;186
-189;-160
-184;-179
198;176
178;167
169;196
186;149
-155;204
-154;215
-203;136
159;215
159;-206
-215;164
-156;193
-177;205
178;-201
-181;206
175;-194
197;-165
161;-177
-183;-194
186;162
144;183
205;203
183;-172
-167;179
-201;-174
-161;168
210;-185
-142;184
142;-197
171;165
184;-176
-200;-164
-192;-163
-179;172
-206;-199
191;-160
-181;-190
201;-173
-183;-233
-204;181
-186;193
-195;-153
160;-157
-195;197
191;134
178;-187
-179;-223
171;141
150;-189
-162;-149
162;-163
184;184
160;175
-152;185
172;-180
-191;191
164;157
-179;-169
-154;-191
186;-195
-197;-170
197;172
-187;203
136;-189
185;-163
194;212
209;-191
143;-210
198;-160
174;223
218;-188
198;176
155;-141
-199;-186
-174;161
165;-209
-179;-179
-172;-165
173;-179
-157;186
-167;-189
-179;-195
198;189
-185;-202
175;-223
181;186
-165;150
186;178
161;-170
205;192
185;181
-152;-152
203;190
-160;148
-215;182
194;186
185;-158
-191;158
-156;-209
-202;175
-223;162
-169;194
160;169
-148;-171
189;178
177;-139
182;197
236;189
192;172
-163;188
196;-196
-191;178
171;-152
142;-191
-224;-176
210;216
-198;202
178;-163
-171;181
-194;192
165;-167
171;180
198;-186
172;-145
197;151
-182;204
-186;152
-204;-210
-178;154
166;-170
-194;-202
178;138
183;-176
-145;172
217;-162
164;198
172;212
193;-165
198;179
-234;-193
-194;-172
-225;-168
190;222
-188;-146
-188;152
-173;-199
-191;-194
-165;-209
-177;190
210;-194
-194;143
-192;207
-202;-193
206;189
-176;202
181;160
-172;-210
-191;186
-168;-157
-151;-171
163;175
-174;170
167;197
-172;204
-214;-171
-163;181
193;-158
-200;-175
-178;-164
192;-206
174;171
-215;-199
160;212
-233;-171
140;141
-199;166
-148;147
155;-170
210;-227
-178;183
169;-165
-194;189
-169;-172
-168;173
183;132
185;-210
206;-191
-160;-193
134;166
-186;178
140;150
183;145
-163;231
188;212
205;-172
211;-197
154;202
-177;-194
159;171
-158;130
164;-194
-210;206
131;-185
-153;-186
175;184
157;188
-179;177
163;178
189;-218
179;-163
157;170
170;154
-228;-185
176;-177
-201;-178
-177;-208
148;175
162;-167
-196;-217
154;-205
181;212
-176;180
-188;182
-168;157
-191;147
-191;-180
-190;190
-174;-172
-219;202
-177;-177
175;-135
-209;-185
160;-197
-186;180
-192;188
-202;-177
159;-173
167;192
210;131
-192;-173
206;-174
142;-161
-161;-185
-199;-179
179;-184
-180;-174
168;189
151;-138
-185;-186
-173;196
176;206
178;188
187;167
-207;179
204;224
160;215
-200;-203
-204;216
-197;-205
212;-145
138;-178
-193;-205
-182;209
196;130
204;196
-183;174
164;-185
188;-162
190;-170
229;151
-160;-148
204;161
-187;186
-171;137
-140;177
185;-162
-190;204
197;211
207;-162
169;227
185;168
-174;-151
-151;-172
-201;-178
155;185
194;176
193;-165
169;-131
155;206
-213;216
-232;158
190;197
-201;-174
224;-176
172;-159
-172;227
-164;176
-192;-230
179;183
203;174
163;-225
-231;-156
170;-163
164;184
185;-239
196;-208
205;179
161;-181
161;180
-160;-175
203;-173
-137;170
-166;183
-177;173
155;158
157;-145
217;145
206;-188
-139;187
184;189
-135;196
-176;188
229;163
-164;175
200;184
-178;150
184;-166
-179;173
219;-197
205;229
-154;-197
192;-178
207;-158
-223;181
177;-184
183;179
193;-193
177;205
164;198
176;164
-189;194
196;-175
198;-132
219;-154
195;-161
162;172
179;165
-197;-204
-166;-182
-143;-194
-212;187
158;-199
-176;-200
-163;116
186;-197
-165;220
-169;-160
-193;216
191;165
-169;196
-162;204
-160;209
181;154
-198;-170
172;-193
-184;173
-180;224
170;217
-198;206
171;-211
-183;-196
-178;165
-188;-168
-188;-174
160;199
171;143
183;191
190;149
-185;-153
-199;-141
176;-181
217;178
-165;-185
177;161
-163;198
-200;-156
-193;-158
-171;189
-190;166
-179;163
189;-170
-163;-206
-158;212
-158;-186
196;181
206;199
-205;182
-193;189
-173;149
-192;-165
178;177
-136;-213
-168;-191
210;202
-190;-179
-227;170
196;162
169;-180
-208;203
-149;-250
255;-214
-244;215
175;-215
-179;-220
-153;190
208;-181
212;196
182;-213
-194;-185
-173;-164
-184;203
-213;-193
-229;-189
223;152
-197;-192
183;149
-222;-161
-188;-170
-166;173
184;-183
178;-167
178;-179
163;175
137;-160
187;170
-171;194
184;188
176;138
175;160
-159;-131
167;-191
161;-173
-144;216
179;137
158;182
-148;-184
-163;193
-195;-193
-208;186
-212;-202
-177;-200
-214;156
204;-171
168;-187
204;189
-210;-207
-147;-159
158;223
-144;-152
152;-187
201;-168
187;-201
217;-153
185;-169
184;-160
-198;-215
-231;198
-197;177
262;-210
-218;182
-201;-176
168;164
184;174
204;-182
-227;-201
186;-203
-208;226
205;199
201;-181
-164;-209
-177;157
209;171
-146;-164
-166;-131
-157;-171
192;170
-182;-178
-146;-181
-177;192
184;201
137;-174
-201;-135
-172;-176
186;189
175;160
-148;188
-160;-181
-175;227
185;170
-172;149
-156;211
161;-212
196;152
183;204
-155;196
-179;165
-205;-173
-184;158
-235;134
205;-174
171;207
189;168
201;-219
-150;-214
-192;-174
-181;-182
-176;216
-205;-172
209;187
178;187
219;-162
-180;203
178;190
165;210
183;-179
154;-194
-220;182
182;-173
-180;260
190;174
-174;-192
192;172
-180;-161
167;155
-168;-171
-181;-169
165;-176
208;-177
203;-179
196;-141
-214;153
176;174
179;158
-165;180
-188;-175
192;172
187;185
-181;-166
167;-189
-213;-130
-196;-190
182;-190
194;216
156;-179
201;-180
-209;205
176;231
167;206
-189;160
207;206
149;211
171;-206
-179;-201
162;176
-212;154
-178;199
-208;206
135;-212
173;216
141;186
150;-186
145;173
186;-206
-169;236
-150;-185
126;-176
-168;-189
205;169
206;140
-192;184
-155;-178
200;-169
-170;179
-165;167
168;-179
173;-185
149;131
182;167
198;166
-189;191
150;-153
-167;-177
-175;171
-141;153
-174;-195
-162;-154
-194;202
-162;204
192;-172
-190;202
-170;186
-177;-172
-170;172
-211;193
226;-193
-151;165
171;191
-141;201
168;141
195;198
175;-166
-191;-196
248;182
-251;-182
-157;-205
147;-196
-181;-182
-177;-173
-152;158
191;174
-168;-212
-143;160
179;213
-186;-150
-184;-153
-143;139
140;-165
-215;181
182;-179
-156;188
177;192
183;163
158;164
-142;-141
-165;-225
156;136
-161;-171
-180;159
-160;-196
-197;-177
-207;213
179;-182
187;-113
198;-203
185;-176
-141;184
136;-159
190;176
181;-180
-194;185
152;200
185;-206
-180;200
176;-186
-134;161
-174;-169
-218;174
179;-199
-170;-150
186;186
192;-192
221;158
183;-180
-159;162
-190;199
-212;175
151;-193
-181;-189
-113;178
-191;-189
-216;206
194;-169
225;-167
-209;-174
-208;-165
-173;195
200;-213
200;146
170;200
-164;-188
211;-209
-206;149
-168;-165
-178;-160
-137;-175
-166;-198
-176;-182
170;-202
185;193
-172;-127
-168;-193
123;196
139;195
125;174
159;178
-176;188
-202;200
-203;168
189;152
185;-174
-194;176
-177;159
-192;166
173;-171
-171;157
173;-185
158;-204
162;-185
-211;-182
213;181
186;148
197;172
151;-184
-161;213
-178;-181
-147;176
182;-177
-185;190
218;-163
187;150
179;-182
-172;-207
-181;-178
-181;199
-190;-199
146;-182
-198;-194
170;-164
-198;-163
-230;169
-154;185
-237;-166
197;-211
-161;160
222;211
188;-180
-187;-189
164;200
200;-195
-195;-176
217;-164
178;182
161;158
-142;169
169;-230
-149;192
194;185
-164;-168
-142;-165
157;-151
-163;-169
150;209
-185;163
143;-170
221;-183
172;170
174;-180
179;-153
166;-158
196;186
162;-143
204;189
189;-159
-145;-157
-156;166
154;-220
-190;-192
-164;-178
176;-179
-168;181
-149;-246
-205;-198
211;193
-152;-187
191;-176
191;148
-174;164
160;165
164;-200
172;189
141;193
-216;-136
188;167
-195;177
-171;182
215;188
143;-200
-194;163
-150;-163
-202;218
-155;219
-150;184
170;188
-196;-192
176;157
171;-172
179;176
184;148
167;205
-176;203
162;-222
-125;184
199;-227
148;-208
-183;-180
174;219
-181;202
163;-183
-202;215
-199;171
191;-170
183;181
165;-163
203;-160
184;192
-240;187
-207;125
-135;-177
-205;172
192;-159
-132;-199
172;239
161;-208
-191;207
140;-162
167;175
173;177
199;-191
192;224
-199;-162
-224;-180
-197;-161
212;128
-191;-166
-159;191
-216;-189
-156;-184
-224;-148
-199;189
176;-180
-185;200
-206;159
-145;-184
167;176
-206;154
199;189
-126;-176
-197;147
-146;-188
-198;-172
186;202
-190;179
188;209
-186;192
-201;-234
-155;201
200;-165
-159;-175
-155;-200
179;-159
192;183
-168;-198
206;157
-199;-190
180;176
-193;191
-196;126
193;-163
175;-189
-197;182
214;-162
-208;188
-207;-169
-231;170
181;183
170;-185
165;-156
-160;-165
136;138
-198;220
145;142
174;187
-159;182
180;158
154;-183
202;-176
161;174
-211;-187
225;159
-166;199
170;-173
-199;193
178;-217
-143;-178
186;137
222;203
-171;166
238;165
176;-182
162;-174
133;177
173;186
-180;-174
141;-147
-205;-224
-217;-199
197;206
166;-170
-165;-174
193;-222
165;213
-178;195
-208;197
-172;209
-186;187
-188;-201
-211;156
-171;-208
-170;187
-154;-164
214;-181
-163;-222
198;-193
-218;215
-212;231
-186;-194
201;-155
152;221
189;174
-172;-206
204;-166
184;-150
-174;-208
-156;-188
185;-157
-158;-208
143;199
184;-161
-171;-186
-160;187
175;172
163;207
133;186
-184;180
167;166
178;176
-144;-143
-180;199
-186;-177
164;-187
184;-193
-185;-212
-187;186
196;155
185;213
-170;158
190;-169
164;-174
172;-165
172;194
-194;-154
174;200
-164;168
-195;195
-160;172
194;-205
-178;195
206;163
167;-157
197;152
203;178
-199;-193
-146;-224
-178;-205
143;202
156;178
211;-164
175;-183
211;128
-193;180
-164;207
184;164
-194;-189
174;-184
171;-179
-210;148
-155;152
-173;-169
210;152
184;189
178;-188
-207;-149
177;-162
130;159
148;-173
196;-185
172;134
184;-154
187;133
-183;-155
174;-192
-151;199
-178;189
-157;149
201;156
163;-188
167;206
177;-175
-168;197
159;173
-183;202
-220;195
156;172
-167;168
182;182
-169;172
178;-183
-188;194
172;-151
149;166
-180;-182
170;-163
189;-164
-189;156
197;-169
173;180
197;-147
163;180
173;164
181;185
-164;172
222;-187
165;-177
185;-147
194;-149
166;183
176;213
-203;-204
-204;-162
-176;-168
-149;225
168;-167
-165;-197
-192;189
137;-161
-169;174
-154;-166
-161;176
161;178
-177;135
-198;126
-153;193
208;180
-185;-176
173;-185
-152;153
-188;163
150;180
-211;149
228;-172
-174;-171
-174;142
-117;-172
-186;-167
194;149
190;205
209;201
175;155
-171;-220
-156;-204
161;-198
181;172
-176;-167
143;207
-151;202
-182;-197
-188;-172
-166;178
-181;186
-154;178
190;-151
-166;-166
-185;184
-153;-153
151;158
125;217
-206;167
-201;177
-198;115
-168;-187
144;206
-172;-196
-156;-207
150;155
-139;-212
-197;149
140;188
156;-183
-179;156
-191;-207
163;-196
-187;198
165;-175
-217;-158
-182;153
193;-164
177;199
207;-212
-182;-177
-213;-161
-203;169
-198;-172
-147;-228
156;167
-185;-167
169;198
-162;-142
-191;-177
-149;134
151;-189
126;-177
159;-173
209;191
204;-157
130;166
-159;150
195;176
188;204
176;184
-167;-176
191;-164
136;-225
-181;164
158;168
149;188
-164;-175
-158;140
-166;-187
-188;186
-181;-186
-124;-190
-140;182
180;-165
178;-195
177;214
-191;-178
-162;-173
170;173
-185;-196
186;-178
202;-161
191;-180
198;-177
183;-122
206;-237
-195;-193
-207;136
-125;178
180;-171
-198;188
-221;-154
222;205
178;212
155;-191
-188;-176
184;-158
-169;173
182;142
159;-186
-175;-197
-157;175
170;187
-169;-170
-165;-135
-202;-196
154;175
-142;-172
-176;-157
-170;166
154;169
163;-150
-180;-181
-182;-161
161;147
188;149
-135;205
-180;-192
-193;180
144;178
-193;184
-181;176
155;-191
169;176
183;169
-162;177
-153;168
-132;-200
-180;171
-166;182
181;-174
191;166
180;181
182;-168
-173;-172
-186;-180
-174;-152
-172;144
-207;-182
144;209
180;229
194;-155
-200;152
149;186
168;204
228;-188
213;-152
-165;182
222;-205
-183;199
172;192
-194;-179
195;175
-222;-213
218;175
-178;-206
-223;-148
168;-151
180;-166
217;-224
203;-220
-165;183
162;197
160;181
-179;207
-173;-177
182;174
182;167
-189;-143
185;-181
-205;-197
-192;-179
163;-178
186;224
183;-194
171;-247
-177;177
166;196
175;150
-137;212
184;187
200;171
209;-186
-181;-209
184;141
-192;201
-200;175
-192;197
197;-228
163;150
196;166
171;-203
163;176
190;-218
-201;161
-233;-200
208;-202
-170;-153
195;171
168;207
-183;206
-193;-196
185;-206
-194;166
-195;192
200;-197
244;-189
177;179
211;187
182;172
-155;204
215;-220
-199;-195
-149;171
-171;131
-166;-192
-193;-195
-177;196
-171;152
159;-177
-170;177
-188;180
-166;-189
-170;166
-177;165
209;-181
-129;190
181;145
-168;165
182;187
169;171
156;-162
-166;-171
198;219
-212;-214
-218;-149
180;-167
-186;-215
-172;-189
-183;214
172;203
-174;-174
-182;223
174;181
-187;-182
-193;-212
-160;185
153;-200
-175;195
187;-199
-212;219
188;210
203;159
183;175
-205;-198
-211;-167
202;196
-171;-199
-194;193
-236;-208
-174;-177
-190;172
193;-169
193;-181
185;-185
161;-191
-182;201
206;-198
163;199
232;-175
-219;178
162;222
206;-142
-208;184
163;-187
-159;165
-156;-162
-188;178
151;-166
-164;-180
202;172
162;-186
184;160
174;-167
-190;199
-155;184
-205;198
130;-166
-148;-177
-171;130
-184;-214
-198;182
189;-188
184;-192
-178;-181
-223;-166
-130;196
189;-180
168;135
175;184
-216;-168
169;-182
-167;171
-158;-190
-178;-196
-217;-156
-164;-211
-211;-172
194;-176
166;194
-191;-221
-201;-177
205;194
183;143
165;188
173;152
-157;186
-199;173
-199;166
185;181
199;-178
-190;181
-194;194
-207;194
182;-195
-222;215
164;-222
201;-158
220;-206
-178;-188
186;161
166;187
184;198
191;-139
-190;146
-197;-178
-183;173
182;-194
-136;185
153;-236
162;209
193;-189
-167;-149
-150;-171
-186;213
-178;-153
189;-216
-191;-186
205;-172
-165;-194
-195;193
-163;166
-157;-210
149;-206
-174;197
192;195
184;-187
-170;-164
230;174
162;-224
-176;-185
161;-209
239;170
187;186
-176;193
136;-185
-149;161
214;201
-189;-208
-191;-216
176;-210
-192;-173
209;181
-153;210
178;-177
223;-179
193;176
180;-174
141;-195
181;-188
194;183
182;-190
164;204
172;-173
-168;-176
-187;170
192;-178
-209;-178
-161;-206
229;-130
-205;194
-190;-192
-173;-186
189;195
-186;-162
184;-182
167;175
-195;190
183;153
124;-202
196;179
190;186
-188;-176
163;157
-161;161
-177;157
236;194
162;-175
-190;180
-180;-164
-170;178
-210;196
-161;201
206;174
-147;-197
186;177
154;-176
195;197
170;159
149;176
-183;178
163;-213
-156;183
163;-197
136;-179
-200;-189
215;162
-152;201
152;-193
-217;188
-129;194
137;-176
226;173
167;-196
177;-196
123;149
-203;199
-156;197
-186;-172
-164;181
195;-199
-179;-123
199;203
162;-195
-203;131
198;-193
173;199
194;151
170;-188
220;167
-173;-170
-159;-184
-198;-179
169;184
-217;-117
-174;180
-172;-146
-200;-153
-148;-173
-164;155
141;-184
-147;136
-176;147
-210;-156
163;191
-187;168
190;114
-173;-194
-158;168
-159;-202
-163;-165
185;122
-153;164
157;189
-153;169
-206;-185
-168;181
191;-189
-145;-175
-157;-148
160;-174
169;185
-190;-181
142;195
-186;-195
196;165
-163;178
-155;184
179;-173
156;-185
-205;191
192;-190
-159;208
-177;-201
-152;161
161;181
175;-178
140;-194
-180;-148
155;170
-185;155
183;151
157;182
-161;197
177;150
127;-175
198;-159
159;162
-189;-136
188;164
-184;187
164;-176
-147;188
158;-189
-189;-174
182;182
167;133
-148;201
140;163
178;-186
152;-162
210;142
190;175
-204;-169
177;-176
-146;-189
-181;-145
176;173
183;-198
-192;-223
187;-178
193;148
-163;195
-181;129
-204;176
-172;190
-151;-150
-181;189
-153;-193
-163;136
-169;-173
189;-180
-185;-149
151;-163
-161;168
-138;158
-211;-163
204;-229
176;185
160;213
-161;-180
151;-219
205;-229
-180;-144
-161;-176
148;-167
-171;-153
198;169
162;-185
-188;-166
-156;182
184;133
146;167
216;151
-155;185
203;177
167;217
-192;-178
-178;217
-169;-209
189;-183
209;-176
-188;-175
-188;173
191;201
168;197
-191;148
113;-189
160;-155
175;-165
179;192
-194;-194
203;183
-193;152
-181;172
-197;205
168;-165
-232;164
199;170
170;-170
195;197
186;215
-199;-189
-214;-246
-184;-202
206;192
212;216
170;-173
189;-202
195;173
-210;189
-202;202
193;189
-184;-199
174;-183
209;-208
-166;185
-169;159
-207;-159
141;198
165;166
188;-182
-169;-192
205;-188
175;158
202;-183
186;-172
153;182
180;-175
173;204
-201;-161
195;-185
-202;179
-154;216
-201;170
181;171
207;-177
183;156
164;-172
-209;170
189;163
-189;175
-179;167
149;216
-169;180
193;185
-152;220
167;-176
-179;203
196;-219
170;204
-163;-200
185;-155
188;-181
-205;202
227;-165
158;158
163;-183
195;249
222;225
204;199
-228;168
198;-195
196;-174
177;-126
180;-177
148;219
164;210
-232;-176
-218;-199
-207;-153
-206;203
174;-185
-170;-196
-232;201
224;-179
-217;211
-180;-194
-180;162
165;206
-157;153
-200;151
-164;136
144;173
-202;-194
196;-171
-160;139
-189;196
171;178
-150;147
187;-178
-136;-190
-158;184
-188;-188
-175;-181
178;178
187;199
168;179
174;194
-150;-212
-181;-176
146;-176
130;212
-190;-207
180;193
-182;147
-180;-140
-216;-205
-207;181
-184;207
-203;183
210;-179
-182;-144
-195;173
-150;-197
158;201
142;179
-151;148
-171;200
-203;176
-212;-196
151;194
-172;-192
-190;-185
172;198
-182;-209
-209;168
136;237
211;-164
-230;220
-198;-169
198;-171
-182;205
236;-165
-165;-180
-183;200
151;-135
230;193
180;-151
-184;-189
-178;-201
-222;176
-148;-177
-141;-170
149;135
-168;-165
144;186
-132;-183
-161;-191
-181;158
137;-208
142;-169
181;-170
167;193
140;-195
185;176
-182;179
221;154
197;169
166;157
-190;-181
196;-177
169;-201
-142;182
200;138
193;167
-232;-215
-185;181
-211;-178
-170;166
-186;-202
-159;-221
-160;212
182;-192
177;-213
180;188
-182;-205
-162;-218
191;166
-187;-204
185;-166
216;-209
181;-204
215;-201
248;-154
204;-199
-210;-168
-226;179
-198;200
226;-179
-178;208
-197;-211
195;195
189;242
185;-177
-160;-215
196;-202
-184;185
199;169
153;-190
-159;-166
-175;151
181;163
-146;-186
-167;-187
-194;-177
168;171
-171;-171
-185;-148
-184;161
140;172
195;-154
-174;-189
-151;-180
160;199
185;174
-162;164
-180;-143
-188;164
163;174
-171;190
-140;191
205;-191
185;186
197;213
-195;179
-165;191
-170;-171
-169;190
-157;209
202;-158
214;185
162;193
212;-169
-199;-129
-177;-163
-188;-215
-241;166
-203;-186
192;236
214;228
185;-184
-192;196
178;231
159;162
186;-174
221;-179
-227;171
185;-174
-174;152
142;163
-167;-172
175;188
-181;-169
131;201
-179;-200
-203;-144
164;-167
183;-138
180;-148
188;-157
-161;160
175;210
139;195
-156;161
-190;-159
154;169
161;177
-201;-136
187;-212
-198;-166
-187;-152
196;-169
172;174
171;-170
168;-158
-191;166
159;181
171;141
-150;167
177;208
154;159
170;-187
-199;-167
166;165
-194;170
-180;174
-179;133
178;-169
167;155
163;171
186;-155
154;156
159;-172
-171;187
-154;-165
148;-192
-171;-209
153;174
165;175
-149;146
-171;-168
184;-126
-164;180
-140;181
194;-138
179;-185
163;167
177;170
176;173
-162;180
174;-163
-217;-178
-178;178
-140;178
-184;-136
-172;-151
-172;134
-185;172
200;-156
-162;182
-165;180
-177;-232
-172;177
-179;176
176;-179
-169;197
157;183
-193;181
168;151
173;175
198;-170
-179;-202
163;230
-170;-170
-150;-177
164;-155
-166;-209
-187;-161
-185;169
191;171
-193;-188
-183;168
185;188
-175;-187
-183;-147
-154;169
133;-179
-163;124
199;-190
-155;145
179;206
168;156
164;173
-156;-137
-170;-143
195;146
-192;-140
-170;147
-145;-172
-150;-197
-137;181
174;-139
146;-172
133;-144
183;-160
-178;122
194;-134
133;177
208;-178
-161;187
174;161
179;-166
-152;188
193;-199
-173;183
-156;-181
-160;213
152;-200
-228;-203
208;179
164;-176
149;149
193;-204
-158;191
-195;162
-215;196
164;-157
-182;-190
-189;159
-187;-198
-183;174
193;-155
217;-150
-184;-186
-147;-198
-164;150
185;-155
189;150
185;204
-137;-191
184;-202
-159;222
-149;-230
-144;-147
-168;-194
-177;-208
-152;-218
154;-201
144;156
-167;-159
-139;-160
183;167
170;186
150;166
206;183
-134;144
-171;161
-174;148
147;209
165;-157
-161;217
-153;156
-185;149
222;-156
-175;183
146;-189
172;-167
160;-121
-129;-184
165;180
176;149
184;167
166;-171
-205;186
-199;-192
-173;116
172;-154
-178;172
167;-201
182;167
181;-178
-223;-159
-193;-169
-167;181
-153;-155
231;-181
-174;-205
187;-191
-194;-197
-172;162
-159;162
-157;-214
208;-198
-203;147
199;215
167;-149
-168;-186
141;159
191;-186
-197;-193
165;-160
195;188
193;179
-201;153
199;-188
-179;167
154;196
-176;-207
-176;-155
189;-175
-119;-178
157;167
-167;183
185;-187
145;-201
133;169
168;-130
155;-195
137;-165
168;152
176;-173
163;182
199;-138
-159;-186
-152;146
165;-174
-150;-164
-180;-184
163;-186
-161;166
-179;-197
-148;-197
171;169
-183;-161
145;-171
185;145
-182;168
189;150
159;-206
199;145
206;133
-176;-163
158;158
-198;171
-168;181
159;171
182;-144
-207;159
-187;-150
-140;150
-189;182
-196;154
152;175
-132;-203
134;195
202;-189
132;198
195;193
192;163
-210;164
180;-166
-188;197
151;-169
132;-152
-196;-149
161;148
-194;189
196;-177
-205;188
-205;216
202;-208
196;177
201;-232
162;-154
178;174
-180;218
-192;176
-151;-155
-160;179
128;-190
-204;-176
168;146
209;-188
-109;185
175;-162
180;154
176;177
187;-192
175;187
-191;-194
-177;-160
-195;-161
164;209
-229;-191
-187;197
-173;-151
-187;-200
-200;-160
-160;196
206;-234
-139;198
-187;181
-149;-208
187;174
-145;156
179;179
-163;-174
-195;192
-203;-190
-145;-198
174;246
-170;174
149;218
-216;175
-208;-185
-179;193
199;-154
-184;-230
-166;-225
208;-192
202;201
-187;-185
149;208
-203;-174
188;188
-143;170
-181;219
168;-178
160;-161
-177;135
178;-195
-198;144
-200;-171
-202;180
179;182
183;-168
170;-164
-166;-160
148;187
-186;188
227;128
142;172
-182;151
180;126
176;-188
167;-163
146;182
-190;-186
168;178
-167;178
178;-190
-145;171
181;-234
-162;-174
176;182
180;187
-215;177
198;148
228;-168
154;-162
183;162
170;166
-178;-147
182;-151
-169;-194
-190;-143
194;197
188;-139
-173;-236
182;-189
163;146
-232;185
-192;177
-230;156
-203;176
-206;-200
-164;174
-166;-217
-161;133
-163;-175
177;-212
-188;-219
202;-189
-120;156
-172;162
-149;-203
132;-175
163;131
187;163
-132;-169
146;-175
162;-210
-233;-182
-165;-157
186;-162
-203;-206
182;173
153;-173
-144;-175
-168;173
209;159
166;165
149;156
-147;187
167;133
140;149
-161;-143
-185;165
-163;-180
198;-186
166;-167
-217;-167
-209;155
181;190
211;187
-160;202
162;-188
210;-193
186;-180
177;188
-187;-142
143;175
-205;220
-202;160
-176;200
213;-229
-161;148
177;190
168;-184
180;180
155;189
-169;-171
-188;-190
-244;-173
211;186
193;210
187;-212
179;-168
148;191
-179;194
-142;156
203;206
-203;-187
197;-219
183;-190
-174;187
-202;199
-151;-187
161;218
199;218
199;-216
-178;-193
150;-158
202;171
202;-196
188;-188
194;164
193;-156
178;180
-197;-144
151;-209
-165;223
-179;161
-199;191
172;180
167;-187
174;204
195;-164
-160;148
176;176
-202;179
-184;203
149;148
-167;133
162;206
-187;196
183;-181
-198;158
175;-178
159;180
-177;-163
164;-182
142;-198
-164;195
195;-198
178;186
214;-205
162;176
211;196
193;182
-165;186
149;-236
153;-254
199;-197
163;-220
245;183
216;193
-147;-190
-174;-176
-214;-143
-223;157
177;-169
-168;-154
-186;192
168;-202
-210;173
-147;-186
-224;160
161;178
-190;209
-187;195
-205;219
180;178
-199;-203
187;-182
-202;219
-200;176
162;178
-211;201
199;-178
-174;-135
-168;191
-180;-178
-203;-191
169;162
160;184
218;180
156;198
-180;-174
-159;-179
187;-135
197;153
-141;-195
202;201
-174;178
-151;-182
-162;-143
-220;161
-163;147
-180;134
146;-170
-190;-181
-167;165
-152;-196
219;178
185;193
-191;247
-181;208
-195;120
-212;-184
204;177
-164;-159
-207;-184
205;181
-223;-210
-152;186
263;173
208;-185
-191;213
-149;-169
188;-186
-185;139
186;-153
-211;-208
-203;203
169;-165
197;213
199;-184
-205;-209
-190;-192
-202;209
-163;-195
-156;-216
209;176
-206;-166
196;142
-174;-195
-220;-185
-172;185
197;-187
172;-177
180;-201
223;178
145;-182
225;198
-186;173
192;197
168;167
174;213
-169;-189
171;-173
165;-174
-178;194
156;216
185;156
-157;-135
-154;164
-143;-166
-155;165
-185;-205
-195;-183
-168;208
185;-209
173;-183
196;196
-202;-219
-179;-175
202;194
-170;-197
195;-213
168;-262
149;-168
206;-236
190;-193
164;-255
-251;-177
-167;226
-192;215
186;-179
-207;161
-197;-163
194;173
146;185
143;-188
-165;-175
183;-184
-167;166
191;199
202;-126
-191;-200
-202;216
190;134
-174;-198
-181;-146
-173;-163
205;244
-196;-200
-231;-205
-200;189
190;191
185;-170
-173;-187
-193;-171
192;180
165;199
-140;186
-137;-226
-151;201
148;138
-174;192
-175;171
187;-159
136;190
138;175
-205;221
-178;148
-199;-193
-154;220
-171;196
185;-189
161;153
181;158
188;-172
-190;-176
-209;-201
-194;-179
-208;194
-180;-187
217;167
224;129
177;-235
-238;207
197;156
208;234
181;-238
150;-261
-217;214
185;-178
-164;183
185;202
-163;-175
169;179
-172;-180
174;172
-183;-210
-194;-189
175;-158
161;-158
137;-192
177;-167
-132;134
198;169
198;158
-155;201
-185;-131
172;194
175;215
-165;-201
174;-189
-162;-169
-210;-201
154;-204
165;163
165;-190
136;-218
-141;207
164;159
181;154
-208;192
193;198
194;202
162;-182
-206;-183
185;156
-202;189
-179;189
-202;194
197;-198
144;171
172;169
194;-132
176;141
144;-230
-153;170
-183;-206
149;-139
-168;-166
188;207
169;177
-152;146
-168;-181
178;-176
-163;151
-157;172
149;-187
139;-145
174;164
172;175
148;187
-161;188
222;-208
-215;-170
-144;182
-171;158
-201;-182
-141;-154
-161;209
-210;182
159;-200
-186;184
-171;181
-190;-182
-215;171
-185;168
166;-203
-128;181
163;173
-161;198
194;155
152;181
192;-175
-214;-168
151;152
-206;-155
-159;-165
151;-179
-166;-139
-192;-214
-192;183
165;177
-160;-146
-177;162
134;203
-179;-141
-202;-185
-202;229
204;-142
-151;137
191;-182
-165;160
152;188
183;178
176;180
-212;-183
-164;-176
206;131
-203;-210
-196;163
-203;-165
-175;-137
-158;173
194;-204
177;-175
162;-162
197;-177
-168;153
147;-180
174;156
150;-192
-170;135
142;201
166;-215
-165;183
179;-175
-153;175
-165;-186
-173;206
231;-196
-183;-206
185;168
197;-172
228;163
211;-154
-227;158
-157;231
-151;191
162;-170
-160;-196
-150;176
-197;-173
-157;206
169;-196
121;-161
-179;-157
-187;-143
-183;181
164;-160
183;178
177;184
-163;-154
192;-159
-198;185
-177;-180
-125;-169
-187;-169
-204;-172
-171;-197
184;-196
160;160
-189;-142
-155;-158
183;196
134;154
179;184
166;153
-140;197
-193;176
-162;165
180;146
131;-196
-184;154
-139;143
-155;190
152;-153
-173;153
150;-145
121;-198
178;-159
-155;-211
190;193
175;176
151;190
179;-171
-160;195
-181;-157
-166;203
205;-185
-177;196
174;-155
206;196
189;-215
-193;-165
-203;-173
-170;188
-186;-166
158;-206
-210;-172
119;-195
-186;-164
-143;145
-165;165
-197;-147
194;-206
-151;215
199;175
163;-170
-155;-135
181;183
188;-215
-164;-202
209;-179
153;163
189;202
-162;171
206;-226
-164;228
185;187
-199;-147
-175;-146
164;-156
-213;-196
214;177
-157;189
148;-188
176;-198
205;159
180;-197
155;-187
162;-211
165;186
181;-154
165;174
163;-180
-180;-182
-189;196
143;-191
-183;-168
-240;-163
174;-238
-217;217
-162;-182
-183;-159
203;210
-165;-224
194;-142
184;182
-204;174
193;174
167;-196
184;163
193;201
-178;-187
225;208
-131;199
-129;162
216;165
114;-196
-175;200
-231;-175
-192;203
-123;175
-154;204
206;189
-186;-147
191;173
152;-164
163;124
183;169
227;205
-191;191
207;-158
-212;194
218;-146
177;-176
-183;-215
195;198
-178;205
237;-176
-243;189
-186;157
232;-180
201;162
201;-191
149;-209
200;199
-163;170
-189;156
-198;-168
-174;208
217;-186
-138;-162
164;178
174;-200
-143;193
203;-197
159;192
146;212
162;-235
187;156
-222;-149
-208;-128
-180;-206
221;206
-168;-172
-233;213
-191;-153
-179;-230
-183;-198
-204;170
196;-166
-163;121
-213;170
-140;-181
183;218
-202;153
181;207
-150;-170
-198;162
-179;-180
-156;-158
185;190
-195;182
167;164
-202;177
-174;-210
-194;210
172;-161
-221;-178
-190;-208
215;-199
176;150
-209;-143
157;160
-146;-183
176;187
-201;210
-145;177
129;-142
186;-208
-160;162
171;-208
-175;194
-184;-202
-181;170
154;188
155;-226
146;-191
-168;-200
197;187
-192;202
168;144
175;186
-170;152
183;159
185;-198
198;-202
192;177
-174;-177
176;144
-193;210
210;-170
-179;162
185;-230
-194;-208
233;196
219;190
-220;198
162;203
192;-152
191;-197
168;164
197;203
-144;-199
164;-150
-195;-153
-191;-174
186;215
186;-181
-168;-158
204;-189
176;195
-210;162
-211;179
-192;144
-206;175
-196;-144
-154;214
-178;-143
-210;191
-155;-175
163;-167
-171;-194
172;-206
-211;164
-150;182
-155;-180
202;-200
197;201
204;209
-234;-184
155;-176
183;-210
-184;-193
-201;-153
147;-153
-211;-156
168;194
207;-183
-208;-184
-185;188
176;205
194;153
169;185
-213;182
188;152
184;146
-179;-138
-190;206
-217;-176
189;-181
169;-182
-148;-195
-199;189
167;173
158;185
-155;200
193;-150
202;-195
158;-194
167;185
-184;-168
127;194
-183;176
-156;183
-165;166
159;-181
-209;176
170;204
196;-157
184;192
157;191
-152;-182
-177;-143
-193;-188
190;132
174;170
194;-157
176;-165
170;148
-175;165
-190;189
143;205
-163;-167
176;-163
156;-119
-195;159
-184;180
-190;-183
161;157
172;208
218;-176
-146;-182
181;-161
153;180
158;-200
188;-171
178;203
184;-165
182;201
-161;-148
177;-145
-140;194
-193;174
-184;177
190;179
192;-162
166;178
182;-186
-196;196
156;194
-217;159
-199;178
173;139
-194;179
189;195
-224;165
189;-194
-182;134
186;-198
197;146
-185;-171
154;-183
205;-191
-202;186
202;-214
179;192
181;-155
153;116
182;169
153;174
-195;194
158;-172
196;-189
182;-173
205;-156
171;186
144;219
-174;-172
-169;-186
-215;-200
-175;185
188;-140
-154;-170
-211;152
182;-163
-215;156
-134;-169
-181;188
161;193
-188;182
-176;159
-204;170
141;182
-144;-173
187;-213
-156;207
-205;164
184;171
-175;158
164;-145
-154;-175
-162;211
-189;-181
-152;-165
172;167
185;159
177;211
187;189
-153;-199
-201;-194
175;-148
196;207
-167;-175
188;180
-176;198
-192;-207
-185;-192
-236;194
-221;180
-201;178
179;-243
-172;-196
-154;160
-174;-182
187;161
168;152
-163;172
-133;167
-165;157
-158;-187
159;190
-163;-164
-160;-196
149;167
-195;-197
-170;140
179;203
211;-184
-167;168
-200;-146
177;-201
-173;165
200;-166
-177;-184
-180;181
171;-167
151;220
197;-160
-189;-189
-154;-182
-176;121
-105;-199
-184;-150
170;189
-182;-173
165;157
-235;-168
-128;-182
-210;190
180;-169
170;-171
181;-153
160;157
172;-169
168;184
-182;224
181;195
159;187
165;190
-158;-169
212;-169
194;-157
-163;162
150;158
162;214
-186;-185
-186;199
-219;-177
-168;189
-184;-188
-170;-203
-175;179
196;-169
158;-222
191;178
-192;-183
-150;-189
211;152
-157;-159
193;-150
207;-173
173;-169
166;-186
183;-183
190;-196
-173;-179
-199;176
-207;176
167;-199
-135;145
-161;-177
161;202
185;186
182;-202
-175;-160
183;-168
-177;126
151;189
160;-203
-143;-170
-184;164
201;186
-174;-165
-163;-151
-196;-152
185;202
-159;-180
-187;-185
-167;127
167;185
175;-186
-176;-217
-143;-198
193;136
166;178
-197;128
-178;-191
-185;205
191;199
-155;186
-177;173
185;-154
168;164
158;182
-172;185
-224;220
-175;-201
-178;173
-171;181
195;-198
158;195
184;184
124;-202
-173;-154
-220;-172
-156;-177
-181;179
-166;-148
229;195
194;152
194;-184
-149;195
190;200
170;183
170;-211
200;-207
-193;199
199;-180
-162;176
172;179
-174;-194
174;199
-203;-207
211;188
-207;-179
-206;-183
142;-212
153;-183
204;-171
168;-193
-162;218
159;189
163;217
-146;148
-151;-167
199;172
153;170
-211;-163
141;-171
-186;-153
-165;-177
131;-174
192;167
177;-201
176;-165
-207;187
181;137
161;187
-161;174
195;164
178;141
161;-163
-191;-187
183;167
-187;196
-201;196
-164;220
154;-197
204;182
195;166
179;-149
200;136
186;-171
-180;134
-172;-174
210;-191
-199;-173
170;177
176;146
-178;193
-198;-179
176;-191
-204;216
-211;179
161;-165
176;-175
177;192
171;186
176;199
-161;190
201;-179
-190;-169
-188;189
-213;200
-226;-191
-199;-182
-186;169
-188;196
129;-171
-184;206
-174;189
-219;-172
-168;183
-180;233
216;-216
-178;151
185;196
-170;190
202;155
162;194
154;-189
-198;-188
172;191
-219;-194
-202;-197
189;-185
-144;-172
-173;-178
-148;182
161;179
-179;-187
-199;177
203;195
-192;-169
-187;-155
-153;210
153;-185
-189;177
173;-207
-159;199
189;190
173;186
175;150
-202;-159
-202;-199
207;169
-198;-131
-180;230
-182;-152
-176;-228
-183;165
145;-199
198;-167
237;-179
226;-175
-183;197
178;-199
166;170
221;-175
-166;197
168;207
149;-185
-181;142
187;-165
-183;191
-241;-166
-165;168
187;-231
-178;-172
165;151
155;-184
174;175
168;-208
-175;184
-147;152
-170;147
197;-198
-181;-195
-158;233
-161;-146
-184;176
205;-190
184;-184
-193;-195
-171;-156
-164;162
155;-168
184;165
166;200
-199;-156
154;-162
-170;158
-190;-169
-200;-147
-161;-183
-183;-212
-180;-192
209;-194
193;146
-180;-176
-193;-223
148;190
175;191
193;218
186;179
-161;189
-197;219
-201;173
137;161
172;-198
-146;211
-182;169
-159;158
167;-158
-179;236
181;-144
230;-204
195;-202
-195;-198
179;204
168;182
212;187
152;-155
-186;163
-172;-176
-194;136
148;-156
-212;203
164;-181
154;187
167;-170
-223;-156
-169;-150
-172;212
-211;-181
166;-166
-172;-170
158;-170
-186;-146
-217;207
-182;174
-189;-124
157;-130
-167;207
149;172
186;-188
-173;-173
191;133
153;-211
-195;-181
189;-189
180;215
189;149
-168;218
152;-168
-130;155
176;151
-193;-193
-206;-191
190;-203
-204;-188
191;191
-172;222
178;-180
221;-159
180;174
177;-200
194;-182
183;-198
179;162
207;-200
152;191
227;-227
-196;-191
-195;199
203;-179
-219;-182
-212;-210
187;-199
-147;154
-166;-169
-181;-183
173;170
-192;-168
178;-191
215;155
-178;213
197;184
235;-193
193;183
153;172
-170;-179
177;159
-170;136
-178;187
198;180
212;-191
-188;212
-188;-153
-139;193
-166;156
-206;180
203;179
-203;-178
173;183
172;-156
188;149
155;207
164;185
-196;190
139;-177
-150;210
168;-162
194;-161
-173;-174
184;142
-186;155
179;-181
-182;165
-180;188
212;-142
203;207
166;-146
201;-170
180;224
-174;178
-198;164
-197;-166
-150;225
199;-195
-202;-192
186;173
153;-198
-165;228
161;-146
195;196
179;173
182;-187
188;165
-150;-181
-164;-161
-170;-162
178;132
-167;-177
-154;164
-163;-168
-206;-167
-184;-140
-199;164
141;-158
-209;177
-169;180
-175;-172
183;196
-151;149
170;208
-170;-210
-177;134
-187;-160
-201;-173
191;197
-209;132
171;200
-163;170
-152;-197
-200;160
185;-175
-157;-209
-201;-211
194;-171
155;144
-180;-213
162;202
-177;-191
158;187
-200;145
-215;193
156;-174
212;-193
-157;150
177;-189
-181;175
-197;-220
-212;145
170;148
189;-184
198;-175
-201;-177
201;164
-154;170
186;183
179;144
-172;185
153;166
190;-176
170;-185
182;178
-196;-186
196;160
-173;193
146;-172
-150;203
186;-205
-177;-195
177;190
154;130
-165;196
158;194
143;-167
156;-169
175;191
181;186
-184;-195
176;-143
-218;-188
-194;-186
164;192
208;-157
-200;-168
174;-160
186;181
-193;171
-209;180
-228;162
-196;196
-168;-196
-210;155
-192;-196
-168;166
-157;-183
202;-175
-207;-212
163;-206
-207;195
-171;197
-171;-196
183;-187
169;184
187;177
-168;-214
180;-201
201;-189
-176;-180
-207;-194
195;-136
-162;-172
169;161
222;-162
-177;-192
-166;177
183;182
189;169
179;181
-150;180
169;192
190;164
-194;-157
-206;-164
-180;199
208;187
-212;-183
-204;-214
-176;-181
156;-187
-171;179
-190;-169
-189;-175
171;-182
216;-211
187;154
-218;169
-215;-177
162;170
187;-187
-151;221
191;181
184;-198
129;188
175;-200
-171;190
-208;168
166;-168
174;-165
169;-186
-147;193
206;-200
169;-175
-190;205
-226;221
-120;221
-208;-206
183;187
166;-171
169;-198
171;-184
208;151
185;-190
181;177
-206;-191
150;-210
-207;-182
-219;-187
150;189
202;175
166;-182
161;183
186;-221
167;-214
215;158
-184;-194
205;-197
147;-174
165;185
196;-209
-190;195
-246;-200
-231;-180
190;-158
-147;-216
176;-157
-181;181
-213;-214
171;197
-204;180
176;178
-214;-211
170;-201
-229;194
161;188
169;-185
-216;176
215;196
168;164
-141;-168
156;-172
170;-213
173;186
214;171
169;161
143;172
-142;-182
156;-195
199;176
180;-188
167;169
184;-165
197;177
-184;-194
-202;215
-177;-160
-205;-205
174;-191
-196;-187
-155;-172
158;-191
-191;-171
-203;157
-139;166
-197;-177
168;149
-179;190
202;134
172;-220
-216;-202
213;-203
-172;163
211;-216
-161;166
-173;-212
-227;-158
-174;188
173;-228
-141;-217
213;-177
-192;235
-193;176
-140;-157
158;-156
180;-204
199;-215
-151;-168
196;177
-182;165
-213;162
-192;-135
-224;204
-191;-179
198;-158
-179;135
161;185
181;-182
-188;-193
201;180
177;162
217;-180
-164;182
196;-169
-200;157
-183;-147
175;160
-158;159
-191;-179
-210;-166
176;-177
194;164
160;-145
-173;164
-185;195
218;182
-179;195
187;185
183;-210
-155;182
128;-181
-157;187
164;-221
-174;173
228;176
-165;-164
-195;-133
-167;221
-184;190
160;-178
-205;-163
-187;179
187;-161
-219;-143
173;200
161;-241
184;197
182;193
-212;-223
-183;208
-208;-219
181;174
-209;182
-240;188
-185;-172
-223;-184
-163;-203
187;176
-147;-145
173;-196
174;-208
162;-196
238;-188
191;-187
-186;165
-184;-194
216;-217
-182;186
194;171
-147;-171
178;162
184;-165
143;199
187;207
165;161
149;-235
133;212
184;176
-193;173
-160;-173
155;-171
-191;-201
161;-195
149;-168
184;166
160;159
-173;192
-204;-174
219;226
-196;-183
216;-204
-206;226
-168;140
-203;-174
-128;241
-138;215
-171;168
-202;173
166;-199
194;152
-179;-152
-208;-164
185;192
-185;184
165;190
177;-198
-159;-196
-168;208
196;207
-219;163
-149;-195
-220;155
-184;205
220;-178
199;172
195;162
180;-174
-234;-206
-191;164
-201;193
168;197
183;166
137;-177
-164;202
-200;154
-132;-162
202;-205
-191;165
-189;174
-172;-189
-184;-156
-180;162
168;221
138;-202
145;150
157;-162
-194;176
-181;-189
-137;-178
164;-219
-191;-168
119;165
-148;157
-200;188
193;196
-256;-200
-219;181
193;-154
-218;190
173;184
-196;184
181;-202
-130;-186
139;185
166;-168
207;-172
159;197
-192;-179
-187;189
-186;-198
-199;-165
-224;151
161;-138
158;-172
170;-169
204;-172
182;168
-184;-220
196;-215
148;-170
179;205
189;136
196;-160
-177;-170
200;-164
180;173
-189;163
211;-212
-188;193
-173;195
142;183
177;198
153;201
167;226
-187;-190
-216;-197
-166;-197
168;201
184;212
183;-169
-166;179
-173;143
168;176
-212;-217
160;-195
-180;161
-173;163
-191;-200
-176;-206
164;203
-194;170
186;210
-187;158
-201;-154
-169;175
206;-150
-192;124
-178;152
-212;199
210;-163
-160;191
-162;-189
165;206
-187;207
221;184
-177;147
241;-187
-190;-194
-231;170
172;-215
184;-171
200;-122
206;-205
-168;-210
194;158
170;-204
-190;-200
-188;-140
162;-168
-179;162
157;-159
-182;174
-183;175
220;-161
-189;-201
170;-158
-184;159
175;-234
-157;-166
157;198
178;208
165;186
-190;-140
-183;-191
-196;205
182;198
169;-156
113;-167
-177;-182
-161;161
-161;-208
177;188
181;-160
193;182
-198;-201
-189;-169
201;179
182;212
-190;149
-203;195
-194;-197
197;-146
-145;-177
218;-161
-191;178
-197;-197
186;-174
-207;-179
-131;-187
-155;-233
196;183
184;-193
-199;-196
-195;201
-173;-182
214;-207
-215;-222
225;-158
-205;-190
-207;-195
209;193
204;185
208;-170
-185;196
206;-197
-172;178
210;-170
169;-186
179;-198
216;-178
-187;-184
-166;-185
191;225
-190;-187
-212;-178
-152;166
179;-151
204;-199
-190;-204
200;194
-163;-193
192;-167
-189;-142
-209;-208
164;176
-173;-211
200;198
-176;-184
-194;198
178;-173
-183;-147
-195;162
-165;200
160;-183
210;-178
-175;179
-193;-180
-194;180
-203;140
-168;-158
-190;189
213;-160
203;-201
-216;-176
171;-153
-207;189
174;159
-194;-208
180;192
180;-161
178;157
202;191
-207;187
155;209
202;-221
224;-151
171;205
164;-181
-179;-206
145;183
-242;-198
-190;-202
197;234
170;195
-186;167
-208;238
-197;195
192;-223
-179;176
-181;146
-175;-176
-194;-215
177;-183
149;187
212;192
178;-187
148;189
163;-195
-232;-207
194;225
-150;-210
143;-190
181;161
-175;-228
-211;203
-185;161
-203;-160
173;190
-189;191
-155;173
174;225
-206;-147
-212;189
188;-194
-167;215
-186;181
-183;-184
209;-161
196;-173
-194;183
166;-212
117;163
169;194
-179;161
-150;-190
-186;-215
167;-173
199;-183
159;-170
-194;148
-178;-182
-155;183
186;-165
-171;-198
-176;-195
-199;173
-179;199
-190;-186
-216;160
-152;-184
-211;189
-201;-160
191;-163
193;189
-190;-175
-172;-181
185;183
176;182
167;-171
178;-175
159;208
167;183
211;-178
-197;132
170;-170
-192;164
-227;-186
166;200
-169;-196
-194;149
-149;-192
182;-172
-155;-160
199;148
184;-165
-195;150
-207;-184
185;-171
212;170
149;150
201;143
156;-225
173;-178
188;-178
-181;-167
156;-242
-217;191
188;169
170;-155
166;199
204;154
-185;-171
164;214
-182;200
-202;171
156;-197
138;-195
163;-176
207;194
156;200
-167;-176
146;195
-206;187
-172;-196
-175;-166
191;176
-179;212
-185;-183
-141;197
-191;172
148;-180
-164;196
-199;206
171;234
143;-214
158;157
163;-156
-184;194
-178;-209
-198;176
-152;176
201;-206
190;-198
-178;185
-179;232
-191;-201
-191;-183
164;-185
-203;204
-229;217
-181;-172
-159;-173
222;-226
-169;-179
-190;174
-225;191
184;161
-164;181
170;169
-166;199
193;-182
-151;-192
-200;-190
-155;161
-152;-159
208;175
187;-177
-174;192
180;217
168;167
-160;-201
173;-101
176;210
200;161
-198;-211
193;-177
191;-158
-159;-195
-145;-184
-166;176
169;-142
-170;203
175;193
190;-155
-148;-185
-181;175
-179;152
179;182
186;172
-205;162
157;147
-215;171
148;-206
-170;-170
-222;-165
-206;-211
-162;166
-190;182
207;-218
-201;-203
-163;214
-166;-156
165;-149
172;-192
175;180
-197;-212
-207;226
170;-152
184;186
-147;-183
-181;204
209;-188
-172;186
217;122
174;185
213;180
-180;-182
-177;226
-185;169
185;183
171;-183
-171;-205
-154;172
177;-170
-160;-137
158;-174
188;183
156;203
146;219
242;175
165;189
-198;149
-184;196
-180;148
-168;211
-219;-199
159;-199
164;-213
-170;-175
-190;185
188;164
192;154
-203;202
200;-190
177;-155
161;-145
217;162
-209;-228
164;209
-217;182
-151;206
-160;211
218;-161
-191;186
179;160
177;-159
156;236
173;194
-180;-191
-151;-150
-172;-191
183;213
175;182
161;-159
148;-184
193;152
-165;232
-189;155
184;188
-196;-151
181;-197
192;-185
-204;209
-204;189
-153;-194
174;177
172;169
164;-204
-150;-164
147;-205
172;175
171;-175
164;-142
176;179
173;-192
189;103
-179;-179
165;-185
-198;176
-229;209
-164;198
175;192
173;-207
161;200
177;-179
-190;200
207;144
-149;173
-170;203
184;171
-204;175
163;148
-125;194
154;-180
-162;164
174;-205
154;149
-187;-164
210;-158
177;-157
-151;176
183;-188
158;197
154;-135
148;187
173;167
190;140
-188;199
160;-192
193;-174
171;-171
193;-197
160;178
177;176
-165;-175
-250;-199
-189;-185
-173;185
180;-193
-168;-182
-169;203
181;-201
-139;199
-178;-169
-198;176
186;186
-146;220
-163;153
-142;162
188;186
-211;-164
178;-141
-183;161
-175;181
161;178
-167;173
182;-197
-189;-165
-205;155
-186;-197
-202;-193
155;189
161;189
195;221
193;158
-197;-165
-179;-167
197;-189
169;189
-198;-163
184;201
-163;206
-190;-185
-174;-210
-182;180
-181;179
-161;177
148;-199
-174;-187
-178;182
-193;-188
178;208
165;174
-177;177
-176;184
-196;185
-160;-168
168;190
-173;-184
-189;-169
144;176
-140;-169
-186;154
215;198
170;-180
-150;201
-191;-164
156;-205
-182;222
166;-194
-209;-153
-164;150
154;-197
164;188
217;-208
-193;-182
-190;-195
-169;210
-160;-193
-179;-170
190;207
-184;-163
167;169
-193;-196
-176;-175
-168;138
198;-200
205;-161
187;-185
172;173
160;-177
226;135
-233;189
197;218
167;231
196;192
-178;-183
196;-174
193;-207
-184;174
225;190
201;176
-163;-178
-157;178
-183;-162
-168;157
-187;-214
-172;-182
-195;143
184;-172
186;-201
169;189
-145;-137
-201;-188
200;199
-164;-153
195;-190
200;-184
189;-168
174;-166
165;-180
150;-163
-174;-162
-209;164
-157;172
161;-190
-171;208
-195;-203
189;182
202;199
191;-150
-207;-168
143;-234
-179;221
180;167
150;-165
-167;-206
-200;177
171;167
-194;-184
-178;-189
-195;-151
162;176
-167;-125
-173;-175
-208;184
185;190
184;-181
-197;-190
-164;-205
155;204
195;192
-162;186
-171;-189
-200;176
143;161
-192;191
-188;166
181;-175
149;158
134;208
-163;183
-153;178
-204;-187
-155;169
-190;212
199;-190
166;194
184;189
204;-158
-190;-189
-167;-170
-190;-190
-200;196
-160;-157
166;180
174;187
189;-140
-161;146
175;173
177;187
173;-169
177;-164
-180;164
168;-196
-221;190
213;154
-216;-159
172;208
-190;-209
199;207
-188;-190
-154;-165
170;-203
160;-172
168;-170
153;-199
-172;183
191;190
189;198
-149;185
-179;-204
204;184
180;156
-155;-168
201;-171
-161;-205
-184;-172
207;-161
166;174
195;-185
179;-167
-162;189
166;173
164;210
-184;225
197;153
165;207
145;-210
-183;-201
175;198
-179;184
-144;184
-172;179
167;-181
176;182
175;183
213;-150
166;138
185;-186
-193;179
-197;-181
162;-170
-173;-203
206;167
201;158
-168;200
-181;-186
158;-224
-161;196
-204;196
179;-189
149;-235
186;163
198;188
190;212
-178;228
139;-193
-193;-192
-174;184
-188;123
-191;-182
-188;-210
-169;196
-168;200
167;-186
-199;146
-180;181
-175;-187
-182;170
-179;182
202;-205
-156;186
188;191
-160;189
178;168
203;188
191;-174
-165;-184
165;158
-208;-151
-177;-138
159;-175
-188;-178
-220;-183
-170;177
156;173
-202;-144
-204;181
228;181
-177;-169
-155;-166
-163;190
180;-190
-226;176
162;-213
-151;182
153;190
195;194
189;199
-156;-191
-192;-133
187;165
-206;-167
-196;212
-173;-158
-185;-192
-183;193
172;-191
167;-208
203;-205
165;-171
-180;173
201;-183
236;178
189;-188
-187;195
189;177
161;-192
-164;198
164;-207
-144;215
-230;-206
-159;240
163;-185
-185;-158
220;183
162;-172
195;168
179;-177
-230;170
-180;182
-162;133
171;-166
-161;-210
-190;155
-187;-193
-149;170
190;-212
176;-194
-197;-164
-178;-160
-148;157
192;-176
190;206
189;196
-183;-236
171;-230
-194;177
-181;-182
-168;-165
-207;-166
-194;-193
-162;-150
185;-156
199;204
-171;-179
-170;-200
189;184
149;165
177;165
140;198
-156;211
-182;214
-200;227
162;193
196;-221
-163;198
-179;213
-187;205
169;-212
-176;188
150;-195
203;-205
167;-199
-234;-198
228;207
204;195
224;198
179;-170
-191;178
-201;-189
-165;186
203;-124
-185;180
179;-240
164;172
188;-153
-205;-182
-197;-180
-183;172
-206;-172
171;-171
-182;-128
179;-193
-164;-197
-180;187
-161;171
-181;-171
170;-175
-183;183
170;181
160;-164
-190;-167
158;188
134;-163
-193;-171
188;-210
176;172
203;204
-191;178
149;-198
-199;219
175;181
-232;-164
-157;-183
147;-172
-164;-177
181;189
-163;204
210;-175
188;-201
145;164
202;-191
153;-211
174;-197
193;189
141;-199
159;152
156;-205
-151;-190
-176;198
236;-162
-184;-159
-219;-198
223;-237
-216;175
-198;-201
-203;-171
166;159
-212;-183
168;-218
179;162
-156;203
182;206
191;-203
190;181
148;185
-181;-198
153;167
-205;159
-165;178
136;203
191;-197
-198;174
-170;-174
-224;165
-206;196
-139;179
145;184
-201;-153
166;190
191;-163
202;183
184;174
170;195
-158;182
188;-183
-231;176
176;-186
150;-135
-137;-179
181;209
-198;191
181;-180
-211;171
-171;194
183;-181
181;207
192;-195
198;-162
207;176
-180;216
-138;186
-223;-216
-172;167
163;-178
-195;-184
177;158
170;-154
-145;170
187;-144
152;142
173;180
164;-164
175;153
-185;-164
-167;-154
-157;-178
174;176
-191;-184
-152;173
-209;-147
-177;-171
-177;-194
-179;152
169;-168
-211;144
-182;147
-207;-170
184;171
-190;188
179;160
-143;-206
-214;192
-175;-210
-211;-191
163;194
-190;195
159;197
-230;185
-199;-208
-157;215
189;-186
-163;-163
-165;-174
189;-227
198;189
-149;-189
165;180
-198;-166
189;242
-191;168
-170;196
204;-192
171;-148
-171;185
180;-213
-174;196
-142;-179
-207;172
194;197
187;-183
222;-162
-174;-200
152;154
-201;164
152;141
181;169
-185;168
173;161
165;-174
150;-194
158;195
-166;-203
167;178
-213;147
152;-160
-195;142
214;-170
-186;-189
199;185
181;165
-172;179
150;214
161;-173
189;-186
135;155
196;175
-181;-210
169;-173
-155;-223
-187;-199
164;152
200;-218
-184;-196
224;-199
136;147
-200;198
-199;196
-191;157
-193;138
-166;-213
-213;170
-235;-190
-153;143
-201;-185
185;-235
-216;-177
204;-204
-135;180
-169;170
-219;-159
189;-218
196;191
172;137
-208;-199
187;-192
175;-205
-182;-170
-195;-164
122;-228
-193;-171
173;177
206;-161
-194;-181
-154;173
179;149
199;189
178;160
-178;183
202;185
183;176
-154;-155
-206;219
-210;-200
171;-160
170;-224
-186;-195
-184;235
149;229
151;176
-219;132
182;-205
210;-161
201;-173
177;195
-152;-156
216;172
-163;206
-145;202
-156;185
160;-184
-162;188
176;143
165;-161
165;236
144;202
-135;-136
-150;-180
-174;-143
141;207
162;165
151;-198
208;-218
199;186
-155;164
-215;224
190;182
-186;-192
188;-177
171;-211
-193;180
-179;166
-174;-201
179;172
166;164
198;-162
-182;-213
154;-169
139;160
207;-156
196;-166
149;174
153;-162
174;160
-165;-186
193;-186
-192;146
-177;182
-162;166
164;165
188;-165
175;149
168;-189
-199;153
166;168
-196;168
-181;174
169;177
-216;149
200;209
-171;165
179;-189
-193;205
172;-177
169;192
-196;-185
177;-148
206;-170
-153;139
183;-168
158;181
150;-160
175;173
147;169
137;202
-159;167
154;-181
197;-211
193;-200
159;-143
197;180
163;190
-211;-174
-210;-218
-190;-178
-174;201
187;-188
-247;-209
-197;189
145;-213
-160;183
-190;-156
-169;164
173;162
-206;193
-163;152
-183;137
188;215
-148;-181
185;-172
-191;168
-198;158
201;177
-149;167
170;-165
-176;-200
-223;149
-182;-189
-222;-200
160;200
164;167
179;231
190;188
-193;-193
-182;-182
185;-200
243;210
-150;-139
206;198
-212;179
-175;-164
-181;-150
-183;164
-194;199
-201;142
161;-182
-201;-167
-174;181
-170;-167
174;177
155;162
-221;188
-188;161
-150;157
-187;-189
188;178
-212;-163
-151;-144
207;159
-226;-185
-157;183
183;176
165;-196
-183;263
-222;-161
128;-164
-177;164
199;-169
-234;-179
-179;216
218;-198
185;180
204;-228
-168;-217
-176;-205
-191;159
-185;-219
-164;-167
133;185
-143;-195
177;203
-166;-204
-172;-213
-180;185
177;-127
133;-175
174;-162
185;168
175;-168
178;148
-172;183
208;166
158;158
177;201
-222;-177
180;-207
135;-185
-164;194
186;132
181;196
-190;-175
-195;181
-168;-160
-216;197
-175;-180
-114;-142
-185;158
167;-162
168;-185
190;199
-170;-213
-191;-199
208;202
-201;-206
198;-167
136;-171
185;-168
185;-167
156;-225
160;-188
-224;-181
-182;202
-203;176
174;-194
-186;184
-202;-164
211;161
183;160
191;-194
-183;-198
187;-179
-175;145
175;208
193;-180
-155;-214
-155;204
159;166
-206;-148
-182;-160
-193;-203
122;194
-171;-159
-145;-211
-208;187
144;199
188;-153
-186;-170
-149;-225
176;157
214;163
-150;185
-205;-189
-139;201
154;210
-190;203
-183;192
190;-206
195;178
218;167
-160;165
-211;158
-171;-178
-130;171
-198;182
181;-208
183;198
161;179
187;-158
-170;-221
-176;-191
-185;-163
-183;210
-183;-153
175;177
160;168
183;-160
-133;193
180;180
198;167
181;-222
193;-178
-166;156
199;-168
-182;186
185;169
-183;-212
189;186
-182;-224
210;193
-199;-166
-179;-192
176;-149
184;-154
184;-177
170;-176
-181;177
179;171
188;212
-193;185
-220;-183
161;160
177;173
-183;-182
209;-200
-185;-175
-190;-158
225;-191
179;152
249;-158
193;-164
-177;185
152;237
199;199
-177;171
175;155
180;198
239;-226
-220;-194
201;199
-195;159
-162;215
-223;158
188;-196
185;176
183;192
201;-172
181;177
173;-168
-182;176
-143;-194
166;-212
-222;-145
175;196
183;151
-197;233
-186;-188
185;-170
-178;201
-178;195
151;-164
162;-194
148;157
173;163
157;208
-188;175
170;-204
-174;-167
-179;182
-165;143
-161;-161
-192;-147
-169;164
-188;181
161;-198
-166;141
-183;151
-163;-195
-229;204
-208;211
159;-174
-179;196
182;183
-193;162
166;158
171;198
205;-207
-193;-202
135;202
-150;-200
-124;-171
208;-173
-126;-202
-206;-218
-193;234
192;183
-239;-185
-201;178
203;210
-206;-188
-217;-235
-201;196
179;-206
-216;223
167;-180
-234;203
163;170
145;221
200;191
-163;-218
-183;-171
180;195
-192;-192
-230;195
-183;-207
-191;-200
-191;173
171;-193
199;-143
153;-190
194;-165
-146;172
175;-167
132;174
180;-175
-186;165
201;207
152;-190
-166;183
200;-184
-181;175
-184;-158
-169;195
184;-190
-211;-176
204;190
145;-146
194;167
207;-167
-185;194
-168;163
-201;215
177;-165
-190;-141
-170;151
-138;-188
-205;169
176;-176
231;-159
-191;-193
-163;-192
-195;155
192;-174
170;162
206;183
-219;-163
206;-204
-221;185
-174;-161
-253;-178
-178;-204
-180;-220
-186;-208
198;-180
219;192
-176;-222
-168;-177
173;217
172;170
193;185
182;214
-214;192
-172;153
-162;167
148;147
219;-196
-157;182
-182;191
-160;218
156;-195
-214;180
170;-164
171;-175
153;-198
-161;-210
190;166
188;209
152;150
146;-165
-164;165
-156;-170
-202;164
163;-183
-188;151
193;-157
179;163
202;-199
-203;-183
-208;-230
-197;198
-207;-210
191;-189
-219;-220
186;-159
-183;-193
-193;167
-199;139
-173;-190
203;-187
-207;171
174;187
189;-157
-138;-177
190;190
226;-199
-236;-225
189;-158
227;172
214;210
-206;211
176;-179
-215;189
202;200
-194;-178
-183;-194
215;-152
-198;-233
186;176
-207;147
149;-166
180;-176
175;216
192;-189
180;-200
200;-188
190;187
139;-167
182;155
151;-164
-162;-179
-214;180
199;-206
-162;-172
-230;-205
190;-203
-163;180
-196;-201
-185;-169
142;158
-209;-159
151;-176
193;201
-182;149
196;165
186;-168
181;198
182;169
-177;-165
162;183
-189;177
-175;196
139;184
193;-159
-190;196
-158;-192
-193;159
-194;162
-205;194
187;209
-170;-174
183;209
180;-193
168;182
226;163
191;181
-161;185
144;-177
-206;143
164;-185
179;-217
-150;-186
157;168
-201;204
149;-167
-189;181
-227;193
193;-175
185;173
191;-189
194;-181
148;150
-231;166
-202;207
-219;-144
-243;195
155;-201
-140;-150
167;166
157;-212
-229;181
196;-186
199;133
205;164
152;-169
178;175
-186;-195
-182;-218
-163;-173
207;189
-194;-199
-207;199
-173;-166
-163;-141
-175;-166
-171;193
182;-161
-174;174
-185;186
-168;-139
207;196
-188;169
173;176
-188;-174
-195;206
-214;-204
-162;-175
185;149
-172;199
196;180
-184;154
-212;-181
-207;193
163;-194
-171;-204
-226;-233
193;-194
214;202
-188;-175
206;199
-230;-182
179;164
-167;184
-186;184
168;-167
164;-234
-132;172
181;-190
-193;170
-148;-158
-191;190
198;181
159;-181
168;-200
-191;-213
206;174
-167;168
169;178
198;170
-180;190
185;198
219;-167
189;-159
137;198
-184;-180
171;209
-185;200
185;-213
-184;181
161;-205
-210;-175
185;153
169;175
-167;165
171;165
140;-184
170;-202
201;184
200;169
-201;-154
203;-193
-195;-159
-172;-178
186;185
149;-159
-168;-178
145;-169
150;150
-195;184
-173;153
-189;167
-174;193
-198;-184
-171;180
-204;-185
-174;179
-205;-185
157;-202
-187;-168
155;-208
-167;199
-199;216
-183;-167
174;-177
201;153
171;151
-214;-183
200;-212
159;-224
-169;-183
-193;-186
180;-193
-137;-160
178;167
167;-190
-193;-160
-208;178
211;222
194;163
188;186
-200;171
170;187
181;142
-161;-183
-191;163
-164;-206
182;-195
191;-129
-168;-189
-193;170
167;191
177;199
-162;163
203;-156
187;-161
184;-175
194;180
-187;-218
158;214
-195;180
-184;189
-183;178
185;-207
-179;127
177;182
205;-168
168;193
192;199
-196;-174
-204;-198
-201;-207
206;173
138;184
140;-166
207;-193
153;189
-179;160
-189;179
197;210
-156;-215
189;-201
192;-165
-155;168
-175;151
-173;-151
153;177
189;164
199;-153
-194;-174
167;-168
199;193
162;-149
143;-150
146;137
171;-152
160;181
-165;-203
143;-149
-175;169
-161;203
-148;174
156;186
188;-173
206;154
173;-94
-198;166
159;203
-183;183
-224;178
203;193
-165;186
162;178
-179;187
178;-190
-168;179
171;-191
169;213
-176;-194
163;-142
172;-195
-168;160
174;-177
208;207
183;-190
189;180
182;141
154;156
-152;172
175;-190
184;-160
131;-201
151;-155
202;135
187;167
-183;-210
-160;-229
-195;-196
-236;176
189;-161
-150;-152
-191;185
230;-163
-174;194
-180;-170
-185;192
180;175
-177;136
-190;176
-189;157
146;190
-184;-148
170;-187
-180;182
-178;178
164;138
-129;183
161;-184
-188;-141
-167;174
-187;-199
-165;-222
183;200
194;178
132;181
151;163
-163;-196
-151;-181
207;-144
194;210
-172;-191
202;120
-177;226
-188;-200
-186;-194
-205;163
-180;174
-185;160
175;-186
-212;-187
-203;155
-155;-209
177;181
149;166
-188;165
-196;132
-160;173
-180;-163
169;156
-178;-170
-182;-170
180;173
-167;-175
-171;141
203;158
208;-202
-174;191
-210;-201
186;-180
-193;174
195;-176
-178;-188
-167;157
193;-193
176;178
174;-177
-173;-187
-167;-205
-186;153
-179;-164
-197;-165
183;162
-189;-184
200;179
-190;-203
-172;-206
-173;205
164;-186
194;-182
226;-156
170;193
159;-159
213;205
-212;131
198;138
205;209
213;172
-197;-173
172;-165
213;-176
-208;151
203;129
164;185
-155;-166
-184;207
-166;-235
-204;197
-168;-185
-194;-220
-154;165
197;-196
174;-188
182;155
-178;-176
-186;-114
174;178
-206;-155
179;-190
165;-168
155;-186
171;-172
182;-161
162;-185
-154;-178
-127;188
-166;169
183;-174
-192;178
-138;-162
180;180
168;188
203;-160
-217;-170
149;-146
-203;188
183;182
219;-173
-191;-171
-186;201
182;167
-178;-178
-195;-165
-159;-181
149;187
-157;-156
-170;-205
-192;154
151;215
199;-166
-208;-184
-204;-182
183;160
183;149
-176;163
-167;-143
-198;146
187;204
-156;137
-161;194
175;-200
170;184
171;165
-166;147
-140;199
-175;-201
-157;194
-165;160
165;-179
209;173
188;166
192;-153
-176;-161
-157;-192
-178;-165
-165;206
-188;-212
203;186
188;166
173;-138
-195;188
185;189
180;148
197;-182
192;-173
-222;202
192;-201
-196;193
166;177
-188;-168
195;194
-180;-177
170;178
-192;-197
-179;-166
157;-177
187;-165
192;-204
139;-179
-195;192
115;173
202;184
-175;210
-178;-174
135;139
168;168
-142;-180
183;-182
-203;-214
-165;-227
196;-152
172;233
189;-203
154;-176
-209;188
168;199
201;171
-129;169
176;203
195;182
175;-198
-207;-151
182;204
-179;176
-153;188
-159;147
177;-187
167;175
187;190
189;-221
185;190
217;-160
-182;226
-192;-170
190;-166
-195;-191
189;166
196;186
-163;167
-219;-157
179;-165
-187;177
-183;183
203;-194
189;-177
181;193
212;178
184;207
-212;177
153;-162
-159;-175
-151;200
-186;142
-156;-178
-169;-203
-184;167
-184;172
206;-194
-213;187
-161;162
-172;-214
-187;142
-165;173
181;-145
-173;149
142;160
-219;129
153;186
185;152
187;-176
-196;-161
188;224
-152;-208
-141;-193
162;-196
-205;-182
-165;-153
-178;214
210;193
-174;-163
-179;185
153;147
-141;-182
-166;-175
-170;210
149;-206
-195;165
175;-197
-193;182
201;215
198;203
184;172
-188;-200
-167;-191
217;179
-141;-190
-184;179
-205;-192
-162;-186
-150;169
168;-149
122;-177
179;-169
199;-190
-185;179
170;-131
176;199
125;-128
-202;179
176;177
153;-160
-201;212
193;-171
-177;174
-171;-208
-183;199
210;-177
-206;-193
159;174
182;-174
172;166
193;-182
-184;188
-181;167
-189;154
201;-167
-208;-234
-135;174
-170;-181
-192;167
198;-188
180;-164
-225;-162
-147;-196
-192;214
188;-185
212;142
175;174
-218;-166
187;-182
-168;193
-180;-191
-171;-163
-204;-134
-148;-154
-181;-185
181;-187
165;186
-195;-171
-195;-157
180;181
165;192
167;187
178;147
-164;227
-203;160
-179;181
190;158
154;-203
-195;186
-195;202
-151;176
169;-151
-178;202
152;-179
180;-177
153;-187
-175;-211
159;206
153;156
162;183
211;-198
-180;178
-168;-178
-185;159
206;-189
-186;197
201;-137
157;154
174;-173
-151;-211
-153;-171
-187;164
-157;-152
163;-193
-194;-204
202;-151
-154;-215
-163;184
-193;167
-174;-204
172;-142
-170;151
207;209
206;-171
-155;-197
187;188
194;-180
-197;-174
151;-193
207;166
209;185
-202;192
184;-140
-216;166
190;168
-203;-205
-169;-172
166;-171
-190;-185
181;223
-162;179
219;-190
219;-191
220;168
220;-158
175;-184
185;-138
186;195
198;-202
170;188
182;-189
-159;-174
-155;160
161;-169
-168;-186
-181;-184
167;-137
-144;205
-196;-185
-198;-194
181;200
-150;-152
186;-159
177;194
-191;213
176;189
212;-184
179;212
148;186
-198;-168
175;160
-163;181
-169;163
170;175
239;-122
-202;167
-149;-187
-194;149
-200;151
-173;152
188;148
-215;-202
156;176
182;-170
187;174
193;185
179;213
-173;211
172;-195
-185;204
176;-192
147;-142
-166;-185
192;184
-150;219
196;-161
-169;185
-185;194
140;-198
174;170
166;-196
182;-163
194;208
-134;182
-206;188
-194;-190
-149;180
213;-146
-193;-161
153;151
166;-179
-166;213
176;-169
183;169
186;166
189;-156
176;187
-153;-162
-161;-189
-194;-187
221;192
-169;-162
-200;196
-248;-154
-211;-168
-189;-172
-166;204
147;-208
-161;203
-181;179
-169;-179
188;165
-195;173
179;177
-198;-178
-177;181
-158;-147
-184;-183
174;204
-153;188
180;209
-148;225
-210;-171
-157;167
188;-173
-146;-199
-195;-175
141;-161
204;174
-196;-203
197;197
-203;-180
179;188
-185;174
-208;192
163;-181
194;-192
-182;181
173;-203
-221;193
-205;-154
-183;170
145;182
171;-183
159;-158
-171;-209
154;148
-149;182
187;155
169;174
-176;170
158;137
207;-185
193;-184
199;168
-179;-240
202;167
-211;131
214;-201
-178;198
191;-200
-195;-190
199;184
224;175
-178;190
186;193
242;-227
171;-162
193;164
196;214
-193;-199
189;-157
-221;-162
-160;-202
185;187
170;-162
-179;-183
177;-174
191;195
-201;153
-158;119
-168;171
-161;177
-208;-158
-163;150
-231;-123
-169;159
-187;-161
170;-180
-184;-180
195;-195
-172;194
-164;201
-163;-168
211;-210
170;166
192;181
-219;-187
209;-199
192;-171
-183;-192
-164;-180
179;-219
-219;-158
213;161
218;-183
-210;-199
-162;195
163;184
192;160
196;152
-212;219
176;139
167;183
-179;-153
-169;169
-122;-169
161;-147
161;-127
-173;-182
-176;162
141;179
137;204
-163;172
173;-187
142;-213
173;-148
192;223
-187;-197
141;192
-191;161
-213;181
-193;161
166;-175
-201;152
220;218
217;-184
150;160
196;174
-172;-185
-174;-196
-199;-198
194;201
167;171
164;-190
149;-120
133;162
-165;135
-171;171
156;172
-182;-133
185;-179
184;-124
-180;172
-143;140
-176;-171
213;192
186;162
207;-196
-152;-173
165;-183
163;194
172;-159
193;-170
170;176
204;-159
175;172
-167;-211
193;-189
-172;166
-186;217
-187;206
178;138
162;-201
192;159
170;-167
-230;161
199;198
-212;184
-182;221
193;186
-206;196
203;177
-157;207
197;-196
-192;146
235;-220
203;198
-203;-230
151;-177
251;-182
-222;191
155;-174
175;143
167;-181
171;187
178;203
137;154
-214;185
168;-172
224;-173
187;-179
211;-164
207;173
167;173
-160;-144
-167;-195
-144;-150
-129;144
174;-190
-169;-203
-178;156
183;-133
-165;160
-180;-188
-199;131
186;160
-165;179
-153;158
-186;173
185;181
-135;-175
178;-168
-183;131
-202;223
186;169
-165;222
211;-172
-179;-168
-184;194
-171;-187
-202;-208
190;176
216;182
208;224
192;200
-203;-149
-208;-186
157;-184
212;200
-213;-255
169;166
-181;191
-220;-194
-190;-172
-206;208
-227;202
-206;156
229;-236
-197;-225
-203;187
-180;-203
202;182
182;203
-190;189
-164;191
-192;184
-231;-199
187;186
-163;-204
-162;-168
201;167
-139;-176
-181;179
197;178
172;-146
-196;191
-143;-148
158;-149
-170;146
178;-164
-121;-180
-166;164
170;-161
169;162
152;-155
-176;-161
-228;-183
-181;152
-168;-153
-180;-184
163;185
-163;-135
158;180
-191;-167
-188;-167
-199;135
178;-169
186;-165
153;-196
158;215
163;-179
176;194
-243;232
202;180
190;182
141;184
-202;-212
181;-196
164;-209
-173;191
189;198
219;193
-193;-184
-185;184
-160;-181
-211;168
-215;-214
-160;-203
-199;159
157;-174
209;-169
201;185
-181;-175
-180;-163
200;178
-212;-201
214;-156
182;-174
194;-157
172;-164
168;-155
158;-171
-170;-196
-192;169
-127;165
157;-144
-181;165
-158;-161
176;147
167;105
164;-182
-180;-214
185;-173
-173;158
189;158
172;-198
-208;-170
-217;184
190;176
-162;-189
-184;-207
-181;-184
193;161
-175;-179
-177;-182
-204;145
181;185
209;-187
-172;-182
-198;-179
191;195
191;168
-162;171
-188;-172
-197;172
162;171
-183;214
-189;208
190;-184
161;204
205;183
-229;201
-193;181
-173;-224
-215;202
-190;208
189;-216
191;235
152;168
149;-196
-175;-152
-218;-187
-168;-222
-232;168
-128;-220
185;180
199;189
163;-153
-182;163
186;196
244;164
154;-152
171;-188
-188;142
206;-178
-230;164
186;169
-189;-170
215;210
-151;-211
178;154
-183;-195
-197;-192
172;-151
171;-139
168;-225
191;-203
-185;186
171;172
187;117
-213;191
-219;-207
194;183
179;226
-165;-176
165;-197
-191;-216
-185;-126
190;-119
150;148
176;-154
208;-182
-170;178
144;200
176;161
-192;204
194;167
172;216
191;-144
-181;-203
182;179
-178;182
-224;199
-190;188
224;-211
167;175
140;204
192;-202
134;208
192;-210
-181;154
-171;-165
180;-152
-169;-168
169;140
194;148
-199;162
-219;-140
154;-148
-210;162
-158;148
157;-166
176;-224
194;167
161;211
195;167
-155;192
157;-147
-154;-141
-189;156
-226;220
-205;-168
-173;-178
-190;183
-171;186
205;-190
-186;197
-173;162
-182;-186
-193;157
-180;167
169;-178
-197;188
147;184
-176;159
188;186
184;219
169;-168
-154;-201
160;166
-183;-139
-132;-136
212;-155
-144;-178
-189;-194
-205;230
204;208
-182;-187
-191;190
178;195
-192;-195
-206;-181
-221;143
205;-176
-209;184
221;-177
-213;214
205;216
171;194
164;202
-199;-170
-176;-182
138;204
-192;-185
-191;180
-200;-229
-183;-173
-184;169
149;-192
160;-170
151;-174
146;-172
-172;172
183;-216
197;190
146;-196
-163;185
151;193
193;-196
-160;171
189;-202
-171;192
-171;-200
-173;176
166;-180
-172;-198
154;190
171;-208
140;204
159;-176
-178;163
-169;160
-122;197
207;-163
-175;-212
-159;162
-189;-182
-181;139
176;-112
185;-118
-127;-184
-175;-198
-189;162
214;-149
169;196
144;155
-174;-171
189;-200
-177;186
-202;-170
-197;-178
-221;-207
-199;-188
-187;-156
190;-182
185;217
-162;-163
-152;-181
203;180
178;173
139;150
174;166
-207;174
-214;189
-177;161
164;150
163;-172
-176;153
-185;178
-172;183
157;-189
-163;159
160;-180
156;-222
200;-161
-196;-187
183;191
173;181
183;155
187;-175
-174;187
-192;-189
-188;225
168;-159
-175;165
161;-197
181;167
199;-202
-160;-191
-156;-189
-198;206
-179;-180
177;-172
-172;-152
193;-144
-130;-199
-185;132
-170;144
-150;-184
178;-153
-161;160
135;185
186;-140
-150;-217
162;188
168;-203
-196;-172
186;-183
216;148
189;153
-216;208
184;-160
-188;176
186;171
-204;-164
-216;-180
193;-187
-202;-192
200;181
-191;148
196;-196
136;-146
177;170
204;-175
183;-157
167;-185
162;169
100;-170
183;189
188;-200
-207;-175
-195;178
195;-190
-210;-174
-215;-174
188;-198
-172;173
-165;-150
-175;-190
218;184
-175;-188
189;-198
161;177
-187;172
206;180
167;-160
213;196
149;186
-163;-176
173;167
-195;171
-195;189
149;180
155;-160
-186;158
-213;-163
-172;147
-172;136
-143;169
136;159
-173;-235
164;166
145;-138
138;203
168;171
161;182
-163;191
212;-204
-195;196
142;-178
198;-180
-181;-188
166;161
-165;200
184;-173
-153;182
-178;198
182;-185
172;147
200;-182
141;-183
172;166
-184;176
-173;160
-192;-190
-186;175
213;-195
-166;-207
160;169
194;-209
-180;192
207;-210
190;158
211;161
165;-215
162;214
-187;-195
-145;-137
-179;-210
172;165
-182;-184
-220;167
-165;-195
-184;-173
-212;-194
-172;163
161;-174
-219;193
-191;193
-180;-183
208;210
-183;176
198;176
-205;-174
-182;136
-188;-161
-177;-187
163;207
-180;163
179;187
-160;176
-196;-163
-189;156
134;-176
-212;-188
-179;-179
202;-171
141;195
-159;-199
187;146
-171;-193
158;187
-172;170
-188;152
225;-160
176;-205
-204;201
222;-186
-197;128
-178;-209
-185;149
174;205
156;-171
175;-172
-186;-177
219;185
-181;191
185;178
205;163
-174;210
214;180
211;-195
200;-204
211;166
-185;-185
161;162
-170;160
165;-189
-179;170
164;-241
-181;-168
215;194
141;196
-203;166
172;165
162;-182
177;-211
187;188
161;188
-199;-163
186;-195
-166;-184
-193;-168
189;175
185;-131
-208;-186
180;-196
192;219
-165;190
-220;169
-168;162
-180;180
-182;-153
-184;172
-203;-134
-137;189
-188;-185
178;-164
-170;-152
177;-185
-212;191
-169;182
-176;-187
176;-201
144;166
145;202
-168;-228
192;-159
150;-168
-168;-208
-183;-196
181;-188
-164;-160
212;166
216;-149
-191;-213
-206;210
187;177
193;174
195;179
-201;216
198;173
227;170
-205;-157
-181;179
-183;-206
158;-184
176;-157
-163;-187
-193;143
188;189
183;204
-201;139
196;-144
217;-165
216;-188
168;194
-99;-168
166;189
-180;140
-172;168
-176;175
181;-183
-174;154
157;181
192;-160
167;201
204;175
-198;-184
-211;-194
-154;-175
201;191
185;171
170;-142
164;-188
198;191
-167;158
-196;202
166;175
-176;-180
195;-155
195;-186
-181;146
-200;204
-164;-199
190;188
197;203
208;-167
-171;-200
170;-190
174;164
183;-184
191;-144
128;189
197;-142
201;211
-155;-232
208;-158
-241;157
-204;161
-210;180
150;185
174;-148
162;170
183;-164
-197;169
206;191
-147;138
-163;195
164;179
-177;160
168;182
-153;194
173;-162
-199;176
185;-180
152;181
-189;-183
202;-158
179;-190
-177;155
157;-184
152;189
186;-124
152;183
185;181
173;213
-199;182
160;-184
198;-207
204;-168
177;-176
186;154
172;217
-209;-229
-195;-217
-169;-153
-202;167
191;-182
-169;-167
-225;182
198;-169
-192;178
-195;-212
-173;161
166;150
-163;148
-169;180
-204;155
211;170
-135;-187
194;-196
-212;177
-222;190
175;178
-206;189
221;-177
-171;-215
-179;177
-134;-179
-159;-202
120;164
145;198
136;203
188;166
-159;-176
-154;-179
218;-162
189;203
-194;-175
142;181
-175;163
-188;-156
-155;-192
-193;189
-190;175
-207;177
216;-166
-173;-174
-193;135
-169;-196
176;219
149;198
-165;157
-243;155
-152;148
-186;-196
158;211
-157;-192
-132;-202
191;209
-173;-166
-167;153
173;181
179;-178
-192;207
-177;-190
178;-194
-210;143
161;-155
-215;-168
-193;183
176;-176
207;179
186;-177
-216;-204
-183;-166
-210;190
-201;-149
-167;-172
154;209
-153;-214
140;204
-159;-190
-153;-196
-185;159
205;-139
225;-189
215;-195
170;242
190;-194
142;176
-172;142
134;213
147;164
155;215
-154;-187
174;-200
172;-172
-176;153
176;170
152;179
-159;-197
-166;160
-186;-207
-201;191
-187;-188
-144;-178
-191;139
196;-149
222;-172
186;213
-210;-149
-187;-158
154;158
-178;-205
209;-173
188;-148
174;-169
240;-171
189;-152
174;-182
-209;-178
-170;164
-202;183
200;-185
-198;181
-155;-211
188;183
180;173
167;-169
-147;-176
192;-158
-214;206
194;169
195;-168
-182;-208
-182;170
167;168
-154;-249
-177;-185
-188;-206
173;219
-146;-200
-153;-202
-210;189
168;185
219;-181
-145;-211
-168;-185
156;225
157;153
-181;189
-137;-218
-201;165
163;168
-162;182
-193;166
169;-187
167;171
188;171
-191;140
-191;192
-216;-174
-175;171
-173;181
177;-184
170;142
171;172
183;-171
-177;-203
-135;-184
-161;-191
-211;169
-181;-176
158;177
197;177
226;-203
-197;208
166;175
186;182
140;-192
205;-157
-146;160
155;-162
-192;155
214;179
-190;-172
174;174
-196;-151
153;190
-220;-170
-210;-184
218;-183
171;-164
156;-192
173;-172
-176;190
160;184
159;199
-204;177
-184;-189
219;192
187;196
-180;-173
196;-206
-190;-178
-197;-161
176;-171
226;184
158;-152
155;-171
-142;133
141;153
172;178
-159;184
141;143
184;188
185;-195
-185;-222
136;142
-161;203
-173;165
-194;190
175;-211
151;170
156;187
162;-187
224;227
163;-197
-175;178
-214;-214
195;-160
-178;-216
170;188
179;182
-200;188
-157;-173
195;-195
-165;158
-192;152
188;-160
170;-186
171;177
171;179
170;181
-155;189
173;-209
-202;-187
-192;179
-158;213
-153;-150
-164;-193
-179;182
-184;176
180;-189
-169;193
-160;207
-216;-172
-178;196
-151;188
164;-199
-190;218
240;189
-146;147
208;222
181;179
177;-189
-170;-209
202;195
-180;-165
-194;-190
176;-194
-181;-179
-192;-165
-219;165
161;164
-182;-175
-184;208
163;184
-170;-120
-145;-183
-165;162
145;-150
-168;176
240;-194
-199;185
184;186
135;205
204;187
-147;-199
-196;-178
150;188
-178;-140
-194;203
-206;-173
-175;-190
-197;190
218;-186
189;-185
210;-174
210;-189
-147;168
145;-159
179;213
184;-173
-165;198
166;150
188;-178
-183;159
170;-169
-135;194
-187;-194
-188;188
153;-190
-203;-158
156;178
208;-165
156;185
171;-218
-177;173
-150;163
-154;213
160;-180
-211;-185
-143;186
-156;-213
-159;159
177;-212
169;-164
-153;-153
-214;-183
-159;211
179;-177
141;170
120;166
-208;-179
176;-166
-175;184
-188;-181
-165;-151
-161;-163
-180;-169
-177;-185
193;-168
186;213
-180;-157
-187;-158
197;151
175;188
175;164
220;183
-188;145
-185;195
-212;199
185;172
204;-172
-225;156
-197;160
-201;151
195;-182
-181;175
171;-191
223;-206
192;-154
-166;-194
198;212
202;141
196;162
144;-173
-209;215
-160;-184
-168;169
161;-193
-181;218
188;-160
211;148
158;-159
-188;-188
-179;-186
-176;220
-252;-190
194;-176
-180;-191
179;-141
-213;-124
-153;121
-183;201
-175;-168
187;-196
-187;186
179;216
153;-191
-158;-179
150;170
175;-190
-146;-215
159;-185
223;182
202;196
-179;175
189;-160
-207;202
160;175
-182;-184
-182;-168
198;-185
-207;-194
157;223
-154;159
225;-152
222;-187
151;185
193;-181
185;-182
180;-159
164;190
238;-163
160;158
213;-184
-191;-151
-185;197
168;-189
-153;-215
-168;-155
177;-157
-201;175
-179;-168
-210;-190
161;190
-182;-143
163;-198
182;169
-215;190
202;160
169;-164
181;177
170;161
-192;-165
191;204
-161;177
-209;182
158;174
175;-194
-205;182
-154;-138
-181;176
-178;201
-199;178
208;168
-184;-178
139;152
212;-173
214;171
140;227
153;205
-168;166
157;-179
-175;151
139;-169
179;-183
-179;-148
212;197
-160;205
157;-190
-201;185
-140;179
171;-175
164;169
168;-202
169;-220
142;166
-214;195
-173;177
-171;-170
-166;164
182;-180
-144;-227
205;154
181;-148
-179;184
193;-148
171;223
155;202
187;-187
205;171
-178;-167
-201;-148
-151;-146
176;188
-184;-171
-172;194
-167;-160
-164;-162
-202;-185
-155;190
160;-212
-163;174
-160;161
-199;-174
163;124
-207;219
142;175
-181;-189
-141;208
-194;-183
-152;-195
173;167
-157;195
177;190
-157;191
-197;-133
-159;168
183;-176
-176;-139
-169;-167
182;-164
181;201
-191;-158
205;153
-178;-162
152;131
-195;183
-145;170
158;-169
179;-182
-183;193
177;-206
-177;180
-155;-167
-170;164
160;164
169;-179
178;-158
-161;-154
145;207
-180;155
168;169
189;187
-218;137
191;161
213;-165
181;-178
158;190
-191;-180
181;178
-194;213
186;-170
-186;141
178;-176
-171;-176
202;165
183;150
-187;197
166;175
157;-219
150;-145
185;159
164;182
-194;-193
196;-173
-176;-171
-191;-159
153;180
180;-120
-147;-147
144;-177
178;169
-195;176
-167;167
-186;168
-209;193
-185;-132
-188;152
-187;-199
-130;191
-202;-180
183;-142
-196;-221
142;-154
-177;189
-209;183
-204;-161
146;-214
155;180
206;166
-198;-146
183;-162
177;-172
-165;-172
-152;-143
185;-167
-184;-149
170;164
121;-147
-175;-170
-216;193
153;177
193;183
159;161
-174;210
153;210
181;191
-177;-175
-205;141
-158;-171
170;-162
203;-164
-141;-172
-213;165
172;180
171;214
-199;167
172;-197
149;-182
153;-183
172;220
-207;-156
216;186
-184;173
-208;192
-196;218
159;-170
-148;188
204;202
210;-178
212;197
174;128
-148;-199
-195;-157
-103;-234
154;166
179;174
183;-171
188;-165
167;187
-173;170
-183;207
169;187
-209;-141
183;-145
171;-163
-182;153
-213;142
-149;-187
145;156
163;176
149;-166
-150;-136
199;-161
194;180
143;-195
139;-168
165;137
186;-189
177;149
-175;-146
102;-147
-165;159
-167;175
-188;187
187;188
195;-183
152;172
158;-188
-192;197
188;196
-196;186
-151;198
187;197
-176;172
163;191
-171;191
204;-194
-199;158
180;-220
219;172
-172;-126
200;-184
200;-186
-189;204
163;-177
207;170
178;-220
161;178
180;184
191;187
-190;183
188;-191
174;-132
207;-206
206;-187
223;198
171;226
-174;-168
-174;-194
-176;-187
-192;182
192;-162
-159;-138
-174;174
197;-168
-180;165
-171;-176
-196;174
177;183
-152;187
-179;172
-140;202
165;165
-160;-224
153;-169
-181;182
-167;155
185;160
-206;165
184;-145
-171;-166
-195;201
-179;-170
-168;-226
216;186
183;186
191;216
155;222
-180;-208
-181;-199
185;-197
165;198
-204;-179
162;167
-205;196
-163;-182
-170;-187
-162;199
-221;147
-200;180
222;-205
-169;-164
-206;189
-190;-163
183;202
213;205
-222;215
-175;193
-204;194
-185;-202
156;211
-157;-172
-180;-177
207;215
-153;-247
-236;194
207;193
172;-151
-198;168
-179;-166
127;-151
-175;162
144;-174
-192;-212
-179;154
193;-195
153;175
165;-213
-169;-187
-151;-196
-147;191
-128;-172
-174;-168
175;153
-181;-174
157;164
-195;-187
-209;-192
-165;175
189;-171
203;-172
201;-158
174;143
177;-168
152;191
-185;201
166;182
190;188
186;199
-181;-207
220;-201
146;-165
-175;169
171;198
195;190
-187;-173
-174;194
-205;-191
-176;134
-197;-186
-165;-182
-198;187
173;-164
210;-191
165;188
-186;-195
-170;-216
197;201
-201;-157
173;-172
256;-165
221;-168
195;-237
202;-208
190;-213
-190;-236
-187;198
-220;190
180;-149
-183;167
-147;-179
195;173
189;183
203;-170
-155;-155
199;-192
-133;163
153;175
180;-184
-172;-228
-197;183
181;187
-183;-168
-143;-180
-179;-181
194;175
-161;-204
-195;-194
-177;203
156;141
194;-196
-171;-196
-176;-199
200;177
206;181
-178;175
-184;-174
-172;177
203;209
-181;234
-141;223
188;-164
193;185
185;177
-177;152
-167;167
-235;-174
-199;186
-198;178
216;-242
199;160
204;170
175;-184
-208;-161
-197;-198
-155;-190
-187;202
-185;-175
181;172
193;178
245;-190
-161;176
156;180
198;184
173;-196
193;-180
-229;193
171;-163
-174;181
155;195
-180;-198
152;205
-192;-219
156;189
-192;-201
-161;-217
176;-149
173;-167
207;-183
216;-178
-196;193
180;214
184;179
-225;221
-182;-150
210;184
159;165
-171;-188
193;-165
-201;-181
-187;-200
183;-192
205;153
208;-145
173;-163
-185;201
179;181
223;168
-200;144
125;210
172;190
181;-157
-132;-182
144;186
-176;172
-236;192
-190;166
162;-229
200;195
144;177
210;-189
176;162
218;-200
-149;183
-177;-163
188;-173
-207;-195
195;181
232;180
-161;189
-187;-151
144;-164
-164;171
-184;173
159;-183
182;-180
204;199
219;155
190;176
-189;212
169;-196
-197;-131
-163;167
-174;190
-128;-162
-173;-211
-202;193
-195;177
170;-138
-207;170
-166;160
-167;-188
-185;173
-158;143
182;-156
-155;176
207;159
-160;159
169;161
142;206
169;-163
-223;-181
176;191
-184;-179
-192;-211
132;-184
-153;-171
-157;-199
-161;201
166;233
-202;-168
-200;165
194;170
-182;-181
-178;-209
-216;183
166;-165
-167;203
228;-173
-212;151
157;204
170;189
183;217
-175;-180
-164;-189
191;174
-205;-200
-205;171
-163;-150
-185;-213
-176;199
184;-199
150;-198
160;-228
154;-166
-175;188
174;-195
185;172
159;-180
-164;146
197;196
223;-170
-185;185
150;-156
-189;211
-178;-165
-187;196
172;-167
-178;-158
198;212
142;-208
191;140
155;-148
-195;168
-178;162
-177;197
197;-193
-185;-178
-207;202
-146;-207
-149;167
136;-179
204;-157
-170;-152
-193;-201
-182;197
183;-144
188;183
217;212
-166;-192
185;-183
-159;190
-186;-193
-165;-186
-177;-180
-215;-190
-163;-218
201;-175
189;171
-179;-207
-169;-188
170;199
159;178
158;212
169;174
-197;200
-191;181
-187;159
196;197
168;-207
-198;153
-176;152
-172;162
191;-213
-184;144
160;-169
173;-184
167;-180
-215;-219
162;216
160;185
190;171
192;-174
-179;175
-208;-205
-202;206
181;-188
-206;193
181;-184
181;205
152;-206
-211;-194
-226;-184
-167;151
-179;-190
171;-158
-190;-191
180;-229
-143;-169
-197;156
-151;163
-190;-183
168;-176
-185;176
189;200
179;-175
-189;-125
177;157
179;-165
-200;-197
160;-162
173;206
201;180
-177;157
171;-175
-201;191
203;168
-187;-194
-166;-187
236;-165
-186;-177
217;216
-210;179
173;-206
179;-195
159;135
161;-173
163;-177
204;-216
193;192
176;-189
224;185
205;-171
-138;-172
-204;179
179;-154
-215;-194
-186;-224
187;-188
-209;138
-216;-180
-194;-157
156;167
-189;-201
172;-179
214;186
-206;177
173;194
199;-163
135;131
188;177
-191;-174
188;143
-176;175
-133;171
172;168
161;-170
-172;165
-201;-173
-224;174
-155;164
-167;168
194;168
-191;-168
152;170
206;-209
171;203
242;204
211;182
-168;166
227;-183
-198;184
195;-201
192;-167
-206;-162
181;224
-166;164
178;-174
-184;166
-168;174
169;-229
196;144
165;-212
187;-191
181;185
-155;206
-172;168
-212;-204
-163;194
142;-169
-188;-171
172;173
176;-193
-172;150
203;-180
193;214
177;164
194;-174
147;179
-188;-146
-218;-208
-184;-175
221;198
-181;-176
-194;205
-255;-212
-211;-198
-226;-175
-168;203
226;-185
-184;190
-211;199
-229;-145
158;123
-189;163
208;189
-225;-182
-185;194
-162;-169
-203;-163
171;159
-193;204
153;130
-121;181
-189;-163
-199;159
170;-192
-190;-119
-198;-170
149;-181
186;174
-181;-139
206;153
-185;-175
237;161
-187;210
-127;235
160;-199
140;-171
-158;212
210;-199
-135;194
-244;-170
-149;188
181;187
183;-197
159;-228
-212;-146
193;225
-196;171
186;176
164;172
-175;152
163;172
160;-172
184;-201
204;205
-216;-162
190;168
-175;219
208;-168
-205;189
162;-179
-208;-181
202;236
189;190
-183;218
196;193
188;-213
189;-159
174;196
174;163
-215;-202
174;-207
-237;-189
-188;-184
178;163
205;-215
-182;-187
156;-177
172;168
-180;134
-171;169
-155;178
-152;156
-196;-196
-186;149
-201;-168
-180;167
-203;-206
168;-193
-180;-191
166;-184
-190;165
-157;205
-161;-181
169;-211
204;162
190;194
-201;-199
168;-190
142;-213
-157;-131
-151;-140
168;-189
-165;-209
189;183
131;-144
-177;-142
-192;181
154;167
192;185
163;159
-160;179
131;187
184;198
-169;-155
-212;174
-197;-170
189;-176
154;-155
-198;-179
-176;181
169;159
205;183
-153;210
171;-156
184;-174
181;-181
185;182
-152;-189
188;138
-173;188
-175;136
-138;214
191;-210
-196;217
158;217
170;-186
206;187
120;176
-192;-187
-168;-182
-209;-182
167;178
181;166
134;-167
176;-221
188;172
-197;145
-186;193
198;187
-195;-175
167;-198
202;-183
-154;171
-175;205
-195;-189
233;208
172;203
172;-178
-173;-181
185;-175
193;176
178;-186
156;-174
172;176
179;-148
194;153
-190;-214
202;-167
-220;167
-211;216
-197;180
180;168
177;-156
148;170
197;-142
-159;159
182;169
-214;207
-212;203
192;185
-197;207
199;209
-173;213
153;-240
-154;161
204;-181
229;169
-182;-197
185;-243
190;-242
-181;156
175;-204
175;260
169;-199
191;201
163;219
174;183
-181;171
164;-168
180;-182
136;-172
187;-169
190;162
185;177
-218;-213
-204;-191
-203;-180
-161;133
231;-193
-167;-172
-193;194
201;-224
-204;167
-223;-181
-172;157
195;186
-209;169
-175;167
-176;159
186;202
-197;-205
178;-193
-173;217
-208;201
201;170
-194;180
226;-187
-204;-157
-204;162
-153;-175
-181;-174
178;162
161;161
144;201
244;160
-167;-189
-177;-189
179;-168
174;170
-190;-147
220;161
-143;244
-231;-220
-163;-164
-188;186
-180;163
-177;184
185;-174
-187;-186
-161;218
-205;-163
177;154
211;163
-177;196
-168;198
-189;215
-192;-184
182;145
-196;-175
-201;-171
209;201
-191;-170
-177;165
179;171
172;-200
-165;153
-151;-215
218;-174
-170;182
169;-181
-151;-188
-174;152
225;-193
187;150
190;-219
-189;-164
-186;-187
-166;207
-193;-147
-189;-222
169;163
-144;-182
168;164
-135;-182
-188;-180
-192;163
153;-220
187;-210
200;-207
163;224
158;-176
147;166
-174;204
182;158
243;169
198;163
-213;-180
169;-188
148;-178
-147;201
171;168
177;209
-205;-212
-183;192
-141;-192
-183;169
-176;-177
-177;-205
-163;190
184;-208
208;-174
207;158
-194;-185
-174;-183
167;205
-160;-184
179;-185
192;-191
143;-216
205;-215
190;-189
172;-174
-177;-155
-147;184
-183;194
196;-152
-167;183
-166;-154
161;210
152;195
194;-165
-178;-176
144;-147
-124;159
176;180
146;-162
-187;-156
-183;176
214;192
-195;-216
-176;-160
-197;-186
177;162
-186;-176
-204;-176
-225;156
200;232
153;-133
-161;-194
-165;-194
204;191
205;139
-184;206
-212;-202
-195;169
158;181
-158;195
-212;177
152;-211
188;193
195;177
-182;223
-234;182
-188;-185
-164;211
-188;173
180;-170
162;155
193;193
203;-177
-205;-185
-191;-206
-224;-213
-176;173
-221;-197
192;167
172;191
172;-202
-191;208
200;170
156;150
182;-161
166;-209
-212;205
158;-161
-163;224
149;179
-174;-164
168;135
-155;-163
168;167
-156;-218
-197;-173
140;-178
155;-190
159;-150
200;-194
-173;174
180;148
199;172
-162;172
-180;-167
185;161
195;166
-197;-155
191;-205
-153;-194
-189;-201
179;-211
191;170
161;-158
206;-153
-213;226
159;229
177;179
-164;194
181;194
159;162
171;-195
-221;-146
158;162
-132;202
-119;195
-145;173
175;-183
178;206
134;169
215;-171
209;204
148;-194
-177;171
-196;-175
165;-206
-151;-187
174;171
193;173
-195;148
-190;-165
176;-210
-161;174
-179;157
164;-187
166;-182
198;183
193;151
218;166
-153;209
164;-139
-215;-131
-127;192
-151;170
-185;-156
-204;-151
-166;136
-165;175
144;-233
-205;171
-181;181
-177;-176
-157;196
-163;182
164;-147
-177;163
206;173
-178;160
178;165
201;158
178;-209
-228;-180
210;180
-160;-203
-146;-180
257;-178
-221;-221
-162;-166
-167;148
248;166
-194;-166
-156;181
184;150
-181;-183
-166;-166
-162;179
188;-173
-138;202
177;-149
-157;184
195;180
163;157
206;159
-139;-215
-149;-144
186;172
-158;-194
-183;164
-137;-160
-175;-174
-177;191
179;-171
198;-177
210;-165
175;-151
-148;224
195;-198
144;177
169;-168
-180;187
183;125
158;-178
-156;174
158;-185
-175;169
-174;-127
-196;169
213;-153
-202;-160
197;199
156;-162
174;161
188;-162
-189;156
-191;172
-176;190
194;-140
-200;-181
-181;165
-199;-185
-185;174
203;-185
219;-225
-177;-184
-184;-196
-170;172
200;-215
188;175
194;140
-158;-176
134;-168
-205;175
-187;-185
-214;-165
-168;-164
-177;-147
-158;-156
167;-151
162;196
-123;-173
-191;-202
166;178
204;191
167;156
166;143
-171;153
-178;171
-199;194
147;188
165;-156
-180;147
-158;177
-175;168
149;-220
-152;207
115;-188
186;-168
147;-169
-187;-133
175;137
176;144
192;140
139;-200
-140;178
-213;-117
-154;189
157;-196
-166;204
165;-183
190;160
217;-163
-189;-156
-202;-141
-194;163
-176;-120
172;-199
-205;-205
123;-150
-159;-143
-170;187
-193;217
-193;-155
189;-162
-196;127
179;196
152;-195
-216;-176
195;148
170;-181
-195;-193
183;-187
176;186
197;150
-220;226
157;-207
-147;167
187;155
-161;-164
-169;-161
169;-178
-191;-201
146;170
-177;184
225;-191
215;-179
123;202
198;-190
173;-186
187;-150
196;156
182;-160
190;194
183;-193
-149;-191
-156;183
174;-203
-180;-178
-185;-184
174;-139
-168;143
-146;-181
-185;-187
176;185
-196;-145
143;-168
177;189
-171;184
183;196
168;-200
194;170
183;167
-185;-145
198;172
-161;168
-153;174
207;194
143;-193
-201;169
-196;-178
-212;205
-186;169
-206;175
179;180
-185;-199
194;218
189;-171
186;170
148;188
149;167
-190;187
180;-154
-175;192
169;-181
177;-192
-184;-238
185;174
-192;197
218;-154
-195;184
-155;211
138;-152
188;146
196;-150
161;-179
184;161
-163;185
-225;220
-149;-197
-177;158
174;-118
-169;-172
193;190
185;-166
-175;170
166;-173
207;192
190;158
185;-156
155;192
-170;-148
-191;-224
-163;-176
160;163
-161;-190
-220;178
-160;-175
-187;-195
-158;-174
-184;158
184;-188
-174;149
-187;204
-180;-182
181;166
-170;158
187;169
-176;-158
-188;184
-186;-178
-184;-199
191;185
-227;201
176;173
-164;176
-198;-180
-161;189
183;-189
-173;-199
-148;-204
198;-162
168;163
-155;-164
161;199
-169;-183
166;184
-186;178
-191;159
178;-181
180;-140
-196;159
166;-163
-162;177
-160;-199
-200;130
173;191
175;-154
163;-178
-171;-157
145;196
-171;165
151;173
164;194
-172;171
154;157
184;-165
172;-170
182;176
-192;-203
167;205
-212;172
162;-181
-164;168
185;-180
-154;-172
124;173
138;162
-156;196
154;193
155;-198
176;-185
182;195
173;180
-140;-206
165;-175
-178;-163
-147;-169
145;198
185;-181
-195;-200
181;-192
159;158
-187;157
-194;179
-186;153
-170;180
-211;-153
-190;177
-171;-181
-157;160
-169;-183
156;-185
-165;-151
149;-179
-226;168
-209;183
-187;-154
171;-191
160;177
178;189
-165;-212
167;-162
179;-202
-177;-170
-163;-174
134;-165
-194;-177
144;187
168;-186
-152;-205
-181;171
178;170
165;147
151;166
-186;170
179;159
181;159
-186;-145
-165;192
-169;-202
173;-166
180;-160
-162;-159
-189;192
192;180
195;199
-184;172
221;-164
194;-179
155;-169
173;139
-185;-173
212;168
-166;197
-182;180
-193;174
165;-182
-189;188
197;151
237;-162
194;169
140;212
-176;-181
-154;-194
-186;-165
175;213
170;181
197;-198
150;-163
190;158
-182;195
-168;125
151;165
-174;-186
162;-168
173;-169
-168;144
-171;192
-186;-200
155;173
214;175
165;-216
-182;-155
176;-173
224;212
193;-200
203;-191
183;173
192;-206
182;191
-162;-158
183;-237
-187;200
-169;201
-175;203
192;225
161;-158
165;170
156;-154
-187;207
184;158
-175;202
-145;216
219;197
-184;206
154;186
-237;175
200;-175
-165;167
190;-150
179;220
-219;-211
171;-171
191;-152
-241;163
177;-172
167;183
190;-172
182;211
166;157
154;165
-190;180
181;-193
206;-149
187;-190
189;-180
165;184
174;177
-175;-138
-166;-161
-192;-212
-193;186
185;-142
-189;-193
-210;195
180;-194
-172;168
-184;-159
-138;180
176;173
-237;195
-177;159
-188;209
207;172
-174;-169
171;-167
-174;173
-189;172
185;146
-200;200
156;-225
-186;-168
-193;189
-205;-188
-187;-213
215;171
165;201
216;178
184;169
-210;-164
-167;-192
181;-201
169;206
-201;-211
177;196
-185;169
-182;-193
-192;-220
-200;204
-192;170
-175;188
209;-200
-201;-204
-192;226
-190;-190
185;190
166;169
-179;173
-190;160
-205;120
-178;-147
199;213
-146;-170
-188;-187
143;207
-179;-164
-193;154
183;162
188;-179
-217;185
-164;-189
183;-220
-200;173
145;-180
-171;-165
-187;152
153;-158
202;154
154;-182
-165;-155
-160;-188
-173;170
-182;-133
-232;-186
245;129
-171;-191
183;166
-170;-167
-179;-152
-146;189
153;-170
184;-224
195;-198
229;143
170;-230
214;223
-167;199
204;143
197;193
194;197
-171;-180
211;-185
179;-188
-181;205
128;185
198;224
-224;-222
-171;207
-156;-193
-202;157
-178;-181
-193;-212
-166;199
178;-165
203;-128
178;202
-158;-194
-205;-195
202;202
-177;-175
198;-192
195;-175
171;-121
207;-201
151;-165
150;-179
-179;-152
-163;198
-192;167
183;-159
-164;151
-170;-209
191;201
171;157
128;-148
-170;-178
179;-184
-155;148
209;170
167;-159
-221;-173
-196;196
191;172
-144;-202
-180;-180
-177;-183
215;190
-175;-146
-177;-150
-195;172
210;187
201;-164
-205;-183
-199;-141
199;187
194;155
-185;162
-190;-166
-164;195
219;241
-202;231
-179;197
184;-202
195;199
154;142
-149;148
-207;155
-181;-201
-156;175
-159;185
196;-205
194;202
195;203
164;-207
-180;-203
-173;-179
-130;-172
-160;146
-195;-161
226;187
204;152
187;-169
-164;163
165;207
178;163
172;-166
184;-184
-180;177
123;-173
-185;189
151;170
-206;-143
197;140
-205;-194
189;190
-229;-170
-207;-154
175;-192
201;-154
195;-176
201;-162
-174;175
191;193
163;168
-202;158
-203;-171
210;171
197;170
-183;-195
204;-189
-197;-194
-187;-188
198;-176
204;184
189;-170
156;-180
-161;179
152;168
199;180
-216;165
168;177
160;169
164;-200
-212;-169
191;180
-174;197
-193;205
-178;186
203;-209
230;220
161;219
192;-207
239;185
178;-220
-147;184
-198;-121
156;-209
-163;-176
178;174
147;194
-167;163
-238;-114
189;-172
-196;157
-192;155
165;-202
166;-148
147;173
197;209
198;163
-205;156
167;-171
-155;-148
-181;198
-181;195
-179;-197
-191;-135
-178;186
-164;211
143;-185
-154;164
-178;178
-165;-185
-185;210
-231;184
161;-186
-196;231
166;186
-192;187
185;201
146;189
166;-160
-166;-175
143;189
-179;-216
-198;-154
173;-163
-178;-191
-186;-183
-174;166
172;156
-159;-140
-209;206
202;165
-180;-148
-176;-165
-181;183
207;-183
-187;202
170;-175
-195;191
251;195
208;205
180;176
-183;-215
-200;-180
213;199
-180;-234
-186;173
-164;-160
-157;-173
-160;181
174;-171
174;-178
180;-199
183;-161
-146;171
175;-167
195;163
165;-179
-180;212
197;221
254;-188
-131;153
200;-193
-161;182
-171;-169
-122;194
174;-242
-195;-175
174;168
211;-218
161;157
185;-170
-165;189
-165;194
-156;150
208;-201
-182;-188
-177;192
-175;-181
-198;158
158;-171
220;-189
-188;-173
-155;-165
-186;176
197;-183
242;196
185;179
-177;-178
153;-179
-259;189
-157;-202
-155;-163
-190;-171
-185;-137
-159;-248
167;-207
190;215
-211;-212
-191;-173
143;202
183;193
178;151
195;163
-177;208
-208;186
-164;192
189;188
192;-180
-198;153
-204;183
-185;162
175;-176
-202;179
184;-173
180;-149
232;-177
-156;-189
186;188
202;159
161;162
173;-185
-172;176
-199;-155
-160;152
191;-206
-179;203
167;-233
210;155
119;-214
-190;-179
-178;-176
-169;175
-183;-172
134;-201
-219;-175
204;-185
-155;-195
-190;179
-210;170
-211;-188
190;-162
-169;195
188;187
165;-170
-161;-191
150;159
170;-192
-222;-166
177;-194
174;221
178;204
-184;167
190;-172
-237;211
197;188
-152;-158
-216;-210
217;-214
-178;-198
175;221
-197;161
174;-216
179;-203
196;177
170;-197
179;-178
197;-121
216;193
209;-149
164;172
158;-182
-206;-188
-193;152
175;-196
-168;-205
-152;-222
182;-174
-176;158
-181;-202
-191;-163
168;184
-180;-147
164;-229
194;183
-167;161
204;181
167;-207
234;154
215;169
-217;-177
182;199
-206;168
-219;181
171;225
197;-185
-167;180
-200;-190
-176;186
-205;159
-152;215
167;189
-148;-165
166;163
201;-185
183;169
137;188
177;166
-221;185
216;-220
-206;183
182;-193
150;-168
-182;-209
203;176
-202;175
173;-180
-128;200
-147;231
173;-193
169;176
188;-226
200;-244
158;153
-156;177
-143;179
-226;-175
-189;219
202;-187
-187;-174
178;184
198;-184
-190;179
212;-189
172;176
155;190
172;-167
182;182
-139;-157
-162;-216
-206;-189
212;193
-161;-146
-137;145
-179;-179
-191;-188
-166;-187
-179;173
165;-174
-181;202
-134;142
-211;-144
177;182
-187;179
203;178
-193;-185
-170;162
-194;-148
-195;-231
156;159
-182;218
204;153
-158;204
-246;-169
-216;220
197;-198
-190;-193
-173;-181
169;-174
182;196
-210;-174
195;211
-207;-193
201;204
-197;200
-151;169
176;-186
164;-155
-230;201
193;-204
-185;160
-198;-208
-180;171
205;153
155;-236
236;-196
-190;-214
243;177
-147;190
218;201
192;161
-164;197
180;226
201;-214
193;-160
200;191
-205;-178
206;199
-179;161
151;-157
-165;201
181;-180
-179;-215
180;161
155;188
-187;144
194;163
231;-164
206;-196
220;195
167;180
-168;-157
184;-152
-191;-178
-203;-203
177;187
199;-192
-185;-161
167;-211
208;161
-179;226
-184;203
-190;177
-194;223
-209;-198
-180;203
-180;-168
-152;166
-189;-216
164;-176
-164;-174
162;-185
-217;199
-170;191
-207;-193
202;-185
185;170
188;208
-173;-223
208;-211
197;-183
-150;-158
-159;-146
177;-192
-199;-184
208;166
217;-175
-167;-184
-188;188
157;167
163;185
191;190
-186;180
181;190
210;206
-155;-166
-209;-169
-149;227
224;174
172;-201
-187;-191
-205;206
163;187
179;-199
-205;208
159;194
171;206
179;225
199;204
-232;177
158;184
-232;191
-197;198
204;204
154;170
-176;178
191;194
156;213
139;-182
138;187
-168;188
-167;192
-160;173
157;-215
205;-180
-185;155
170;167
-204;-174
-193;171
217;192
-181;189
193;-139
-170;-186
163;-200
-197;228
-145;177
196;205
-204;193
197;-171
190;194
-200;147
181;212
-186;-181
150;-196
204;156
130;201
223;-165
170;-177
158;192
156;199
192;172
197;-186
-173;185
152;173
-209;207
163;186
242;-178
-219;135
-170;-189
215;-227
193;-220
145;170
-193;-211
-180;-158
-181;-215
178;195
146;165
-185;-207
-179;-171
193;-169
-194;202
-183;-180
-204;-145
179;144
-181;-142
-169;-179
208;179
202;152
185;-238
191;144
169;-161
196;213
-175;192
-189;160
-200;-132
-145;-193
-212;-194
171;-192
-213;-178
-192;176
189;-181
-232;-192
-193;206
151;-179
-189;176
230;-196
-200;205
-194;-209
-152;-177
-192;144
191;197
-215;189
-171;-188
-205;-198
192;203
-200;184
-181;-199
151;201
-221;180
-175;201
-218;206
219;-185
183;-159
-190;169
-137;-201
179;218
-204;-207
-214;195
-152;-159
-208;158
146;191
197;201
173;-195
202;-156
167;162
-227;157
167;177
161;178
174;198
182;-190
131;-172
171;147
-189;142
145;184
-202;179
-170;-171
180;-127
-186;158
227;165
-220;-189
-191;200
-158;219
-160;194
-202;-147
-181;196
185;168
-189;-162
193;220
195;-191
162;-207
-149;185
-181;-149
-202;-218
234;184
-194;-182
140;176
194;-176
174;-205
175;-165
175;203
-192;189
-181;-189
196;-164
-196;145
182;199
-193;-202
-206;142
-192;-141
-193;185
172;-187
-205;183
-193;177
-143;-173
175;217
-164;182
-199;178
-233;164
-212;-196
178;192
-197;-208
-212;148
183;-172
-196;176
160;174
178;-168
-162;-196
185;-204
-168;-188
117;160
168;173
-192;188
-207;173
178;-168
-184;177
-175;-158
-201;164
-191;203
-214;-222
-224;-194
180;185
-177;205
160;-242
192;187
161;-183
184;178
144;-215
-194;-179
216;-205
-164;223
171;-192
-183;209
-193;-180
-206;-172
-209;-159
-167;203
190;-200
180;173
-200;-189
188;-198
-166;-164
-173;-193
172;199
-182;-217
167;194
-174;-197
-161;-183
-212;174
-173;170
202;206
156;179
-203;206
-241;167
195;-170
167;192
-190;176
179;-190
-183;167
192;191
181;-157
-136;-227
155;-175
-209;153
201;-151
171;153
-146;-195
-151;-164
-163;-197
-197;198
-181;-186
211;164
209;210
168;-177
-171;-153
161;191
171;133
-171;206
-183;-179
-182;-151
-179;180
141;-192
194;-170
-188;-170
-162;171
188;150
-193;-147
186;182
-208;-166
160;-208
171;-173
157;-203
-158;-169
-185;-191
-176;-151
-186;-182
-179;-204
-175;-167
-223;-176
205;183
158;-139
192;152
-163;141
-153;169
196;189
-156;-167
-178;142
158;195
168;154
177;233
184;-179
-167;-200
-222;189
215;-205
-201;-164
-206;-156
-183;-174
197;160
-176;-133
167;-180
-168;-158
223;164
-194;147
183;189
180;-174
-171;182
142;158
-158;-165
196;189
196;172
180;157
-172;182
138;-163
151;182
176;168
162;-164
185;147
143;167
-184;172
190;192
-193;-178
-185;-167
184;-204
-174;-188
-211;168
215;198
152;163
205;-203
174;145
-176;164
-153;-149
-192;-154
141;-171
-194;174
-174;-182
-153;-219
168;174
-148;168
139;198
-180;-183
-195;170
-214;154
188;-171
197;158
-178;-204
-203;-219
-192;168
-156;167
220;159
198;-183
170;-219
157;-193
220;185
-227;-199
179;180
164;-200
-177;227
189;135
169;-198
-192;-168
186;-187
164;-162
142;203
-161;140
-180;187
201;-212
166;176
-196;-159
157;122
161;-179
-188;-203
145;-185
191;-146
-149;146
193;187
186;-176
-227;-213
-177;181
178;186
165;164
186;-225
-191;-173
-185;-214
149;171
189;163
200;156
-171;-186
-162;-173
195;-151
173;151
163;-191
-179;157
163;-189
-161;-189
167;183
-186;-182
168;-147
166;-147
180;197
-176;196
-183;-213
174;-165
-180;-182
-178;158
155;-197
-219;-213
-196;206
-212;194
-203;-172
225;197
-184;181
-159;204
-170;184
-163;-198
-158;161
-126;213
-237;-143
-155;189
-173;206
-178;211
166;181
168;-189
-158;-212
187;-236
-204;171
-169;203
-185;-190
-203;168
142;181
157;-177
-189;195
192;-143
-213;-195
175;175
199;203
-214;-245
-175;210
-192;-202
-189;194
-177;-191
-194;159
-203;202
-163;-193
-145;-211
-215;-176
-193;173
201;156
171;-169
-152;173
176;-145
-163;170
135;-167
183;151
200;145
-207;-201
165;-194
-150;186
-184;158
-186;-187
196;185
174;-186
-169;181
-182;-169
182;-146
168;-162
177;174
-178;180
-185;177
-165;-181
182;198
-208;201
-183;204
-213;-151
140;-177
197;-155
-185;-181
-214;258
-222;-166
177;-208
155;-220
-202;-198
-167;257
185;135
-173;-176
-182;192
-180;183
180;188
-148;130
-162;-177
-176;-189
-187;168
141;-205
-188;190
-176;167
-198;-167
185;-190
187;188
162;-182
-225;193
230;-178
-210;-169
187;-217
174;164
184;213
-215;-186
190;-181
173;-165
185;-169
-164;165
183;184
150;-178
-148;190
191;-152
-154;161
170;-165
-177;-192
212;-185
210;-127
170;194
195;-193
-165;-195
155;201
207;189
-147;182
209;-165
-205;182
-173;227
210;-203
181;160
-166;186
174;178
-204;-197
-177;-165
-177;191
227;171
-136;181
-177;-135
-231;-183
138;179
-185;-150
-165;170
-137;205
-166;198
165;205
195;149
215;164
-164;-147
-193;-158
192;-167
216;158
-151;-195
192;-198
-181;218
-171;195
188;190
179;-210
203;178
-223;-170
212;206
-180;-208
-215;120
189;-201
-216;185
175;-211
184;-179
195;192
-186;-190
-166;186
164;-159
174;-182
167;137
166;196
170;-204
180;-173
-193;196
181;170
230;-200
-209;193
-201;-169
175;-234
195;-178
-166;175
173;153
-194;-174
-226;183
-214;-165
-151;207
-208;-168
-169;-210
-163;-207
161;177
196;163
177;-159
-174;-198
-182;-146
174;-178
191;186
-168;171
-225;-178
185;166
-166;-189
171;-206
159;-169
-183;-174
209;172
-166;179
155;162
203;184
159;-155
-194;-165
-197;-136
199;-145
191;177
192;147
-149;144
158;-179
-137;-220
198;144
189;-177
215;-217
216;-179
169;160
237;-164
192;206
-225;-177
-152;-172
-215;-223
175;-189
140;162
154;-197
181;204
193;-171
-211;196
-188;-175
-186;182
217;184
182;231
-175;-201
-181;218
163;-194
218;186
181;-151
229;-167
161;-204
187;181
-132;204
-181;169
-223;-130
191;219
206;178
-149;-145
-189;-172
-157;199
164;-153
-210;163
-179;197
159;-166
192;183
-175;167
-180;169
183;-153
186;-175
198;-162
194;-177
186;164
-172;200
-190;210
164;168
193;-176
156;220
-182;156
-174;211
-206;205
-171;-182
-167;213
-196;184
-192;-210
207;-192
-230;209
148;169
184;215
180;-195
152;198
193;180
-186;198
-205;192
188;177
173;-198
-192;196
-134;-203
179;-155
148;-149
-188;-172
-176;171
154;157
177;184
-181;157
167;-179
213;-153
169;-159
202;167
-122;-196
174;158
-161;193
-175;182
-196;200
162;-205
-128;188
181;172
210;-197
162;157
184;168
-201;-146
-192;-173
-200;-149
158;145
171;171
149;-179
142;-199
179;190
-180;194
-210;174
202;193
-163;-197
164;-195
222;-180
-170;166
-174;201
-191;-186
150;134
185;176
179;-191
-182;-165
189;-172
170;173
181;-167
138;-201
199;160
154;-185
185;173
-162;-181
178;-195
-181;179
-217;140
-192;166
163;206
195;-165
166;179
153;-149
-147;172
174;232
-164;169
-184;144
174;181
-192;204
190;139
-184;183
163;-163
-167;190
160;-184
202;198
-184;-163
167;-221
209;-200
-167;149
158;-205
186;139
148;-181
178;179
141;190
175;166
-161;153
171;-187
191;-150
182;-168
141;-161
153;156
165;127
-182;-221
-166;-175
-190;-205
-157;229
169;-187
-191;-185
-163;171
145;-191
-152;184
-179;-189
-166;130
192;179
-208;146
-174;201
-201;169
146;208
-172;-162
133;-151
-165;175
-158;165
160;204
-178;169
173;-190
-170;-171
-178;163
-175;-186
-167;-167
175;173
186;178
170;184
173;186
-175;-183
-172;-229
185;-183
159;168
-201;-186
155;212
-152;175
-185;-172
-206;-197
-189;160
-177;166
-159;170
156;-190
-195;-148
-193;179
-136;-202
154;157
153;197
-147;178
-176;159
-200;204
-179;-193
190;173
-177;-145
-168;-181
182;171
-201;-169
-158;189
156;142
187;-167
-224;199
-190;-198
200;-172
-191;234
171;-163
-180;-174
-205;184
183;-179
182;153
170;-185
-142;-189
-196;-163
-165;195
-172;-163
-162;-217
173;183
-187;-194
188;173
-179;-196
-172;-190
-162;177
153;-168
171;-176
197;-168
221;215
134;-162
160;192
-142;184
156;190
161;162
182;165
-170;-197
202;-176
152;-164
-193;188
183;173
137;203
-136;-178
-175;199
-187;-209
-150;182
-199;-155
-191;-172
-178;142
192;-201
150;-159
166;146
-149;-167
-152;-153
216;160
-163;-172
168;-128
183;-196
130;-186
147;-196
150;-176
164;-135
-197;-186
-193;150
-204;187
207;-183
-180;192
-197;-202
213;156
173;189
178;-175
-215;-161
177;-172
-165;164
174;199
171;-186
-169;-202
-148;197
184;172
-169;-209
-172;-188
-166;-143
142;183
-194;-207
-156;-192
-189;149
168;197
194;-178
-164;-194
-171;-178
141;209
173;213
-182;168
-129;-198
-166;128
169;206
-206;196
-205;182
161;-171
133;201
185;184
-214;189
-179;170
-182;-175
-180;193
-130;217
192;-154
178;151
172;142
160;-197
-168;-183
-172;-159
-138;-183
-198;197
-156;-156
178;171
149;188
183;-181
-189;168
176;127
160;188
182;-145
144;-149
-139;165
193;-165
-175;159
156;190
-184;-173
184;176
-145;-187
160;211
-168;-188
-165;-185
212;-167
208;-172
189;-174
200;-167
-224;151
163;162
183;178
-202;175
-221;-218
186;170
241;220
-197;-169
212;-200
-189;-168
-164;-190
179;-172
194;199
172;-183
195;-155
-159;152
182;182
168;179
-198;162
148;135
178;189
169;-206
-173;-226
169;207
-183;211
-211;174
-213;186
211;-153
126;182
195;200
156;-142
157;187
181;-167
-176;114
-139;-207
174;-163
-193;-188
167;191
174;173
-193;173
-125;-207
206;-161
-206;143
-186;154
186;-161
162;-176
153;168
169;157
174;194
-190;138
162;-152
-173;-190
-176;191
-166;182
-153;-178
-168;-189
-171;155
-169;181
198;-150
-178;164
-212;202
-181;-161
-215;177
-181;167
173;-155
-157;152
159;147
-203;184
150;126
177;191
178;-176
-180;-153
154;191
-155;-162
-165;-204
164;-178
-140;-164
-154;-160
-190;195
154;192
-166;-207
-209;152
122;154
-167;-148
-141;-184
-196;186
177;-164
-205;190
187;-149
-172;173
157;186
154;180
154;192
-148;-172
-186;-187
185;202
-167;-199
-165;161
-174;-141
-138;-174
-155;168
195;-182
194;-164
193;-185
187;-206
-179;179
168;-169
178;192
130;-158
-190;205
182;170
178;-139
-174;181
167;-158
-197;157
-170;-172
-188;188
183;-194
-235;-196
214;198
210;-172
183;187
178;-175
-171;163
-188;172
-209;176
149;-204
-163;-211
-141;177
-176;-182
-185;197
177;-168
181;-188
-197;-188
-161;-214
-156;148
145;-158
151;181
182;189
-161;-180
154;-167
-192;155
-174;-171
-190;-176
-172;-168
-161;-190
-158;-207
182;-169
175;193
-177;-201
-138;-175
145;200
147;195
171;167
160;177
-184;168
-208;157
-218;182
201;179
196;-140
-188;217
-200;168
-213;171
188;-171
-141;209
164;-175
197;-186
173;-191
-173;-184
188;133
206;168
183;204
193;-175
-166;201
-198;-185
-184;137
210;-152
-142;225
148;-168
166;138
164;-204
-203;-164
-198;-200
-195;198
-182;-226
182;-179
-201;-191
186;-196
-207;-160
-179;168
-179;156
-193;-181
182;-191
-188;197
181;145
199;-156
-139;-183
135;183
155;-167
-149;-203
153;-160
178;131
185;203
-165;198
183;-178
-163;190
174;220
-184;-172
-172;-216
183;-140
-155;-201
175;220
-181;179
166;-192
172;-144
188;164
160;-146
189;-152
204;-191
135;192
161;-178
170;180
163;-156
-187;-174
-196;201
176;-213
-121;-178
-168;-215
169;-172
-203;178
-140;-186
-162;-204
202;160
-204;-163
171;-180
186;170
-165;177
225;166
203;-218
179;153
181;201
-168;-202
213;169
-162;171
-156;195
145;184
162;-152
-199;164
-161;-189
-172;162
-194;161
-196;161
153;178
-209;-172
154;190
193;-176
200;183
198;171
165;180
-177;160
185;-183
-151;161
163;-169
206;-170
-203;-199
208;195
-149;161
210;-191
-164;154
-160;177
180;-162
182;160
164;-131
225;-218
192;139
-170;159
-183;173
-175;-183
-164;162
167;-144
-194;-153
141;164
172;-210
-200;202
213;-190
154;166
153;228
133;-168
202;170
-170;-180
-149;-167
-167;-152
171;176
-193;-181
-143;189
-162;-186
-155;-145
-165;-150
-123;178
177;-174
-206;206
-167;172
-182;-172
199;201
-176;167
193;167
-207;-181
-190;176
-163;-175
-187;-203
134;153
-185;135
179;211
-190;192
-182;-179
-161;202
177;-203
-158;-186
-189;-159
194;-177
194;141
-168;-157
182;157
-162;-183
184;158
-154;192
-196;197
190;-166
190;-149
-180;201
169;-151
-159;161
-188;-247
-200;143
171;197
166;-179
172;-136
-162;-193
171;188
-142;208
190;174
212;213
-208;178
202;218
202;-190
202;-212
148;237
-123;-176
181;182
-203;153
128;-166
-193;193
171;-142
-185;-152
140;164
171;167
-162;164
184;163
169;-140
172;-181
182;223
159;159
-220;-192
199;-198
-206;-188
-192;-173
166;174
201;-148
-157;-194
201;-171
175;170
-169;214
-176;189
-181;179
-179;200
-197;-181
-172;169
-185;-177
-190;182
-159;-190
204;-163
-166;-166
167;-204
-157;191
-181;173
-172;-205
147;-204
171;179
181;190
-157;-205
180;-170
175;-167
-179;-121
-204;-173
187;-168
-135;-194
161;192
160;-158
-179;-205
-181;224
203;220
191;184
197;184
-185;201
186;219
162;200
-198;-197
