Time (UNIX ms),UE ID,DRB.PdcpSduVolumeDL (kb),DRB.PdcpSduVolumeUL (kb),DRB.RlcSduDelayDl (μs),DRB.UEThpDl (kbps),DRB.UEThpUl (kbps),RRU.PrbTotDl (PRBs),RRU.PrbTotUl (PRBs),RSRP.Mean (dBm),RSRP.Minimum (dBm),RSRP.Quartile1 (dBm),RSRP.Median (dBm),RSRP.Quartile3 (dBm),RSRP.Maximum (dBm),RSRP.Count,N_PRB,RSSI (dBm),RSRQ (dB),PUSCH_SNR (dB),PUCCH_SNR (dB),DRB.HarqMcsUl,DRB.HarqMcsDl,DRB.HarqBlockErrorRateUl,DRB.HarqBlockErrorRateDl,DRB.MacSduRetransmissionRateUl,DRB.MacSduRetransmissionRateDl,DRB.MacSduErrorRateUl,DRB.MacSduErrorRateDl,CQI_SINGLE_CODEWORD,CQI_DUAL_CODEWORD,
1749053053544,6,8,4,0.00,8.86,4.70,918,5934,-75.77,-82.00,-82.00,-82.00,-66.00,-65.00,13,5,-57.99,6.53,23.50,43.00,0,0,0.00,0.00,0.00,0.00,0.00,0.00,0,0,
1749053054543,6,0,0,0.00,0.00,0.00,10,116,-76.00,-119.00,-82.00,-66.00,-66.00,-66.00,9,5,-58.22,6.53,21.00,43.00,0,0,0.00,0.00,0.00,0.00,0.00,0.00,0,0,
1749053055543,6,0,0,0.00,0.00,0.00,10,116,-76.00,-119.00,-82.00,-66.00,-66.00,-66.00,9,5,-58.22,6.53,21.50,44.00,0,0,0.00,0.00,0.00,0.00,0.00,0.00,0,0,
1749053056543,6,0,0,0.00,0.00,0.00,10,111,-72.18,-82.00,-82.00,-71.00,-66.00,-66.00,11,5,-54.40,6.63,21.50,44.00,0,0,0.00,0.00,0.00,0.00,0.00,0.00,0,0,
1749053057543,6,0,0,0.00,0.00,0.00,10,116,-70.57,-82.00,-82.00,-66.00,-66.00,-66.00,14,5,-52.79,6.68,22.50,44.00,0,0,0.00,0.00,0.00,0.00,0.00,0.00,0,0,
1749053058543,6,0,0,0.00,0.00,0.00,10,116,-77.60,-102.00,-82.00,-82.00,-66.00,-66.00,15,5,-59.82,6.49,22.00,44.00,0,0,0.00,0.00,0.00,0.00,0.00,0.00,0,0,
1749053059543,6,0,0,0.00,0.00,0.00,10,116,-77.60,-102.00,-82.00,-82.00,-66.00,-66.00,15,5,-59.82,6.49,22.50,44.00,0,0,0.00,0.00,0.00,0.00,0.00,0.00,0,0,
1749053060543,6,0,0,0.00,0.00,0.00,10,116,-71.38,-100.00,-76.50,-66.00,-66.00,-65.00,16,5,-53.59,6.66,22.50,44.00,0,0,0.00,0.00,0.00,0.00,0.00,0.00,0,0,
1749053061543,6,0,0,0.00,0.00,0.00,10,111,-69.69,-82.00,-74.00,-66.00,-65.00,-65.00,16,5,-51.91,6.71,21.50,44.00,0,0,0.00,0.00,0.00,0.00,0.00,0.00,0,0,
1749053062543,6,0,0,0.00,0.00,0.00,10,116,-69.19,-82.00,-68.50,-66.00,-66.00,-65.00,16,5,-51.41,6.73,21.00,44.00,0,0,0.00,0.00,0.00,0.00,0.00,0.00,0,0,
1749053063543,6,0,0,0.00,0.00,0.00,10,116,-71.93,-82.00,-82.00,-71.00,-66.00,-66.00,15,5,-54.15,6.64,23.00,44.00,0,0,0.00,0.00,0.00,0.00,0.00,0.00,0,0,
1749053064543,6,0,0,0.00,0.00,0.00,10,116,-71.93,-82.00,-82.00,-71.00,-66.00,-66.00,15,5,-54.15,6.64,23.50,44.00,0,0,0.00,0.00,0.00,0.00,0.00,0.00,0,0,
1749053065543,6,0,0,0.00,0.00,0.00,10,116,-71.19,-82.00,-82.00,-66.00,-66.00,-65.00,16,5,-53.41,6.66,21.00,44.00,0,0,0.00,0.00,0.00,0.00,0.00,0.00,0,0,
1749053066543,6,0,0,0.00,0.00,0.00,10,111,-71.00,-82.00,-82.00,-66.00,-66.00,-66.00,16,5,-53.22,6.67,21.00,43.00,0,0,0.00,0.00,0.00,0.00,0.00,0.00,0,0,
1749053067543,6,0,0,0.00,0.00,0.00,10,116,-70.20,-82.00,-71.00,-66.00,-66.00,-66.00,15,5,-52.42,6.70,21.00,43.00,0,0,0.00,0.00,0.00,0.00,0.00,0.00,0,0,
1749053068543,6,0,0,0.00,0.00,0.00,10,116,-70.20,-82.00,-71.00,-66.00,-66.00,-66.00,15,5,-52.42,6.70,21.50,44.00,0,0,0.00,0.00,0.00,0.00,0.00,0.00,0,0,
1749053069543,6,0,0,0.00,0.00,0.00,10,116,-72.67,-82.00,-82.00,-71.00,-66.00,-66.00,15,5,-54.89,6.62,21.00,44.00,0,0,0.00,0.00,0.00,0.00,0.00,0.00,0,0,
1749053070543,6,0,0,0.00,0.00,0.00,10,116,-70.60,-82.00,-82.00,-66.00,-66.00,-66.00,15,5,-52.82,6.68,21.50,44.00,0,0,0.00,0.00,0.00,0.00,0.00,0.00,0,0,
1749053071543,6,0,0,0.00,0.00,0.00,10,111,-70.00,-82.00,-74.00,-66.00,-66.00,-66.00,16,5,-52.22,6.70,21.00,44.00,0,0,0.00,0.00,0.00,0.00,0.00,0.00,0,0,
1749053072543,6,7,6,0.00,8.40,7.50,279,738,-70.00,-82.00,-74.00,-66.00,-66.00,-66.00,16,5,-52.22,6.70,22.50,46.00,0,0,0.07,0.00,0.00,0.00,0.00,0.00,0,0,
1749053073543,6,0,0,0.00,0.00,0.00,10,116,-70.00,-82.00,-74.00,-66.00,-66.00,-66.00,16,5,-52.22,6.70,23.00,44.00,0,0,0.03,0.00,0.00,0.00,0.00,0.00,0,0,
1749053074543,6,0,0,0.00,0.00,0.00,10,116,-72.31,-82.00,-82.00,-66.00,-66.00,-66.00,16,5,-54.53,6.63,23.00,44.00,0,0,0.01,0.00,0.00,0.00,0.00,0.00,0,0,
1749053075543,6,0,0,0.00,0.00,0.00,10,116,-76.13,-102.00,-82.00,-66.00,-66.00,-66.00,15,5,-58.35,6.52,22.00,44.00,0,0,0.00,0.00,0.00,0.00,0.00,0.00,0,0,
1749053076543,6,0,0,0.00,0.00,0.00,10,111,-74.87,-82.00,-82.00,-82.00,-66.00,-66.00,15,5,-57.09,6.56,22.50,43.00,0,0,0.00,0.00,0.00,0.00,0.00,0.00,0,0,
1749053077543,6,0,0,0.00,0.00,0.00,10,116,-85.88,-100.00,-100.00,-82.00,-74.00,-66.00,16,5,-68.09,6.31,22.50,42.00,0,0,0.00,0.00,0.00,0.00,0.00,0.00,0,0,
1749053078543,6,0,0,0.00,0.00,0.00,10,116,-85.88,-100.00,-100.00,-82.00,-74.00,-66.00,16,5,-68.09,6.31,22.00,43.00,0,0,0.00,0.00,0.00,0.00,0.00,0.00,0,0,
1749053079543,6,0,0,0.00,0.00,0.00,10,116,-84.07,-100.00,-100.00,-82.00,-71.00,-66.00,15,5,-66.29,6.34,22.00,43.00,0,0,0.00,0.00,0.00,0.00,0.00,0.00,0,0,
1749053080543,6,0,0,0.00,0.00,0.00,10,116,-78.67,-100.00,-82.00,-82.00,-66.00,-66.00,15,5,-60.89,6.46,22.00,43.00,0,0,0.00,0.00,0.00,0.00,0.00,0.00,0,0,
1749053081543,6,0,0,0.00,0.00,0.00,10,111,-79.69,-100.00,-82.00,-82.00,-71.00,-71.00,16,5,-61.91,6.44,21.50,43.00,0,0,0.00,0.00,0.00,0.00,0.00,0.00,0,0,
1749053082543,6,0,0,0.00,0.00,0.00,10,116,-79.69,-100.00,-82.00,-82.00,-71.00,-71.00,16,5,-61.91,6.44,22.50,43.00,0,0,0.00,0.00,0.00,0.00,0.00,0.00,0,0,
1749053083543,6,0,0,0.00,0.00,0.00,10,116,-74.25,-82.00,-82.00,-71.00,-66.00,-66.00,16,5,-56.47,6.57,22.00,42.00,0,0,0.00,0.00,0.00,0.00,0.00,0.00,0,0,
1749053084543,6,0,0,0.00,0.00,0.00,10,116,-73.56,-82.00,-82.00,-71.00,-66.00,-66.00,16,5,-55.78,6.59,22.00,43.00,0,0,0.00,0.00,0.00,0.00,0.00,0.00,0,0,
1749053085543,6,0,0,0.00,0.00,0.00,10,116,-74.73,-82.00,-82.00,-71.00,-71.00,-66.00,15,5,-56.95,6.56,21.50,44.00,0,0,0.00,0.00,0.00,0.00,0.00,0.00,0,0,
1749053086543,6,0,0,0.00,0.00,0.00,10,111,-76.88,-82.00,-82.00,-82.00,-71.00,-66.00,16,5,-59.09,6.50,22.00,44.00,0,0,0.00,0.00,0.00,0.00,0.00,0.00,0,0,
1749053087543,6,0,0,0.00,0.00,0.00,10,116,-76.88,-82.00,-82.00,-82.00,-71.00,-66.00,16,5,-59.09,6.50,22.00,43.00,0,0,0.00,0.00,0.00,0.00,0.00,0.00,0,0,
1749053088543,6,0,0,0.00,0.00,0.00,10,116,-77.60,-82.00,-82.00,-82.00,-71.00,-71.00,15,5,-59.82,6.49,21.50,44.00,0,0,0.00,0.00,0.00,0.00,0.00,0.00,0,0,
1749053089543,6,0,0,0.00,0.00,0.00,10,116,-78.33,-82.00,-82.00,-82.00,-71.00,-71.00,15,5,-60.55,6.47,22.00,44.00,0,0,0.00,0.00,0.00,0.00,0.00,0.00,0,0,
1749053090543,6,0,0,0.00,0.00,0.00,10,116,-77.38,-82.00,-82.00,-82.00,-71.00,-66.00,13,5,-59.60,6.49,22.50,44.00,0,0,0.00,0.00,0.00,0.00,0.00,0.00,0,0,
1749053091543,6,0,0,0.00,0.00,0.00,10,111,-77.38,-82.00,-82.00,-82.00,-71.00,-66.00,13,5,-59.60,6.49,22.50,43.00,1,0,0.00,0.00,0.00,0.00,0.00,0.00,0,0,
1749053092543,6,0,0,0.00,0.00,0.00,10,116,-74.15,-82.00,-82.00,-71.00,-66.00,-66.00,13,5,-56.37,6.58,21.50,44.00,1,0,0.00,0.00,0.00,0.00,0.00,0.00,0,0,
1749053093543,6,0,0,0.00,0.00,0.00,10,116,-71.53,-82.00,-82.00,-66.00,-66.00,-65.00,15,5,-53.75,6.65,21.50,44.00,1,0,0.00,0.00,0.00,0.00,0.00,0.00,0,0,
1749053094543,6,0,0,0.00,0.00,0.00,10,116,-72.07,-82.00,-82.00,-66.00,-66.00,-66.00,14,5,-54.29,6.64,21.00,43.00,1,0,0.00,0.00,0.00,0.00,0.00,0.00,0,0,
1749053095543,6,0,0,0.00,0.00,0.00,10,116,-75.56,-82.00,-82.00,-82.00,-66.00,-65.00,16,5,-57.78,6.54,21.00,43.00,1,0,0.00,0.00,0.00,0.00,0.00,0.00,0,0,
1749053096543,6,0,0,0.00,0.00,0.00,10,111,-75.56,-82.00,-82.00,-82.00,-66.00,-65.00,16,28,-50.30,42.06,24.00,44.00,0,0,0.00,0.00,0.00,0.00,0.00,0.00,0,0,
1749053097543,6,0,0,0.00,0.00,0.00,10,116,-71.67,-82.00,-82.00,-66.00,-66.00,-66.00,15,28,-46.40,43.24,24.00,45.00,0,0,0.00,0.00,0.00,0.00,0.00,0.00,0,0,
1749053098543,6,0,0,0.00,0.00,0.00,10,116,-70.80,-82.00,-82.00,-66.00,-66.00,-66.00,10,28,-45.54,43.53,24.50,45.00,0,0,0.00,0.00,0.00,0.00,0.00,0.00,0,0,
1749053099543,6,0,0,0.00,0.00,0.00,10,116,-68.31,-82.00,-66.00,-66.00,-66.00,-65.00,13,28,-43.04,44.43,24.50,45.00,0,0,0.00,0.00,0.00,0.00,0.00,0.00,0,0,
1749053100543,6,0,0,0.00,0.00,0.00,10,116,-68.31,-82.00,-66.00,-66.00,-66.00,-65.00,13,28,-43.04,44.43,24.00,45.00,0,0,0.00,0.00,0.00,0.00,0.00,0.00,0,0,
1749053101543,6,0,0,0.00,0.00,0.00,5,83,-68.13,-82.00,-66.00,-66.00,-66.00,-66.00,15,5,-50.35,6.77,20.50,46.00,0,0,0.00,0.00,0.00,0.00,0.00,0.00,0,0,
1749053102543,6,0,0,0.00,0.00,0.00,10,78,-69.20,-82.00,-66.00,-66.00,-66.00,-66.00,15,5,-51.42,6.73,21.00,44.00,0,0,0.00,0.00,0.00,0.00,0.00,0.00,0,0,
1749053103543,6,0,0,0.00,0.00,0.00,10,116,-68.88,-82.00,-74.00,-66.00,-66.00,-48.00,16,5,-51.09,6.74,22.00,44.00,0,0,0.00,0.00,0.00,0.00,0.00,0.00,0,0,
1749053104543,6,0,0,0.00,0.00,0.00,10,116,-66.00,-66.00,-66.00,-66.00,-66.00,-66.00,16,5,-48.22,6.84,22.50,45.00,0,0,0.00,0.00,0.00,0.00,0.00,0.00,0,0,
1749053105543,6,0,0,0.00,0.00,0.00,10,116,-66.00,-66.00,-66.00,-66.00,-66.00,-66.00,16,5,-48.22,6.84,22.00,45.00,0,0,0.00,0.00,0.00,0.00,0.00,0.00,0,0,
1749053106543,6,0,0,0.00,0.00,0.00,10,116,-66.00,-66.00,-66.00,-66.00,-66.00,-66.00,16,5,-48.22,6.84,22.00,44.00,0,0,0.00,0.00,0.00,0.00,0.00,0.00,0,0,
1749053107543,6,0,0,0.00,0.00,0.00,10,111,-69.25,-102.00,-66.00,-66.00,-66.00,-66.00,16,5,-51.47,6.73,21.00,44.00,0,0,0.00,0.00,0.00,0.00,0.00,0.00,0,0,
1749053108543,6,0,0,0.00,0.00,0.00,10,116,-66.94,-82.00,-66.00,-66.00,-66.00,-65.00,16,5,-49.16,6.81,20.50,44.00,0,0,0.00,0.00,0.00,0.00,0.00,0.00,0,0,
1749053109543,6,2,2,0.00,2.88,3.08,109,829,-67.94,-82.00,-66.00,-66.00,-66.00,-65.00,16,5,-50.16,6.77,21.00,44.00,0,0,0.00,0.00,0.00,0.00,0.00,0.00,0,0,
1749053110543,6,0,0,0.00,0.00,0.00,10,116,-67.94,-82.00,-66.00,-66.00,-66.00,-65.00,16,5,-50.16,6.77,21.00,44.00,0,0,0.00,0.00,0.00,0.00,0.00,0.00,0,0,
1749053111543,6,0,0,0.00,0.00,0.00,10,116,-65.88,-66.00,-66.00,-66.00,-66.00,-65.00,16,5,-48.09,6.85,21.50,44.00,0,0,0.00,0.00,0.00,0.00,0.00,0.00,0,0,
1749053112543,6,0,0,0.00,0.00,0.00,10,111,-65.88,-66.00,-66.00,-66.00,-66.00,-65.00,16,5,-48.09,6.85,22.50,44.00,0,0,0.00,0.00,0.00,0.00,0.00,0.00,0,0,
1749053113543,6,0,0,0.00,0.00,0.00,10,116,-70.25,-102.00,-66.00,-66.00,-65.50,-65.00,16,5,-52.47,6.69,25.00,44.00,0,0,0.00,0.00,0.00,0.00,0.00,0.00,0,0,
1749053114543,6,0,0,0.00,0.00,0.00,10,116,-70.25,-102.00,-66.00,-66.00,-65.50,-65.00,16,5,-52.47,6.69,24.50,43.00,0,0,0.00,0.00,0.00,0.00,0.00,0.00,0,0,
1749053115543,6,0,0,0.00,0.00,0.00,10,116,-69.80,-82.00,-82.00,-66.00,-65.00,-65.00,15,5,-52.02,6.71,22.50,44.00,0,0,0.00,0.00,0.00,0.00,0.00,0.00,0,0,
1749053116543,6,0,0,0.00,0.00,0.00,10,116,-73.00,-100.00,-74.00,-66.00,-65.00,-65.00,16,5,-55.22,6.61,23.00,43.00,0,0,0.00,0.00,0.00,0.00,0.00,0.00,0,0,
1749053117543,6,0,0,0.00,0.00,0.00,10,111,-72.33,-100.00,-82.00,-66.00,-66.00,-65.00,15,5,-54.55,6.63,21.50,44.00,0,0,0.00,0.00,0.00,0.00,0.00,0.00,0,0,
1749053118543,6,0,0,0.00,0.00,0.00,10,116,-70.80,-102.00,-71.00,-66.00,-66.00,-65.00,15,5,-53.02,6.68,22.50,44.00,0,0,0.00,0.00,0.00,0.00,0.00,0.00,0,0,
1749053119543,6,0,0,0.00,0.00,0.00,10,116,-70.80,-102.00,-71.00,-66.00,-66.00,-65.00,15,5,-53.02,6.68,22.00,43.00,0,0,0.00,0.00,0.00,0.00,0.00,0.00,0,0,
1749053120543,6,0,0,0.00,0.00,0.00,10,116,-70.88,-82.00,-82.00,-66.00,-66.00,-65.00,16,5,-53.09,6.67,23.00,44.00,0,0,0.00,0.00,0.00,0.00,0.00,0.00,0,0,
1749053121543,6,0,0,0.00,0.00,0.00,10,116,-71.81,-82.00,-82.00,-66.00,-66.00,-65.00,16,5,-54.03,6.65,22.00,44.00,0,0,0.00,0.00,0.00,0.00,0.00,0.00,0,0,
1749053122543,6,0,0,0.00,0.00,0.00,10,111,-72.56,-102.00,-82.00,-66.00,-65.00,-65.00,16,5,-54.78,6.62,23.50,43.00,0,0,0.00,0.00,0.00,0.00,0.00,0.00,0,0,
1749053123543,6,0,0,0.00,0.00,0.00,10,116,-72.56,-102.00,-82.00,-66.00,-65.00,-65.00,16,5,-54.78,6.62,23.50,44.00,0,0,0.00,0.00,0.00,0.00,0.00,0.00,0,0,
1749053124543,6,0,0,0.00,0.00,0.00,10,116,-73.50,-82.00,-82.00,-71.00,-66.00,-65.00,14,5,-55.72,6.60,23.00,43.00,0,0,0.00,0.00,0.00,0.00,0.00,0.00,0,0,
1749053125543,6,0,0,0.00,0.00,0.00,10,116,-77.50,-100.00,-82.00,-82.00,-66.00,-65.00,16,5,-59.72,6.49,22.00,44.00,0,0,0.00,0.00,0.00,0.00,0.00,0.00,0,0,
1749053126543,6,0,0,0.00,0.00,0.00,10,116,-73.50,-82.00,-82.00,-71.00,-66.00,-65.00,16,5,-55.72,6.60,21.50,45.00,0,0,0.00,0.00,0.00,0.00,0.00,0.00,0,0,
1749053127543,6,0,0,0.00,0.00,0.00,10,111,-71.81,-82.00,-82.00,-68.50,-66.00,-65.00,16,5,-54.03,6.65,23.00,44.00,0,0,0.00,0.00,0.00,0.00,0.00,0.00,0,0,
1749053128543,6,0,0,0.00,0.00,0.00,10,116,-71.81,-82.00,-82.00,-68.50,-66.00,-65.00,16,5,-54.03,6.65,23.00,43.00,0,0,0.00,0.00,0.00,0.00,0.00,0.00,0,0,
1749053129543,6,0,0,0.00,0.00,0.00,10,116,-71.56,-82.00,-76.50,-71.00,-66.00,-66.00,16,5,-53.78,6.65,22.50,44.00,0,0,0.00,0.00,0.00,0.00,0.00,0.00,0,0,
1749053130543,6,0,0,0.00,0.00,0.00,10,116,-75.50,-82.00,-82.00,-82.00,-66.00,-66.00,14,5,-57.72,6.54,24.00,42.00,0,0,0.00,0.00,0.00,0.00,0.00,0.00,0,0,
1749053131543,6,0,0,0.00,0.00,0.00,10,116,-71.43,-102.00,-71.00,-68.50,-66.00,-65.00,14,5,-53.65,6.66,22.00,43.00,0,0,0.00,0.00,0.00,0.00,0.00,0.00,0,0,
1749053132543,6,0,0,0.00,0.00,0.00,10,111,-71.43,-102.00,-71.00,-68.50,-66.00,-65.00,14,5,-53.65,6.66,22.00,44.00,0,0,0.00,0.00,0.00,0.00,0.00,0.00,0,0,
1749053133543,6,0,0,0.00,0.00,0.00,10,116,-75.36,-102.00,-71.00,-71.00,-71.00,-66.00,14,5,-57.58,6.54,22.00,43.00,0,0,0.00,0.00,0.00,0.00,0.00,0.00,0,0,
1749053134543,6,0,0,0.00,0.00,0.00,10,116,-71.79,-82.00,-71.00,-71.00,-71.00,-71.00,14,5,-54.00,6.65,23.50,43.00,0,0,0.00,0.00,0.00,0.00,0.00,0.00,0,0,
1749053135543,6,0,0,0.00,0.00,0.00,10,116,-74.67,-102.00,-82.00,-71.00,-66.00,-66.00,15,5,-56.89,6.56,23.00,43.00,0,0,0.00,0.00,0.00,0.00,0.00,0.00,0,0,
1749053136543,6,0,0,0.00,0.00,0.00,10,116,-77.62,-82.00,-82.00,-82.00,-71.00,-66.00,16,5,-59.84,6.49,22.50,43.00,0,0,0.00,0.00,0.00,0.00,0.00,0.00,0,0,
1749053137543,6,0,0,0.00,0.00,0.00,10,111,-77.62,-82.00,-82.00,-82.00,-71.00,-66.00,16,5,-59.84,6.49,23.00,43.00,0,0,0.00,0.00,0.00,0.00,0.00,0.00,0,0,
1749053138543,6,0,0,0.00,0.00,0.00,10,116,-78.00,-82.00,-82.00,-82.00,-74.00,-66.00,16,5,-60.22,6.48,23.00,44.00,0,0,0.00,0.00,0.00,0.00,0.00,0.00,0,0,
1749053139543,6,0,0,0.00,0.00,0.00,10,116,-77.31,-100.00,-82.00,-82.00,-66.00,-65.00,16,5,-59.53,6.49,22.50,42.00,0,0,0.00,0.00,0.00,0.00,0.00,0.00,0,0,
1749053140543,6,0,0,0.00,0.00,0.00,10,116,-71.06,-119.00,-82.00,-66.00,-66.00,-48.00,16,5,-53.28,6.67,24.00,44.00,0,0,0.00,0.00,0.00,0.00,0.00,0.00,0,0,
1749053141543,6,0,0,0.00,0.00,0.00,10,116,-71.07,-119.00,-82.00,-65.00,-65.00,-48.00,15,5,-53.29,6.67,25.50,44.00,0,0,0.00,0.00,0.00,0.00,0.00,0.00,0,0,
1749053142543,6,7,4,0.00,7.83,4.46,323,438,-71.07,-119.00,-82.00,-65.00,-65.00,-48.00,15,5,-53.29,6.67,26.00,45.00,2,1,0.00,0.00,0.00,0.00,0.00,0.00,0,0,
1749053143543,6,0,0,0.00,0.00,0.00,10,116,-73.33,-119.00,-82.00,-66.00,-65.00,-65.00,15,5,-55.55,6.60,25.00,44.00,0,0,0.00,0.00,0.00,0.00,0.00,0.00,0,0,
1749053144543,6,0,0,0.00,0.00,0.00,10,116,-79.47,-119.00,-82.00,-66.00,-65.00,-65.00,15,5,-61.69,6.44,23.50,45.00,1,0,0.00,0.00,0.00,0.00,0.00,0.00,0,0,
1749053145543,6,0,0,0.00,0.00,0.00,10,116,-66.75,-82.00,-66.00,-66.00,-65.50,-65.00,16,5,-48.97,6.82,20.50,45.00,1,0,0.00,0.00,0.00,0.00,0.00,0.00,0,0,
1749053146543,6,0,0,0.00,0.00,0.00,10,116,-66.75,-82.00,-66.00,-66.00,-65.50,-65.00,16,5,-48.97,6.82,22.00,45.00,1,0,0.00,0.00,0.00,0.00,0.00,0.00,0,0,
1749053147543,6,0,0,0.00,0.00,0.00,10,111,-70.12,-102.00,-66.00,-66.00,-65.00,-65.00,16,28,-44.86,43.77,24.00,44.00,0,0,0.00,0.00,0.00,0.00,0.00,0.00,0,0,
1749053148543,6,0,0,0.00,0.00,0.00,10,116,-71.75,-82.00,-82.00,-66.00,-65.50,-65.00,16,28,-46.49,43.22,24.00,43.00,0,0,0.00,0.00,0.00,0.00,0.00,0.00,0,0,
1749053149543,6,0,0,0.00,0.00,0.00,10,116,-76.44,-119.00,-82.00,-66.00,-65.00,-65.00,16,28,-51.17,41.82,23.50,44.00,0,0,0.00,0.00,0.00,0.00,0.00,0.00,0,0,
1749053150543,6,0,0,0.00,0.00,0.00,10,116,-75.27,-102.00,-100.00,-66.00,-66.00,-65.00,15,28,-50.00,42.15,24.50,44.00,0,0,0.00,0.00,0.00,0.00,0.00,0.00,0,0,
1749053151543,6,0,0,0.00,0.00,0.00,10,116,-75.27,-102.00,-100.00,-66.00,-66.00,-65.00,15,28,-50.00,42.15,24.50,43.00,0,0,0.00,0.00,0.00,0.00,0.00,0.00,0,0,
1749053152543,6,0,0,0.00,0.00,0.00,5,55,-72.93,-102.00,-66.00,-66.00,-66.00,-66.00,15,5,-55.15,6.61,22.50,44.00,0,0,0.00,0.00,0.00,0.00,0.00,0.00,0,0,
1749053153543,6,0,0,0.00,0.00,0.00,10,106,-78.88,-102.00,-100.00,-66.00,-66.00,-66.00,16,5,-61.09,6.46,24.00,45.00,0,0,0.00,0.00,0.00,0.00,0.00,0.00,0,0,
1749053154543,6,0,0,0.00,0.00,0.00,10,116,-79.50,-100.00,-91.00,-82.00,-66.00,-66.00,16,5,-61.72,6.44,23.50,42.00,0,0,0.00,0.00,0.00,0.00,0.00,0.00,0,0,
1749053155543,6,0,0,0.00,0.00,0.00,10,116,-79.50,-100.00,-91.00,-82.00,-66.00,-66.00,16,5,-61.72,6.44,23.50,43.00,0,0,0.00,0.00,0.00,0.00,0.00,0.00,0,0,
1749053156543,6,0,0,0.00,0.00,0.00,10,116,-81.62,-100.00,-100.00,-82.00,-66.00,-66.00,16,5,-63.84,6.39,23.50,43.00,0,0,0.00,0.00,0.00,0.00,0.00,0.00,0,0,
1749053157543,6,0,0,0.00,0.00,0.00,10,116,-87.00,-121.00,-82.00,-82.00,-82.00,-66.00,16,5,-69.22,6.28,24.50,43.00,0,0,0.00,0.00,0.00,0.00,0.00,0.00,0,0,
1749053158543,6,0,0,0.00,0.00,0.00,10,111,-79.94,-82.00,-82.00,-82.00,-82.00,-65.00,16,5,-62.16,6.43,23.50,43.00,0,0,0.00,0.00,0.00,0.00,0.00,0.00,0,0,
1749053159543,6,0,0,0.00,0.00,0.00,10,116,-77.81,-82.00,-82.00,-82.00,-74.00,-65.00,16,5,-60.03,6.48,25.00,42.00,0,0,0.00,0.00,0.00,0.00,0.00,0.00,0,0,
1749053160543,6,0,0,0.00,0.00,0.00,10,116,-77.81,-82.00,-82.00,-82.00,-74.00,-65.00,16,5,-60.03,6.48,23.50,42.00,0,0,0.00,0.00,0.00,0.00,0.00,0.00,0,0,
1749053161543,6,0,0,0.00,0.00,0.00,10,116,-77.81,-82.00,-82.00,-82.00,-74.00,-65.00,16,5,-60.03,6.48,24.50,42.00,0,0,0.00,0.00,0.00,0.00,0.00,0.00,0,0,
1749053162543,6,0,0,0.00,0.00,0.00,10,116,-80.94,-82.00,-82.00,-82.00,-82.00,-65.00,16,5,-63.16,6.41,24.50,41.00,0,0,0.00,0.00,0.00,0.00,0.00,0.00,0,0,
1749053163543,6,0,0,0.00,0.00,0.00,10,111,-82.00,-82.00,-82.00,-82.00,-82.00,-82.00,16,5,-64.22,6.38,23.50,42.00,0,0,0.00,0.00,0.00,0.00,0.00,0.00,0,0,
1749053164543,6,0,0,0.00,0.00,0.00,10,116,-82.00,-82.00,-82.00,-82.00,-82.00,-82.00,16,5,-64.22,6.38,23.00,41.00,0,0,0.00,0.00,0.00,0.00,0.00,0.00,0,0,
1749053165543,6,0,0,0.00,0.00,0.00,10,116,-79.88,-82.00,-82.00,-82.00,-82.00,-48.00,16,5,-62.09,6.43,23.50,42.00,0,0,0.00,0.00,0.00,0.00,0.00,0.00,0,0,
1749053166543,6,0,0,0.00,0.00,0.00,10,116,-82.00,-82.00,-82.00,-82.00,-82.00,-82.00,16,5,-64.22,6.38,22.50,42.00,0,0,0.00,0.00,0.00,0.00,0.00,0.00,0,0,
1749053167543,6,0,0,0.00,0.00,0.00,10,116,-82.00,-82.00,-82.00,-82.00,-82.00,-82.00,16,5,-64.22,6.38,22.50,41.00,0,0,0.00,0.00,0.00,0.00,0.00,0.00,0,0,
1749053168543,6,0,0,0.00,0.00,0.00,10,111,-82.00,-82.00,-82.00,-82.00,-82.00,-82.00,16,5,-64.22,6.38,23.00,43.00,0,0,0.00,0.00,0.00,0.00,0.00,0.00,0,0,
1749053169543,6,0,0,0.00,0.00,0.00,10,116,-82.00,-82.00,-82.00,-82.00,-82.00,-82.00,16,5,-64.22,6.38,23.50,43.00,0,0,0.00,0.00,0.00,0.00,0.00,0.00,0,0,
1749053170543,6,0,0,0.00,0.00,0.00,10,116,-82.00,-82.00,-82.00,-82.00,-82.00,-82.00,16,5,-64.22,6.38,23.50,43.00,0,0,0.00,0.00,0.00,0.00,0.00,0.00,0,0,
1749053171543,6,0,0,0.00,0.00,0.00,10,116,-81.00,-82.00,-82.00,-82.00,-82.00,-71.00,11,5,-63.22,6.41,21.00,44.00,0,0,0.00,0.00,0.00,0.00,0.00,0.00,0,0,
1749053172543,6,0,0,0.00,0.00,0.00,10,116,-73.92,-82.00,-82.00,-71.00,-66.00,-66.00,12,5,-56.14,6.58,21.50,44.00,0,0,0.00,0.00,0.00,0.00,0.00,0.00,0,0,
1749053173543,6,0,0,0.00,0.00,0.00,10,111,-71.33,-82.00,-82.00,-66.00,-66.00,-66.00,12,5,-53.55,6.66,21.50,44.00,0,0,0.00,0.00,0.00,0.00,0.00,0.00,0,0,
1749053174543,6,0,0,0.00,0.00,0.00,10,116,-71.33,-82.00,-82.00,-66.00,-66.00,-66.00,12,5,-53.55,6.66,22.00,44.00,0,0,0.00,0.00,0.00,0.00,0.00,0.00,0,0,
1749053175543,6,0,0,0.00,0.00,0.00,10,116,-75.33,-82.00,-82.00,-82.00,-66.00,-66.00,12,5,-57.55,6.54,22.00,44.00,0,0,0.00,0.00,0.00,0.00,0.00,0.00,0,0,
1749053176543,6,0,0,0.00,0.00,0.00,10,116,-69.75,-82.00,-82.00,-66.00,-66.00,-48.00,8,5,-51.97,6.71,22.00,44.00,0,0,0.00,0.00,0.00,0.00,0.00,0.00,0,0,
1749053177543,6,0,0,0.00,0.00,0.00,10,116,-74.00,-82.00,-82.00,-74.00,-66.00,-66.00,12,5,-56.22,6.58,22.00,43.00,0,0,0.00,0.00,0.00,0.00,0.00,0.00,0,0,
1749053178543,6,0,0,0.00,0.00,0.00,10,111,-74.00,-82.00,-82.00,-74.00,-66.00,-66.00,12,5,-56.22,6.58,22.00,45.00,0,0,0.00,0.00,0.00,0.00,0.00,0.00,0,0,
1749053179543,6,0,0,0.00,0.00,0.00,10,116,-73.31,-82.00,-82.00,-66.00,-66.00,-65.00,13,5,-55.53,6.60,21.50,45.00,0,0,0.00,0.00,0.00,0.00,0.00,0.00,0,0,
1749053180543,6,0,0,0.00,0.00,0.00,10,116,-72.00,-82.00,-82.00,-66.00,-66.00,-66.00,16,5,-54.22,6.64,22.50,45.00,0,0,0.00,0.00,0.00,0.00,0.00,0.00,0,0,
1749053181543,6,0,0,0.00,0.00,0.00,10,116,-71.33,-82.00,-82.00,-66.00,-66.00,-66.00,15,5,-53.55,6.66,20.50,44.00,0,0,0.00,0.00,0.00,0.00,0.00,0.00,0,0,
1749053182543,6,0,0,0.00,0.00,0.00,10,116,-73.12,-100.00,-82.00,-66.00,-66.00,-66.00,16,5,-55.34,6.61,23.00,43.00,0,0,0.00,0.00,0.00,0.00,0.00,0.00,0,0,
1749053183543,6,0,0,0.00,0.00,0.00,10,111,-73.12,-100.00,-82.00,-66.00,-66.00,-66.00,16,5,-55.34,6.61,22.00,44.00,0,0,0.00,0.00,0.00,0.00,0.00,0.00,0,0,
1749053184543,6,0,0,0.00,0.00,0.00,10,116,-74.25,-102.00,-82.00,-66.00,-66.00,-66.00,16,5,-56.47,6.57,22.00,44.00,0,0,0.00,0.00,0.00,0.00,0.00,0.00,0,0,
1749053185543,6,0,0,0.00,0.00,0.00,10,116,-71.00,-82.00,-82.00,-66.00,-66.00,-66.00,16,5,-53.22,6.67,21.00,44.00,0,0,0.00,0.00,0.00,0.00,0.00,0.00,0,0,
1749053186543,6,0,0,0.00,0.00,0.00,10,116,-66.00,-66.00,-66.00,-66.00,-66.00,-66.00,16,5,-48.22,6.84,21.50,44.00,0,0,0.00,0.00,0.00,0.00,0.00,0.00,0,0,
1749053187543,6,0,0,0.00,0.00,0.00,10,116,-66.00,-66.00,-66.00,-66.00,-66.00,-66.00,16,5,-48.22,6.84,21.00,43.00,0,0,0.00,0.00,0.00,0.00,0.00,0.00,0,0,
1749053188543,6,0,0,0.00,0.00,0.00,10,111,-66.00,-66.00,-66.00,-66.00,-66.00,-66.00,16,5,-48.22,6.84,22.00,44.00,0,0,0.00,0.00,0.00,0.00,0.00,0.00,0,0,
1749053189543,6,0,0,0.00,0.00,0.00,10,116,-66.38,-72.00,-66.00,-66.00,-66.00,-66.00,16,5,-48.59,6.83,23.00,43.00,0,0,0.00,0.00,0.00,0.00,0.00,0.00,0,0,
1749053190543,6,0,0,0.00,0.00,0.00,10,116,-69.25,-82.00,-69.00,-66.00,-66.00,-65.00,16,5,-51.47,6.73,24.00,45.00,0,0,0.00,0.00,0.00,0.00,0.00,0.00,0,0,
1749053191543,6,0,0,0.00,0.00,0.00,10,116,-71.81,-82.00,-82.00,-66.00,-66.00,-65.00,16,5,-54.03,6.65,22.50,44.00,0,0,0.00,0.00,0.00,0.00,0.00,0.00,0,0,
1749053192543,6,0,0,0.00,0.00,0.00,10,116,-71.81,-82.00,-82.00,-66.00,-66.00,-65.00,16,5,-54.03,6.65,25.50,44.00,0,0,0.00,0.00,0.00,0.00,0.00,0.00,0,0,
1749053193543,6,0,0,0.00,0.00,0.00,10,111,-69.62,-82.00,-74.00,-66.00,-65.00,-65.00,16,5,-51.84,6.71,24.00,44.00,1,0,0.00,0.00,0.00,0.00,0.00,0.00,0,0,
1749053194543,6,0,0,0.00,0.00,0.00,10,116,-68.94,-82.00,-66.00,-66.00,-66.00,-65.00,16,5,-51.16,6.74,22.00,43.00,1,0,0.00,0.00,0.00,0.00,0.00,0.00,0,0,
1749053195543,6,0,0,0.00,0.00,0.00,10,116,-66.00,-66.00,-66.00,-66.00,-66.00,-66.00,16,5,-48.22,6.84,21.50,44.00,1,0,0.00,0.00,0.00,0.00,0.00,0.00,0,0,
1749053196543,6,0,0,0.00,0.00,0.00,10,116,-66.00,-66.00,-66.00,-66.00,-66.00,-66.00,16,5,-48.22,6.84,20.50,44.00,1,0,0.00,0.00,0.00,0.00,0.00,0.00,0,0,
1749053197543,6,0,0,0.00,0.00,0.00,10,116,-66.00,-66.00,-66.00,-66.00,-66.00,-66.00,16,5,-48.22,6.84,21.00,44.00,1,0,0.00,0.00,0.00,0.00,0.00,0.00,0,0,
1749053198543,6,0,0,0.00,0.00,0.00,10,111,-66.00,-66.00,-66.00,-66.00,-66.00,-66.00,16,28,-40.74,45.36,24.00,44.00,0,0,0.00,0.00,0.00,0.00,0.00,0.00,0,0,
1749053199543,6,0,0,0.00,0.00,0.00,10,116,-66.00,-66.00,-66.00,-66.00,-66.00,-66.00,16,28,-40.74,45.36,24.00,44.00,0,0,0.00,0.00,0.00,0.00,0.00,0.00,0,0,
1749053200543,6,0,0,0.00,0.00,0.00,10,116,-68.25,-102.00,-66.00,-66.00,-66.00,-66.00,16,28,-42.99,44.46,24.50,44.00,0,0,0.00,0.00,0.00,0.00,0.00,0.00,0,0,
1749053201543,6,0,0,0.00,0.00,0.00,10,116,-68.25,-102.00,-66.00,-66.00,-66.00,-66.00,16,28,-42.99,44.46,24.00,44.00,0,0,0.00,0.00,0.00,0.00,0.00,0.00,0,0,
1749053202543,6,0,0,0.00,0.00,0.00,10,116,-70.87,-100.00,-66.00,-66.00,-66.00,-66.00,15,28,-45.60,43.51,24.00,44.00,0,0,0.00,0.00,0.00,0.00,0.00,0.00,0,0,
1749053203543,6,0,0,0.00,0.00,0.00,5,55,-70.73,-100.00,-71.00,-66.00,-66.00,-66.00,15,5,-52.95,6.68,21.50,45.00,0,0,0.00,0.00,0.00,0.00,0.00,0.00,0,0,
1749053204543,6,0,0,0.00,0.00,0.00,10,106,-71.88,-82.00,-82.00,-66.00,-66.00,-65.00,16,5,-54.09,6.64,21.50,44.00,0,0,0.00,0.00,0.00,0.00,0.00,0.00,0,0,
1749053205543,6,0,0,0.00,0.00,0.00,10,116,-73.81,-82.00,-82.00,-71.00,-66.00,-65.00,16,5,-56.03,6.59,22.50,44.00,0,0,0.00,0.00,0.00,0.00,0.00,0.00,0,0,
1749053206543,6,0,0,0.00,0.00,0.00,10,116,-73.81,-82.00,-82.00,-71.00,-66.00,-65.00,16,5,-56.03,6.59,21.00,44.00,0,0,0.00,0.00,0.00,0.00,0.00,0.00,0,0,
1749053207543,6,0,0,0.00,0.00,0.00,10,116,-70.27,-82.00,-82.00,-66.00,-66.00,-66.00,15,5,-52.49,6.69,21.50,44.00,0,0,0.00,0.00,0.00,0.00,0.00,0.00,0,0,
1749053208543,6,0,0,0.00,0.00,0.00,10,116,-66.00,-66.00,-66.00,-66.00,-66.00,-66.00,14,5,-48.22,6.84,20.50,44.00,0,0,0.00,0.00,0.00,0.00,0.00,0.00,0,0,
1749053209543,6,0,0,0.00,0.00,0.00,10,111,-66.81,-82.00,-66.00,-66.00,-66.00,-65.00,16,5,-49.03,6.81,21.50,44.00,0,0,0.00,0.00,0.00,0.00,0.00,0.00,0,0,
1749053210543,6,0,0,0.00,0.00,0.00,10,116,-66.81,-82.00,-66.00,-66.00,-66.00,-65.00,16,5,-49.03,6.81,21.50,44.00,0,0,0.00,0.00,0.00,0.00,0.00,0.00,0,0,
1749053211543,6,0,0,0.00,0.00,0.00,10,116,-66.69,-82.00,-66.00,-66.00,-65.50,-48.00,16,5,-48.91,6.82,22.50,45.00,0,0,0.00,0.00,0.00,0.00,0.00,0.00,0,0,
1749053212543,6,0,0,0.00,0.00,0.00,10,116,-68.81,-82.00,-74.00,-66.00,-66.00,-48.00,16,5,-51.03,6.74,24.50,44.00,0,0,0.00,0.00,0.00,0.00,0.00,0.00,0,0,
1749053213543,6,0,0,0.00,0.00,0.00,10,116,-66.19,-82.00,-66.00,-65.00,-65.00,-48.00,16,5,-48.41,6.84,25.50,45.00,0,0,0.00,0.00,0.00,0.00,0.00,0.00,0,0,
1749053214543,6,0,0,0.00,0.00,0.00,10,111,-72.25,-82.00,-82.00,-65.50,-64.50,-64.00,16,5,-54.47,6.63,24.00,44.00,0,0,0.00,0.00,0.00,0.00,0.00,0.00,0,0,
1749053215543,6,0,0,0.00,0.00,0.00,10,116,-72.25,-82.00,-82.00,-65.50,-64.50,-64.00,16,5,-54.47,6.63,23.50,44.00,0,0,0.00,0.00,0.00,0.00,0.00,0.00,0,0,
1749053216543,6,0,0,0.00,0.00,0.00,10,116,-70.80,-84.00,-82.00,-66.00,-64.00,-48.00,15,5,-53.02,6.68,22.00,44.00,0,0,0.00,0.00,0.00,0.00,0.00,0.00,0,0,
1749053217543,6,0,0,0.00,0.00,0.00,10,116,-66.50,-82.00,-66.00,-66.00,-65.00,-48.00,16,5,-48.72,6.82,23.50,45.00,0,0,0.00,0.00,0.00,0.00,0.00,0.00,0,0,
1749053218543,6,6,2,0.00,6.57,2.86,282,436,-68.00,-82.00,-66.00,-66.00,-66.00,-66.00,16,5,-50.22,6.77,25.00,43.00,1,0,0.00,0.00,0.00,0.00,0.00,0.00,0,0,
1749053219543,6,0,0,0.00,0.00,0.00,10,96,-68.00,-82.00,-66.00,-66.00,-66.00,-66.00,16,5,-50.22,6.77,26.00,45.00,0,0,0.00,0.00,0.00,0.00,0.00,0.00,0,0,
1749053220543,6,0,0,0.00,0.00,0.00,10,116,-64.69,-67.00,-66.00,-66.00,-65.00,-48.00,16,5,-46.91,6.90,25.00,45.00,0,0,0.00,0.00,0.00,0.00,0.00,0.00,0,0,
1749053221543,6,0,0,0.00,0.00,0.00,10,116,-66.81,-82.00,-66.00,-65.00,-65.00,-65.00,16,5,-49.03,6.81,25.00,45.00,0,0,0.00,0.00,0.00,0.00,0.00,0.00,0,0,
1749053222543,6,0,0,0.00,0.00,0.00,10,116,-68.38,-100.00,-67.50,-66.00,-65.00,-65.00,16,5,-50.59,6.76,25.00,45.00,0,0,0.00,0.00,0.00,0.00,0.00,0.00,0,0,
1749053223543,6,0,0,0.00,0.00,0.00,10,116,-67.88,-100.00,-66.00,-66.00,-65.50,-65.00,16,5,-50.09,6.77,21.50,44.00,0,0,0.00,0.00,0.00,0.00,0.00,0.00,0,0,
1749053224543,6,0,0,0.00,0.00,0.00,10,111,-67.88,-100.00,-66.00,-66.00,-65.50,-65.00,16,5,-50.09,6.77,20.50,44.00,0,0,0.00,0.00,0.00,0.00,0.00,0.00,0,0,
1749053225543,6,0,0,0.00,0.00,0.00,10,116,-65.94,-66.00,-66.00,-66.00,-66.00,-65.00,16,5,-48.16,6.85,20.50,44.00,0,0,0.00,0.00,0.00,0.00,0.00,0.00,0,0,
1749053226543,6,0,0,0.00,0.00,0.00,10,116,-65.88,-66.00,-66.00,-66.00,-66.00,-65.00,16,5,-48.09,6.85,20.50,44.00,0,0,0.00,0.00,0.00,0.00,0.00,0.00,0,0,
1749053227543,6,0,0,0.00,0.00,0.00,10,116,-68.50,-89.00,-66.00,-66.00,-65.00,-65.00,16,5,-50.72,6.75,21.00,45.00,0,0,0.00,0.00,0.00,0.00,0.00,0.00,0,0,
1749053228543,6,0,0,0.00,0.00,0.00,10,116,-68.50,-89.00,-66.00,-66.00,-65.00,-65.00,16,5,-50.72,6.75,21.50,45.00,0,0,0.00,0.00,0.00,0.00,0.00,0.00,0,0,
1749053229543,6,0,0,0.00,0.00,0.00,10,111,-70.25,-89.00,-66.00,-66.00,-66.00,-65.00,16,5,-52.47,6.69,22.50,45.00,0,0,0.00,0.00,0.00,0.00,0.00,0.00,0,0,
1749053230543,6,0,0,0.00,0.00,0.00,10,116,-66.00,-66.00,-66.00,-66.00,-66.00,-66.00,16,5,-48.22,6.84,21.00,45.00,0,0,0.00,0.00,0.00,0.00,0.00,0.00,0,0,
1749053231543,6,0,0,0.00,0.00,0.00,10,116,-67.00,-82.00,-66.00,-66.00,-66.00,-66.00,16,5,-49.22,6.81,23.00,45.00,0,0,0.00,0.00,0.00,0.00,0.00,0.00,0,0,
1749053232543,6,0,0,0.00,0.00,0.00,10,116,-68.12,-102.00,-66.00,-66.00,-66.00,-65.00,16,5,-50.34,6.77,21.50,44.00,0,0,0.00,0.00,0.00,0.00,0.00,0.00,0,0,
1749053233543,6,0,0,0.00,0.00,0.00,10,116,-68.12,-102.00,-66.00,-66.00,-66.00,-65.00,16,5,-50.34,6.77,21.50,44.00,0,0,0.00,0.00,0.00,0.00,0.00,0.00,0,0,
1749053234543,6,0,0,0.00,0.00,0.00,10,111,-68.12,-102.00,-66.00,-66.00,-66.00,-65.00,16,5,-50.34,6.77,22.00,44.00,0,0,0.00,0.00,0.00,0.00,0.00,0.00,0,0,
1749053235543,6,0,0,0.00,0.00,0.00,10,116,-67.08,-82.00,-66.00,-66.00,-66.00,-65.00,13,5,-49.30,6.80,23.50,44.00,0,0,0.00,0.00,0.00,0.00,0.00,0.00,0,0,
1749053236543,6,0,0,0.00,0.00,0.00,10,116,-66.00,-66.00,-66.00,-66.00,-66.00,-66.00,14,5,-48.22,6.84,22.50,44.00,0,0,0.00,0.00,0.00,0.00,0.00,0.00,0,0,
1749053237543,6,0,0,0.00,0.00,0.00,10,116,-70.25,-102.00,-66.00,-66.00,-66.00,-66.00,16,5,-52.47,6.69,23.00,44.00,0,0,0.00,0.00,0.00,0.00,0.00,0.00,0,0,
1749053238543,6,0,0,0.00,0.00,0.00,10,116,-70.25,-102.00,-66.00,-66.00,-66.00,-66.00,16,5,-52.47,6.69,23.50,44.00,0,0,0.00,0.00,0.00,0.00,0.00,0.00,0,0,
1749053239543,6,0,0,0.00,0.00,0.00,10,111,-73.38,-100.00,-74.00,-66.00,-66.00,-66.00,16,5,-55.59,6.60,22.00,44.00,0,0,0.00,0.00,0.00,0.00,0.00,0.00,0,0,
1749053240543,6,0,0,0.00,0.00,0.00,10,116,-68.33,-102.00,-66.00,-66.00,-66.00,-65.00,15,5,-50.55,6.76,22.00,44.00,0,0,0.00,0.00,0.00,0.00,0.00,0.00,0,0,
1749053241543,6,0,0,0.00,0.00,0.00,10,116,-69.27,-102.00,-66.00,-66.00,-66.00,-65.00,15,5,-51.49,6.73,22.50,44.00,0,0,0.00,0.00,0.00,0.00,0.00,0.00,0,0,
1749053242543,6,0,0,0.00,0.00,0.00,10,116,-69.27,-102.00,-66.00,-66.00,-66.00,-65.00,15,5,-51.49,6.73,22.50,43.00,0,0,0.00,0.00,0.00,0.00,0.00,0.00,0,0,
1749053243543,6,0,0,0.00,0.00,0.00,10,116,-75.19,-102.00,-82.00,-66.00,-65.00,-65.00,16,5,-57.41,6.55,21.00,44.00,0,0,0.00,0.00,0.00,0.00,0.00,0.00,0,0,
1749053244543,6,0,0,0.00,0.00,0.00,10,111,-73.06,-100.00,-82.00,-66.00,-66.00,-65.00,16,5,-55.28,6.61,22.50,44.00,1,0,0.00,0.00,0.00,0.00,0.00,0.00,0,0,
1749053245543,6,0,0,0.00,0.00,0.00,10,116,-73.19,-100.00,-74.00,-66.00,-66.00,-65.00,16,5,-55.41,6.60,21.50,43.00,1,0,0.00,0.00,0.00,0.00,0.00,0.00,0,0,
1749053246543,6,0,0,0.00,0.00,0.00,10,116,-74.25,-100.00,-82.00,-66.00,-66.00,-66.00,16,5,-56.47,6.57,21.50,43.00,1,0,0.00,0.00,0.00,0.00,0.00,0.00,0,0,
1749053247543,6,0,0,0.00,0.00,0.00,10,116,-74.25,-100.00,-82.00,-66.00,-66.00,-66.00,16,5,-56.47,6.57,22.50,43.00,1,0,0.00,0.00,0.00,0.00,0.00,0.00,0,0,
1749053248543,6,0,0,0.00,0.00,0.00,10,116,-79.06,-100.00,-82.00,-82.00,-74.00,-65.00,16,5,-61.28,6.45,23.00,43.00,1,0,0.00,0.00,0.00,0.00,0.00,0.00,0,0,
1749053249543,6,0,0,0.00,0.00,0.00,10,111,-76.81,-82.00,-82.00,-82.00,-66.00,-65.00,16,28,-51.55,41.72,24.00,43.00,0,0,0.00,0.00,0.00,0.00,0.00,0.00,0,0,
1749053250543,6,0,0,0.00,0.00,0.00,10,116,-77.94,-100.00,-82.00,-82.00,-66.00,-65.00,16,28,-52.67,41.43,24.50,43.00,0,0,0.00,0.00,0.00,0.00,0.00,0.00,0,0,
1749053251543,6,0,0,0.00,0.00,0.00,10,116,-77.94,-100.00,-82.00,-82.00,-66.00,-65.00,16,28,-52.67,41.43,25.00,43.00,0,0,0.00,0.00,0.00,0.00,0.00,0.00,0,0,
1749053252543,6,0,0,0.00,0.00,0.00,10,116,-73.88,-82.00,-82.00,-74.00,-66.00,-65.00,16,28,-48.61,42.55,24.00,43.00,0,0,0.00,0.00,0.00,0.00,0.00,0.00,0,0,
1749053253543,6,0,0,0.00,0.00,0.00,10,116,-75.75,-82.00,-82.00,-82.00,-65.50,-65.00,16,28,-50.49,42.01,24.50,43.00,0,0,0.00,0.00,0.00,0.00,0.00,0.00,0,0,
1749053254543,6,0,0,0.00,0.00,0.00,5,55,-77.88,-82.00,-82.00,-82.00,-74.00,-65.00,16,5,-60.09,6.48,22.00,42.00,0,0,0.00,0.00,0.00,0.00,0.00,0.00,0,0,
1749053255543,6,0,0,0.00,0.00,0.00,10,106,-81.00,-82.00,-82.00,-82.00,-82.00,-66.00,16,5,-63.22,6.41,24.00,42.00,0,0,0.00,0.00,0.00,0.00,0.00,0.00,0,0,
1749053256543,6,0,0,0.00,0.00,0.00,10,116,-81.00,-82.00,-82.00,-82.00,-82.00,-66.00,16,5,-63.22,6.41,24.50,44.00,0,0,0.00,0.00,0.00,0.00,0.00,0.00,0,0,
1749053257543,6,0,0,0.00,0.00,0.00,10,116,-82.00,-82.00,-82.00,-82.00,-82.00,-82.00,16,5,-64.22,6.38,23.00,43.00,0,0,0.00,0.00,0.00,0.00,0.00,0.00,0,0,
1749053258543,6,0,0,0.00,0.00,0.00,10,116,-82.00,-82.00,-82.00,-82.00,-82.00,-82.00,16,5,-64.22,6.38,24.00,42.00,0,0,0.00,0.00,0.00,0.00,0.00,0.00,0,0,
1749053259543,6,0,0,0.00,0.00,0.00,10,116,-81.00,-82.00,-82.00,-82.00,-82.00,-66.00,16,5,-63.22,6.41,23.00,44.00,0,0,0.00,0.00,0.00,0.00,0.00,0.00,0,0,
1749053260543,6,0,0,0.00,0.00,0.00,10,111,-81.00,-82.00,-82.00,-82.00,-82.00,-66.00,16,5,-63.22,6.41,25.00,43.00,0,0,0.00,0.00,0.00,0.00,0.00,0.00,0,0,
1749053261543,6,0,0,0.00,0.00,0.00,10,116,-82.00,-82.00,-82.00,-82.00,-82.00,-82.00,16,5,-64.22,6.38,24.50,42.00,0,0,0.00,0.00,0.00,0.00,0.00,0.00,0,0,
1749053262543,6,0,0,0.00,0.00,0.00,10,116,-82.00,-82.00,-82.00,-82.00,-82.00,-82.00,16,5,-64.22,6.38,23.50,42.00,0,0,0.00,0.00,0.00,0.00,0.00,0.00,0,0,
1749053263543,6,0,0,0.00,0.00,0.00,10,116,-82.00,-82.00,-82.00,-82.00,-82.00,-82.00,16,5,-64.22,6.38,24.00,42.00,0,0,0.00,0.00,0.00,0.00,0.00,0.00,0,0,
1749053264543,6,0,0,0.00,0.00,0.00,10,116,-82.00,-82.00,-82.00,-82.00,-82.00,-82.00,16,5,-64.22,6.38,24.50,42.00,0,0,0.00,0.00,0.00,0.00,0.00,0.00,0,0,
1749053265543,6,0,0,0.00,0.00,0.00,10,111,-82.00,-82.00,-82.00,-82.00,-82.00,-82.00,16,5,-64.22,6.38,24.00,42.00,0,0,0.00,0.00,0.00,0.00,0.00,0.00,0,0,
1749053266543,6,0,0,0.00,0.00,0.00,10,116,-87.81,-121.00,-91.00,-82.00,-82.00,-82.00,16,5,-70.03,6.27,23.50,42.00,0,0,0.00,0.00,0.00,0.00,0.00,0.00,0,0,
1749053267543,6,0,0,0.00,0.00,0.00,10,116,-93.81,-121.00,-100.00,-82.00,-82.00,-82.00,16,5,-76.03,6.17,23.00,42.00,0,0,0.00,0.00,0.00,0.00,0.00,0.00,0,0,
1749053268543,6,0,0,0.00,0.00,0.00,10,116,-86.25,-121.00,-100.00,-82.00,-74.00,-66.00,16,5,-68.47,6.30,25.00,42.00,0,0,0.00,0.00,0.00,0.00,0.00,0.00,0,0,
1749053269543,6,0,0,0.00,0.00,0.00,10,116,-89.62,-121.00,-100.00,-91.00,-74.00,-66.00,16,5,-71.84,6.24,23.50,43.00,0,0,0.00,0.00,0.00,0.00,0.00,0.00,0,0,
1749053270543,6,0,0,0.00,0.00,0.00,10,111,-89.62,-121.00,-100.00,-91.00,-74.00,-66.00,16,5,-71.84,6.24,24.50,42.00,0,0,0.00,0.00,0.00,0.00,0.00,0.00,0,0,
1749053271543,6,0,0,0.00,0.00,0.00,10,116,-96.31,-121.00,-100.00,-100.00,-82.00,-66.00,16,5,-78.53,6.13,23.00,42.00,0,0,0.00,0.00,0.00,0.00,0.00,0.00,0,0,
1749053272543,6,0,0,0.00,0.00,0.00,10,116,-100.19,-121.00,-100.00,-100.00,-100.00,-82.00,16,5,-82.41,6.08,23.50,44.00,0,0,0.00,0.00,0.00,0.00,0.00,0.00,0,0,
1749053273543,6,0,0,0.00,0.00,0.00,10,116,-100.88,-121.00,-110.50,-100.00,-100.00,-66.00,16,5,-83.09,6.07,24.00,43.00,0,0,0.00,0.00,0.00,0.00,0.00,0.00,0,0,
1749053274543,6,0,0,0.00,0.00,0.00,10,116,-100.88,-121.00,-110.50,-100.00,-100.00,-66.00,16,5,-83.09,6.07,23.50,43.00,0,0,0.00,0.00,0.00,0.00,0.00,0.00,0,0,
1749053275543,6,0,0,0.00,0.00,0.00,10,111,-86.69,-121.00,-100.00,-82.00,-66.00,-66.00,16,5,-68.91,6.29,23.00,43.00,0,0,0.00,0.00,0.00,0.00,0.00,0.00,0,0,
1749053276543,6,0,0,0.00,0.00,0.00,10,116,-82.69,-121.00,-82.00,-82.00,-74.00,-66.00,16,5,-64.91,6.37,24.50,43.00,0,0,0.00,0.00,0.00,0.00,0.00,0.00,0,0,
1749053277543,6,0,0,0.00,0.00,0.00,10,116,-79.12,-100.00,-82.00,-82.00,-66.00,-65.00,16,5,-61.34,6.45,22.50,43.00,0,0,0.00,0.00,0.00,0.00,0.00,0.00,0,0,
1749053278543,6,0,0,0.00,0.00,0.00,10,116,-87.12,-100.00,-100.00,-100.00,-66.00,-66.00,16,5,-69.34,6.28,22.00,43.00,0,0,0.00,0.00,0.00,0.00,0.00,0.00,0,0,
1749053279543,6,0,0,0.00,0.00,0.00,10,116,-87.12,-100.00,-100.00,-100.00,-66.00,-66.00,16,5,-69.34,6.28,23.00,43.00,0,0,0.00,0.00,0.00,0.00,0.00,0.00,0,0,
1749053280543,6,0,0,0.00,0.00,0.00,10,111,-75.07,-100.00,-100.00,-66.00,-66.00,-66.00,15,5,-57.29,6.55,22.50,43.00,0,0,0.00,0.00,0.00,0.00,0.00,0.00,0,0,
1749053281543,6,1,1,0.00,2.04,1.30,78,278,-66.00,-66.00,-66.00,-66.00,-66.00,-66.00,14,5,-48.22,6.84,22.50,44.00,0,0,0.00,0.00,0.00,0.00,0.00,0.00,0,0,
1749053282543,6,0,0,0.00,0.00,0.00,10,116,-70.27,-82.00,-82.00,-66.00,-66.00,-66.00,15,5,-52.49,6.69,22.50,44.00,0,0,0.00,0.00,0.00,0.00,0.00,0.00,0,0,
1749053283543,6,0,0,0.00,0.00,0.00,10,116,-70.27,-82.00,-82.00,-66.00,-66.00,-66.00,15,5,-52.49,6.69,23.50,43.00,0,0,0.00,0.00,0.00,0.00,0.00,0.00,0,0,
1749053284543,6,0,0,0.00,0.00,0.00,10,116,-71.88,-82.00,-82.00,-66.00,-66.00,-65.00,16,5,-54.09,6.64,23.00,44.00,0,0,0.00,0.00,0.00,0.00,0.00,0.00,0,0,
1749053285543,6,0,0,0.00,0.00,0.00,10,111,-71.71,-82.00,-82.00,-66.00,-65.00,-65.00,14,5,-53.93,6.65,22.00,44.00,0,0,0.00,0.00,0.00,0.00,0.00,0.00,0,0,
1749053286543,6,0,0,0.00,0.00,0.00,10,116,-73.33,-82.00,-82.00,-71.00,-66.00,-65.00,15,5,-55.55,6.60,22.50,43.00,0,0,0.00,0.00,0.00,0.00,0.00,0.00,0,0,
1749053287543,6,0,0,0.00,0.00,0.00,10,116,-74.71,-82.00,-82.00,-76.50,-66.00,-66.00,14,5,-56.93,6.56,22.50,44.00,0,0,0.00,0.00,0.00,0.00,0.00,0.00,0,0,
1749053288543,6,0,0,0.00,0.00,0.00,10,116,-74.71,-82.00,-82.00,-76.50,-66.00,-66.00,14,5,-56.93,6.56,22.50,44.00,0,0,0.00,0.00,0.00,0.00,0.00,0.00,0,0,
1749053289543,6,0,0,0.00,0.00,0.00,10,116,-80.06,-100.00,-82.00,-82.00,-76.50,-66.00,16,5,-62.28,6.43,23.50,43.00,0,0,0.00,0.00,0.00,0.00,0.00,0.00,0,0,
1749053290543,6,0,0,0.00,0.00,0.00,10,111,-82.27,-100.00,-82.00,-82.00,-82.00,-66.00,15,5,-64.49,6.38,22.50,43.00,0,0,0.00,0.00,0.00,0.00,0.00,0.00,0,0,
1749053291543,6,0,0,0.00,0.00,0.00,10,116,-80.00,-100.00,-82.00,-82.00,-82.00,-66.00,15,5,-62.22,6.43,23.00,43.00,0,0,0.00,0.00,0.00,0.00,0.00,0.00,0,0,
1749053292543,6,0,0,0.00,0.00,0.00,10,116,-80.00,-100.00,-82.00,-82.00,-82.00,-66.00,15,5,-62.22,6.43,22.00,44.00,0,0,0.00,0.00,0.00,0.00,0.00,0.00,0,0,
1749053293543,6,0,0,0.00,0.00,0.00,10,116,-80.25,-102.00,-82.00,-82.00,-82.00,-66.00,16,5,-62.47,6.42,23.00,43.00,0,0,0.00,0.00,0.00,0.00,0.00,0.00,0,0,
1749053294543,6,0,0,0.00,0.00,0.00,10,116,-76.00,-82.00,-82.00,-82.00,-66.00,-66.00,16,5,-58.22,6.53,23.00,43.00,0,0,0.00,0.00,0.00,0.00,0.00,0.00,0,0,
1749053295543,6,0,0,0.00,0.00,0.00,10,111,-78.00,-82.00,-82.00,-82.00,-74.00,-66.00,16,5,-60.22,6.48,23.00,42.00,1,0,0.00,0.00,0.00,0.00,0.00,0.00,0,0,
1749053296543,6,0,0,0.00,0.00,0.00,10,116,-80.12,-100.00,-82.00,-82.00,-82.00,-66.00,16,5,-62.34,6.43,23.00,43.00,1,0,0.00,0.00,0.00,0.00,0.00,0.00,0,0,
1749053297543,6,0,0,0.00,0.00,0.00,10,116,-80.12,-100.00,-82.00,-82.00,-82.00,-66.00,16,5,-62.34,6.43,22.50,44.00,1,0,0.00,0.00,0.00,0.00,0.00,0.00,0,0,
1749053298543,6,0,0,0.00,0.00,0.00,10,116,-75.25,-100.00,-82.00,-66.00,-66.00,-66.00,16,5,-57.47,6.55,22.50,43.00,1,0,0.00,0.00,0.00,0.00,0.00,0.00,0,0,
1749053299543,6,0,0,0.00,0.00,0.00,10,116,-74.00,-82.00,-82.00,-74.00,-66.00,-66.00,16,5,-56.22,6.58,22.50,44.00,1,0,0.00,0.00,0.00,0.00,0.00,0.00,0,0,
1749053300543,6,0,0,0.00,0.00,0.00,10,111,-77.31,-82.00,-82.00,-82.00,-68.50,-66.00,16,28,-52.05,41.59,23.50,44.00,0,0,0.00,0.00,0.00,0.00,0.00,0.00,0,0,
1749053301543,6,0,0,0.00,0.00,0.00,10,116,-74.80,-102.00,-82.00,-66.00,-66.00,-66.00,15,28,-49.54,42.28,24.50,43.00,0,0,0.00,0.00,0.00,0.00,0.00,0.00,0,0,
1749053302543,6,0,0,0.00,0.00,0.00,10,116,-74.80,-102.00,-82.00,-66.00,-66.00,-66.00,15,28,-49.54,42.28,24.00,43.00,0,0,0.00,0.00,0.00,0.00,0.00,0.00,0,0,
1749053303543,6,0,0,0.00,0.00,0.00,10,116,-85.92,-119.00,-102.00,-82.00,-66.00,-66.00,13,28,-60.66,39.66,24.00,43.00,0,0,0.00,0.00,0.00,0.00,0.00,0.00,0,0,
1749053304543,6,0,0,0.00,0.00,0.00,10,116,-70.60,-82.00,-82.00,-66.00,-66.00,-66.00,15,28,-45.34,43.60,24.00,42.00,0,0,0.00,0.00,0.00,0.00,0.00,0.00,0,0,
1749053305543,6,0,0,0.00,0.00,0.00,5,83,-74.88,-82.00,-82.00,-82.00,-66.00,-65.00,16,5,-57.09,6.56,21.00,42.00,0,0,0.00,0.00,0.00,0.00,0.00,0.00,0,0,
1749053306543,6,0,0,0.00,0.00,0.00,10,78,-74.88,-82.00,-82.00,-82.00,-66.00,-65.00,16,5,-57.09,6.56,23.00,45.00,0,0,0.00,0.00,0.00,0.00,0.00,0.00,0,0,
1749053307543,6,0,0,0.00,0.00,0.00,10,116,-74.44,-100.00,-82.00,-68.50,-66.00,-66.00,16,5,-56.66,6.57,22.50,41.00,0,0,0.00,0.00,0.00,0.00,0.00,0.00,0,0,
1749053308543,6,0,0,0.00,0.00,0.00,10,116,-74.38,-100.00,-83.00,-66.00,-66.00,-65.00,16,5,-56.59,6.57,23.00,43.00,0,0,0.00,0.00,0.00,0.00,0.00,0.00,0,0,
1749053309543,6,0,0,0.00,0.00,0.00,10,116,-75.50,-100.00,-91.00,-66.00,-66.00,-66.00,16,5,-57.72,6.54,24.00,43.00,0,0,0.00,0.00,0.00,0.00,0.00,0.00,0,0,
1749053310543,6,0,0,0.00,0.00,0.00,10,116,-78.44,-100.00,-91.00,-74.00,-66.00,-65.00,16,5,-60.66,6.47,23.00,43.00,0,0,0.00,0.00,0.00,0.00,0.00,0.00,0,0,
1749053311543,6,0,0,0.00,0.00,0.00,10,111,-78.44,-100.00,-91.00,-74.00,-66.00,-65.00,16,5,-60.66,6.47,23.00,42.00,0,0,0.00,0.00,0.00,0.00,0.00,0.00,0,0,
1749053312543,6,0,0,0.00,0.00,0.00,10,116,-77.00,-82.00,-82.00,-82.00,-66.00,-66.00,16,5,-59.22,6.50,23.00,42.00,0,0,0.00,0.00,0.00,0.00,0.00,0.00,0,0,
1749053313543,6,0,0,0.00,0.00,0.00,10,116,-86.81,-121.00,-91.00,-82.00,-82.00,-66.00,16,5,-69.03,6.29,22.50,43.00,0,0,0.00,0.00,0.00,0.00,0.00,0.00,0,0,
1749053314543,6,0,0,0.00,0.00,0.00,10,116,-77.94,-82.00,-82.00,-82.00,-74.00,-65.00,16,5,-60.16,6.48,23.50,42.00,0,0,0.00,0.00,0.00,0.00,0.00,0.00,0,0,
1749053315543,6,7,4,0.00,7.83,4.46,322,528,-77.94,-82.00,-82.00,-82.00,-74.00,-65.00,16,5,-60.16,6.48,24.00,42.00,0,0,0.00,0.00,0.00,0.00,0.00,0.00,0,0,
1749053316543,6,0,0,0.00,0.00,0.00,10,116,-82.00,-82.00,-82.00,-82.00,-82.00,-82.00,16,5,-64.22,6.38,24.00,42.00,0,0,0.00,0.00,0.00,0.00,0.00,0.00,0,0,
1749053317543,6,0,0,0.00,0.00,0.00,10,116,-76.69,-82.00,-82.00,-82.00,-73.50,-48.00,16,5,-58.91,6.51,24.50,42.00,0,0,0.00,0.00,0.00,0.00,0.00,0.00,0,0,
1749053318543,6,0,0,0.00,0.00,0.00,10,116,-73.25,-82.00,-82.00,-80.00,-65.00,-48.00,16,5,-55.47,6.60,24.00,42.00,0,0,0.00,0.00,0.00,0.00,0.00,0.00,0,0,
1749053319543,6,0,0,0.00,0.00,0.00,10,116,-76.69,-82.00,-82.00,-82.00,-65.00,-65.00,16,5,-58.91,6.51,24.50,41.00,0,0,0.00,0.00,0.00,0.00,0.00,0.00,0,0,
1749053320543,6,0,0,0.00,0.00,0.00,10,116,-76.69,-82.00,-82.00,-82.00,-65.00,-65.00,16,5,-58.91,6.51,25.00,42.00,0,0,0.00,0.00,0.00,0.00,0.00,0.00,0,0,
1749053321543,6,0,0,0.00,0.00,0.00,10,111,-71.38,-82.00,-82.00,-65.00,-65.00,-48.00,16,5,-53.59,6.66,25.00,42.00,0,0,0.00,0.00,0.00,0.00,0.00,0.00,0,0,
1749053322543,6,0,0,0.00,0.00,0.00,10,116,-77.81,-82.00,-82.00,-82.00,-74.00,-65.00,16,5,-60.03,6.48,24.00,42.00,0,0,0.00,0.00,0.00,0.00,0.00,0.00,0,0,
1749053323543,6,0,0,0.00,0.00,0.00,10,116,-81.00,-82.00,-82.00,-82.00,-82.00,-66.00,16,5,-63.22,6.41,24.00,43.00,0,0,0.00,0.00,0.00,0.00,0.00,0.00,0,0,
1749053324543,6,0,0,0.00,0.00,0.00,10,116,-81.00,-82.00,-82.00,-82.00,-82.00,-66.00,16,5,-63.22,6.41,23.50,44.00,0,0,0.00,0.00,0.00,0.00,0.00,0.00,0,0,
1749053325543,6,0,0,0.00,0.00,0.00,10,116,-82.00,-82.00,-82.00,-82.00,-82.00,-82.00,16,5,-64.22,6.38,22.00,43.00,0,0,0.00,0.00,0.00,0.00,0.00,0.00,0,0,
1749053326543,6,0,0,0.00,0.00,0.00,10,111,-81.12,-100.00,-82.00,-82.00,-82.00,-66.00,16,5,-63.34,6.40,22.50,43.00,0,0,0.00,0.00,0.00,0.00,0.00,0.00,0,0,
1749053327543,6,0,0,0.00,0.00,0.00,10,116,-79.00,-82.00,-82.00,-82.00,-82.00,-66.00,16,5,-61.22,6.45,23.50,42.00,0,0,0.00,0.00,0.00,0.00,0.00,0.00,0,0,
1749053328543,6,0,0,0.00,0.00,0.00,10,116,-79.00,-82.00,-82.00,-82.00,-82.00,-66.00,16,5,-61.22,6.45,23.50,42.00,0,0,0.00,0.00,0.00,0.00,0.00,0.00,0,0,
1749053329543,6,0,0,0.00,0.00,0.00,10,116,-79.00,-82.00,-82.00,-82.00,-82.00,-66.00,16,5,-61.22,6.45,24.50,41.00,0,0,0.00,0.00,0.00,0.00,0.00,0.00,0,0,
1749053330543,6,0,0,0.00,0.00,0.00,10,116,-71.62,-82.00,-82.00,-66.00,-65.00,-65.00,16,5,-53.84,6.65,23.50,43.00,0,0,0.00,0.00,0.00,0.00,0.00,0.00,0,0,
1749053331543,6,0,0,0.00,0.00,0.00,10,111,-77.94,-100.00,-82.00,-82.00,-65.00,-65.00,16,5,-60.16,6.48,22.50,43.00,0,0,0.00,0.00,0.00,0.00,0.00,0.00,0,0,
1749053332543,6,0,0,0.00,0.00,0.00,10,116,-74.81,-82.00,-82.00,-82.00,-66.00,-65.00,16,5,-57.03,6.56,22.50,43.00,0,0,0.00,0.00,0.00,0.00,0.00,0.00,0,0,
1749053333543,6,0,0,0.00,0.00,0.00,10,116,-70.31,-82.00,-71.00,-66.00,-66.00,-65.00,13,5,-52.53,6.69,22.50,44.00,0,0,0.00,0.00,0.00,0.00,0.00,0.00,0,0,
1749053334543,6,0,0,0.00,0.00,0.00,10,116,-70.31,-82.00,-71.00,-66.00,-66.00,-65.00,13,5,-52.53,6.69,22.50,44.00,0,0,0.00,0.00,0.00,0.00,0.00,0.00,0,0,
1749053335543,6,0,0,0.00,0.00,0.00,10,116,-67.42,-71.00,-71.00,-66.00,-65.50,-65.00,12,5,-49.64,6.79,21.50,44.00,0,0,0.00,0.00,0.00,0.00,0.00,0.00,0,0,
1749053336543,6,0,0,0.00,0.00,0.00,10,111,-68.69,-82.00,-66.00,-66.00,-65.00,-65.00,16,5,-50.91,6.75,20.00,44.00,0,0,0.00,0.00,0.00,0.00,0.00,0.00,0,0,
1749053337543,6,0,0,0.00,0.00,0.00,10,116,-69.81,-82.00,-74.00,-66.00,-66.00,-65.00,16,5,-52.03,6.71,21.00,44.00,0,0,0.00,0.00,0.00,0.00,0.00,0.00,0,0,
1749053338543,6,0,0,0.00,0.00,0.00,10,116,-69.81,-82.00,-74.00,-66.00,-66.00,-65.00,16,5,-52.03,6.71,21.00,44.00,0,0,0.00,0.00,0.00,0.00,0.00,0.00,0,0,
1749053339543,6,0,0,0.00,0.00,0.00,10,116,-68.25,-102.00,-66.00,-66.00,-66.00,-66.00,16,5,-50.47,6.76,22.50,44.00,0,0,0.00,0.00,0.00,0.00,0.00,0.00,0,0,
1749053340543,6,0,0,0.00,0.00,0.00,10,116,-66.00,-66.00,-66.00,-66.00,-66.00,-66.00,16,5,-48.22,6.84,22.00,44.00,0,0,0.00,0.00,0.00,0.00,0.00,0.00,0,0,
1749053341543,6,0,0,0.00,0.00,0.00,10,111,-66.00,-66.00,-66.00,-66.00,-66.00,-66.00,16,5,-48.22,6.84,23.00,45.00,0,0,0.00,0.00,0.00,0.00,0.00,0.00,0,0,
1749053342543,6,0,0,0.00,0.00,0.00,10,116,-70.50,-102.00,-66.00,-66.00,-66.00,-66.00,16,5,-52.72,6.69,23.50,44.00,0,0,0.00,0.00,0.00,0.00,0.00,0.00,0,0,
1749053343543,6,0,0,0.00,0.00,0.00,10,116,-70.50,-102.00,-66.00,-66.00,-66.00,-66.00,16,5,-52.72,6.69,23.00,44.00,0,0,0.00,0.00,0.00,0.00,0.00,0.00,0,0,
1749053344543,6,0,0,0.00,0.00,0.00,10,116,-65.94,-66.00,-66.00,-66.00,-66.00,-65.00,16,5,-48.16,6.85,21.50,44.00,0,0,0.00,0.00,0.00,0.00,0.00,0.00,0,0,
1749053345543,6,0,0,0.00,0.00,0.00,10,116,-67.00,-82.00,-66.00,-66.00,-66.00,-66.00,16,5,-49.22,6.81,22.00,44.00,0,0,0.00,0.00,0.00,0.00,0.00,0.00,0,0,
1749053346543,6,0,0,0.00,0.00,0.00,10,111,-66.00,-66.00,-66.00,-66.00,-66.00,-66.00,16,5,-48.22,6.84,22.00,44.00,1,0,0.00,0.00,0.00,0.00,0.00,0.00,0,0,
1749053347543,6,0,0,0.00,0.00,0.00,10,116,-66.00,-66.00,-66.00,-66.00,-66.00,-66.00,16,5,-48.22,6.84,23.50,44.00,1,0,0.00,0.00,0.00,0.00,0.00,0.00,0,0,
1749053348543,6,0,0,0.00,0.00,0.00,10,116,-65.81,-66.00,-66.00,-66.00,-66.00,-65.00,16,5,-48.03,6.85,21.50,45.00,1,0,0.00,0.00,0.00,0.00,0.00,0.00,0,0,
1749053349543,6,0,0,0.00,0.00,0.00,10,116,-65.56,-66.00,-66.00,-66.00,-65.00,-65.00,16,5,-47.78,6.86,21.50,45.00,1,0,0.00,0.00,0.00,0.00,0.00,0.00,0,0,
1749053350543,6,0,0,0.00,0.00,0.00,10,116,-65.69,-66.00,-66.00,-66.00,-65.00,-65.00,16,5,-47.91,6.86,22.00,45.00,1,0,0.00,0.00,0.00,0.00,0.00,0.00,0,0,
1749053351543,6,0,0,0.00,0.00,0.00,10,111,-66.00,-66.00,-66.00,-66.00,-66.00,-66.00,16,28,-40.74,45.36,24.00,45.00,0,0,0.00,0.00,0.00,0.00,0.00,0.00,0,0,
1749053352543,6,0,0,0.00,0.00,0.00,10,116,-66.00,-66.00,-66.00,-66.00,-66.00,-66.00,16,28,-40.74,45.36,24.50,45.00,0,0,0.00,0.00,0.00,0.00,0.00,0.00,0,0,
1749053353543,6,0,0,0.00,0.00,0.00,10,116,-66.00,-66.00,-66.00,-66.00,-66.00,-66.00,16,28,-40.74,45.36,24.50,44.00,0,0,0.00,0.00,0.00,0.00,0.00,0.00,0,0,
1749053354543,6,0,0,0.00,0.00,0.00,10,116,-66.00,-66.00,-66.00,-66.00,-66.00,-66.00,16,28,-40.74,45.36,23.50,46.00,0,0,0.00,0.00,0.00,0.00,0.00,0.00,0,0,
1749053355543,6,0,0,0.00,0.00,0.00,10,116,-66.00,-66.00,-66.00,-66.00,-66.00,-66.00,16,28,-40.74,45.36,24.00,43.00,0,0,0.00,0.00,0.00,0.00,0.00,0.00,0,0,
1749053356543,6,0,0,0.00,0.00,0.00,5,83,-66.00,-66.00,-66.00,-66.00,-66.00,-66.00,16,5,-48.22,6.84,21.00,45.00,0,0,0.00,0.00,0.00,0.00,0.00,0.00,0,0,
1749053357543,6,0,0,0.00,0.00,0.00,10,78,-66.00,-66.00,-66.00,-66.00,-66.00,-66.00,16,5,-48.22,6.84,21.50,44.00,0,0,0.00,0.00,0.00,0.00,0.00,0.00,0,0,
1749053358543,6,0,0,0.00,0.00,0.00,10,116,-66.00,-66.00,-66.00,-66.00,-66.00,-66.00,16,5,-48.22,6.84,23.00,44.00,0,0,0.00,0.00,0.00,0.00,0.00,0.00,0,0,
1749053359543,6,0,0,0.00,0.00,0.00,10,116,-70.94,-82.00,-82.00,-66.00,-66.00,-65.00,16,5,-53.16,6.67,23.00,44.00,0,0,0.00,0.00,0.00,0.00,0.00,0.00,0,0,
1749053360543,6,0,0,0.00,0.00,0.00,10,116,-71.00,-82.00,-82.00,-66.00,-66.00,-66.00,16,5,-53.22,6.67,22.50,44.00,0,0,0.00,0.00,0.00,0.00,0.00,0.00,0,0,
1749053361543,6,0,0,0.00,0.00,0.00,10,116,-71.00,-82.00,-82.00,-66.00,-66.00,-66.00,16,5,-53.22,6.67,22.00,44.00,0,0,0.00,0.00,0.00,0.00,0.00,0.00,0,0,
1749053362543,6,0,0,0.00,0.00,0.00,10,111,-66.00,-66.00,-66.00,-66.00,-66.00,-66.00,16,5,-48.22,6.84,23.00,44.00,0,0,0.00,0.00,0.00,0.00,0.00,0.00,0,0,
1749053363543,6,0,0,0.00,0.00,0.00,10,116,-66.00,-66.00,-66.00,-66.00,-66.00,-66.00,16,5,-48.22,6.84,22.00,43.00,0,0,0.00,0.00,0.00,0.00,0.00,0.00,0,0,
1749053364543,6,0,0,0.00,0.00,0.00,10,116,-68.13,-82.00,-66.00,-66.00,-66.00,-66.00,15,5,-50.35,6.77,22.00,44.00,0,0,0.00,0.00,0.00,0.00,0.00,0.00,0,0,
1749053365543,6,0,0,0.00,0.00,0.00,10,116,-68.60,-100.00,-66.00,-66.00,-66.00,-66.00,15,5,-50.82,6.75,23.00,44.00,0,0,0.00,0.00,0.00,0.00,0.00,0.00,0,0,
1749053366543,6,0,0,0.00,0.00,0.00,10,116,-68.60,-100.00,-66.00,-66.00,-66.00,-66.00,15,5,-50.82,6.75,22.00,43.00,0,0,0.00,0.00,0.00,0.00,0.00,0.00,0,0,
1749053367543,6,0,0,0.00,0.00,0.00,10,111,-73.19,-100.00,-76.50,-66.00,-66.00,-66.00,16,5,-55.41,6.60,23.50,43.00,0,0,0.00,0.00,0.00,0.00,0.00,0.00,0,0,
1749053368543,6,0,0,0.00,0.00,0.00,10,116,-70.40,-100.00,-66.00,-66.00,-66.00,-66.00,15,5,-52.62,6.69,22.00,44.00,0,0,0.00,0.00,0.00,0.00,0.00,0.00,0,0,
1749053369543,6,0,0,0.00,0.00,0.00,10,116,-74.06,-100.00,-82.00,-66.00,-66.00,-65.00,16,5,-56.28,6.58,23.00,43.00,0,0,0.00,0.00,0.00,0.00,0.00,0.00,0,0,
1749053370543,6,0,0,0.00,0.00,0.00,10,116,-74.06,-100.00,-82.00,-66.00,-66.00,-65.00,16,5,-56.28,6.58,24.00,43.00,0,0,0.00,0.00,0.00,0.00,0.00,0.00,0,0,
1749053371543,6,0,0,0.00,0.00,0.00,10,116,-75.67,-100.00,-82.00,-82.00,-66.00,-65.00,15,5,-57.89,6.54,23.00,43.00,0,0,0.00,0.00,0.00,0.00,0.00,0.00,0,0,
1749053372543,6,7,6,0.00,8.37,7.60,296,753,-75.00,-82.00,-82.00,-82.00,-65.00,-65.00,16,5,-57.22,6.55,27.00,41.00,0,2,0.00,0.00,0.00,0.00,0.00,0.00,0,0,
1749053373543,6,0,0,0.00,0.00,0.00,10,116,-73.50,-82.00,-82.00,-74.00,-65.00,-64.00,16,5,-55.72,6.60,26.00,41.00,0,0,0.00,0.00,0.00,0.00,0.00,0.00,0,0,
1749053374543,6,0,0,0.00,0.00,0.00,10,116,-72.93,-82.00,-82.00,-65.00,-65.00,-65.00,15,5,-55.15,6.61,25.00,43.00,0,0,0.00,0.00,0.00,0.00,0.00,0.00,0,0,
1749053375543,6,0,0,0.00,0.00,0.00,10,116,-72.93,-82.00,-82.00,-65.00,-65.00,-65.00,15,5,-55.15,6.61,24.00,44.00,0,0,0.00,0.00,0.00,0.00,0.00,0.00,0,0,
1749053376543,6,0,0,0.00,0.00,0.00,10,116,-75.47,-102.00,-82.00,-82.00,-65.00,-65.00,15,5,-57.69,6.54,23.50,42.00,0,0,0.00,0.00,0.00,0.00,0.00,0.00,0,0,
1749053377543,6,0,0,0.00,0.00,0.00,10,111,-74.81,-82.00,-82.00,-82.00,-66.00,-65.00,16,5,-57.03,6.56,23.50,43.00,0,0,0.00,0.00,0.00,0.00,0.00,0.00,0,0,
1749053378543,6,0,0,0.00,0.00,0.00,10,116,-76.60,-102.00,-82.00,-82.00,-65.00,-65.00,15,5,-58.82,6.51,22.00,44.00,0,0,0.00,0.00,0.00,0.00,0.00,0.00,0,0,
1749053379543,6,0,0,0.00,0.00,0.00,10,116,-76.60,-102.00,-82.00,-82.00,-65.00,-65.00,15,5,-58.82,6.51,23.00,43.00,0,0,0.00,0.00,0.00,0.00,0.00,0.00,0,0,
1749053380543,6,0,0,0.00,0.00,0.00,10,116,-74.69,-82.00,-82.00,-82.00,-65.00,-65.00,16,5,-56.91,6.56,23.00,43.00,0,0,0.00,0.00,0.00,0.00,0.00,0.00,0,0,
1749053381543,6,0,0,0.00,0.00,0.00,10,116,-72.50,-82.00,-82.00,-65.50,-65.00,-65.00,16,5,-54.72,6.62,21.50,44.00,0,0,0.00,0.00,0.00,0.00,0.00,0.00,0,0,
1749053382543,6,0,0,0.00,0.00,0.00,10,111,-70.80,-82.00,-82.00,-65.00,-65.00,-65.00,15,5,-53.02,6.68,23.00,44.00,0,0,0.00,0.00,0.00,0.00,0.00,0.00,0,0,
1749053383543,6,0,0,0.00,0.00,0.00,10,116,-71.36,-82.00,-82.00,-66.00,-65.00,-65.00,11,5,-53.58,6.66,24.00,44.00,0,0,0.00,0.00,0.00,0.00,0.00,0.00,0,0,
1749053384543,6,0,0,0.00,0.00,0.00,10,116,-71.36,-82.00,-82.00,-66.00,-65.00,-65.00,11,5,-53.58,6.66,23.50,44.00,0,0,0.00,0.00,0.00,0.00,0.00,0.00,0,0,
1749053385543,6,0,0,0.00,0.00,0.00,10,116,-75.14,-102.00,-82.00,-74.00,-65.00,-65.00,14,5,-57.36,6.55,23.00,43.00,0,0,0.00,0.00,0.00,0.00,0.00,0.00,0,0,
1749053386543,6,0,0,0.00,0.00,0.00,10,116,-79.33,-119.00,-82.00,-66.00,-65.00,-65.00,15,5,-61.55,6.44,23.50,43.00,0,0,0.00,0.00,0.00,0.00,0.00,0.00,0,0,
1749053387543,6,0,0,0.00,0.00,0.00,10,111,-71.07,-82.00,-82.00,-65.00,-65.00,-65.00,15,5,-53.29,6.67,21.00,44.00,0,0,0.00,0.00,0.00,0.00,0.00,0.00,0,0,
1749053388543,6,0,0,0.00,0.00,0.00,10,116,-71.07,-82.00,-82.00,-65.00,-65.00,-65.00,15,5,-53.29,6.67,22.50,44.00,0,0,0.00,0.00,0.00,0.00,0.00,0.00,0,0,
1749053389543,6,0,0,0.00,0.00,0.00,10,116,-71.56,-82.00,-82.00,-66.00,-65.00,-65.00,16,5,-53.78,6.65,24.50,43.00,0,0,0.00,0.00,0.00,0.00,0.00,0.00,0,0,
1749053390543,6,0,0,0.00,0.00,0.00,10,116,-75.94,-82.00,-82.00,-82.00,-66.00,-65.00,16,5,-58.16,6.53,23.50,43.00,0,0,0.00,0.00,0.00,0.00,0.00,0.00,0,0,
1749053391543,6,0,0,0.00,0.00,0.00,10,116,-81.25,-100.00,-82.00,-82.00,-82.00,-66.00,16,5,-63.47,6.40,23.50,42.00,0,0,0.00,0.00,0.00,0.00,0.00,0.00,0,0,
1749053392543,6,0,0,0.00,0.00,0.00,10,111,-83.12,-100.00,-82.00,-82.00,-82.00,-82.00,16,5,-65.34,6.36,22.50,42.00,0,0,0.00,0.00,0.00,0.00,0.00,0.00,0,0,
1749053393543,6,0,0,0.00,0.00,0.00,10,116,-83.12,-100.00,-82.00,-82.00,-82.00,-82.00,16,5,-65.34,6.36,22.50,42.00,0,0,0.00,0.00,0.00,0.00,0.00,0.00,0,0,
1749053394543,6,0,0,0.00,0.00,0.00,10,116,-91.19,-121.00,-100.00,-82.00,-82.00,-82.00,16,5,-73.41,6.21,24.00,43.00,0,0,0.00,0.00,0.00,0.00,0.00,0.00,0,0,
1749053395543,6,0,0,0.00,0.00,0.00,10,116,-89.12,-121.00,-91.00,-82.00,-82.00,-82.00,16,5,-71.34,6.25,23.50,42.00,0,0,0.00,0.00,0.00,0.00,0.00,0.00,0,0,
1749053396543,6,0,0,0.00,0.00,0.00,10,116,-88.94,-121.00,-100.00,-82.00,-82.00,-82.00,16,5,-71.16,6.25,25.00,42.00,0,0,0.00,0.00,0.00,0.00,0.00,0.00,0,0,
1749053397543,6,0,0,0.00,0.00,0.00,10,111,-73.50,-82.00,-82.00,-82.00,-65.00,-48.00,16,5,-55.72,6.60,24.50,41.00,1,0,0.00,0.00,0.00,0.00,0.00,0.00,0,0,
1749053398543,6,6,4,0.00,6.55,4.62,220,577,-73.50,-82.00,-82.00,-82.00,-65.00,-48.00,16,5,-55.72,6.60,25.50,42.00,1,0,0.00,0.00,0.00,0.00,0.00,0.00,0,0,
1749053399543,6,0,0,0.00,0.00,0.00,10,116,-76.75,-82.00,-82.00,-82.00,-82.00,-48.00,16,5,-58.97,6.51,25.00,43.00,1,0,0.00,0.00,0.00,0.00,0.00,0.00,0,0,
1749053400543,6,0,0,0.00,0.00,0.00,10,116,-82.00,-82.00,-82.00,-82.00,-82.00,-82.00,16,5,-64.22,6.38,24.00,42.00,1,0,0.00,0.00,0.00,0.00,0.00,0.00,0,0,
1749053401543,6,0,0,0.00,0.00,0.00,10,116,-73.50,-82.00,-82.00,-82.00,-65.00,-48.00,16,5,-55.72,6.60,24.00,42.00,1,0,0.00,0.00,0.00,0.00,0.00,0.00,0,0,
1749053402543,6,0,0,0.00,0.00,0.00,10,111,-73.50,-82.00,-82.00,-82.00,-65.00,-48.00,16,28,-48.24,42.66,24.00,42.00,0,0,0.00,0.00,0.00,0.00,0.00,0.00,0,0,
1749053403543,6,0,0,0.00,0.00,0.00,10,116,-79.88,-82.00,-82.00,-82.00,-82.00,-48.00,16,28,-54.61,40.95,24.50,42.00,0,0,0.00,0.00,0.00,0.00,0.00,0.00,0,0,
1749053404543,6,0,0,0.00,0.00,0.00,10,116,-79.88,-82.00,-82.00,-82.00,-82.00,-48.00,16,28,-54.61,40.95,24.50,42.00,0,0,0.00,0.00,0.00,0.00,0.00,0.00,0,0,
1749053405543,6,0,0,0.00,0.00,0.00,10,116,-74.56,-82.00,-82.00,-82.00,-73.50,-48.00,16,28,-49.30,42.35,24.00,42.00,0,0,0.00,0.00,0.00,0.00,0.00,0.00,0,0,
1749053406543,6,0,0,0.00,0.00,0.00,10,116,-79.88,-82.00,-82.00,-82.00,-82.00,-48.00,16,28,-54.61,40.95,23.50,42.00,0,0,0.00,0.00,0.00,0.00,0.00,0.00,0,0,
1749053407543,6,0,0,0.00,0.00,0.00,5,83,-79.88,-82.00,-82.00,-82.00,-82.00,-48.00,16,5,-62.09,6.43,22.00,42.00,0,0,0.00,0.00,0.00,0.00,0.00,0.00,0,0,
1749053408543,6,0,0,0.00,0.00,0.00,10,78,-75.62,-82.00,-82.00,-82.00,-82.00,-48.00,16,5,-57.84,6.54,23.50,41.00,0,0,0.00,0.00,0.00,0.00,0.00,0.00,0,0,
1749053409543,6,1,1,0.00,1.98,1.31,78,302,-82.00,-82.00,-82.00,-82.00,-82.00,-82.00,16,5,-64.22,6.38,23.00,43.00,0,0,0.00,0.00,0.00,0.00,0.00,0.00,0,0,
1749053410543,6,0,0,0.00,0.00,0.00,10,101,-82.00,-82.00,-82.00,-82.00,-82.00,-82.00,16,5,-64.22,6.38,24.00,42.00,0,0,0.00,0.00,0.00,0.00,0.00,0.00,0,0,
1749053411543,6,0,0,0.00,0.00,0.00,10,116,-82.00,-82.00,-82.00,-82.00,-82.00,-82.00,16,5,-64.22,6.38,22.00,42.00,0,0,0.00,0.00,0.00,0.00,0.00,0.00,0,0,
1749053412543,6,0,0,0.00,0.00,0.00,10,116,-82.00,-82.00,-82.00,-82.00,-82.00,-82.00,16,5,-64.22,6.38,22.00,43.00,0,0,0.00,0.00,0.00,0.00,0.00,0.00,0,0,
1749053413543,6,0,0,0.00,0.00,0.00,10,111,-83.25,-102.00,-82.00,-82.00,-82.00,-82.00,16,5,-65.47,6.36,22.50,43.00,0,0,0.00,0.00,0.00,0.00,0.00,0.00,0,0,
1749053414543,6,0,0,0.00,0.00,0.00,10,116,-81.20,-102.00,-82.00,-82.00,-82.00,-66.00,15,5,-63.42,6.40,22.00,43.00,0,0,0.00,0.00,0.00,0.00,0.00,0.00,0,0,
1749053415543,6,0,0,0.00,0.00,0.00,10,116,-80.07,-82.00,-82.00,-82.00,-82.00,-66.00,14,5,-62.29,6.43,22.00,42.00,0,0,0.00,0.00,0.00,0.00,0.00,0.00,0,0,
1749053416543,6,0,0,0.00,0.00,0.00,10,116,-80.07,-82.00,-82.00,-82.00,-82.00,-66.00,14,5,-62.29,6.43,24.50,43.00,0,0,0.00,0.00,0.00,0.00,0.00,0.00,0,0,
1749053417543,6,0,0,0.00,0.00,0.00,10,116,-83.12,-100.00,-82.00,-82.00,-82.00,-82.00,16,5,-65.34,6.36,24.00,42.00,0,0,0.00,0.00,0.00,0.00,0.00,0.00,0,0,
1749053418543,6,0,0,0.00,0.00,0.00,10,111,-82.00,-82.00,-82.00,-82.00,-82.00,-82.00,16,5,-64.22,6.38,23.00,43.00,0,0,0.00,0.00,0.00,0.00,0.00,0.00,0,0,
1749053419543,6,0,0,0.00,0.00,0.00,10,116,-82.00,-82.00,-82.00,-82.00,-82.00,-82.00,16,5,-64.22,6.38,24.00,43.00,0,0,0.00,0.00,0.00,0.00,0.00,0.00,0,0,
1749053420543,6,0,0,0.00,0.00,0.00,10,116,-82.00,-82.00,-82.00,-82.00,-82.00,-82.00,16,5,-64.22,6.38,23.50,42.00,0,0,0.00,0.00,0.00,0.00,0.00,0.00,0,0,
1749053421543,6,0,0,0.00,0.00,0.00,10,116,-82.00,-82.00,-82.00,-82.00,-82.00,-82.00,16,5,-64.22,6.38,24.50,41.00,0,0,0.00,0.00,0.00,0.00,0.00,0.00,0,0,
1749053422543,6,0,0,0.00,0.00,0.00,10,116,-82.00,-82.00,-82.00,-82.00,-82.00,-82.00,16,5,-64.22,6.38,24.50,42.00,0,0,0.00,0.00,0.00,0.00,0.00,0.00,0,0,
1749053423543,6,0,0,0.00,0.00,0.00,10,111,-82.00,-82.00,-82.00,-82.00,-82.00,-82.00,16,5,-64.22,6.38,24.00,42.00,0,0,0.00,0.00,0.00,0.00,0.00,0.00,0,0,
1749053424543,6,0,0,0.00,0.00,0.00,10,116,-91.50,-121.00,-100.00,-82.00,-82.00,-66.00,16,5,-73.72,6.21,23.50,42.00,0,0,0.00,0.00,0.00,0.00,0.00,0.00,0,0,
1749053425543,6,0,0,0.00,0.00,0.00,10,116,-91.50,-121.00,-100.00,-82.00,-82.00,-66.00,16,5,-73.72,6.21,23.50,42.00,0,0,0.00,0.00,0.00,0.00,0.00,0.00,0,0,
1749053426543,6,0,0,0.00,0.00,0.00,10,116,-93.25,-121.00,-110.50,-91.00,-82.00,-66.00,16,5,-75.47,6.18,22.50,43.00,0,0,0.00,0.00,0.00,0.00,0.00,0.00,0,0,
1749053427543,6,0,0,0.00,0.00,0.00,10,116,-79.62,-100.00,-100.00,-74.00,-66.00,-66.00,16,5,-61.84,6.44,22.00,43.00,0,0,0.00,0.00,0.00,0.00,0.00,0.00,0,0,
1749053428543,6,0,0,0.00,0.00,0.00,10,111,-76.71,-100.00,-82.00,-66.00,-66.00,-66.00,14,5,-58.93,6.51,22.50,42.00,0,0,0.00,0.00,0.00,0.00,0.00,0.00,0,0,
1749053429543,6,0,0,0.00,0.00,0.00,10,116,-72.69,-100.00,-82.00,-66.00,-66.00,-66.00,13,5,-54.91,6.62,22.50,43.00,0,0,0.00,0.00,0.00,0.00,0.00,0.00,0,0,
1749053430543,6,0,0,0.00,0.00,0.00,10,116,-72.69,-100.00,-82.00,-66.00,-66.00,-66.00,13,5,-54.91,6.62,22.00,43.00,0,0,0.00,0.00,0.00,0.00,0.00,0.00,0,0,
1749053431543,6,0,0,0.00,0.00,0.00,10,116,-71.94,-82.00,-82.00,-68.50,-66.00,-66.00,16,5,-54.16,6.64,22.00,44.00,0,0,0.00,0.00,0.00,0.00,0.00,0.00,0,0,
1749053432543,6,1,2,634.67,1.80,2.42,142,388,-70.94,-82.00,-76.50,-66.00,-66.00,-66.00,16,5,-53.16,6.67,21.50,44.00,0,0,0.00,0.00,0.00,0.00,0.00,0.00,0,0,
1749053433543,6,0,0,0.00,0.00,0.00,10,116,-70.94,-82.00,-82.00,-66.00,-66.00,-65.00,16,5,-53.16,6.67,20.50,44.00,0,0,0.00,0.00,0.00,0.00,0.00,0.00,0,0,
1749053434543,6,0,0,0.00,0.00,0.00,10,116,-70.94,-82.00,-82.00,-66.00,-66.00,-65.00,16,5,-53.16,6.67,21.00,45.00,0,0,0.00,0.00,0.00,0.00,0.00,0.00,0,0,
1749053435543,6,0,0,0.00,0.00,0.00,10,116,-70.75,-82.00,-77.00,-66.00,-66.00,-66.00,16,5,-52.97,6.68,21.00,44.00,0,0,0.00,0.00,0.00,0.00,0.00,0.00,0,0,
1749053436543,6,0,0,0.00,0.00,0.00,10,116,-72.81,-82.00,-82.00,-66.00,-66.00,-65.00,16,5,-55.03,6.62,20.50,44.00,0,0,0.00,0.00,0.00,0.00,0.00,0.00,0,0,
1749053437543,6,0,0,0.00,0.00,0.00,10,116,-70.62,-82.00,-82.00,-66.00,-65.00,-65.00,16,5,-52.84,6.68,20.00,43.00,0,0,0.00,0.00,0.00,0.00,0.00,0.00,0,0,
1749053438543,6,0,0,0.00,0.00,0.00,10,111,-70.81,-82.00,-82.00,-66.00,-66.00,-65.00,16,5,-53.03,6.68,21.00,45.00,0,0,0.00,0.00,0.00,0.00,0.00,0.00,0,0,
1749053439543,6,0,0,0.00,0.00,0.00,10,116,-70.81,-82.00,-82.00,-66.00,-66.00,-65.00,16,5,-53.03,6.68,22.50,45.00,0,0,0.00,0.00,0.00,0.00,0.00,0.00,0,0,
1749053440543,6,0,0,0.00,0.00,0.00,10,116,-69.75,-82.00,-74.00,-66.00,-65.50,-65.00,16,5,-51.97,6.71,24.50,45.00,0,0,0.00,0.00,0.00,0.00,0.00,0.00,0,0,
1749053441543,6,0,0,0.00,0.00,0.00,10,116,-72.19,-92.00,-82.00,-66.00,-65.00,-65.00,16,5,-54.41,6.63,24.50,44.00,0,0,0.00,0.00,0.00,0.00,0.00,0.00,0,0,
1749053442543,6,5,1,0.00,5.62,1.40,250,321,-70.69,-82.00,-82.00,-66.00,-65.00,-65.00,16,5,-52.91,6.68,24.00,43.00,1,1,0.00,0.00,0.00,0.00,0.00,0.00,0,0,
1749053443543,6,0,0,0.00,0.00,0.00,10,116,-70.69,-82.00,-82.00,-66.00,-65.00,-65.00,16,5,-52.91,6.68,23.00,43.00,0,0,0.00,0.00,0.00,0.00,0.00,0.00,0,0,
1749053444543,6,0,0,0.00,0.00,0.00,10,116,-68.60,-82.00,-66.00,-65.00,-65.00,-65.00,15,5,-50.82,6.75,22.50,44.00,0,0,0.00,0.00,0.00,0.00,0.00,0.00,0,0,
1749053445543,6,0,0,0.00,0.00,0.00,10,116,-66.00,-66.00,-66.00,-66.00,-66.00,-66.00,14,5,-48.22,6.84,22.00,45.00,0,0,0.00,0.00,0.00,0.00,0.00,0.00,0,0,
1749053446543,6,0,0,0.00,0.00,0.00,10,116,-65.88,-66.00,-66.00,-66.00,-66.00,-65.00,16,5,-48.09,6.85,20.00,43.00,0,0,0.00,0.00,0.00,0.00,0.00,0.00,0,0,
1749053447543,6,0,0,0.00,0.00,0.00,10,116,-70.00,-82.00,-71.00,-66.00,-66.00,-65.00,14,5,-52.22,6.70,20.50,44.00,0,0,0.00,0.00,0.00,0.00,0.00,0.00,0,0,
1749053448543,6,0,0,0.00,0.00,0.00,10,111,-70.00,-82.00,-71.00,-66.00,-66.00,-65.00,14,5,-52.22,6.70,21.50,43.00,1,0,0.00,0.00,0.00,0.00,0.00,0.00,0,0,
1749053449543,6,0,0,0.00,0.00,0.00,10,116,-73.06,-82.00,-82.00,-68.50,-65.50,-65.00,16,5,-55.28,6.61,21.50,44.00,1,0,0.00,0.00,0.00,0.00,0.00,0.00,0,0,
1749053450543,6,0,0,0.00,0.00,0.00,10,116,-71.31,-82.00,-82.00,-66.00,-66.00,-66.00,16,5,-53.53,6.66,21.50,44.00,1,0,0.00,0.00,0.00,0.00,0.00,0.00,0,0,
1749053451543,6,0,0,0.00,0.00,0.00,10,116,-69.94,-82.00,-74.00,-66.00,-66.00,-65.00,16,5,-52.16,6.70,22.00,44.00,1,0,0.00,0.00,0.00,0.00,0.00,0.00,0,0,
1749053452543,6,0,0,0.00,0.00,0.00,10,116,-69.94,-82.00,-74.00,-66.00,-66.00,-65.00,16,5,-52.16,6.70,21.50,44.00,1,0,0.00,0.00,0.00,0.00,0.00,0.00,0,0,
1749053453543,6,0,0,0.00,0.00,0.00,10,111,-67.45,-82.00,-66.00,-66.00,-66.00,-66.00,11,28,-42.19,44.77,25.00,44.00,0,0,0.00,0.00,0.00,0.00,0.00,0.00,0,0,
1749053454543,6,0,0,0.00,0.00,0.00,10,116,-68.00,-82.00,-66.00,-66.00,-66.00,-66.00,16,28,-42.74,44.55,24.50,44.00,0,0,0.00,0.00,0.00,0.00,0.00,0.00,0,0,
1749053455543,6,0,0,0.00,0.00,0.00,10,116,-76.00,-82.00,-82.00,-82.00,-66.00,-66.00,16,28,-50.74,41.94,24.50,44.00,0,0,0.00,0.00,0.00,0.00,0.00,0.00,0,0,
1749053456543,6,0,0,0.00,0.00,0.00,10,116,-74.25,-102.00,-82.00,-66.00,-66.00,-66.00,16,28,-48.99,42.44,24.50,43.00,0,0,0.00,0.00,0.00,0.00,0.00,0.00,0,0,
1749053457543,6,0,0,0.00,0.00,0.00,10,116,-74.25,-102.00,-82.00,-66.00,-66.00,-66.00,16,28,-48.99,42.44,23.50,44.00,0,0,0.00,0.00,0.00,0.00,0.00,0.00,0,0,
1749053458543,6,6,4,0.00,6.80,4.96,285,436,-73.33,-82.00,-82.00,-66.00,-66.00,-65.00,15,5,-55.55,6.60,22.00,43.00,2,0,0.00,0.00,0.00,0.00,0.00,0.00,0,0,
1749053459543,6,0,0,0.00,0.00,0.00,10,65,-75.79,-102.00,-82.00,-76.50,-66.00,-66.00,14,5,-58.00,6.53,22.50,44.00,0,1,0.00,0.00,0.00,0.00,0.00,0.00,0,0,
1749053460543,6,0,0,0.00,0.00,0.00,10,116,-77.69,-102.00,-82.00,-82.00,-68.50,-65.00,16,5,-59.91,6.48,23.50,43.00,0,0,0.00,0.00,0.00,0.00,0.00,0.00,0,0,
1749053461543,6,0,0,0.00,0.00,0.00,10,116,-75.20,-119.00,-82.00,-71.00,-65.00,-65.00,15,5,-57.42,6.55,24.50,44.00,0,0,0.00,0.00,0.00,0.00,0.00,0.00,0,0,
1749053462543,6,0,0,0.00,0.00,0.00,10,116,-75.20,-119.00,-82.00,-71.00,-65.00,-65.00,15,5,-57.42,6.55,24.50,44.00,0,0,0.00,0.00,0.00,0.00,0.00,0.00,0,0,
1749053463543,6,0,0,0.00,0.00,0.00,10,116,-70.69,-82.00,-82.00,-66.00,-65.00,-65.00,16,5,-52.91,6.68,24.00,44.00,0,0,0.00,0.00,0.00,0.00,0.00,0.00,0,0,
1749053464543,6,0,0,0.00,0.00,0.00,10,111,-81.12,-102.00,-102.00,-82.00,-66.00,-65.00,16,5,-63.34,6.40,24.50,44.00,0,0,0.00,0.00,0.00,0.00,0.00,0.00,0,0,
1749053465543,6,0,0,0.00,0.00,0.00,10,116,-79.88,-102.00,-101.00,-74.00,-65.50,-65.00,16,5,-62.09,6.43,24.00,43.00,0,0,0.00,0.00,0.00,0.00,0.00,0.00,0,0,
1749053466543,6,0,0,0.00,0.00,0.00,10,116,-79.88,-102.00,-101.00,-74.00,-65.50,-65.00,16,5,-62.09,6.43,21.50,43.00,0,0,0.00,0.00,0.00,0.00,0.00,0.00,0,0,
1749053467543,6,0,0,0.00,0.00,0.00,10,116,-73.93,-100.00,-82.00,-66.00,-65.00,-65.00,14,5,-56.15,6.58,22.50,43.00,0,0,0.00,0.00,0.00,0.00,0.00,0.00,0,0,
1749053468543,6,0,0,0.00,0.00,0.00,10,116,-81.69,-100.00,-91.00,-82.00,-68.50,-65.00,16,5,-63.91,6.39,21.00,43.00,0,0,0.00,0.00,0.00,0.00,0.00,0.00,0,0,
1749053469543,6,0,0,0.00,0.00,0.00,10,111,-88.25,-121.00,-100.00,-91.00,-74.00,-65.00,16,5,-70.47,6.26,21.50,44.00,0,0,0.00,0.00,0.00,0.00,0.00,0.00,0,0,
1749053470543,6,0,0,0.00,0.00,0.00,10,116,-74.62,-102.00,-83.00,-66.00,-66.00,-66.00,16,5,-56.84,6.56,22.00,43.00,0,0,0.00,0.00,0.00,0.00,0.00,0.00,0,0,
1749053471543,6,0,0,0.00,0.00,0.00,10,116,-74.62,-102.00,-83.00,-66.00,-66.00,-66.00,16,5,-56.84,6.56,21.00,43.00,0,0,0.00,0.00,0.00,0.00,0.00,0.00,0,0,
1749053472543,6,0,0,0.00,0.00,0.00,10,116,-77.47,-102.00,-100.00,-66.00,-66.00,-66.00,15,5,-59.69,6.49,23.00,43.00,0,0,0.00,0.00,0.00,0.00,0.00,0.00,0,0,
1749053473543,6,0,0,0.00,0.00,0.00,10,116,-66.00,-66.00,-66.00,-66.00,-66.00,-66.00,16,5,-48.22,6.84,22.50,43.00,0,0,0.00,0.00,0.00,0.00,0.00,0.00,0,0,
1749053474543,6,0,0,0.00,0.00,0.00,10,111,-66.00,-66.00,-66.00,-66.00,-66.00,-66.00,16,5,-48.22,6.84,22.00,44.00,0,0,0.00,0.00,0.00,0.00,0.00,0.00,0,0,
1749053475543,6,0,0,0.00,0.00,0.00,10,116,-66.00,-66.00,-66.00,-66.00,-66.00,-66.00,16,5,-48.22,6.84,23.50,43.00,0,0,0.00,0.00,0.00,0.00,0.00,0.00,0,0,
1749053476543,6,0,0,0.00,0.00,0.00,10,116,-68.12,-100.00,-66.00,-66.00,-66.00,-66.00,16,5,-50.34,6.77,22.00,43.00,0,0,0.00,0.00,0.00,0.00,0.00,0.00,0,0,
1749053477543,6,0,0,0.00,0.00,0.00,10,116,-67.94,-100.00,-66.00,-66.00,-66.00,-65.00,16,5,-50.16,6.77,22.50,44.00,0,0,0.00,0.00,0.00,0.00,0.00,0.00,0,0,
1749053478543,6,0,0,0.00,0.00,0.00,10,116,-66.81,-82.00,-66.00,-66.00,-66.00,-65.00,16,5,-49.03,6.81,24.00,44.00,0,0,0.00,0.00,0.00,0.00,0.00,0.00,0,0,
1749053479543,6,0,0,0.00,0.00,0.00,10,111,-65.88,-66.00,-66.00,-66.00,-66.00,-65.00,16,5,-48.09,6.85,21.50,44.00,0,0,0.00,0.00,0.00,0.00,0.00,0.00,0,0,
1749053480543,6,0,0,0.00,0.00,0.00,10,116,-65.88,-66.00,-66.00,-66.00,-66.00,-65.00,16,5,-48.09,6.85,20.50,44.00,0,0,0.00,0.00,0.00,0.00,0.00,0.00,0,0,
1749053481543,6,0,0,0.00,0.00,0.00,10,116,-65.94,-66.00,-66.00,-66.00,-66.00,-65.00,16,5,-48.16,6.85,20.50,43.00,0,0,0.00,0.00,0.00,0.00,0.00,0.00,0,0,
1749053482543,6,0,0,0.00,0.00,0.00,10,116,-67.81,-82.00,-66.00,-66.00,-66.00,-65.00,16,5,-50.03,6.78,21.00,44.00,0,0,0.00,0.00,0.00,0.00,0.00,0.00,0,0,
1749053483543,6,0,0,0.00,0.00,0.00,10,116,-65.62,-66.00,-66.00,-66.00,-65.00,-65.00,16,5,-47.84,6.86,21.00,44.00,0,0,0.00,0.00,0.00,0.00,0.00,0.00,0,0,
1749053484543,6,0,0,0.00,0.00,0.00,10,111,-65.62,-66.00,-66.00,-66.00,-65.00,-65.00,16,5,-47.84,6.86,19.50,43.00,0,0,0.00,0.00,0.00,0.00,0.00,0.00,0,0,
1749053485543,6,0,0,0.00,0.00,0.00,10,116,-69.69,-82.00,-74.00,-66.00,-65.00,-65.00,16,5,-51.91,6.71,20.50,44.00,0,0,0.00,0.00,0.00,0.00,0.00,0.00,0,0,
1749053486543,6,0,0,0.00,0.00,0.00,10,116,-70.88,-82.00,-82.00,-66.00,-66.00,-65.00,16,5,-53.09,6.67,22.00,45.00,0,0,0.00,0.00,0.00,0.00,0.00,0.00,0,0,
1749053487543,6,0,0,0.00,0.00,0.00,10,116,-70.00,-82.00,-74.00,-66.00,-66.00,-66.00,16,5,-52.22,6.70,22.00,45.00,0,0,0.00,0.00,0.00,0.00,0.00,0.00,0,0,
1749053488543,6,0,0,0.00,0.00,0.00,10,116,-70.06,-82.00,-75.50,-66.00,-66.00,-65.00,16,5,-52.28,6.70,22.50,45.00,0,0,0.00,0.00,0.00,0.00,0.00,0.00,0,0,
1749053489543,6,0,0,0.00,0.00,0.00,10,111,-70.06,-82.00,-75.50,-66.00,-66.00,-65.00,16,5,-52.28,6.70,22.00,45.00,0,0,0.00,0.00,0.00,0.00,0.00,0.00,0,0,
1749053490543,6,0,0,0.00,0.00,0.00,10,116,-70.31,-89.00,-74.00,-66.00,-66.00,-65.00,16,5,-52.53,6.69,23.50,45.00,0,0,0.00,0.00,0.00,0.00,0.00,0.00,0,0,
1749053491543,6,0,0,0.00,0.00,0.00,10,116,-72.75,-82.00,-82.00,-66.00,-65.50,-65.00,16,5,-54.97,6.62,24.50,45.00,0,0,0.00,0.00,0.00,0.00,0.00,0.00,0,0,
1749053492543,6,0,0,0.00,0.00,0.00,10,116,-72.69,-82.00,-82.00,-66.00,-65.00,-65.00,16,5,-54.91,6.62,22.00,45.00,0,0,0.00,0.00,0.00,0.00,0.00,0.00,0,0,
1749053493543,6,0,0,0.00,0.00,0.00,10,116,-72.69,-82.00,-82.00,-66.00,-65.00,-65.00,16,5,-54.91,6.62,21.00,45.00,0,0,0.00,0.00,0.00,0.00,0.00,0.00,0,0,
1749053494543,6,0,0,0.00,0.00,0.00,10,111,-72.69,-82.00,-82.00,-66.00,-65.00,-65.00,16,5,-54.91,6.62,20.50,45.00,0,0,0.00,0.00,0.00,0.00,0.00,0.00,0,0,
1749053495543,6,0,0,0.00,0.00,0.00,10,116,-73.00,-119.00,-82.00,-66.00,-65.00,-65.00,16,5,-55.22,6.61,21.00,44.00,0,0,0.00,0.00,0.00,0.00,0.00,0.00,0,0,
1749053496543,6,0,0,0.00,0.00,0.00,10,116,-72.88,-119.00,-82.00,-66.00,-65.00,-65.00,16,5,-55.09,6.61,21.50,45.00,0,0,0.00,0.00,0.00,0.00,0.00,0.00,0,0,
1749053497543,6,0,0,0.00,0.00,0.00,10,116,-72.38,-119.00,-66.00,-66.00,-66.00,-65.00,16,5,-54.59,6.63,20.00,45.00,0,0,0.00,0.00,0.00,0.00,0.00,0.00,0,0,
1749053498543,6,0,0,0.00,0.00,0.00,10,116,-72.38,-119.00,-66.00,-66.00,-66.00,-65.00,16,5,-54.59,6.63,20.50,44.00,0,0,0.00,0.00,0.00,0.00,0.00,0.00,0,0,
1749053499543,6,0,0,0.00,0.00,0.00,10,111,-72.81,-82.00,-82.00,-66.00,-66.00,-65.00,16,5,-55.03,6.62,21.50,44.00,1,0,0.00,0.00,0.00,0.00,0.00,0.00,0,0,
1749053500543,6,0,0,0.00,0.00,0.00,10,116,-70.00,-82.00,-74.00,-66.00,-66.00,-66.00,16,5,-52.22,6.70,22.00,44.00,1,0,0.00,0.00,0.00,0.00,0.00,0.00,0,0,
1749053501543,6,0,0,0.00,0.00,0.00,10,116,-71.56,-82.00,-82.00,-66.00,-65.00,-65.00,16,5,-53.78,6.65,22.00,44.00,1,0,0.00,0.00,0.00,0.00,0.00,0.00,0,0,
1749053502543,6,0,0,0.00,0.00,0.00,10,116,-71.62,-82.00,-82.00,-66.00,-65.00,-65.00,16,5,-53.84,6.65,22.00,44.00,1,0,0.00,0.00,0.00,0.00,0.00,0.00,0,0,
1749053503543,6,0,0,0.00,0.00,0.00,10,116,-71.62,-82.00,-82.00,-66.00,-65.00,-65.00,16,5,-53.84,6.65,21.50,43.00,1,0,0.00,0.00,0.00,0.00,0.00,0.00,0,0,
1749053504543,6,0,0,0.00,0.00,0.00,10,111,-75.67,-82.00,-82.00,-82.00,-65.00,-65.00,15,28,-50.40,42.03,24.00,44.00,0,0,0.00,0.00,0.00,0.00,0.00,0.00,0,0,
1749053505543,6,0,0,0.00,0.00,0.00,10,116,-74.67,-82.00,-82.00,-82.00,-66.00,-65.00,15,28,-49.40,42.32,24.00,45.00,0,0,0.00,0.00,0.00,0.00,0.00,0.00,0,0,
1749053506543,6,0,0,0.00,0.00,0.00,10,116,-70.75,-82.00,-82.00,-66.00,-65.50,-65.00,16,28,-45.49,43.55,24.50,44.00,0,0,0.00,0.00,0.00,0.00,0.00,0.00,0,0,
1749053507543,6,0,0,0.00,0.00,0.00,10,116,-70.75,-82.00,-82.00,-66.00,-65.50,-65.00,16,28,-45.49,43.55,24.00,44.00,0,0,0.00,0.00,0.00,0.00,0.00,0.00,0,0,
1749053508543,6,0,0,0.00,0.00,0.00,10,116,-70.31,-102.00,-66.00,-66.00,-66.00,-65.00,16,28,-45.05,43.70,24.50,44.00,0,0,0.00,0.00,0.00,0.00,0.00,0.00,0,0,
1749053509543,6,0,0,0.00,0.00,0.00,5,55,-67.00,-82.00,-66.00,-66.00,-66.00,-66.00,16,5,-49.22,6.81,21.00,44.00,0,0,0.00,0.00,0.00,0.00,0.00,0.00,0,0,
1749053510543,6,0,0,0.00,0.00,0.00,10,106,-68.25,-102.00,-66.00,-66.00,-66.00,-66.00,16,5,-50.47,6.76,21.50,44.00,0,0,0.00,0.00,0.00,0.00,0.00,0.00,0,0,
1749053511543,6,0,0,0.00,0.00,0.00,10,116,-72.93,-100.00,-82.00,-68.50,-66.00,-66.00,14,5,-55.15,6.61,22.00,43.00,0,0,0.00,0.00,0.00,0.00,0.00,0.00,0,0,
1749053512543,6,0,0,0.00,0.00,0.00,10,116,-72.93,-100.00,-82.00,-68.50,-66.00,-66.00,14,5,-55.15,6.61,21.00,44.00,0,0,0.00,0.00,0.00,0.00,0.00,0.00,0,0,
1749053513543,6,0,0,0.00,0.00,0.00,10,116,-69.00,-82.00,-68.50,-66.00,-66.00,-65.00,12,5,-51.22,6.74,21.50,44.00,0,0,0.00,0.00,0.00,0.00,0.00,0.00,0,0,
1749053514543,6,0,0,0.00,0.00,0.00,10,116,-66.94,-82.00,-66.00,-66.00,-66.00,-65.00,16,5,-49.16,6.81,21.50,45.00,0,0,0.00,0.00,0.00,0.00,0.00,0.00,0,0,
1749053515543,6,0,0,0.00,0.00,0.00,10,111,-65.75,-66.00,-66.00,-66.00,-65.50,-65.00,16,5,-47.97,6.85,21.50,45.00,0,0,0.00,0.00,0.00,0.00,0.00,0.00,0,0,
1749053516543,6,0,0,0.00,0.00,0.00,10,116,-65.75,-66.00,-66.00,-66.00,-65.50,-65.00,16,5,-47.97,6.85,21.50,45.00,0,0,0.00,0.00,0.00,0.00,0.00,0.00,0,0,
1749053517543,6,0,0,0.00,0.00,0.00,10,116,-65.81,-66.00,-66.00,-66.00,-66.00,-65.00,16,5,-48.03,6.85,21.00,45.00,0,0,0.00,0.00,0.00,0.00,0.00,0.00,0,0,
1749053518543,6,0,0,0.00,0.00,0.00,10,116,-69.75,-82.00,-74.00,-66.00,-65.50,-65.00,16,5,-51.97,6.71,21.50,45.00,0,0,0.00,0.00,0.00,0.00,0.00,0.00,0,0,
1749053519543,6,0,0,0.00,0.00,0.00,10,116,-72.88,-82.00,-82.00,-66.00,-66.00,-65.00,16,5,-55.09,6.61,21.50,45.00,0,0,0.00,0.00,0.00,0.00,0.00,0.00,0,0,
1749053520543,6,0,0,0.00,0.00,0.00,10,111,-71.88,-82.00,-82.00,-66.00,-66.00,-65.00,16,5,-54.09,6.64,21.50,45.00,0,0,0.00,0.00,0.00,0.00,0.00,0.00,0,0,
1749053521543,6,0,0,0.00,0.00,0.00,10,116,-71.88,-82.00,-82.00,-66.00,-66.00,-65.00,16,5,-54.09,6.64,21.00,45.00,0,0,0.00,0.00,0.00,0.00,0.00,0.00,0,0,
1749053522543,6,0,0,0.00,0.00,0.00,10,116,-71.00,-82.00,-82.00,-66.00,-66.00,-66.00,16,5,-53.22,6.67,22.50,44.00,0,0,0.00,0.00,0.00,0.00,0.00,0.00,0,0,
1749053523543,6,0,0,0.00,0.00,0.00,10,116,-73.88,-82.00,-82.00,-74.00,-66.00,-65.00,16,5,-56.09,6.58,23.50,44.00,0,0,0.00,0.00,0.00,0.00,0.00,0.00,0,0,
1749053524543,6,0,0,0.00,0.00,0.00,10,116,-78.31,-102.00,-82.00,-82.00,-66.00,-65.00,16,5,-60.53,6.47,20.00,44.00,0,0,0.00,0.00,0.00,0.00,0.00,0.00,0,0,
1749053525543,6,0,0,0.00,0.00,0.00,10,111,-76.00,-82.00,-82.00,-82.00,-66.00,-66.00,16,5,-58.22,6.53,21.50,44.00,0,0,0.00,0.00,0.00,0.00,0.00,0.00,0,0,
1749053526543,6,0,0,0.00,0.00,0.00,10,116,-76.00,-82.00,-82.00,-82.00,-66.00,-66.00,16,5,-58.22,6.53,21.00,44.00,0,0,0.00,0.00,0.00,0.00,0.00,0.00,0,0,
1749053527543,6,0,0,0.00,0.00,0.00,10,116,-74.53,-82.00,-82.00,-82.00,-66.00,-66.00,15,5,-56.75,6.57,22.00,44.00,0,0,0.00,0.00,0.00,0.00,0.00,0.00,0,0,
1749053528543,6,0,0,0.00,0.00,0.00,10,116,-72.88,-82.00,-82.00,-66.00,-66.00,-65.00,16,5,-55.09,6.61,21.00,44.00,0,0,0.00,0.00,0.00,0.00,0.00,0.00,0,0,
1749053529543,6,0,0,0.00,0.00,0.00,10,116,-72.75,-82.00,-82.00,-66.00,-65.50,-65.00,16,5,-54.97,6.62,21.50,44.00,0,0,0.00,0.00,0.00,0.00,0.00,0.00,0,0,
1749053530543,6,0,0,0.00,0.00,0.00,10,111,-72.75,-82.00,-82.00,-66.00,-65.50,-65.00,16,5,-54.97,6.62,21.00,44.00,0,0,0.00,0.00,0.00,0.00,0.00,0.00,0,0,
1749053531543,6,0,0,0.00,0.00,0.00,10,116,-71.88,-82.00,-82.00,-66.00,-66.00,-65.00,16,5,-54.09,6.64,21.50,44.00,0,0,0.00,0.00,0.00,0.00,0.00,0.00,0,0,
1749053532543,6,0,0,0.00,0.00,0.00,10,116,-67.94,-82.00,-66.00,-66.00,-66.00,-65.00,16,5,-50.16,6.77,21.00,44.00,0,0,0.00,0.00,0.00,0.00,0.00,0.00,0,0,
1749053533543,6,0,0,0.00,0.00,0.00,10,116,-66.00,-66.00,-66.00,-66.00,-66.00,-66.00,12,5,-48.22,6.84,24.00,44.00,0,0,0.00,0.00,0.00,0.00,0.00,0.00,0,0,
1749053534543,6,0,0,0.00,0.00,0.00,10,116,-70.69,-82.00,-82.00,-66.00,-65.00,-65.00,16,5,-52.91,6.68,22.50,44.00,0,0,0.00,0.00,0.00,0.00,0.00,0.00,0,0,
1749053535543,6,0,0,0.00,0.00,0.00,10,111,-70.69,-82.00,-82.00,-66.00,-65.00,-65.00,16,5,-52.91,6.68,21.50,45.00,0,0,0.00,0.00,0.00,0.00,0.00,0.00,0,0,
1749053536543,6,0,0,0.00,0.00,0.00,10,116,-70.20,-82.00,-82.00,-66.00,-66.00,-65.00,15,5,-52.42,6.70,23.00,43.00,0,0,0.00,0.00,0.00,0.00,0.00,0.00,0,0,
1749053537543,6,0,0,0.00,0.00,0.00,10,116,-73.09,-82.00,-82.00,-66.00,-66.00,-65.00,11,5,-55.31,6.61,21.00,45.00,0,0,0.00,0.00,0.00,0.00,0.00,0.00,0,0,
1749053538543,6,0,0,0.00,0.00,0.00,10,116,-71.71,-82.00,-82.00,-66.00,-66.00,-66.00,14,5,-53.93,6.65,21.50,43.00,0,0,0.00,0.00,0.00,0.00,0.00,0.00,0,0,
1749053539543,6,0,0,0.00,0.00,0.00,10,116,-71.71,-82.00,-82.00,-66.00,-66.00,-66.00,14,5,-53.93,6.65,21.50,44.00,0,0,0.00,0.00,0.00,0.00,0.00,0.00,0,0,
1749053540543,6,0,0,0.00,0.00,0.00,10,111,-76.15,-102.00,-82.00,-82.00,-66.00,-66.00,13,5,-58.37,6.52,22.50,44.00,0,0,0.00,0.00,0.00,0.00,0.00,0.00,0,0,
1749053541543,6,0,0,0.00,0.00,0.00,10,116,-71.62,-82.00,-82.00,-66.00,-65.00,-65.00,16,5,-53.84,6.65,21.00,43.00,0,0,0.00,0.00,0.00,0.00,0.00,0.00,0,0,
1749053542543,6,0,0,0.00,0.00,0.00,10,116,-68.07,-82.00,-66.00,-65.00,-65.00,-65.00,14,5,-50.29,6.77,22.50,43.00,0,0,0.00,0.00,0.00,0.00,0.00,0.00,0,0,
1749053543543,6,0,0,0.00,0.00,0.00,10,116,-72.40,-82.00,-82.00,-66.00,-66.00,-66.00,15,5,-54.62,6.63,23.00,44.00,0,0,0.00,0.00,0.00,0.00,0.00,0.00,0,0,
1749053544543,6,0,0,0.00,0.00,0.00,10,116,-72.40,-82.00,-82.00,-66.00,-66.00,-66.00,15,5,-54.62,6.63,21.00,44.00,0,0,0.00,0.00,0.00,0.00,0.00,0.00,0,0,
1749053545543,6,0,0,0.00,0.00,0.00,10,111,-77.93,-102.00,-82.00,-82.00,-71.00,-66.00,15,5,-60.15,6.48,22.00,44.00,0,0,0.00,0.00,0.00,0.00,0.00,0.00,0,0,
1749053546543,6,0,0,0.00,0.00,0.00,10,116,-80.44,-102.00,-92.00,-82.00,-66.00,-65.00,16,5,-62.66,6.42,22.50,42.00,0,0,0.00,0.00,0.00,0.00,0.00,0.00,0,0,
1749053547543,6,0,0,0.00,0.00,0.00,10,116,-72.27,-100.00,-71.00,-71.00,-66.00,-65.00,15,5,-54.49,6.63,22.50,43.00,0,0,0.00,0.00,0.00,0.00,0.00,0.00,0,0,
1749053548543,6,0,0,0.00,0.00,0.00,10,116,-72.27,-100.00,-71.00,-71.00,-66.00,-65.00,15,5,-54.49,6.63,23.50,43.00,0,0,0.00,0.00,0.00,0.00,0.00,0.00,0,0,
1749053549543,6,0,0,0.00,0.00,0.00,10,116,-71.12,-100.00,-71.00,-66.00,-66.00,-65.00,16,5,-53.34,6.67,23.00,43.00,0,0,0.00,0.00,0.00,0.00,0.00,0.00,0,0,
1749053550543,6,0,0,0.00,0.00,0.00,10,111,-70.25,-100.00,-66.00,-66.00,-66.00,-66.00,16,5,-52.47,6.69,23.00,43.00,1,0,0.00,0.00,0.00,0.00,0.00,0.00,0,0,
1749053551543,6,0,0,0.00,0.00,0.00,10,116,-70.19,-100.00,-66.00,-66.00,-66.00,-65.00,16,5,-52.41,6.70,21.50,43.00,1,0,0.00,0.00,0.00,0.00,0.00,0.00,0,0,
1749053552543,6,0,0,0.00,0.00,0.00,10,116,-65.94,-66.00,-66.00,-66.00,-66.00,-65.00,16,5,-48.16,6.85,22.50,44.00,1,0,0.00,0.00,0.00,0.00,0.00,0.00,0,0,
1749053553543,6,0,0,0.00,0.00,0.00,10,116,-65.94,-66.00,-66.00,-66.00,-66.00,-65.00,16,5,-48.16,6.85,23.00,44.00,1,0,0.00,0.00,0.00,0.00,0.00,0.00,0,0,
1749053554543,6,0,0,0.00,0.00,0.00,10,116,-65.94,-66.00,-66.00,-66.00,-66.00,-65.00,16,5,-48.16,6.85,21.00,43.00,1,0,0.00,0.00,0.00,0.00,0.00,0.00,0,0,
1749053555543,6,0,0,0.00,0.00,0.00,10,111,-67.94,-102.00,-66.00,-66.00,-65.00,-65.00,16,28,-42.67,44.58,24.50,44.00,0,0,0.00,0.00,0.00,0.00,0.00,0.00,0,0,
1749053556543,6,0,0,0.00,0.00,0.00,10,116,-66.81,-82.00,-66.00,-66.00,-66.00,-65.00,16,28,-41.55,45.03,24.50,43.00,0,0,0.00,0.00,0.00,0.00,0.00,0.00,0,0,
1749053557543,6,0,0,0.00,0.00,0.00,10,116,-66.00,-66.00,-66.00,-66.00,-66.00,-66.00,16,28,-40.74,45.36,24.00,43.00,0,0,0.00,0.00,0.00,0.00,0.00,0.00,0,0,
1749053558543,6,0,0,0.00,0.00,0.00,10,116,-66.00,-66.00,-66.00,-66.00,-66.00,-66.00,16,28,-40.74,45.36,24.50,45.00,0,0,0.00,0.00,0.00,0.00,0.00,0.00,0,0,
1749053559543,6,0,0,0.00,0.00,0.00,10,116,-67.81,-82.00,-66.00,-66.00,-66.00,-65.00,16,28,-42.55,44.62,24.00,44.00,0,0,0.00,0.00,0.00,0.00,0.00,0.00,0,0,
1749053560543,6,0,0,0.00,0.00,0.00,5,83,-65.69,-66.00,-66.00,-66.00,-65.00,-65.00,16,5,-47.91,6.86,20.00,45.00,0,0,0.00,0.00,0.00,0.00,0.00,0.00,0,0,
1749053561543,6,0,0,0.00,0.00,0.00,10,78,-65.50,-66.00,-66.00,-65.50,-65.00,-65.00,16,5,-47.72,6.86,21.00,45.00,0,0,0.00,0.00,0.00,0.00,0.00,0.00,0,0,
1749053562543,6,0,0,0.00,0.00,0.00,10,116,-65.50,-66.00,-66.00,-65.50,-65.00,-65.00,16,5,-47.72,6.86,21.50,44.00,0,0,0.00,0.00,0.00,0.00,0.00,0.00,0,0,
1749053563543,6,0,0,0.00,0.00,0.00,10,116,-65.62,-66.00,-66.00,-66.00,-65.00,-65.00,16,5,-47.84,6.86,22.00,45.00,0,0,0.00,0.00,0.00,0.00,0.00,0.00,0,0,
1749053564543,6,0,0,0.00,0.00,0.00,10,116,-66.69,-82.00,-66.00,-66.00,-65.00,-65.00,16,5,-48.91,6.82,24.00,44.00,0,0,0.00,0.00,0.00,0.00,0.00,0.00,0,0,
1749053565543,6,0,0,0.00,0.00,0.00,10,116,-68.75,-82.00,-66.00,-66.00,-65.50,-65.00,16,5,-50.97,6.74,23.50,44.00,0,0,0.00,0.00,0.00,0.00,0.00,0.00,0,0,
1749053566543,6,0,0,0.00,0.00,0.00,10,111,-65.62,-66.00,-66.00,-66.00,-65.00,-65.00,16,5,-47.84,6.86,23.00,45.00,0,0,0.00,0.00,0.00,0.00,0.00,0.00,0,0,
1749053567543,6,0,0,0.00,0.00,0.00,10,116,-65.62,-66.00,-66.00,-66.00,-65.00,-65.00,16,5,-47.84,6.86,22.00,45.00,0,0,0.00,0.00,0.00,0.00,0.00,0.00,0,0,
1749053568543,6,0,0,0.00,0.00,0.00,10,116,-65.75,-66.00,-66.00,-66.00,-65.50,-65.00,16,5,-47.97,6.85,20.50,44.00,0,0,0.00,0.00,0.00,0.00,0.00,0.00,0,0,
1749053569543,6,0,0,0.00,0.00,0.00,10,116,-70.00,-82.00,-74.00,-66.00,-66.00,-66.00,16,5,-52.22,6.70,19.50,43.00,0,0,0.00,0.00,0.00,0.00,0.00,0.00,0,0,
1749053570543,6,0,0,0.00,0.00,0.00,10,116,-69.00,-82.00,-66.00,-66.00,-66.00,-66.00,16,5,-51.22,6.74,21.00,43.00,0,0,0.00,0.00,0.00,0.00,0.00,0.00,0,0,
1749053571543,6,0,0,0.00,0.00,0.00,10,111,-69.00,-82.00,-66.00,-66.00,-66.00,-66.00,16,5,-51.22,6.74,20.50,44.00,0,0,0.00,0.00,0.00,0.00,0.00,0.00,0,0,
1749053572543,6,0,0,0.00,0.00,0.00,10,116,-78.00,-102.00,-92.00,-66.00,-66.00,-66.00,16,5,-60.22,6.48,22.00,44.00,0,0,0.00,0.00,0.00,0.00,0.00,0.00,0,0,
1749053573543,6,0,0,0.00,0.00,0.00,10,116,-71.69,-82.00,-82.00,-66.00,-65.00,-65.00,16,5,-53.91,6.65,20.50,44.00,0,0,0.00,0.00,0.00,0.00,0.00,0.00,0,0,
1749053574543,6,0,0,0.00,0.00,0.00,10,116,-72.62,-82.00,-82.00,-66.00,-65.00,-65.00,16,5,-54.84,6.62,23.00,44.00,0,0,0.00,0.00,0.00,0.00,0.00,0.00,0,0,
1749053575543,6,0,0,0.00,0.00,0.00,10,116,-71.00,-82.00,-82.00,-66.00,-65.00,-65.00,16,5,-53.22,6.67,21.50,44.00,0,0,0.00,0.00,0.00,0.00,0.00,0.00,0,0,
1749053576543,6,0,0,0.00,0.00,0.00,10,111,-71.00,-82.00,-82.00,-66.00,-65.00,-65.00,16,5,-53.22,6.67,21.00,44.00,0,0,0.00,0.00,0.00,0.00,0.00,0.00,0,0,
1749053577543,6,0,0,0.00,0.00,0.00,10,116,-72.81,-82.00,-82.00,-66.00,-66.00,-65.00,16,5,-55.03,6.62,23.00,44.00,0,0,0.00,0.00,0.00,0.00,0.00,0.00,0,0,
1749053578543,6,6,2,0.00,6.53,2.78,212,352,-74.69,-82.00,-82.00,-82.00,-65.00,-65.00,16,5,-56.91,6.56,24.50,44.00,2,0,0.00,0.00,0.00,0.00,0.00,0.00,0,0,
1749053579543,6,0,0,0.00,0.00,0.00,10,116,-75.60,-82.00,-82.00,-82.00,-65.00,-65.00,15,5,-57.82,6.54,24.50,43.00,0,0,0.00,0.00,0.00,0.00,0.00,0.00,0,0,
1749053580543,6,0,0,0.00,0.00,0.00,10,116,-75.60,-82.00,-82.00,-82.00,-65.00,-65.00,15,5,-57.82,6.54,22.00,43.00,0,0,0.00,0.00,0.00,0.00,0.00,0.00,0,0,
1749053581543,6,0,0,0.00,0.00,0.00,10,111,-73.94,-100.00,-82.00,-66.00,-66.00,-65.00,16,5,-56.16,6.58,22.00,42.00,0,0,0.00,0.00,0.00,0.00,0.00,0.00,0,0,
1749053582543,6,0,0,0.00,0.00,0.00,10,116,-73.12,-82.00,-82.00,-68.50,-66.00,-65.00,16,5,-55.34,6.61,21.00,44.00,0,0,0.00,0.00,0.00,0.00,0.00,0.00,0,0,
1749053583543,6,0,0,0.00,0.00,0.00,10,116,-74.21,-82.00,-82.00,-76.50,-66.00,-65.00,14,5,-56.43,6.58,21.00,44.00,0,0,0.00,0.00,0.00,0.00,0.00,0.00,0,0,
1749053584543,6,0,0,0.00,0.00,0.00,10,116,-76.47,-82.00,-82.00,-82.00,-71.00,-65.00,15,5,-58.69,6.51,22.00,43.00,0,0,0.00,0.00,0.00,0.00,0.00,0.00,0,0,
1749053585543,6,0,0,0.00,0.00,0.00,10,116,-76.47,-82.00,-82.00,-82.00,-71.00,-65.00,15,5,-58.69,6.51,22.50,44.00,0,0,0.00,0.00,0.00,0.00,0.00,0.00,0,0,
1749053586543,6,0,0,0.00,0.00,0.00,10,111,-82.13,-100.00,-82.00,-82.00,-82.00,-66.00,15,5,-64.35,6.38,22.50,42.00,0,0,0.00,0.00,0.00,0.00,0.00,0.00,0,0,
1749053587543,6,0,0,0.00,0.00,0.00,10,116,-81.44,-121.00,-82.00,-82.00,-82.00,-66.00,16,5,-63.66,6.40,23.00,42.00,0,0,0.00,0.00,0.00,0.00,0.00,0.00,0,0,
1749053588543,6,0,0,0.00,0.00,0.00,10,116,-79.00,-82.00,-82.00,-82.00,-82.00,-66.00,16,5,-61.22,6.45,23.50,43.00,0,0,0.00,0.00,0.00,0.00,0.00,0.00,0,0,
1749053589543,6,0,0,0.00,0.00,0.00,10,116,-80.00,-82.00,-82.00,-82.00,-82.00,-66.00,16,5,-62.22,6.43,21.50,43.00,0,0,0.00,0.00,0.00,0.00,0.00,0.00,0,0,
1749053590543,6,0,0,0.00,0.00,0.00,10,116,-80.00,-82.00,-82.00,-82.00,-82.00,-66.00,16,5,-62.22,6.43,23.00,43.00,0,0,0.00,0.00,0.00,0.00,0.00,0.00,0,0,
1749053591543,6,0,0,0.00,0.00,0.00,10,111,-75.50,-82.00,-82.00,-82.00,-65.50,-45.00,16,5,-57.72,6.54,23.50,42.00,0,0,0.00,0.00,0.00,0.00,0.00,0.00,0,0,
1749053592543,6,0,0,0.00,0.00,0.00,10,116,-80.50,-119.00,-82.00,-82.00,-66.00,-65.00,16,5,-62.72,6.42,22.50,43.00,0,0,0.00,0.00,0.00,0.00,0.00,0.00,0,0,
1749053593543,6,0,0,0.00,0.00,0.00,10,116,-81.31,-82.00,-82.00,-82.00,-82.00,-71.00,16,5,-63.53,6.40,22.50,43.00,0,0,0.00,0.00,0.00,0.00,0.00,0.00,0,0,
1749053594543,6,0,0,0.00,0.00,0.00,10,116,-81.31,-82.00,-82.00,-82.00,-82.00,-71.00,16,5,-63.53,6.40,23.50,43.00,0,0,0.00,0.00,0.00,0.00,0.00,0.00,0,0,
1749053595543,6,0,0,0.00,0.00,0.00,10,116,-79.94,-82.00,-82.00,-82.00,-82.00,-71.00,16,5,-62.16,6.43,22.50,44.00,0,0,0.00,0.00,0.00,0.00,0.00,0.00,0,0,
1749053596543,6,0,0,0.00,0.00,0.00,10,111,-80.53,-82.00,-82.00,-82.00,-82.00,-71.00,15,5,-62.75,6.42,22.50,43.00,0,0,0.00,0.00,0.00,0.00,0.00,0.00,0,0,
1749053597543,6,0,0,0.00,0.00,0.00,10,116,-78.94,-82.00,-82.00,-82.00,-76.50,-66.00,16,5,-61.16,6.45,23.00,43.00,0,0,0.00,0.00,0.00,0.00,0.00,0.00,0,0,
1749053598543,6,0,0,0.00,0.00,0.00,10,116,-73.60,-100.00,-82.00,-66.00,-66.00,-66.00,15,5,-55.82,6.59,22.00,43.00,0,0,0.00,0.00,0.00,0.00,0.00,0.00,0,0,
1749053599543,6,0,0,0.00,0.00,0.00,10,116,-73.60,-100.00,-82.00,-66.00,-66.00,-66.00,15,5,-55.82,6.59,22.00,44.00,0,0,0.00,0.00,0.00,0.00,0.00,0.00,0,0,
1749053600543,6,0,0,0.00,0.00,0.00,10,116,-79.50,-102.00,-102.00,-66.00,-66.00,-66.00,16,5,-61.72,6.44,20.50,44.00,0,0,0.00,0.00,0.00,0.00,0.00,0.00,0,0,
1749053601543,6,0,0,0.00,0.00,0.00,10,111,-69.47,-102.00,-66.00,-66.00,-66.00,-66.00,15,5,-51.69,6.72,21.50,44.00,1,0,0.00,0.00,0.00,0.00,0.00,0.00,0,0,
1749053602543,6,0,0,0.00,0.00,0.00,10,116,-71.54,-102.00,-66.00,-66.00,-66.00,-66.00,13,5,-53.76,6.65,22.50,44.00,1,0,0.00,0.00,0.00,0.00,0.00,0.00,0,0,
1749053603543,6,0,0,0.00,0.00,0.00,10,116,-71.54,-102.00,-66.00,-66.00,-66.00,-66.00,13,5,-53.76,6.65,21.50,45.00,1,0,0.00,0.00,0.00,0.00,0.00,0.00,0,0,
1749053604543,6,0,0,0.00,0.00,0.00,10,116,-70.62,-100.00,-71.00,-66.00,-66.00,-66.00,13,5,-52.83,6.68,21.50,44.00,1,0,0.00,0.00,0.00,0.00,0.00,0.00,0,0,
1749053605543,6,0,0,0.00,0.00,0.00,10,116,-76.53,-100.00,-82.00,-71.00,-71.00,-66.00,15,5,-58.75,6.51,22.50,44.00,1,0,0.00,0.00,0.00,0.00,0.00,0.00,0,0,
1749053606543,6,0,0,0.00,0.00,0.00,10,111,-77.50,-102.00,-100.00,-66.00,-66.00,-66.00,12,28,-52.24,41.54,24.00,44.00,0,0,0.00,0.00,0.00,0.00,0.00,0.00,0,0,
1749053607543,6,0,0,0.00,0.00,0.00,10,116,-84.83,-102.00,-101.00,-91.00,-66.00,-66.00,12,28,-59.57,39.87,24.00,44.00,0,0,0.00,0.00,0.00,0.00,0.00,0.00,0,0,
1749053608543,6,0,0,0.00,0.00,0.00,10,116,-84.83,-102.00,-101.00,-91.00,-66.00,-66.00,12,28,-59.57,39.87,24.50,43.00,0,0,0.00,0.00,0.00,0.00,0.00,0.00,0,0,
1749053609543,6,0,0,0.00,0.00,0.00,10,116,-89.38,-100.00,-100.00,-100.00,-82.00,-66.00,13,28,-64.12,39.03,24.00,42.00,0,0,0.00,0.00,0.00,0.00,0.00,0.00,0,0,
1749053610543,6,0,0,0.00,0.00,0.00,10,116,-93.25,-100.00,-100.00,-100.00,-82.00,-82.00,16,28,-67.99,38.40,25.00,43.00,0,0,0.00,0.00,0.00,0.00,0.00,0.00,0,0,
1749053611543,6,0,0,0.00,0.00,0.00,5,83,-83.50,-100.00,-91.00,-82.00,-82.00,-66.00,16,5,-65.72,6.35,22.50,44.00,0,0,0.00,0.00,0.00,0.00,0.00,0.00,0,0,
1749053612543,6,0,0,0.00,0.00,0.00,10,78,-83.50,-100.00,-91.00,-82.00,-82.00,-66.00,16,5,-65.72,6.35,23.50,43.00,0,0,0.00,0.00,0.00,0.00,0.00,0.00,0,0,
1749053613543,6,0,0,0.00,0.00,0.00,10,116,-82.06,-100.00,-82.00,-82.00,-82.00,-65.00,16,5,-64.28,6.38,22.50,43.00,0,0,0.00,0.00,0.00,0.00,0.00,0.00,0,0,
1749053614543,6,0,0,0.00,0.00,0.00,10,116,-82.00,-82.00,-82.00,-82.00,-82.00,-82.00,16,5,-64.22,6.38,24.00,42.00,0,0,0.00,0.00,0.00,0.00,0.00,0.00,0,0,
1749053615543,6,7,4,0.00,7.83,4.50,322,436,-77.94,-82.00,-82.00,-82.00,-74.00,-65.00,16,5,-60.16,6.48,24.50,42.00,0,0,0.00,0.00,0.00,0.00,0.00,0.00,0,0,
1749053616543,6,0,0,0.00,0.00,0.00,10,101,-74.88,-82.00,-82.00,-82.00,-66.00,-65.00,16,5,-57.09,6.56,22.50,42.00,0,1,0.00,0.00,0.00,0.00,0.00,0.00,0,0,
1749053617543,6,0,0,0.00,0.00,0.00,10,111,-74.88,-82.00,-82.00,-82.00,-66.00,-65.00,16,5,-57.09,6.56,22.50,42.00,0,0,0.00,0.00,0.00,0.00,0.00,0.00,0,0,
1749053618543,6,0,0,0.00,0.00,0.00,10,116,-76.81,-100.00,-82.00,-82.00,-65.00,-65.00,16,5,-59.03,6.51,21.50,43.00,0,0,0.00,0.00,0.00,0.00,0.00,0.00,0,0,
1749053619543,6,0,0,0.00,0.00,0.00,10,116,-77.12,-82.00,-82.00,-82.00,-68.50,-65.00,16,5,-59.34,6.50,22.50,43.00,0,0,0.00,0.00,0.00,0.00,0.00,0.00,0,0,
1749053620543,6,0,0,0.00,0.00,0.00,10,116,-76.56,-82.00,-82.00,-82.00,-68.50,-65.00,16,5,-58.78,6.51,21.50,43.00,0,0,0.00,0.00,0.00,0.00,0.00,0.00,0,0,
1749053621543,6,0,0,0.00,0.00,0.00,10,116,-76.67,-102.00,-82.00,-82.00,-65.00,-65.00,12,5,-58.89,6.51,23.00,43.00,0,0,0.00,0.00,0.00,0.00,0.00,0.00,0,0,
1749053622543,6,0,0,0.00,0.00,0.00,10,111,-76.67,-102.00,-82.00,-82.00,-65.00,-65.00,12,5,-58.89,6.51,22.50,44.00,0,0,0.00,0.00,0.00,0.00,0.00,0.00,0,0,
1749053623543,6,0,0,0.00,0.00,0.00,10,116,-70.14,-82.00,-82.00,-66.00,-65.00,-65.00,14,5,-52.36,6.70,23.50,43.00,0,0,0.00,0.00,0.00,0.00,0.00,0.00,0,0,
1749053624543,6,0,0,0.00,0.00,0.00,10,116,-72.93,-119.00,-66.00,-65.00,-65.00,-65.00,14,5,-55.15,6.61,23.00,44.00,0,0,0.00,0.00,0.00,0.00,0.00,0.00,0,0,
1749053625543,6,0,0,0.00,0.00,0.00,10,116,-69.81,-119.00,-66.00,-65.50,-65.00,-65.00,16,5,-52.03,6.71,21.50,43.00,0,0,0.00,0.00,0.00,0.00,0.00,0.00,0,0,
1749053626543,6,0,0,0.00,0.00,0.00,10,116,-69.81,-119.00,-66.00,-65.50,-65.00,-65.00,16,5,-52.03,6.71,22.50,45.00,0,0,0.00,0.00,0.00,0.00,0.00,0.00,0,0,
1749053627543,6,0,0,0.00,0.00,0.00,10,111,-65.62,-66.00,-66.00,-66.00,-65.00,-65.00,16,5,-47.84,6.86,20.00,45.00,0,0,0.00,0.00,0.00,0.00,0.00,0.00,0,0,
1749053628543,6,0,0,0.00,0.00,0.00,10,116,-65.50,-66.00,-66.00,-65.50,-65.00,-65.00,16,5,-47.72,6.86,21.50,44.00,0,0,0.00,0.00,0.00,0.00,0.00,0.00,0,0,
1749053629543,6,0,0,0.00,0.00,0.00,10,116,-65.75,-66.00,-66.00,-66.00,-65.50,-65.00,16,5,-47.97,6.85,21.50,44.00,0,0,0.00,0.00,0.00,0.00,0.00,0.00,0,0,
1749053630543,6,0,0,0.00,0.00,0.00,10,116,-65.94,-66.00,-66.00,-66.00,-66.00,-65.00,16,5,-48.16,6.85,22.00,44.00,0,0,0.00,0.00,0.00,0.00,0.00,0.00,0,0,
1749053631543,6,0,0,0.00,0.00,0.00,10,116,-65.94,-66.00,-66.00,-66.00,-66.00,-65.00,16,5,-48.16,6.85,22.00,44.00,0,0,0.00,0.00,0.00,0.00,0.00,0.00,0,0,
1749053632543,6,0,0,0.00,0.00,0.00,10,111,-65.75,-66.00,-66.00,-66.00,-65.50,-65.00,16,5,-47.97,6.85,21.00,44.00,0,0,0.00,0.00,0.00,0.00,0.00,0.00,0,0,
1749053633543,6,0,0,0.00,0.00,0.00,10,116,-65.88,-66.00,-66.00,-66.00,-66.00,-65.00,16,5,-48.09,6.85,22.00,44.00,0,0,0.00,0.00,0.00,0.00,0.00,0.00,0,0,
1749053634543,6,0,0,0.00,0.00,0.00,10,116,-76.06,-119.00,-84.00,-66.00,-66.00,-66.00,16,5,-58.28,6.53,21.50,44.00,0,0,0.00,0.00,0.00,0.00,0.00,0.00,0,0,
1749053635543,6,0,0,0.00,0.00,0.00,10,116,-76.06,-119.00,-84.00,-66.00,-66.00,-66.00,16,5,-58.28,6.53,22.50,44.00,0,0,0.00,0.00,0.00,0.00,0.00,0.00,0,0,
1749053636543,6,0,0,0.00,0.00,0.00,10,116,-78.00,-102.00,-100.00,-66.00,-66.00,-66.00,13,5,-60.22,6.48,22.00,44.00,0,0,0.00,0.00,0.00,0.00,0.00,0.00,0,0,
1749053637543,6,0,0,0.00,0.00,0.00,10,111,-77.47,-102.00,-82.00,-66.00,-66.00,-66.00,15,5,-59.69,6.49,21.50,44.00,0,0,0.00,0.00,0.00,0.00,0.00,0.00,0,0,
1749053638543,6,0,0,0.00,0.00,0.00,10,116,-74.88,-102.00,-84.00,-66.00,-66.00,-65.00,16,5,-57.09,6.56,22.00,44.00,0,0,0.00,0.00,0.00,0.00,0.00,0.00,0,0,
1749053639543,6,0,0,0.00,0.00,0.00,10,116,-68.12,-100.00,-66.00,-66.00,-66.00,-66.00,16,5,-50.34,6.77,22.50,44.00,0,0,0.00,0.00,0.00,0.00,0.00,0.00,0,0,
1749053640543,6,0,0,0.00,0.00,0.00,10,116,-68.12,-100.00,-66.00,-66.00,-66.00,-66.00,16,5,-50.34,6.77,23.50,44.00,0,0,0.00,0.00,0.00,0.00,0.00,0.00,0,0,
1749053641543,6,0,0,0.00,0.00,0.00,10,116,-65.81,-66.00,-66.00,-66.00,-66.00,-65.00,16,5,-48.03,6.85,24.50,44.00,0,0,0.00,0.00,0.00,0.00,0.00,0.00,0,0,
1749053642543,6,0,0,0.00,0.00,0.00,10,111,-69.81,-82.00,-74.00,-66.00,-66.00,-65.00,16,5,-52.03,6.71,23.00,44.00,0,0,0.00,0.00,0.00,0.00,0.00,0.00,0,0,
1749053643543,6,0,0,0.00,0.00,0.00,10,116,-71.57,-82.00,-82.00,-66.00,-66.00,-65.00,14,5,-53.79,6.65,22.50,44.00,0,0,0.00,0.00,0.00,0.00,0.00,0.00,0,0,
1749053644543,6,0,0,0.00,0.00,0.00,10,116,-71.57,-82.00,-82.00,-66.00,-66.00,-65.00,14,5,-53.79,6.65,21.50,42.00,0,0,0.00,0.00,0.00,0.00,0.00,0.00,0,0,
1749053645543,6,0,0,0.00,0.00,0.00,10,116,-70.08,-82.00,-71.00,-66.00,-66.00,-66.00,13,5,-52.30,6.70,21.50,42.00,0,0,0.00,0.00,0.00,0.00,0.00,0.00,0,0,
1749053646543,6,0,0,0.00,0.00,0.00,10,116,-73.08,-100.00,-82.00,-66.00,-66.00,-66.00,13,5,-55.30,6.61,22.00,43.00,0,0,0.00,0.00,0.00,0.00,0.00,0.00,0,0,
1749053647543,6,0,0,0.00,0.00,0.00,10,111,-78.00,-100.00,-82.00,-76.50,-66.00,-66.00,16,5,-60.22,6.48,22.50,43.00,0,0,0.00,0.00,0.00,0.00,0.00,0.00,0,0,
1749053648543,6,0,0,0.00,0.00,0.00,10,116,-77.44,-100.00,-82.00,-82.00,-66.00,-66.00,16,5,-59.66,6.49,22.50,43.00,0,0,0.00,0.00,0.00,0.00,0.00,0.00,0,0,
1749053649543,6,0,0,0.00,0.00,0.00,10,116,-77.44,-100.00,-82.00,-82.00,-66.00,-66.00,16,5,-59.66,6.49,23.00,43.00,0,0,0.00,0.00,0.00,0.00,0.00,0.00,0,0,
1749053650543,6,0,0,0.00,0.00,0.00,10,116,-80.31,-100.00,-82.00,-82.00,-66.00,-65.00,16,5,-62.53,6.42,21.50,43.00,0,0,0.00,0.00,0.00,0.00,0.00,0.00,0,0,
1749053651543,6,0,0,0.00,0.00,0.00,10,116,-74.25,-100.00,-82.00,-66.00,-66.00,-66.00,16,5,-56.47,6.57,22.50,43.00,0,0,0.00,0.00,0.00,0.00,0.00,0.00,0,0,
1749053652543,6,0,0,0.00,0.00,0.00,10,111,-85.07,-100.00,-100.00,-82.00,-66.00,-66.00,15,5,-67.29,6.32,23.50,43.00,1,0,0.00,0.00,0.00,0.00,0.00,0.00,0,0,
1749053653543,6,0,0,0.00,0.00,0.00,10,116,-84.94,-100.00,-100.00,-82.00,-82.00,-66.00,16,5,-67.16,6.32,24.50,43.00,1,0,0.00,0.00,0.00,0.00,0.00,0.00,0,0,
1749053654543,6,0,0,0.00,0.00,0.00,10,116,-84.94,-100.00,-100.00,-82.00,-82.00,-66.00,16,5,-67.16,6.32,23.50,43.00,1,0,0.00,0.00,0.00,0.00,0.00,0.00,0,0,
1749053655543,6,0,0,0.00,0.00,0.00,10,116,-80.06,-100.00,-82.00,-82.00,-74.00,-65.00,16,5,-62.28,6.43,23.50,43.00,1,0,0.00,0.00,0.00,0.00,0.00,0.00,0,0,
1749053656543,6,0,0,0.00,0.00,0.00,10,116,-81.38,-100.00,-82.00,-82.00,-74.00,-66.00,16,5,-63.59,6.40,22.50,42.00,1,0,0.00,0.00,0.00,0.00,0.00,0.00,0,0,
1749053657543,6,0,0,0.00,0.00,0.00,10,111,-76.88,-100.00,-82.00,-82.00,-65.50,-65.00,16,28,-51.61,41.71,24.00,42.00,0,0,0.00,0.00,0.00,0.00,0.00,0.00,0,0,
1749053658543,6,0,0,0.00,0.00,0.00,10,116,-76.88,-100.00,-82.00,-82.00,-65.50,-65.00,16,28,-51.61,41.71,24.50,42.00,0,0,0.00,0.00,0.00,0.00,0.00,0.00,0,0,
1749053659543,6,0,0,0.00,0.00,0.00,10,116,-75.88,-82.00,-82.00,-82.00,-66.00,-65.00,16,28,-50.61,41.98,24.50,43.00,0,0,0.00,0.00,0.00,0.00,0.00,0.00,0,0,
1749053660543,6,0,0,0.00,0.00,0.00,10,116,-77.25,-82.00,-82.00,-82.00,-68.50,-65.00,16,28,-51.99,41.61,24.00,43.00,0,0,0.00,0.00,0.00,0.00,0.00,0.00,0,0,
1749053661543,6,0,0,0.00,0.00,0.00,10,116,-77.88,-82.00,-82.00,-82.00,-74.00,-65.00,16,28,-52.61,41.45,24.00,43.00,0,0,0.00,0.00,0.00,0.00,0.00,0.00,0,0,
1749053662543,6,0,0,0.00,0.00,0.00,5,83,-75.06,-82.00,-82.00,-82.00,-65.50,-65.00,16,5,-57.28,6.55,23.00,43.00,0,0,0.00,0.00,0.00,0.00,0.00,0.00,0,0,
1749053663543,6,0,0,0.00,0.00,0.00,10,78,-75.06,-82.00,-82.00,-82.00,-65.50,-65.00,16,5,-57.28,6.55,23.00,41.00,0,0,0.00,0.00,0.00,0.00,0.00,0.00,0,0,
1749053664543,6,0,0,0.00,0.00,0.00,10,116,-73.56,-82.00,-82.00,-74.00,-65.00,-65.00,16,5,-55.78,6.59,21.50,45.00,0,0,0.00,0.00,0.00,0.00,0.00,0.00,0,0,
1749053665543,6,0,0,0.00,0.00,0.00,10,116,-75.81,-82.00,-82.00,-82.00,-66.00,-65.00,16,5,-58.03,6.53,23.00,42.00,0,0,0.00,0.00,0.00,0.00,0.00,0.00,0,0,
1749053666543,6,0,0,0.00,0.00,0.00,10,116,-78.00,-82.00,-82.00,-82.00,-74.00,-66.00,16,5,-60.22,6.48,23.00,43.00,0,0,0.00,0.00,0.00,0.00,0.00,0.00,0,0,
1749053667543,6,0,0,0.00,0.00,0.00,10,116,-78.00,-82.00,-82.00,-82.00,-74.00,-66.00,16,5,-60.22,6.48,23.00,42.00,0,0,0.00,0.00,0.00,0.00,0.00,0.00,0,0,
1749053668543,6,0,0,0.00,0.00,0.00,10,111,-75.87,-82.00,-82.00,-82.00,-66.00,-65.00,15,5,-58.09,6.53,24.00,43.00,0,0,0.00,0.00,0.00,0.00,0.00,0.00,0,0,
1749053669543,6,0,0,0.00,0.00,0.00,10,116,-77.00,-100.00,-82.00,-82.00,-66.00,-65.00,16,5,-59.22,6.50,23.50,42.00,0,0,0.00,0.00,0.00,0.00,0.00,0.00,0,0,
1749053670543,6,0,0,0.00,0.00,0.00,10,116,-75.94,-100.00,-82.00,-74.00,-65.00,-65.00,16,5,-58.16,6.53,22.00,43.00,0,0,0.00,0.00,0.00,0.00,0.00,0.00,0,0,
1749053671543,6,0,0,0.00,0.00,0.00,10,116,-76.50,-100.00,-82.00,-76.50,-66.00,-65.00,16,5,-58.72,6.51,22.50,43.00,0,0,0.00,0.00,0.00,0.00,0.00,0.00,0,0,
1749053672543,6,7,6,0.00,7.90,7.66,305,654,-76.50,-100.00,-82.00,-76.50,-66.00,-65.00,16,5,-58.72,6.51,21.50,45.00,0,1,0.00,0.00,0.00,0.00,0.00,0.00,0,0,
1749053673543,6,0,0,0.00,0.00,0.00,10,105,-86.06,-100.00,-100.00,-82.00,-82.00,-66.00,16,5,-68.28,6.30,23.00,43.00,0,1,0.00,0.00,0.00,0.00,0.00,0.00,0,0,
1749053674543,6,0,0,0.00,0.00,0.00,10,116,-75.60,-100.00,-82.00,-82.00,-66.00,-65.00,15,5,-57.82,6.54,23.50,43.00,0,0,0.00,0.00,0.00,0.00,0.00,0.00,0,0,
1749053675543,6,0,0,0.00,0.00,0.00,10,116,-75.53,-100.00,-82.00,-66.00,-65.00,-65.00,15,5,-57.75,6.54,24.00,42.00,0,0,0.00,0.00,0.00,0.00,0.00,0.00,0,0,
1749053676543,6,0,0,0.00,0.00,0.00,10,116,-75.53,-100.00,-82.00,-66.00,-65.00,-65.00,15,5,-57.75,6.54,22.50,43.00,0,0,0.00,0.00,0.00,0.00,0.00,0.00,0,0,
1749053677543,6,0,0,0.00,0.00,0.00,10,116,-74.00,-100.00,-82.00,-66.00,-65.00,-65.00,16,5,-56.22,6.58,22.50,44.00,0,0,0.00,0.00,0.00,0.00,0.00,0.00,0,0,
1749053678543,6,0,0,0.00,0.00,0.00,10,111,-70.94,-102.00,-74.00,-66.00,-65.00,-65.00,16,5,-53.16,6.67,25.00,44.00,0,0,0.00,0.00,0.00,0.00,0.00,0.00,0,0,
1749053679543,6,0,0,0.00,0.00,0.00,10,116,-70.50,-82.00,-82.00,-65.50,-65.00,-65.00,16,5,-52.72,6.69,24.00,44.00,0,0,0.00,0.00,0.00,0.00,0.00,0.00,0,0,
1749053680543,6,0,0,0.00,0.00,0.00,10,116,-71.62,-82.00,-82.00,-66.00,-65.00,-65.00,16,5,-53.84,6.65,22.50,44.00,0,0,0.00,0.00,0.00,0.00,0.00,0.00,0,0,
1749053681543,6,0,0,0.00,0.00,0.00,10,116,-71.62,-82.00,-82.00,-66.00,-65.00,-65.00,16,5,-53.84,6.65,20.50,44.00,0,0,0.00,0.00,0.00,0.00,0.00,0.00,0,0,
1749053682543,6,0,0,0.00,0.00,0.00,10,116,-72.38,-102.00,-74.00,-66.00,-66.00,-65.00,16,5,-54.59,6.63,25.50,45.00,0,0,0.00,0.00,0.00,0.00,0.00,0.00,0,0,
1749053683543,6,0,0,0.00,0.00,0.00,10,111,-67.50,-82.00,-66.00,-65.50,-65.00,-65.00,16,5,-49.72,6.79,23.50,44.00,0,0,0.00,0.00,0.00,0.00,0.00,0.00,0,0,
1749053684543,6,0,0,0.00,0.00,0.00,10,116,-72.00,-102.00,-82.00,-66.00,-65.50,-65.00,16,5,-54.22,6.64,24.00,44.00,0,0,0.00,0.00,0.00,0.00,0.00,0.00,0,0,
1749053685543,6,0,0,0.00,0.00,0.00,10,116,-70.81,-82.00,-82.00,-66.00,-66.00,-65.00,16,5,-53.03,6.68,23.00,44.00,0,0,0.00,0.00,0.00,0.00,0.00,0.00,0,0,
1749053686543,6,0,0,0.00,0.00,0.00,10,116,-70.81,-82.00,-82.00,-66.00,-66.00,-65.00,16,5,-53.03,6.68,21.00,45.00,0,0,0.00,0.00,0.00,0.00,0.00,0.00,0,0,
1749053687543,6,0,0,0.00,0.00,0.00,10,116,-71.75,-82.00,-82.00,-66.00,-65.50,-65.00,16,5,-53.97,6.65,20.00,43.00,0,0,0.00,0.00,0.00,0.00,0.00,0.00,0,0,
1749053688543,6,0,0,0.00,0.00,0.00,10,111,-73.81,-82.00,-82.00,-74.00,-66.00,-65.00,16,5,-56.03,6.59,21.00,44.00,0,0,0.00,0.00,0.00,0.00,0.00,0.00,0,0,
1749053689543,6,0,0,0.00,0.00,0.00,10,116,-68.44,-82.00,-66.00,-65.00,-65.00,-65.00,16,5,-50.66,6.76,23.00,44.00,0,0,0.00,0.00,0.00,0.00,0.00,0.00,0,0,
1749053690543,6,0,0,0.00,0.00,0.00,10,116,-68.44,-82.00,-66.00,-65.00,-65.00,-65.00,16,5,-50.66,6.76,22.50,44.00,0,0,0.00,0.00,0.00,0.00,0.00,0.00,0,0,
1749053691543,6,0,0,0.00,0.00,0.00,10,116,-65.44,-66.00,-66.00,-65.00,-65.00,-65.00,16,5,-47.66,6.87,23.50,44.00,0,0,0.00,0.00,0.00,0.00,0.00,0.00,0,0,
1749053692543,6,0,0,0.00,0.00,0.00,10,116,-67.44,-82.00,-66.00,-65.00,-65.00,-65.00,16,5,-49.66,6.79,28.00,45.00,0,0,0.00,0.00,0.00,0.00,0.00,0.00,0,0,
1749053693543,6,0,0,0.00,0.00,0.00,10,111,-70.38,-84.00,-82.00,-65.00,-64.00,-63.00,16,5,-52.59,6.69,26.50,41.00,0,0,0.00,0.00,0.00,0.00,0.00,0.00,0,0,
1749053694543,6,0,0,0.00,0.00,0.00,10,116,-63.50,-66.00,-64.00,-63.00,-63.00,-62.00,16,5,-45.72,6.94,28.50,42.00,0,0,0.00,0.00,0.00,0.00,0.00,0.00,0,0,
1749053695543,6,0,0,0.00,0.00,0.00,10,116,-63.50,-66.00,-64.00,-63.00,-63.00,-62.00,16,5,-45.72,6.94,28.00,44.00,0,0,0.00,0.00,0.00,0.00,0.00,0.00,0,0,
1749053696543,6,0,0,0.00,0.00,0.00,10,116,-64.75,-82.00,-64.00,-63.50,-63.00,-62.00,16,5,-46.97,6.89,30.50,42.00,0,0,0.00,0.00,0.00,0.00,0.00,0.00,0,0,
1749053697543,6,0,0,0.00,0.00,0.00,10,116,-65.75,-108.00,-63.00,-63.00,-63.00,-62.00,16,5,-47.97,6.85,26.50,42.00,0,0,0.00,0.00,0.00,0.00,0.00,0.00,0,0,
1749053698543,6,0,0,0.00,0.00,0.00,10,111,-63.94,-65.00,-64.00,-64.00,-64.00,-63.00,16,5,-46.16,6.93,28.00,44.00,0,0,0.00,0.00,0.00,0.00,0.00,0.00,0,0,
1749053699543,6,0,0,0.00,0.00,0.00,10,116,-63.94,-65.00,-64.00,-64.00,-64.00,-63.00,16,5,-46.16,6.93,26.50,45.00,0,0,0.00,0.00,0.00,0.00,0.00,0.00,0,0,
1749053700543,6,0,0,0.00,0.00,0.00,10,116,-65.44,-80.00,-65.00,-64.50,-64.00,-64.00,16,5,-47.66,6.87,24.50,44.00,0,0,0.00,0.00,0.00,0.00,0.00,0.00,0,0,
1749053701543,6,0,0,0.00,0.00,0.00,10,116,-66.62,-80.00,-65.00,-65.00,-64.50,-64.00,16,5,-48.84,6.82,26.00,44.00,0,0,0.00,0.00,0.00,0.00,0.00,0.00,0,0,
1749053702543,6,0,0,0.00,0.00,0.00,10,116,-66.44,-80.00,-65.00,-65.00,-64.00,-64.00,16,5,-48.66,6.83,25.00,44.00,0,0,0.00,0.00,0.00,0.00,0.00,0.00,0,0,
1749053703543,6,0,0,0.00,0.00,0.00,10,111,-68.75,-80.00,-72.50,-65.00,-65.00,-65.00,16,5,-50.97,6.74,25.00,44.00,1,0,0.00,0.00,0.00,0.00,0.00,0.00,0,0,
1749053704543,6,0,0,0.00,0.00,0.00,10,116,-68.75,-80.00,-72.50,-65.00,-65.00,-65.00,16,5,-50.97,6.74,26.00,43.00,1,0,0.00,0.00,0.00,0.00,0.00,0.00,0,0,
1749053705543,6,0,0,0.00,0.00,0.00,10,116,-67.62,-80.00,-65.00,-65.00,-65.00,-64.00,16,5,-49.84,6.78,26.50,43.00,1,0,0.00,0.00,0.00,0.00,0.00,0.00,0,0,
1749053706543,6,0,0,0.00,0.00,0.00,10,116,-67.69,-80.00,-65.00,-65.00,-65.00,-64.00,16,5,-49.91,6.78,26.50,42.00,1,0,0.00,0.00,0.00,0.00,0.00,0.00,0,0,
1749053707543,6,0,0,0.00,0.00,0.00,10,116,-73.44,-126.00,-80.00,-65.00,-64.50,-50.00,16,5,-55.66,6.60,25.00,42.00,1,0,0.00,0.00,0.00,0.00,0.00,0.00,0,0,
1749053708543,6,0,0,0.00,0.00,0.00,10,111,-73.44,-126.00,-80.00,-65.00,-64.50,-50.00,16,28,-48.17,42.68,24.00,42.00,0,0,0.00,0.00,0.00,0.00,0.00,0.00,0,0,
1749053709543,6,0,0,0.00,0.00,0.00,10,116,-93.25,-126.00,-126.00,-80.00,-64.00,-64.00,16,28,-67.99,38.40,24.00,40.00,0,0,0.00,0.00,0.00,0.00,0.00,0.00,0,0,
1749053710543,6,0,0,0.00,0.00,0.00,10,116,-87.25,-126.00,-126.00,-64.00,-64.00,-64.00,16,28,-61.99,39.41,25.00,41.00,0,0,0.00,0.00,0.00,0.00,0.00,0.00,0,0,
1749053711543,6,0,0,0.00,0.00,0.00,10,116,-88.25,-126.00,-126.00,-64.00,-64.00,-64.00,16,28,-62.99,39.23,24.00,41.00,0,0,0.00,0.00,0.00,0.00,0.00,0.00,0,0,
1749053712543,6,0,0,0.00,0.00,0.00,10,116,-71.77,-126.00,-65.00,-65.00,-65.00,-64.00,13,28,-46.51,43.21,24.50,41.00,0,0,0.00,0.00,0.00,0.00,0.00,0.00,0,0,
1749053713543,6,0,0,0.00,0.00,0.00,5,55,-71.77,-126.00,-65.00,-65.00,-65.00,-64.00,13,5,-53.99,6.65,26.50,40.00,0,0,0.00,0.00,0.00,0.00,0.00,0.00,0,0,
1749053714543,6,0,0,0.00,0.00,0.00,10,106,-68.31,-126.00,-65.00,-64.50,-64.00,-64.00,16,5,-50.53,6.76,26.50,42.00,0,0,0.00,0.00,0.00,0.00,0.00,0.00,0,0,
1749053715543,6,0,0,0.00,0.00,0.00,10,116,-74.38,-126.00,-80.00,-65.00,-65.00,-64.00,16,5,-56.59,6.57,25.50,41.00,0,0,0.00,0.00,0.00,0.00,0.00,0.00,0,0,
1749053716543,6,0,0,0.00,0.00,0.00,10,116,-74.38,-126.00,-80.00,-65.00,-65.00,-64.00,16,5,-56.59,6.57,25.00,41.00,0,0,0.00,0.00,0.00,0.00,0.00,0.00,0,0,
1749053717543,6,0,0,0.00,0.00,0.00,10,116,-73.44,-80.00,-80.00,-80.00,-65.00,-65.00,16,5,-55.66,6.60,26.00,42.00,0,0,0.00,0.00,0.00,0.00,0.00,0.00,0,0,
1749053718543,6,0,0,0.00,0.00,0.00,10,116,-73.44,-80.00,-80.00,-80.00,-65.00,-65.00,16,5,-55.66,6.60,25.50,42.00,0,0,0.00,0.00,0.00,0.00,0.00,0.00,0,0,
1749053719543,6,0,0,0.00,0.00,0.00,10,111,-76.31,-126.00,-80.00,-72.50,-64.00,-64.00,16,5,-58.53,6.52,23.50,43.00,0,0,0.00,0.00,0.00,0.00,0.00,0.00,0,0,
1749053720543,6,0,0,0.00,0.00,0.00,10,116,-75.00,-115.00,-80.00,-80.00,-64.00,-64.00,15,5,-57.22,6.55,24.50,43.00,0,0,0.00,0.00,0.00,0.00,0.00,0.00,0,0,
1749053721543,6,0,0,0.00,0.00,0.00,10,116,-77.62,-126.00,-80.00,-65.00,-64.00,-50.00,16,5,-59.84,6.49,27.50,43.00,0,0,0.00,0.00,0.00,0.00,0.00,0.00,0,0,
1749053722543,6,0,0,0.00,0.00,0.00,10,116,-77.62,-126.00,-80.00,-65.00,-64.00,-50.00,16,5,-59.84,6.49,27.00,43.00,0,0,0.00,0.00,0.00,0.00,0.00,0.00,0,0,
1749053723543,6,0,0,0.00,0.00,0.00,10,116,-70.75,-100.00,-72.50,-64.50,-64.00,-64.00,16,5,-52.97,6.68,27.00,44.00,0,0,0.00,0.00,0.00,0.00,0.00,0.00,0,0,
1749053724543,6,0,0,0.00,0.00,0.00,10,111,-68.44,-80.00,-72.50,-65.00,-64.00,-64.00,16,5,-50.66,6.76,27.50,44.00,0,0,0.00,0.00,0.00,0.00,0.00,0.00,0,0,
1749053725543,6,0,0,0.00,0.00,0.00,10,116,-66.50,-80.00,-65.00,-65.00,-64.00,-50.00,16,5,-48.72,6.82,26.00,44.00,0,0,0.00,0.00,0.00,0.00,0.00,0.00,0,0,
1749053726543,6,0,0,0.00,0.00,0.00,10,116,-71.88,-109.00,-80.00,-64.00,-64.00,-64.00,16,5,-54.09,6.64,25.00,45.00,0,0,0.00,0.00,0.00,0.00,0.00,0.00,0,0,
1749053727543,6,0,0,0.00,0.00,0.00,10,116,-71.88,-109.00,-80.00,-64.00,-64.00,-64.00,16,5,-54.09,6.64,28.00,45.00,0,0,0.00,0.00,0.00,0.00,0.00,0.00,0,0,
1749053728543,6,0,0,0.00,0.00,0.00,10,116,-73.00,-126.00,-80.00,-64.50,-64.00,-64.00,16,5,-55.22,6.61,28.50,45.00,0,0,0.00,0.00,0.00,0.00,0.00,0.00,0,0,
1749053729543,6,0,0,0.00,0.00,0.00,10,111,-75.33,-90.00,-90.00,-80.00,-64.00,-64.00,15,5,-57.55,6.54,29.50,45.00,0,0,0.00,0.00,0.00,0.00,0.00,0.00,0,0,
1749053730543,6,0,0,0.00,0.00,0.00,10,116,-74.06,-90.00,-80.00,-72.50,-64.00,-64.00,16,5,-56.28,6.58,28.00,44.00,0,0,0.00,0.00,0.00,0.00,0.00,0.00,0,0,
1749053731543,6,0,0,0.00,0.00,0.00,10,116,-74.06,-90.00,-80.00,-72.50,-64.00,-64.00,16,5,-56.28,6.58,27.00,45.00,0,0,0.00,0.00,0.00,0.00,0.00,0.00,0,0,
1749053732543,6,0,0,0.00,0.00,0.00,10,116,-70.38,-80.00,-80.00,-65.00,-64.50,-64.00,16,5,-52.59,6.69,24.00,43.00,0,0,0.00,0.00,0.00,0.00,0.00,0.00,0,0,
1749053733543,6,0,0,0.00,0.00,0.00,10,116,-67.44,-80.00,-80.00,-64.50,-64.00,-50.00,16,5,-49.66,6.79,23.50,44.00,0,0,0.00,0.00,0.00,0.00,0.00,0.00,0,0,
1749053734543,6,0,0,0.00,0.00,0.00,10,111,-73.31,-126.00,-80.00,-65.00,-65.00,-64.00,16,5,-55.53,6.60,23.00,43.00,0,0,0.00,0.00,0.00,0.00,0.00,0.00,0,0,
1749053735543,6,1,2,0.00,1.80,2.38,142,420,-73.50,-126.00,-80.00,-65.00,-65.00,-50.00,16,5,-55.72,6.60,24.50,43.00,0,0,0.00,0.00,0.00,0.00,0.00,0.00,0,0,
1749053736543,6,0,0,0.00,0.00,0.00,10,116,-73.50,-126.00,-80.00,-65.00,-65.00,-50.00,16,5,-55.72,6.60,24.50,44.00,0,0,0.00,0.00,0.00,0.00,0.00,0.00,0,0,
1749053737543,6,0,0,0.00,0.00,0.00,10,116,-75.38,-126.00,-80.00,-72.50,-65.00,-65.00,16,5,-57.59,6.54,24.50,44.00,0,0,0.00,0.00,0.00,0.00,0.00,0.00,0,0,
1749053738543,6,0,0,0.00,0.00,0.00,10,116,-72.56,-126.00,-80.00,-65.00,-65.00,-65.00,16,5,-54.78,6.62,24.50,43.00,0,0,0.00,0.00,0.00,0.00,0.00,0.00,0,0,
1749053739543,6,0,0,0.00,0.00,0.00,10,111,-67.81,-80.00,-65.00,-65.00,-65.00,-65.00,16,5,-50.03,6.78,26.00,43.00,0,0,0.00,0.00,0.00,0.00,0.00,0.00,0,0,
1749053740543,6,0,0,0.00,0.00,0.00,10,116,-67.81,-80.00,-65.00,-65.00,-65.00,-65.00,16,5,-50.03,6.78,25.00,43.00,0,0,0.00,0.00,0.00,0.00,0.00,0.00,0,0,
1749053741543,6,0,0,0.00,0.00,0.00,10,116,-68.69,-126.00,-65.00,-65.00,-65.00,-64.00,16,5,-50.91,6.75,23.00,44.00,0,0,0.00,0.00,0.00,0.00,0.00,0.00,0,0,
1749053742543,6,5,1,0.00,5.54,1.44,183,341,-65.00,-65.00,-65.00,-65.00,-65.00,-65.00,16,5,-47.22,6.88,23.50,44.00,0,0,0.00,0.00,0.00,0.00,0.00,0.00,0,0,
1749053743543,6,0,0,0.00,0.00,0.00,10,116,-84.06,-126.00,-126.00,-65.00,-65.00,-65.00,16,5,-66.28,6.34,24.00,44.00,0,0,0.00,0.00,0.00,0.00,0.00,0.00,0,0,
1749053744543,6,0,0,0.00,0.00,0.00,10,111,-80.25,-126.00,-95.50,-65.00,-65.00,-65.00,16,5,-62.47,6.42,25.00,44.00,0,0,0.00,0.00,0.00,0.00,0.00,0.00,0,0,
1749053745543,6,0,0,0.00,0.00,0.00,10,116,-80.25,-126.00,-95.50,-65.00,-65.00,-65.00,16,5,-62.47,6.42,25.50,44.00,0,0,0.00,0.00,0.00,0.00,0.00,0.00,0,0,
1749053746543,6,0,0,0.00,0.00,0.00,10,116,-65.00,-65.00,-65.00,-65.00,-65.00,-65.00,16,5,-47.22,6.88,24.00,44.00,0,0,0.00,0.00,0.00,0.00,0.00,0.00,0,0,
1749053747543,6,0,0,0.00,0.00,0.00,10,116,-65.00,-65.00,-65.00,-65.00,-65.00,-65.00,16,5,-47.22,6.88,25.50,44.00,0,0,0.00,0.00,0.00,0.00,0.00,0.00,0,0,
1749053748543,6,0,0,0.00,0.00,0.00,10,116,-64.94,-65.00,-65.00,-65.00,-65.00,-64.00,16,5,-47.16,6.89,24.50,44.00,0,0,0.00,0.00,0.00,0.00,0.00,0.00,0,0,
1749053749543,6,0,0,0.00,0.00,0.00,10,111,-65.94,-80.00,-65.00,-65.00,-65.00,-65.00,16,5,-48.16,6.85,24.50,44.00,0,0,0.00,0.00,0.00,0.00,0.00,0.00,0,0,
1749053750543,6,0,0,0.00,0.00,0.00,10,116,-65.94,-80.00,-65.00,-65.00,-65.00,-65.00,16,5,-48.16,6.85,25.50,43.00,0,0,0.00,0.00,0.00,0.00,0.00,0.00,0,0,
1749053751543,6,0,0,0.00,0.00,0.00,10,116,-63.06,-65.00,-65.00,-65.00,-65.00,-50.00,16,5,-45.28,6.96,25.00,44.00,0,0,0.00,0.00,0.00,0.00,0.00,0.00,0,0,
1749053752543,6,0,0,0.00,0.00,0.00,10,116,-68.69,-80.00,-80.00,-65.00,-65.00,-50.00,16,5,-50.91,6.75,25.00,43.00,0,0,0.00,0.00,0.00,0.00,0.00,0.00,0,0,
1749053753543,6,0,0,0.00,0.00,0.00,10,116,-73.75,-115.00,-80.00,-65.00,-65.00,-65.00,16,5,-55.97,6.59,25.50,42.00,0,0,0.00,0.00,0.00,0.00,0.00,0.00,0,0,
1749053754543,6,0,0,0.00,0.00,0.00,10,111,-73.75,-115.00,-80.00,-65.00,-65.00,-65.00,16,5,-55.97,6.59,26.00,43.00,1,0,0.00,0.00,0.00,0.00,0.00,0.00,0,0,
1749053755543,6,0,0,0.00,0.00,0.00,10,116,-74.44,-126.00,-72.50,-65.00,-65.00,-64.00,16,5,-56.66,6.57,25.00,42.00,1,0,0.00,0.00,0.00,0.00,0.00,0.00,0,0,
1749053756543,6,0,0,0.00,0.00,0.00,10,116,-72.44,-126.00,-65.00,-65.00,-65.00,-64.00,16,5,-54.66,6.63,25.00,43.00,1,0,0.00,0.00,0.00,0.00,0.00,0.00,0,0,
1749053757543,6,0,0,0.00,0.00,0.00,10,116,-70.38,-80.00,-80.00,-65.00,-64.50,-64.00,16,5,-52.59,6.69,26.00,43.00,1,0,0.00,0.00,0.00,0.00,0.00,0.00,0,0,
1749053758543,6,6,2,0.00,6.57,2.78,211,440,-81.88,-126.00,-115.00,-65.00,-64.50,-50.00,16,5,-64.09,6.39,24.50,36.00,2,0,0.00,0.00,0.00,0.00,0.00,0.00,0,0,
1749053759543,6,0,0,0.00,0.00,0.00,10,96,-81.88,-126.00,-115.00,-65.00,-64.50,-50.00,16,17,-58.78,23.68,27.50,36.00,0,0,0.00,0.00,0.00,0.00,0.00,0.00,0,0,
1749053760543,6,0,0,0.00,0.00,0.00,10,116,-67.19,-126.00,-65.00,-65.00,-50.00,-50.00,16,28,-41.92,44.87,24.00,44.00,0,0,0.00,0.00,0.00,0.00,0.00,0.00,0,0,
1749053761543,6,0,0,0.00,0.00,0.00,10,116,-62.19,-80.00,-65.00,-65.00,-57.50,-50.00,16,28,-36.92,47.16,24.00,44.00,0,0,0.00,0.00,0.00,0.00,0.00,0.00,0,0,
1749053762543,6,0,0,0.00,0.00,0.00,10,116,-67.62,-80.00,-72.50,-65.00,-64.50,-50.00,16,28,-42.36,44.70,24.00,44.00,0,0,0.00,0.00,0.00,0.00,0.00,0.00,0,0,
1749053763543,6,0,0,0.00,0.00,0.00,10,116,-67.62,-80.00,-72.50,-65.00,-64.50,-50.00,16,28,-42.36,44.70,24.50,44.00,0,0,0.00,0.00,0.00,0.00,0.00,0.00,0,0,
1749053764543,6,0,0,0.00,0.00,0.00,5,83,-67.62,-80.00,-80.00,-65.00,-64.00,-50.00,16,5,-49.84,6.78,24.00,43.00,0,0,0.00,0.00,0.00,0.00,0.00,0.00,0,0,
1749053765543,6,0,0,0.00,0.88,0.62,43,226,-71.44,-80.00,-80.00,-72.50,-65.00,-50.00,16,5,-53.66,6.66,24.00,44.00,0,0,0.00,0.00,0.00,0.00,0.00,0.00,0,0,
1749053766543,6,0,0,0.00,0.00,0.00,10,116,-63.06,-80.00,-65.00,-65.00,-64.50,-50.00,16,5,-45.28,6.96,25.50,44.00,0,0,0.00,0.00,0.00,0.00,0.00,0.00,0,0,
1749053767543,6,0,0,0.00,0.00,0.00,10,116,-69.62,-80.00,-80.00,-65.00,-65.00,-50.00,16,5,-51.84,6.71,25.50,44.00,0,0,0.00,0.00,0.00,0.00,0.00,0.00,0,0,
1749053768543,6,0,0,0.00,0.00,0.00,10,116,-69.62,-80.00,-80.00,-65.00,-65.00,-50.00,16,5,-51.84,6.71,24.50,44.00,0,0,0.00,0.00,0.00,0.00,0.00,0.00,0,0,
1749053769543,6,0,0,0.00,0.00,0.00,10,116,-70.62,-80.00,-80.00,-80.00,-65.00,-50.00,16,5,-52.84,6.68,24.50,44.00,0,0,0.00,0.00,0.00,0.00,0.00,0.00,0,0,
1749053770543,6,0,0,0.00,0.00,0.00,10,111,-68.62,-80.00,-80.00,-65.00,-64.50,-50.00,16,5,-50.84,6.75,24.50,44.00,0,0,0.00,0.00,0.00,0.00,0.00,0.00,0,0,
1749053771543,6,0,0,0.00,0.00,0.00,10,116,-83.06,-126.00,-103.00,-65.00,-65.00,-65.00,16,5,-65.28,6.36,26.50,44.00,0,0,0.00,0.00,0.00,0.00,0.00,0.00,0,0,
1749053772543,6,0,0,0.00,0.00,0.00,10,116,-83.06,-126.00,-103.00,-65.00,-65.00,-65.00,16,5,-65.28,6.36,25.50,45.00,0,0,0.00,0.00,0.00,0.00,0.00,0.00,0,0,
1749053773543,6,0,0,0.00,0.00,0.00,10,116,-70.62,-126.00,-65.00,-65.00,-64.50,-50.00,16,5,-52.84,6.68,24.00,45.00,0,0,0.00,0.00,0.00,0.00,0.00,0.00,0,0,
1749053774543,6,0,0,0.00,0.00,0.00,10,116,-68.50,-80.00,-80.00,-65.00,-64.00,-50.00,16,5,-50.72,6.75,24.00,45.00,0,0,0.00,0.00,0.00,0.00,0.00,0.00,0,0,
1749053775543,6,0,0,0.00,0.00,0.00,10,111,-74.25,-126.00,-80.00,-80.00,-64.00,-50.00,16,5,-56.47,6.57,24.50,45.00,0,0,0.00,0.00,0.00,0.00,0.00,0.00,0,0,
1749053776543,6,0,0,0.00,0.00,0.00,10,116,-79.25,-126.00,-95.50,-65.00,-65.00,-50.00,16,5,-61.47,6.45,25.50,44.00,0,0,0.00,0.00,0.00,0.00,0.00,0.00,0,0,
1749053777543,6,0,0,0.00,0.00,0.00,10,116,-79.25,-126.00,-95.50,-65.00,-65.00,-50.00,16,5,-61.47,6.45,26.00,44.00,0,0,0.00,0.00,0.00,0.00,0.00,0.00,0,0,
1749053778543,6,0,0,0.00,0.00,0.00,10,116,-68.50,-126.00,-65.00,-65.00,-64.00,-64.00,16,5,-50.72,6.75,25.00,44.00,0,0,0.00,0.00,0.00,0.00,0.00,0.00,0,0,
1749053779543,6,0,0,0.00,0.00,0.00,10,116,-69.38,-126.00,-65.00,-65.00,-64.00,-64.00,16,5,-51.59,6.72,25.00,44.00,0,0,0.00,0.00,0.00,0.00,0.00,0.00,0,0,
1749053780543,6,0,0,0.00,0.00,0.00,10,111,-70.50,-126.00,-72.50,-65.00,-64.50,-50.00,16,5,-52.72,6.69,24.50,44.00,0,0,0.00,0.00,0.00,0.00,0.00,0.00,0,0,
1749053781543,6,0,0,0.00,0.00,0.00,10,116,-66.62,-80.00,-65.00,-65.00,-64.50,-64.00,16,5,-48.84,6.82,25.00,44.00,0,0,0.00,0.00,0.00,0.00,0.00,0.00,0,0,
1749053782543,6,0,0,0.00,0.00,0.00,10,116,-66.62,-80.00,-65.00,-65.00,-64.50,-64.00,16,5,-48.84,6.82,23.50,44.00,0,0,0.00,0.00,0.00,0.00,0.00,0.00,0,0,
1749053783543,6,0,0,0.00,0.00,0.00,10,116,-65.56,-80.00,-65.00,-65.00,-64.00,-64.00,16,5,-47.78,6.86,24.00,44.00,0,0,0.00,0.00,0.00,0.00,0.00,0.00,0,0,
1749053784543,6,0,0,0.00,0.00,0.00,10,116,-64.56,-65.00,-65.00,-65.00,-64.00,-64.00,16,5,-46.78,6.90,24.50,45.00,0,0,0.00,0.00,0.00,0.00,0.00,0.00,0,0,
1749053785543,6,0,0,0.00,0.00,0.00,10,111,-64.56,-65.00,-65.00,-65.00,-64.00,-64.00,16,5,-46.78,6.90,23.50,46.00,0,0,0.00,0.00,0.00,0.00,0.00,0.00,0,0,
1749053786543,6,0,0,0.00,0.00,0.00,10,116,-64.56,-65.00,-65.00,-65.00,-64.00,-64.00,16,5,-46.78,6.90,25.00,45.00,0,0,0.00,0.00,0.00,0.00,0.00,0.00,0,0,
1749053787543,6,0,0,0.00,0.00,0.00,10,116,-64.94,-65.00,-65.00,-65.00,-65.00,-64.00,16,5,-47.16,6.89,25.50,45.00,0,0,0.00,0.00,0.00,0.00,0.00,0.00,0,0,
1749053788543,6,0,0,0.00,0.00,0.00,10,116,-64.88,-65.00,-65.00,-65.00,-65.00,-64.00,16,5,-47.09,6.89,26.00,45.00,0,0,0.00,0.00,0.00,0.00,0.00,0.00,0,0,
1749053789543,6,0,0,0.00,0.00,0.00,10,116,-65.00,-65.00,-65.00,-65.00,-65.00,-65.00,16,5,-47.22,6.88,25.00,44.00,0,0,0.00,0.00,0.00,0.00,0.00,0.00,0,0,
1749053790543,6,0,0,0.00,0.00,0.00,10,111,-65.00,-65.00,-65.00,-65.00,-65.00,-65.00,16,5,-47.22,6.88,24.50,44.00,0,0,0.00,0.00,0.00,0.00,0.00,0.00,0,0,
1749053791543,6,0,0,0.00,0.00,0.00,10,116,-65.00,-65.00,-65.00,-65.00,-65.00,-65.00,16,5,-47.22,6.88,24.50,44.00,0,0,0.00,0.00,0.00,0.00,0.00,0.00,0,0,
1749053792543,6,0,0,0.00,0.00,0.00,10,116,-66.62,-80.00,-65.00,-65.00,-64.50,-64.00,16,5,-48.84,6.82,25.50,44.00,0,0,0.00,0.00,0.00,0.00,0.00,0.00,0,0,
1749053793543,6,0,0,0.00,0.00,0.00,10,116,-65.81,-80.00,-65.00,-65.00,-65.00,-64.00,16,5,-48.03,6.85,25.00,44.00,0,0,0.00,0.00,0.00,0.00,0.00,0.00,0,0,
1749053794543,6,0,0,0.00,0.00,0.00,10,116,-82.19,-126.00,-126.00,-65.00,-65.00,-50.00,16,5,-64.41,6.38,25.00,44.00,0,0,0.00,0.00,0.00,0.00,0.00,0.00,0,0,
1749053795543,6,0,0,0.00,0.00,0.00,10,111,-82.19,-126.00,-126.00,-65.00,-65.00,-50.00,16,5,-64.41,6.38,26.50,44.00,0,0,0.00,0.00,0.00,0.00,0.00,0.00,0,0,
1749053796543,6,0,0,0.00,0.00,0.00,10,116,-69.62,-126.00,-65.00,-65.00,-64.00,-50.00,16,5,-51.84,6.71,25.50,43.00,0,0,0.00,0.00,0.00,0.00,0.00,0.00,0,0,
1749053797543,6,0,0,0.00,0.00,0.00,10,116,-69.62,-80.00,-80.00,-65.00,-65.00,-50.00,16,5,-51.84,6.71,26.00,45.00,0,0,0.00,0.00,0.00,0.00,0.00,0.00,0,0,
1749053798543,6,0,0,0.00,0.00,0.00,10,116,-62.19,-65.00,-65.00,-65.00,-65.00,-50.00,16,5,-44.41,7.00,24.50,44.00,0,0,0.00,0.00,0.00,0.00,0.00,0.00,0,0,
1749053799543,6,0,0,0.00,0.00,0.00,10,116,-63.12,-80.00,-65.00,-65.00,-65.00,-50.00,16,5,-45.34,6.96,25.00,44.00,0,0,0.00,0.00,0.00,0.00,0.00,0.00,0,0,
1749053800543,6,0,0,0.00,0.00,0.00,10,111,-63.12,-80.00,-65.00,-65.00,-65.00,-50.00,16,5,-45.34,6.96,25.00,45.00,0,0,0.00,0.00,0.00,0.00,0.00,0.00,0,0,
1749053801543,6,0,0,0.00,0.00,0.00,10,116,-57.50,-80.00,-65.00,-50.00,-50.00,-50.00,16,5,-39.72,7.24,24.50,44.00,0,0,0.00,0.00,0.00,0.00,0.00,0.00,0,0,
1749053802543,6,0,0,0.00,0.00,0.00,10,116,-63.06,-80.00,-65.00,-65.00,-57.00,-50.00,16,5,-45.28,6.96,23.50,43.00,0,0,0.00,0.00,0.00,0.00,0.00,0.00,0,0,
1749053803543,6,0,0,0.00,0.00,0.00,10,116,-61.19,-65.00,-65.00,-65.00,-57.00,-50.00,16,5,-43.41,7.05,26.50,44.00,0,0,0.00,0.00,0.00,0.00,0.00,0.00,0,0,
1749053804543,6,0,0,0.00,0.00,0.00,10,116,-61.19,-65.00,-65.00,-65.00,-57.00,-50.00,16,5,-43.41,7.05,25.00,43.00,0,0,0.00,0.00,0.00,0.00,0.00,0.00,0,0,
1749053805543,6,0,0,0.00,0.00,0.00,10,111,-62.00,-80.00,-65.00,-65.00,-57.00,-50.00,16,5,-44.22,7.01,27.00,43.00,1,0,0.00,0.00,0.00,0.00,0.00,0.00,0,0,
1749053806543,6,0,0,0.00,0.00,0.00,10,116,-61.81,-80.00,-65.00,-64.00,-50.00,-50.00,16,5,-44.03,7.02,25.00,44.00,1,0,0.00,0.00,0.00,0.00,0.00,0.00,0,0,
1749053807543,6,0,0,0.00,0.00,0.00,10,116,-69.31,-139.00,-72.50,-64.50,-64.00,-50.00,16,5,-51.53,6.73,24.50,44.00,1,0,0.00,0.00,0.00,0.00,0.00,0.00,0,0,
1749053808543,6,0,0,0.00,0.00,0.00,10,116,-63.62,-65.00,-65.00,-64.50,-64.00,-50.00,16,5,-45.84,6.94,24.00,44.00,1,0,0.00,0.00,0.00,0.00,0.00,0.00,0,0,
1749053809543,6,0,0,0.00,0.00,0.00,10,116,-63.62,-65.00,-65.00,-64.50,-64.00,-50.00,16,5,-45.84,6.94,24.50,43.00,1,0,0.00,0.00,0.00,0.00,0.00,0.00,0,0,
1749053810543,6,0,0,0.00,0.00,0.00,10,111,-59.06,-65.00,-65.00,-64.00,-50.00,-50.00,16,28,-33.80,48.93,24.00,43.00,0,0,0.00,0.00,0.00,0.00,0.00,0.00,0,0,
1749053811543,6,0,0,0.00,0.00,0.00,10,116,-61.00,-65.00,-65.00,-64.50,-57.00,-50.00,16,28,-35.74,47.79,24.50,43.00,0,0,0.00,0.00,0.00,0.00,0.00,0.00,0,0,
1749053812543,6,0,0,0.00,0.00,0.00,10,116,-70.44,-80.00,-80.00,-65.00,-64.50,-50.00,16,28,-45.17,43.66,24.50,43.00,0,0,0.00,0.00,0.00,0.00,0.00,0.00,0,0,
1749053813543,6,0,0,0.00,0.00,0.00,10,116,-65.88,-80.00,-72.50,-65.00,-64.50,-50.00,16,28,-40.61,45.42,24.00,43.00,0,0,0.00,0.00,0.00,0.00,0.00,0.00,0,0,
1749053814543,6,0,0,0.00,0.00,0.00,10,116,-65.88,-80.00,-72.50,-65.00,-64.50,-50.00,16,28,-40.61,45.42,24.50,42.00,0,0,0.00,0.00,0.00,0.00,0.00,0.00,0,0,
1749053815543,6,0,0,0.00,0.00,0.00,5,83,-60.25,-80.00,-65.00,-65.00,-50.00,-50.00,16,5,-42.47,7.09,25.50,43.00,0,0,0.00,0.00,0.00,0.00,0.00,0.00,0,0,
1749053816543,6,0,0,0.00,0.00,0.00,10,78,-65.00,-80.00,-65.00,-65.00,-65.00,-50.00,16,5,-47.22,6.88,24.50,43.00,0,0,0.00,0.00,0.00,0.00,0.00,0.00,0,0,
1749053817543,6,0,0,0.00,0.00,0.00,10,116,-72.50,-80.00,-80.00,-80.00,-65.00,-50.00,16,5,-54.72,6.62,26.50,43.00,0,0,0.00,0.00,0.00,0.00,0.00,0.00,0,0,
1749053818543,6,0,0,0.00,0.00,0.00,10,116,-72.50,-80.00,-80.00,-80.00,-65.00,-50.00,16,5,-54.72,6.62,26.50,42.00,0,0,0.00,0.00,0.00,0.00,0.00,0.00,0,0,
1749053819543,6,0,0,0.00,0.00,0.00,10,116,-73.44,-126.00,-65.00,-65.00,-64.00,-50.00,16,5,-55.66,6.60,26.00,43.00,0,0,0.00,0.00,0.00,0.00,0.00,0.00,0,0,
1749053820543,6,0,0,0.00,0.00,0.00,10,116,-60.31,-65.00,-65.00,-65.00,-50.00,-50.00,16,5,-42.53,7.09,24.50,44.00,0,0,0.00,0.00,0.00,0.00,0.00,0.00,0,0,
1749053821543,6,0,0,0.00,0.00,0.00,10,111,-60.31,-65.00,-65.00,-65.00,-50.00,-50.00,16,5,-42.53,7.09,24.50,43.00,0,0,0.00,0.00,0.00,0.00,0.00,0.00,0,0,
1749053822543,6,0,0,0.00,0.00,0.00,10,116,-79.12,-126.00,-95.50,-65.00,-64.50,-50.00,16,5,-61.34,6.45,25.00,44.00,0,0,0.00,0.00,0.00,0.00,0.00,0.00,0,0,
1749053823543,6,0,0,0.00,0.00,0.00,10,116,-79.12,-126.00,-95.50,-65.00,-64.50,-50.00,16,5,-61.34,6.45,24.50,45.00,0,0,0.00,0.00,0.00,0.00,0.00,0.00,0,0,
1749053824543,6,0,0,0.00,0.00,0.00,10,116,-65.81,-126.00,-65.00,-65.00,-64.00,-50.00,16,5,-48.03,6.85,25.50,44.00,0,0,0.00,0.00,0.00,0.00,0.00,0.00,0,0,
1749053825543,6,0,0,0.00,0.00,0.00,10,116,-71.69,-126.00,-65.00,-65.00,-65.00,-50.00,16,5,-53.91,6.65,25.00,45.00,0,0,0.00,0.00,0.00,0.00,0.00,0.00,0,0,
1749053826543,6,0,0,0.00,0.00,0.00,10,111,-64.81,-65.00,-65.00,-65.00,-65.00,-64.00,16,5,-47.03,6.89,24.00,45.00,0,0,0.00,0.00,0.00,0.00,0.00,0.00,0,0,
1749053827543,6,0,0,0.00,0.00,0.00,10,116,-64.81,-65.00,-65.00,-65.00,-65.00,-64.00,16,5,-47.03,6.89,25.50,45.00,0,0,0.00,0.00,0.00,0.00,0.00,0.00,0,0,
1749053828543,6,0,0,0.00,0.00,0.00,10,116,-74.56,-126.00,-65.00,-65.00,-65.00,-50.00,16,5,-56.78,6.57,25.00,44.00,0,0,0.00,0.00,0.00,0.00,0.00,0.00,0,0,
1749053829543,6,0,0,0.00,0.00,0.00,10,116,-64.00,-65.00,-65.00,-65.00,-65.00,-50.00,16,5,-46.22,6.92,24.00,44.00,0,0,0.00,0.00,0.00,0.00,0.00,0.00,0,0,
1749053830543,6,0,0,0.00,0.00,0.00,10,116,-64.69,-65.00,-65.00,-65.00,-64.00,-64.00,16,5,-46.91,6.90,24.50,44.00,0,0,0.00,0.00,0.00,0.00,0.00,0.00,0,0,
1749053831543,6,0,0,0.00,0.00,0.00,10,111,-64.88,-65.00,-65.00,-65.00,-65.00,-64.00,16,5,-47.09,6.89,26.00,44.00,0,0,0.00,0.00,0.00,0.00,0.00,0.00,0,0,
1749053832543,6,0,0,0.00,0.00,0.00,10,116,-64.88,-65.00,-65.00,-65.00,-65.00,-64.00,16,5,-47.09,6.89,24.50,43.00,0,0,0.00,0.00,0.00,0.00,0.00,0.00,0,0,
1749053833543,6,0,0,0.00,0.00,0.00,10,116,-68.56,-126.00,-65.00,-65.00,-64.50,-64.00,16,5,-50.78,6.75,24.00,43.00,0,0,0.00,0.00,0.00,0.00,0.00,0.00,0,0,
1749053834543,6,0,0,0.00,0.00,0.00,10,116,-64.94,-65.00,-65.00,-65.00,-65.00,-64.00,16,5,-47.16,6.89,24.50,44.00,0,0,0.00,0.00,0.00,0.00,0.00,0.00,0,0,
1749053835543,6,0,0,0.00,0.00,0.00,10,116,-64.94,-65.00,-65.00,-65.00,-65.00,-64.00,16,5,-47.16,6.89,25.50,44.00,0,0,0.00,0.00,0.00,0.00,0.00,0.00,0,0,
1749053836543,6,0,0,0.00,0.00,0.00,10,111,-64.94,-65.00,-65.00,-65.00,-65.00,-64.00,16,5,-47.16,6.89,25.50,44.00,0,0,0.00,0.00,0.00,0.00,0.00,0.00,0,0,
1749053837543,6,0,0,0.00,0.00,0.00,10,116,-78.25,-126.00,-95.50,-65.00,-64.50,-50.00,16,5,-60.47,6.47,25.50,44.00,0,0,0.00,0.00,0.00,0.00,0.00,0.00,0,0,
1749053838543,6,0,0,0.00,0.00,0.00,10,116,-63.62,-80.00,-65.00,-64.00,-64.00,-50.00,16,5,-45.84,6.94,25.00,44.00,0,0,0.00,0.00,0.00,0.00,0.00,0.00,0,0,
1749053839543,6,0,0,0.00,0.00,0.00,10,116,-72.25,-80.00,-80.00,-80.00,-64.00,-50.00,16,5,-54.47,6.63,24.00,44.00,0,0,0.00,0.00,0.00,0.00,0.00,0.00,0,0,
1749053840543,6,0,0,0.00,0.00,0.00,10,116,-71.38,-80.00,-80.00,-65.00,-65.00,-64.00,16,5,-53.59,6.66,25.00,44.00,0,0,0.00,0.00,0.00,0.00,0.00,0.00,0,0,
1749053841543,6,0,0,0.00,0.00,0.00,10,111,-71.38,-80.00,-80.00,-65.00,-65.00,-64.00,16,5,-53.59,6.66,25.00,43.00,0,0,0.00,0.00,0.00,0.00,0.00,0.00,0,0,
1749053842543,6,0,0,0.00,0.00,0.00,10,116,-70.19,-115.00,-65.00,-64.00,-64.00,-50.00,16,5,-52.41,6.70,25.00,43.00,0,0,0.00,0.00,0.00,0.00,0.00,0.00,0,0,
1749053843543,6,0,0,0.00,0.00,0.00,10,116,-75.38,-115.00,-90.00,-65.00,-64.00,-50.00,16,5,-57.59,6.54,24.50,44.00,0,0,0.00,0.00,0.00,0.00,0.00,0.00,0,0,
1749053844543,6,0,0,0.00,0.00,0.00,10,116,-78.62,-115.00,-80.00,-80.00,-65.00,-50.00,16,5,-60.84,6.46,25.50,43.00,0,0,0.00,0.00,0.00,0.00,0.00,0.00,0,0,
1749053845543,6,0,0,0.00,0.00,0.00,10,116,-71.38,-80.00,-80.00,-65.00,-65.00,-64.00,16,5,-53.59,6.66,25.00,42.00,0,0,0.00,0.00,0.00,0.00,0.00,0.00,0,0,
1749053846543,6,0,0,0.00,0.00,0.00,10,111,-71.38,-80.00,-80.00,-65.00,-65.00,-64.00,16,5,-53.59,6.66,26.00,43.00,0,0,0.00,0.00,0.00,0.00,0.00,0.00,0,0,
1749053847543,6,0,0,0.00,0.00,0.00,10,116,-71.38,-80.00,-80.00,-65.00,-65.00,-64.00,16,5,-53.59,6.66,26.50,43.00,0,0,0.00,0.00,0.00,0.00,0.00,0.00,0,0,
1749053848543,6,0,0,0.00,0.00,0.00,10,116,-79.69,-115.00,-80.00,-80.00,-72.50,-50.00,16,5,-61.91,6.44,25.00,43.00,0,0,0.00,0.00,0.00,0.00,0.00,0.00,0,0,
1749053849543,6,0,0,0.00,0.00,0.00,10,116,-86.56,-115.00,-80.00,-80.00,-80.00,-80.00,16,5,-68.78,6.29,26.50,43.00,0,0,0.00,0.00,0.00,0.00,0.00,0.00,0,0,
1749053850543,6,0,0,0.00,0.00,0.00,10,116,-86.56,-115.00,-80.00,-80.00,-80.00,-80.00,16,5,-68.78,6.29,25.00,42.00,0,0,0.00,0.00,0.00,0.00,0.00,0.00,0,0,
1749053851543,6,0,0,0.00,0.00,0.00,10,111,-86.38,-126.00,-97.50,-80.00,-72.50,-65.00,16,5,-68.59,6.30,24.50,42.00,0,0,0.00,0.00,0.00,0.00,0.00,0.00,0,0,
1749053852543,6,0,0,0.00,0.00,0.00,10,116,-85.07,-126.00,-115.00,-80.00,-65.00,-65.00,15,5,-67.29,6.32,25.50,41.00,0,0,0.00,0.00,0.00,0.00,0.00,0.00,0,0,
1749053853543,6,0,0,0.00,0.00,0.00,10,116,-80.75,-126.00,-90.00,-80.00,-65.00,-50.00,16,5,-62.97,6.41,26.50,43.00,0,0,0.00,0.00,0.00,0.00,0.00,0.00,0,0,
1749053854543,6,0,0,0.00,0.00,0.00,10,116,-71.62,-126.00,-80.00,-65.00,-65.00,-50.00,16,5,-53.84,6.65,26.50,43.00,0,0,0.00,0.00,0.00,0.00,0.00,0.00,0,0,
1749053855543,6,0,0,0.00,0.00,0.00,10,116,-71.62,-126.00,-80.00,-65.00,-65.00,-50.00,16,5,-53.84,6.65,25.00,44.00,0,0,0.00,0.00,0.00,0.00,0.00,0.00,0,0,
1749053856543,6,0,0,0.00,0.00,0.00,10,111,-65.56,-80.00,-65.00,-64.50,-64.00,-50.00,16,5,-47.78,6.86,26.50,44.00,1,0,0.00,0.00,0.00,0.00,0.00,0.00,0,0,
1749053857543,6,0,0,0.00,0.00,0.00,10,116,-65.62,-80.00,-80.00,-64.00,-57.00,-50.00,16,5,-47.84,6.86,25.00,44.00,1,0,0.00,0.00,0.00,0.00,0.00,0.00,0,0,
1749053858543,6,0,0,0.00,0.00,0.00,10,116,-59.19,-65.00,-65.00,-64.00,-50.00,-50.00,16,5,-41.41,7.15,25.00,43.00,1,0,0.00,0.00,0.00,0.00,0.00,0.00,0,0,
1749053859543,6,0,0,0.00,0.00,0.00,10,116,-59.19,-65.00,-65.00,-64.00,-50.00,-50.00,16,5,-41.41,7.15,25.50,44.00,1,0,0.00,0.00,0.00,0.00,0.00,0.00,0,0,
1749053860543,6,0,0,0.00,0.00,0.00,10,116,-67.31,-80.00,-65.00,-64.50,-64.00,-64.00,16,5,-49.53,6.79,25.00,44.00,1,0,0.00,0.00,0.00,0.00,0.00,0.00,0,0,
1749053861543,6,0,0,0.00,0.00,0.00,10,111,-62.62,-65.00,-65.00,-64.00,-64.00,-50.00,16,28,-37.36,46.93,24.00,44.00,0,0,0.00,0.00,0.00,0.00,0.00,0.00,0,0,
1749053862543,6,0,0,0.00,0.00,0.00,10,116,-67.50,-126.00,-65.00,-64.00,-64.00,-50.00,16,28,-42.24,44.75,24.00,44.00,0,0,0.00,0.00,0.00,0.00,0.00,0.00,0,0,
1749053863543,6,0,0,0.00,0.00,0.00,10,116,-68.44,-80.00,-80.00,-65.00,-64.00,-50.00,16,28,-43.17,44.38,24.00,44.00,0,0,0.00,0.00,0.00,0.00,0.00,0.00,0,0,
1749053864543,6,0,0,0.00,0.00,0.00,10,116,-68.44,-80.00,-80.00,-65.00,-64.00,-50.00,16,28,-43.17,44.38,24.00,44.00,0,0,0.00,0.00,0.00,0.00,0.00,0.00,0,0,
1749053865543,6,0,0,0.00,0.00,0.00,10,116,-69.31,-126.00,-72.50,-64.00,-64.00,-50.00,16,28,-44.05,44.06,24.00,45.00,0,0,0.00,0.00,0.00,0.00,0.00,0.00,0,0,
1749053866543,6,0,0,0.00,0.00,0.00,5,83,-67.38,-80.00,-80.00,-64.00,-64.00,-50.00,16,5,-49.59,6.79,24.50,44.00,0,0,0.00,0.00,0.00,0.00,0.00,0.00,0,0,
1749053867543,6,0,0,0.00,0.00,0.00,10,78,-77.94,-126.00,-80.00,-65.00,-64.00,-64.00,16,5,-60.16,6.48,25.00,43.00,0,0,0.00,0.00,0.00,0.00,0.00,0.00,0,0,
1749053868543,6,0,0,0.00,0.00,0.00,10,116,-77.94,-126.00,-80.00,-65.00,-64.00,-64.00,16,5,-60.16,6.48,25.00,44.00,0,0,0.00,0.00,0.00,0.00,0.00,0.00,0,0,
1749053869543,6,0,0,0.00,0.00,0.00,10,116,-67.62,-126.00,-65.00,-65.00,-64.00,-50.00,16,5,-49.84,6.78,24.50,43.00,0,0,0.00,0.00,0.00,0.00,0.00,0.00,0,0,
1749053870543,6,0,0,0.00,0.00,0.00,10,116,-62.75,-65.00,-65.00,-64.50,-64.00,-50.00,16,5,-44.97,6.98,24.00,44.00,0,0,0.00,0.00,0.00,0.00,0.00,0.00,0,0,
1749053871543,6,0,0,0.00,0.00,0.00,10,116,-64.56,-80.00,-65.00,-64.50,-64.00,-50.00,16,5,-46.78,6.90,25.00,44.00,0,0,0.00,0.00,0.00,0.00,0.00,0.00,0,0,
1749053872543,6,0,0,0.00,0.00,0.00,10,111,-71.31,-126.00,-80.00,-65.00,-64.00,-50.00,16,5,-53.53,6.66,26.00,44.00,0,0,0.00,0.00,0.00,0.00,0.00,0.00,0,0,
1749053873543,6,0,0,0.00,0.00,0.00,10,116,-71.31,-126.00,-80.00,-65.00,-64.00,-50.00,16,5,-53.53,6.66,25.00,44.00,0,0,0.00,0.00,0.00,0.00,0.00,0.00,0,0,
1749053874543,6,0,0,0.00,0.00,0.00,10,116,-76.19,-126.00,-65.00,-65.00,-64.50,-64.00,16,5,-58.41,6.52,24.50,43.00,0,0,0.00,0.00,0.00,0.00,0.00,0.00,0,0,
1749053875543,6,0,0,0.00,0.00,0.00,10,116,-75.06,-126.00,-65.00,-64.50,-64.00,-50.00,16,5,-57.28,6.55,24.00,44.00,0,0,0.00,0.00,0.00,0.00,0.00,0.00,0,0,
1749053876543,6,0,0,0.00,0.00,0.00,10,116,-66.44,-80.00,-65.00,-65.00,-64.00,-64.00,16,5,-48.66,6.83,25.50,44.00,0,0,0.00,0.00,0.00,0.00,0.00,0.00,0,0,
1749053877543,6,0,0,0.00,0.00,0.00,10,111,-65.62,-80.00,-65.00,-65.00,-64.00,-64.00,16,5,-47.84,6.86,25.00,45.00,0,0,0.00,0.00,0.00,0.00,0.00,0.00,0,0,
1749053878543,6,0,0,0.00,0.00,0.00,10,116,-65.62,-80.00,-65.00,-65.00,-64.00,-64.00,16,5,-47.84,6.86,24.50,43.00,0,0,0.00,0.00,0.00,0.00,0.00,0.00,0,0,
1749053879543,6,0,0,0.00,0.00,0.00,10,116,-65.75,-80.00,-65.00,-65.00,-65.00,-64.00,16,5,-47.97,6.85,24.50,43.00,0,0,0.00,0.00,0.00,0.00,0.00,0.00,0,0,
1749053880543,6,0,0,0.00,0.00,0.00,10,116,-64.56,-65.00,-65.00,-65.00,-64.00,-64.00,16,5,-46.78,6.90,24.00,44.00,0,0,0.00,0.00,0.00,0.00,0.00,0.00,0,0,
1749053881543,6,0,0,0.00,0.00,0.00,10,116,-64.50,-65.00,-65.00,-64.50,-64.00,-64.00,16,5,-46.72,6.90,25.50,44.00,0,0,0.00,0.00,0.00,0.00,0.00,0.00,0,0,
1749053882543,6,0,0,0.00,0.00,0.00,10,111,-64.50,-65.00,-65.00,-64.50,-64.00,-64.00,16,5,-46.72,6.90,25.00,44.00,0,0,0.00,0.00,0.00,0.00,0.00,0.00,0,0,
1749053883543,6,0,0,0.00,0.00,0.00,10,116,-72.31,-126.00,-65.00,-65.00,-64.00,-64.00,16,5,-54.53,6.63,25.50,45.00,0,0,0.00,0.00,0.00,0.00,0.00,0.00,0,0,
1749053884543,6,0,0,0.00,0.00,0.00,10,116,-78.31,-126.00,-80.00,-65.00,-65.00,-50.00,16,5,-60.53,6.47,24.00,44.00,0,0,0.00,0.00,0.00,0.00,0.00,0.00,0,0,
1749053885543,6,0,0,0.00,0.00,0.00,10,116,-72.50,-126.00,-80.00,-65.00,-64.00,-50.00,16,5,-54.72,6.62,24.50,45.00,0,0,0.00,0.00,0.00,0.00,0.00,0.00,0,0,
1749053886543,6,0,0,0.00,0.00,0.00,10,116,-73.00,-139.00,-80.00,-65.00,-64.00,-64.00,16,5,-55.22,6.61,23.50,46.00,0,0,0.00,0.00,0.00,0.00,0.00,0.00,0,0,
1749053887543,6,0,0,0.00,0.00,0.00,10,111,-73.00,-139.00,-80.00,-65.00,-64.00,-64.00,16,5,-55.22,6.61,24.50,45.00,0,0,0.00,0.00,0.00,0.00,0.00,0.00,0,0,
1749053888543,6,0,0,0.00,0.00,0.00,10,116,-72.31,-126.00,-80.00,-65.00,-64.50,-64.00,16,5,-54.53,6.63,25.50,45.00,0,0,0.00,0.00,0.00,0.00,0.00,0.00,0,0,
1749053889543,6,0,0,0.00,0.00,0.00,10,116,-78.12,-126.00,-80.00,-65.00,-65.00,-64.00,16,5,-60.34,6.47,25.00,45.00,0,0,0.00,0.00,0.00,0.00,0.00,0.00,0,0,
1749053890543,6,0,0,0.00,0.00,0.00,10,116,-69.69,-80.00,-80.00,-65.00,-65.00,-65.00,16,5,-51.91,6.71,25.00,45.00,0,0,0.00,0.00,0.00,0.00,0.00,0.00,0,0,
1749053891543,6,0,0,0.00,0.00,0.00,10,116,-69.69,-80.00,-80.00,-65.00,-65.00,-65.00,16,5,-51.91,6.71,25.00,44.00,0,0,0.00,0.00,0.00,0.00,0.00,0.00,0,0,
1749053892543,6,0,0,0.00,0.00,0.00,10,111,-73.38,-80.00,-80.00,-80.00,-65.00,-64.00,16,5,-55.59,6.60,23.50,44.00,0,0,0.00,0.00,0.00,0.00,0.00,0.00,0,0,
1749053893543,6,0,0,0.00,0.00,0.00,10,116,-71.50,-80.00,-80.00,-72.50,-65.00,-50.00,16,5,-53.72,6.66,25.50,43.00,0,0,0.00,0.00,0.00,0.00,0.00,0.00,0,0,
1749053894543,6,0,0,0.00,0.00,0.00,10,116,-64.06,-80.00,-72.50,-65.00,-50.00,-50.00,16,5,-46.28,6.92,25.00,44.00,0,0,0.00,0.00,0.00,0.00,0.00,0.00,0,0,
1749053895543,6,0,0,0.00,0.00,0.00,10,116,-70.44,-80.00,-80.00,-65.00,-64.50,-50.00,16,5,-52.66,6.69,27.00,44.00,0,0,0.00,0.00,0.00,0.00,0.00,0.00,0,0,
1749053896543,6,0,0,0.00,0.00,0.00,10,116,-70.44,-80.00,-80.00,-65.00,-64.50,-50.00,16,5,-52.66,6.69,25.00,44.00,0,0,0.00,0.00,0.00,0.00,0.00,0.00,0,0,
1749053897543,6,0,0,0.00,0.00,0.00,10,111,-60.00,-80.00,-65.00,-64.00,-50.00,-50.00,16,5,-42.22,7.11,25.50,44.00,0,0,0.00,0.00,0.00,0.00,0.00,0.00,0,0,
1749053898543,6,0,0,0.00,0.00,0.00,10,116,-67.19,-100.00,-80.00,-65.00,-57.50,-50.00,16,5,-49.41,6.80,25.00,43.00,0,0,0.00,0.00,0.00,0.00,0.00,0.00,0,0,
1749053899543,6,0,0,0.00,0.00,0.00,10,116,-60.06,-65.00,-65.00,-64.00,-50.00,-50.00,16,5,-42.28,7.10,24.50,43.00,0,0,0.00,0.00,0.00,0.00,0.00,0.00,0,0,
1749053900543,6,0,0,0.00,0.00,0.00,10,116,-60.06,-65.00,-65.00,-64.00,-50.00,-50.00,16,5,-42.28,7.10,24.50,44.00,0,0,0.00,0.00,0.00,0.00,0.00,0.00,0,0,
1749053901543,6,0,0,0.00,0.00,0.00,10,116,-63.06,-126.00,-65.00,-57.00,-50.00,-50.00,16,5,-45.28,6.96,26.00,44.00,0,0,0.00,0.00,0.00,0.00,0.00,0.00,0,0,
1749053902543,6,0,0,0.00,0.00,0.00,10,111,-64.12,-126.00,-65.00,-65.00,-50.00,-50.00,16,5,-46.34,6.92,25.00,44.00,0,0,0.00,0.00,0.00,0.00,0.00,0.00,0,0,
1749053903543,6,0,0,0.00,0.00,0.00,10,116,-72.62,-126.00,-65.00,-65.00,-65.00,-65.00,16,5,-54.84,6.62,25.50,43.00,0,0,0.00,0.00,0.00,0.00,0.00,0.00,0,0,
1749053904543,6,0,0,0.00,0.00,0.00,10,116,-68.62,-126.00,-65.00,-64.50,-57.00,-50.00,16,5,-50.84,6.75,26.50,43.00,0,0,0.00,0.00,0.00,0.00,0.00,0.00,0,0,
1749053905543,6,0,0,0.00,0.00,0.00,10,116,-68.62,-126.00,-65.00,-64.50,-57.00,-50.00,16,5,-50.84,6.75,25.50,45.00,0,0,0.00,0.00,0.00,0.00,0.00,0.00,0,0,
1749053906543,6,0,0,0.00,0.00,0.00,10,116,-63.75,-126.00,-65.00,-64.00,-50.00,-50.00,16,5,-45.97,6.93,24.00,44.00,0,0,0.00,0.00,0.00,0.00,0.00,0.00,0,0,
1749053907543,6,0,0,0.00,0.00,0.00,10,111,-71.38,-126.00,-65.00,-65.00,-64.00,-50.00,16,5,-53.59,6.66,24.50,44.00,1,0,0.00,0.00,0.00,0.00,0.00,0.00,0,0,
1749053908543,6,0,0,0.00,0.00,0.00,10,116,-67.62,-126.00,-65.00,-65.00,-64.00,-50.00,16,5,-49.84,6.78,25.50,43.00,1,0,0.00,0.00,0.00,0.00,0.00,0.00,0,0,
1749053909543,6,0,0,0.00,0.00,0.00,10,116,-70.31,-126.00,-65.00,-64.00,-64.00,-50.00,16,5,-52.53,6.69,24.50,44.00,1,0,0.00,0.00,0.00,0.00,0.00,0.00,0,0,
1749053910543,6,0,0,0.00,0.00,0.00,10,116,-70.31,-126.00,-65.00,-64.00,-64.00,-50.00,16,5,-52.53,6.69,26.50,44.00,1,0,0.00,0.00,0.00,0.00,0.00,0.00,0,0,
1749053911543,6,0,0,0.00,0.00,0.00,10,116,-62.31,-65.00,-64.00,-64.00,-64.00,-50.00,16,5,-44.53,7.00,25.00,45.00,1,0,0.00,0.00,0.00,0.00,0.00,0.00,0,0,
1749053912543,6,0,0,0.00,0.00,0.00,10,111,-68.06,-126.00,-64.50,-64.00,-64.00,-64.00,16,28,-42.80,44.53,24.00,44.00,0,0,0.00,0.00,0.00,0.00,0.00,0.00,0,0,
1749053913543,6,0,0,0.00,0.00,0.00,10,116,-64.50,-65.00,-65.00,-64.50,-64.00,-64.00,16,28,-39.24,46.03,23.50,45.00,0,0,0.00,0.00,0.00,0.00,0.00,0.00,0,0,
1749053914543,6,0,0,0.00,0.00,0.00,10,116,-64.50,-65.00,-65.00,-64.50,-64.00,-64.00,16,28,-39.24,46.03,24.00,44.00,0,0,0.00,0.00,0.00,0.00,0.00,0.00,0,0,
1749053915543,6,7,1,0.00,7.73,2.01,250,322,-64.62,-65.00,-65.00,-65.00,-64.00,-64.00,16,28,-39.36,45.97,24.00,45.00,0,1,0.00,0.00,0.00,0.00,0.00,0.00,0,0,
1749053916543,6,0,0,0.00,0.00,0.00,10,116,-64.44,-65.00,-65.00,-64.00,-64.00,-64.00,16,28,-39.17,46.06,24.00,45.00,0,0,0.00,0.00,0.00,0.00,0.00,0.00,0,0,
1749053917543,6,0,0,0.00,0.00,0.00,5,55,-64.19,-65.00,-64.00,-64.00,-64.00,-64.00,16,5,-46.41,6.92,24.50,46.00,0,0,0.00,0.00,0.00,0.00,0.00,0.00,0,0,
1749053918543,6,0,0,0.00,0.00,0.00,10,106,-64.44,-65.00,-65.00,-64.00,-64.00,-64.00,16,5,-46.66,6.91,25.00,43.00,0,0,0.00,0.00,0.00,0.00,0.00,0.00,0,0,
1749053919543,6,0,0,0.00,0.00,0.00,10,116,-64.44,-65.00,-65.00,-64.00,-64.00,-64.00,16,5,-46.66,6.91,25.00,43.00,0,0,0.00,0.00,0.00,0.00,0.00,0.00,0,0,
1749053920543,6,0,0,0.00,0.00,0.00,10,116,-64.62,-65.00,-65.00,-65.00,-64.00,-64.00,16,5,-46.84,6.90,25.50,44.00,0,0,0.00,0.00,0.00,0.00,0.00,0.00,0,0,
1749053921543,6,0,0,0.00,0.00,0.00,10,116,-64.62,-65.00,-65.00,-65.00,-64.00,-64.00,16,5,-46.84,6.90,24.50,43.00,0,0,0.00,0.00,0.00,0.00,0.00,0.00,0,0,
1749053922543,6,0,0,0.00,0.00,0.00,10,116,-64.50,-65.00,-65.00,-64.50,-64.00,-64.00,16,5,-46.72,6.90,25.50,44.00,0,0,0.00,0.00,0.00,0.00,0.00,0.00,0,0,
1749053923543,6,0,0,0.00,0.00,0.00,10,111,-64.50,-65.00,-65.00,-64.50,-64.00,-64.00,16,5,-46.72,6.90,25.50,44.00,0,0,0.00,0.00,0.00,0.00,0.00,0.00,0,0,
1749053924543,6,0,0,0.00,0.00,0.00,10,116,-64.50,-65.00,-65.00,-64.50,-64.00,-64.00,16,5,-46.72,6.90,24.50,43.00,0,0,0.00,0.00,0.00,0.00,0.00,0.00,0,0,
1749053925543,6,0,0,0.00,0.00,0.00,10,116,-64.69,-80.00,-65.00,-65.00,-64.00,-50.00,16,5,-46.91,6.90,24.50,45.00,0,0,0.00,0.00,0.00,0.00,0.00,0.00,0,0,
1749053926543,6,0,0,0.00,0.00,0.00,10,116,-68.25,-126.00,-65.00,-64.00,-64.00,-64.00,16,5,-50.47,6.76,25.00,44.00,0,0,0.00,0.00,0.00,0.00,0.00,0.00,0,0,
1749053927543,6,0,0,0.00,0.00,0.00,10,116,-67.62,-126.00,-65.00,-65.00,-64.00,-50.00,16,5,-49.84,6.78,25.00,42.00,0,0,0.00,0.00,0.00,0.00,0.00,0.00,0,0,
1749053928543,6,0,0,0.00,0.00,0.00,10,111,-67.62,-126.00,-65.00,-65.00,-64.00,-50.00,16,5,-49.84,6.78,25.50,43.00,0,0,0.00,0.00,0.00,0.00,0.00,0.00,0,0,
1749053929543,6,0,0,0.00,0.00,0.00,10,116,-65.69,-126.00,-65.00,-64.50,-64.00,-50.00,16,5,-47.91,6.86,25.00,43.00,0,0,0.00,0.00,0.00,0.00,0.00,0.00,0,0,
1749053930543,6,0,0,0.00,0.00,0.00,10,116,-65.25,-80.00,-64.50,-64.00,-64.00,-50.00,16,5,-47.47,6.87,24.50,43.00,0,0,0.00,0.00,0.00,0.00,0.00,0.00,0,0,
1749053931543,6,0,0,0.00,0.00,0.00,10,116,-66.31,-80.00,-72.50,-64.00,-64.00,-50.00,16,5,-48.53,6.83,25.50,43.00,0,0,0.00,0.00,0.00,0.00,0.00,0.00,0,0,
1749053932543,6,0,0,0.00,0.00,0.00,10,116,-66.31,-80.00,-72.50,-64.00,-64.00,-50.00,16,5,-48.53,6.83,25.00,43.00,0,0,0.00,0.00,0.00,0.00,0.00,0.00,0,0,
1749053933543,6,0,0,0.00,0.00,0.00,10,111,-70.62,-115.00,-80.00,-64.50,-64.00,-50.00,16,5,-52.84,6.68,26.00,43.00,0,0,0.00,0.00,0.00,0.00,0.00,0.00,0,0,
1749053934543,6,0,0,0.00,0.00,0.00,10,116,-81.38,-126.00,-97.50,-72.50,-64.00,-50.00,16,5,-63.59,6.40,25.00,43.00,0,0,0.00,0.00,0.00,0.00,0.00,0.00,0,0,
1749053935543,6,0,0,0.00,0.00,0.00,10,116,-74.50,-115.00,-80.00,-80.00,-64.00,-50.00,16,5,-56.72,6.57,26.00,43.00,0,0,0.00,0.00,0.00,0.00,0.00,0.00,0,0,
1749053936543,6,0,0,0.00,0.00,0.00,10,116,-73.50,-126.00,-80.00,-65.00,-65.00,-50.00,16,5,-55.72,6.60,26.00,43.00,0,0,0.00,0.00,0.00,0.00,0.00,0.00,0,0,
1749053937543,6,0,0,0.00,0.00,0.00,10,116,-73.50,-126.00,-80.00,-65.00,-65.00,-50.00,16,5,-55.72,6.60,26.00,43.00,0,0,0.00,0.00,0.00,0.00,0.00,0.00,0,0,
1749053938543,6,6,4,0.00,6.59,4.54,286,528,-81.25,-126.00,-80.00,-80.00,-65.00,-64.00,16,5,-63.47,6.40,25.00,36.00,1,0,0.00,0.00,0.00,0.00,0.00,0.00,0,0,
1749053939543,6,0,0,0.00,0.00,0.00,10,116,-73.75,-115.00,-80.00,-65.00,-64.00,-50.00,16,5,-55.97,6.59,25.00,43.00,0,0,0.00,0.00,0.00,0.00,0.00,0.00,0,0,
1749053940543,6,0,0,0.00,0.00,0.00,10,116,-80.19,-126.00,-90.00,-65.00,-64.00,-50.00,16,5,-62.41,6.42,25.00,43.00,0,0,0.00,0.00,0.00,0.00,0.00,0.00,0,0,
1749053941543,6,0,0,0.00,0.00,0.00,10,116,-76.73,-126.00,-80.00,-80.00,-64.00,-64.00,15,5,-58.95,6.51,25.00,43.00,0,0,0.00,0.00,0.00,0.00,0.00,0.00,0,0,
1749053942543,6,0,0,0.00,0.00,0.00,10,116,-76.73,-126.00,-80.00,-80.00,-64.00,-64.00,15,5,-58.95,6.51,25.00,42.00,0,0,0.00,0.00,0.00,0.00,0.00,0.00,0,0,
1749053943543,6,0,0,0.00,0.00,0.00,10,111,-77.94,-126.00,-80.00,-72.50,-64.00,-64.00,16,5,-60.16,6.48,24.50,42.00,0,0,0.00,0.00,0.00,0.00,0.00,0.00,0,0,
1749053944543,6,0,0,0.00,0.00,0.00,10,116,-73.21,-80.00,-80.00,-80.00,-64.00,-64.00,14,5,-55.43,6.60,26.50,41.00,0,0,0.00,0.00,0.00,0.00,0.00,0.00,0,0,
1749053945543,6,0,0,0.00,0.00,0.00,10,116,-75.29,-126.00,-80.00,-72.00,-64.00,-64.00,14,5,-57.50,6.55,26.00,42.00,0,0,0.00,0.00,0.00,0.00,0.00,0.00,0,0,
1749053946543,6,0,0,0.00,0.00,0.00,10,116,-75.29,-126.00,-80.00,-72.00,-64.00,-64.00,14,5,-57.50,6.55,25.50,41.00,0,0,0.00,0.00,0.00,0.00,0.00,0.00,0,0,
1749053947543,6,0,0,0.00,0.00,0.00,10,116,-70.25,-80.00,-80.00,-65.00,-64.00,-64.00,16,5,-52.47,6.69,26.50,41.00,0,0,0.00,0.00,0.00,0.00,0.00,0.00,0,0,
1749053948543,6,0,0,0.00,0.00,0.00,10,111,-73.06,-126.00,-80.00,-65.00,-64.00,-64.00,16,5,-55.28,6.61,25.00,41.00,0,0,0.00,0.00,0.00,0.00,0.00,0.00,0,0,
1749053949543,6,0,0,0.00,0.00,0.00,10,116,-77.75,-126.00,-80.00,-72.00,-64.00,-64.00,16,5,-59.97,6.48,25.50,42.00,0,0,0.00,0.00,0.00,0.00,0.00,0.00,0,0,
1749053950543,6,0,0,0.00,0.00,0.00,10,116,-88.31,-126.00,-117.50,-80.00,-64.00,-64.00,16,5,-70.53,6.26,26.50,41.00,0,0,0.00,0.00,0.00,0.00,0.00,0.00,0,0,
1749053951543,6,0,0,0.00,0.00,0.00,10,116,-88.31,-126.00,-117.50,-80.00,-64.00,-64.00,16,5,-70.53,6.26,26.00,40.00,0,0,0.00,0.00,0.00,0.00,0.00,0.00,0,0,
1749053952543,6,0,0,0.00,0.00,0.00,10,116,-81.56,-126.00,-103.00,-64.00,-64.00,-64.00,16,5,-63.78,6.39,26.50,40.00,0,0,0.00,0.00,0.00,0.00,0.00,0.00,0,0,
1749053953543,6,0,0,0.00,0.00,0.00,10,111,-83.75,-126.00,-80.00,-80.00,-65.00,-64.00,16,5,-65.97,6.35,26.00,41.00,0,0,0.00,0.00,0.00,0.00,0.00,0.00,0,0,
1749053954543,6,0,0,0.00,0.00,0.00,10,116,-88.38,-126.00,-126.00,-80.00,-64.00,-64.00,16,5,-70.59,6.26,25.50,41.00,0,0,0.00,0.00,0.00,0.00,0.00,0.00,0,0,
1749053955543,6,0,0,0.00,0.00,0.00,10,116,-88.38,-126.00,-126.00,-80.00,-64.00,-64.00,16,5,-70.59,6.26,25.50,42.00,0,0,0.00,0.00,0.00,0.00,0.00,0.00,0,0,
1749053956543,6,0,0,0.00,0.00,0.00,10,116,-88.56,-126.00,-126.00,-65.00,-64.50,-64.00,16,5,-70.78,6.26,24.50,42.00,0,0,0.00,0.00,0.00,0.00,0.00,0.00,0,0,
1749053957543,6,0,0,0.00,0.00,0.00,10,116,-96.12,-126.00,-126.00,-103.00,-64.00,-64.00,16,5,-78.34,6.13,25.00,43.00,0,0,0.00,0.00,0.00,0.00,0.00,0.00,0,0,
1749053958543,6,0,0,0.00,0.00,0.00,10,111,-68.25,-126.00,-65.00,-64.00,-64.00,-64.00,16,5,-50.47,6.76,25.00,43.00,1,0,0.00,0.00,0.00,0.00,0.00,0.00,0,0,
1749053959543,6,0,0,0.00,0.00,0.00,10,116,-64.25,-65.00,-64.50,-64.00,-64.00,-64.00,16,5,-46.47,6.91,24.50,43.00,1,0,0.00,0.00,0.00,0.00,0.00,0.00,0,0,
1749053960543,6,0,0,0.00,0.00,0.00,10,116,-64.25,-65.00,-64.50,-64.00,-64.00,-64.00,16,5,-46.47,6.91,25.00,45.00,1,0,0.00,0.00,0.00,0.00,0.00,0.00,0,0,
1749053961543,6,0,0,0.00,0.00,0.00,10,116,-71.38,-126.00,-65.00,-65.00,-64.00,-50.00,16,5,-53.59,6.66,25.50,44.00,1,0,0.00,0.00,0.00,0.00,0.00,0.00,0,0,
1749053962543,6,0,0,0.00,0.00,0.00,10,116,-63.75,-80.00,-65.00,-65.00,-64.00,-50.00,16,5,-45.97,6.93,24.50,44.00,1,0,0.00,0.00,0.00,0.00,0.00,0.00,0,0,
1749053963543,6,0,0,0.00,0.00,0.00,10,111,-60.94,-65.00,-65.00,-64.00,-57.00,-50.00,16,28,-35.67,47.83,24.00,44.00,0,0,0.00,0.00,0.00,0.00,0.00,0.00,0,0,
1749053964543,6,0,0,0.00,0.00,0.00,10,116,-60.94,-65.00,-65.00,-64.00,-57.00,-50.00,16,28,-35.67,47.83,24.00,44.00,0,0,0.00,0.00,0.00,0.00,0.00,0.00,0,0,
1749053965543,6,0,0,0.00,0.00,0.00,10,116,-63.81,-65.00,-65.00,-65.00,-64.00,-50.00,16,28,-38.55,46.35,24.00,45.00,0,0,0.00,0.00,0.00,0.00,0.00,0.00,0,0,
1749053966543,6,0,0,0.00,0.00,0.00,10,116,-79.00,-126.00,-95.50,-65.00,-64.00,-50.00,16,28,-53.74,41.16,24.00,44.00,0,0,0.00,0.00,0.00,0.00,0.00,0.00,0,0,
1749053967543,6,0,0,0.00,0.00,0.00,10,116,-74.12,-126.00,-65.00,-64.00,-64.00,-50.00,16,28,-48.86,42.48,24.50,44.00,0,0,0.00,0.00,0.00,0.00,0.00,0.00,0,0,
1749053968543,6,0,0,0.00,0.00,0.00,5,83,-72.19,-126.00,-65.00,-65.00,-64.00,-64.00,16,5,-54.41,6.63,25.00,44.00,0,0,0.00,0.00,0.00,0.00,0.00,0.00,0,0,
1749053969543,6,0,0,0.00,0.00,0.00,10,78,-72.19,-126.00,-65.00,-65.00,-64.00,-64.00,16,5,-54.41,6.63,26.00,43.00,0,0,0.00,0.00,0.00,0.00,0.00,0.00,0,0,
1749053970543,6,0,0,0.00,0.00,0.00,10,116,-72.06,-126.00,-65.00,-64.00,-64.00,-50.00,16,5,-54.28,6.64,26.00,42.00,0,0,0.00,0.00,0.00,0.00,0.00,0.00,0,0,
1749053971543,6,0,0,0.00,0.00,0.00,10,116,-63.56,-65.00,-65.00,-64.00,-64.00,-50.00,16,5,-45.78,6.94,26.50,44.00,0,0,0.00,0.00,0.00,0.00,0.00,0.00,0,0,
1749053972543,6,7,7,0.00,7.83,8.01,346,1338,-65.56,-80.00,-65.00,-65.00,-64.00,-64.00,16,5,-47.78,6.86,25.00,40.00,0,0,0.00,0.00,0.00,0.00,0.00,0.00,0,0,
1749053973543,6,0,0,0.00,0.00,0.00,10,116,-64.69,-65.00,-65.00,-65.00,-64.00,-64.00,16,5,-46.91,6.90,25.50,43.00,0,0,0.00,0.00,0.00,0.00,0.00,0.00,0,0,
1749053974543,6,0,0,0.00,0.00,0.00,10,111,-64.69,-65.00,-65.00,-65.00,-64.00,-64.00,16,5,-46.91,6.90,27.00,43.00,0,0,0.00,0.00,0.00,0.00,0.00,0.00,0,0,
1749053975543,6,0,0,0.00,0.00,0.00,10,116,-67.25,-80.00,-65.00,-64.00,-64.00,-64.00,16,5,-49.47,6.80,27.50,42.00,0,0,0.00,0.00,0.00,0.00,0.00,0.00,0,0,
1749053976543,6,0,0,0.00,0.00,0.00,10,116,-84.83,-126.00,-103.00,-80.00,-64.00,-64.00,12,5,-67.05,6.33,26.00,42.00,0,0,0.00,0.00,0.00,0.00,0.00,0.00,0,0,
1749053977543,6,0,0,0.00,0.00,0.00,10,116,-71.19,-80.00,-80.00,-65.00,-64.00,-64.00,16,5,-53.41,6.66,25.00,41.00,0,0,0.00,0.00,0.00,0.00,0.00,0.00,0,0,
1749053978543,6,0,0,0.00,0.00,0.00,10,116,-71.19,-80.00,-80.00,-65.00,-64.00,-64.00,16,5,-53.41,6.66,25.50,43.00,0,0,0.00,0.00,0.00,0.00,0.00,0.00,0,0,
1749053979543,6,0,0,0.00,0.00,0.00,10,111,-69.25,-80.00,-80.00,-64.50,-64.00,-50.00,16,5,-51.47,6.73,24.50,42.00,0,0,0.00,0.00,0.00,0.00,0.00,0.00,0,0,
1749053980543,6,0,0,0.00,0.00,0.00,10,116,-70.94,-115.00,-72.50,-65.00,-64.00,-50.00,16,5,-53.16,6.67,25.50,43.00,0,0,0.00,0.00,0.00,0.00,0.00,0.00,0,0,
1749053981543,6,0,0,0.00,0.00,0.00,10,116,-73.25,-80.00,-80.00,-80.00,-65.00,-64.00,16,5,-55.47,6.60,23.50,43.00,0,0,0.00,0.00,0.00,0.00,0.00,0.00,0,0,
1749053982543,6,0,0,0.00,0.00,0.00,10,116,-62.00,-80.00,-65.00,-64.50,-50.00,-50.00,16,5,-44.22,7.01,25.50,44.00,0,0,0.00,0.00,0.00,0.00,0.00,0.00,0,0,
1749053983543,6,0,0,0.00,0.00,0.00,10,116,-62.00,-80.00,-65.00,-64.50,-50.00,-50.00,16,5,-44.22,7.01,26.00,44.00,0,0,0.00,0.00,0.00,0.00,0.00,0.00,0,0,
1749053984543,6,0,0,0.00,0.00,0.00,10,111,-68.50,-126.00,-65.00,-65.00,-64.00,-50.00,16,5,-50.72,6.75,24.50,44.00,0,0,0.00,0.00,0.00,0.00,0.00,0.00,0,0,
1749053985543,6,0,0,0.00,0.00,0.00,10,116,-64.62,-65.00,-65.00,-65.00,-64.00,-64.00,16,5,-46.84,6.90,25.50,44.00,0,0,0.00,0.00,0.00,0.00,0.00,0.00,0,0,
1749053986543,6,0,0,0.00,0.00,0.00,10,116,-64.50,-65.00,-65.00,-64.50,-64.00,-64.00,16,5,-46.72,6.90,25.50,45.00,0,0,0.00,0.00,0.00,0.00,0.00,0.00,0,0,
1749053987543,6,0,0,0.00,0.00,0.00,10,116,-64.50,-65.00,-65.00,-64.50,-64.00,-64.00,16,5,-46.72,6.90,25.50,46.00,0,0,0.00,0.00,0.00,0.00,0.00,0.00,0,0,
1749053988543,6,0,0,0.00,0.00,0.00,10,116,-64.44,-65.00,-65.00,-64.00,-64.00,-64.00,16,5,-46.66,6.91,25.50,45.00,0,0,0.00,0.00,0.00,0.00,0.00,0.00,0,0,
1749053989543,6,0,0,0.00,0.00,0.00,10,111,-64.25,-65.00,-64.50,-64.00,-64.00,-64.00,16,5,-46.47,6.91,25.00,44.00,0,0,0.00,0.00,0.00,0.00,0.00,0.00,0,0,
1749053990543,6,0,0,0.00,0.00,0.00,10,116,-64.31,-65.00,-65.00,-64.00,-64.00,-64.00,16,5,-46.53,6.91,24.50,44.00,0,0,0.00,0.00,0.00,0.00,0.00,0.00,0,0,
1749053991543,6,0,0,0.00,0.00,0.00,10,116,-64.56,-80.00,-65.00,-64.00,-64.00,-50.00,16,5,-46.78,6.90,25.00,43.00,0,0,0.00,0.00,0.00,0.00,0.00,0.00,0,0,
1749053992543,6,0,0,0.00,0.00,0.00,10,116,-64.56,-80.00,-65.00,-64.00,-64.00,-50.00,16,5,-46.78,6.90,25.00,43.00,0,0,0.00,0.00,0.00,0.00,0.00,0.00,0,0,
1749053993543,6,0,0,0.00,0.00,0.00,10,116,-72.06,-80.00,-80.00,-72.50,-64.00,-64.00,16,5,-54.28,6.64,25.00,44.00,0,0,0.00,0.00,0.00,0.00,0.00,0.00,0,0,
1749053994543,6,0,0,0.00,0.00,0.00,10,111,-70.25,-80.00,-80.00,-65.00,-64.00,-50.00,16,5,-52.47,6.69,26.00,43.00,0,0,0.00,0.00,0.00,0.00,0.00,0.00,0,0,
1749053995543,6,0,0,0.00,0.00,0.00,10,116,-71.06,-126.00,-80.00,-64.00,-64.00,-50.00,16,5,-53.28,6.67,26.50,44.00,0,0,0.00,0.00,0.00,0.00,0.00,0.00,0,0,
1749053996543,6,0,0,0.00,0.00,0.00,10,116,-71.06,-126.00,-80.00,-64.00,-64.00,-50.00,16,5,-53.28,6.67,27.00,43.00,0,0,0.00,0.00,0.00,0.00,0.00,0.00,0,0,
1749053997543,6,0,0,0.00,0.00,0.00,10,116,-69.00,-80.00,-80.00,-64.00,-64.00,-64.00,16,5,-51.22,6.74,26.00,43.00,0,0,0.00,0.00,0.00,0.00,0.00,0.00,0,0,
1749053998543,6,0,0,0.00,0.00,0.00,10,116,-74.00,-126.00,-80.00,-65.00,-64.00,-64.00,16,5,-56.22,6.58,26.50,43.00,0,0,0.00,0.00,0.00,0.00,0.00,0.00,0,0,
1749053999543,6,0,0,0.00,0.00,0.00,10,111,-74.00,-126.00,-80.00,-65.00,-64.00,-64.00,16,5,-56.22,6.58,26.00,43.00,0,0,0.00,0.00,0.00,0.00,0.00,0.00,0,0,
1749054000543,6,0,0,0.00,0.00,0.00,10,116,-80.75,-126.00,-103.00,-65.00,-64.00,-64.00,16,5,-62.97,6.41,24.50,43.00,0,0,0.00,0.00,0.00,0.00,0.00,0.00,0,0,
1749054001543,6,0,0,0.00,0.00,0.00,10,116,-80.75,-126.00,-103.00,-65.00,-64.00,-64.00,16,5,-62.97,6.41,25.00,41.00,0,0,0.00,0.00,0.00,0.00,0.00,0.00,0,0,
1749054002543,6,0,0,0.00,0.00,0.00,10,116,-68.06,-80.00,-72.50,-64.00,-64.00,-64.00,16,5,-50.28,6.77,26.00,42.00,0,0,0.00,0.00,0.00,0.00,0.00,0.00,0,0,
1749054003543,6,0,0,0.00,0.00,0.00,10,116,-75.81,-126.00,-65.00,-64.00,-64.00,-64.00,16,5,-58.03,6.53,25.00,42.00,0,0,0.00,0.00,0.00,0.00,0.00,0.00,0,0,
1749054004543,6,0,0,0.00,0.00,0.00,10,111,-66.31,-80.00,-65.00,-64.00,-64.00,-64.00,16,5,-48.53,6.83,26.00,42.00,0,0,0.00,0.00,0.00,0.00,0.00,0.00,0,0,
1749054005543,6,0,0,0.00,0.00,0.00,10,116,-75.94,-126.00,-65.00,-64.50,-64.00,-64.00,16,5,-58.16,6.53,25.00,43.00,0,0,0.00,0.00,0.00,0.00,0.00,0.00,0,0,
1749054006543,6,0,0,0.00,0.00,0.00,10,116,-75.94,-126.00,-65.00,-64.50,-64.00,-64.00,16,5,-58.16,6.53,25.50,44.00,0,0,0.00,0.00,0.00,0.00,0.00,0.00,0,0,
1749054007543,6,0,0,0.00,0.00,0.00,10,116,-76.19,-126.00,-65.00,-65.00,-64.50,-64.00,16,5,-58.41,6.52,25.50,42.00,0,0,0.00,0.00,0.00,0.00,0.00,0.00,0,0,
1749054008543,6,0,0,0.00,0.00,0.00,10,116,-72.00,-126.00,-65.00,-64.00,-64.00,-64.00,16,5,-54.22,6.64,25.50,43.00,0,0,0.00,0.00,0.00,0.00,0.00,0.00,0,0,
1749054009543,6,0,0,0.00,0.00,0.00,10,111,-66.31,-126.00,-64.50,-64.00,-64.00,-50.00,16,5,-48.53,6.83,27.00,44.00,1,0,0.00,0.00,0.00,0.00,0.00,0.00,0,0,
1749054010543,6,0,0,0.00,0.00,0.00,10,116,-66.31,-126.00,-64.50,-64.00,-64.00,-50.00,16,5,-48.53,6.83,25.50,43.00,1,0,0.00,0.00,0.00,0.00,0.00,0.00,0,0,
1749054011543,6,0,0,0.00,0.00,0.00,10,116,-70.44,-126.00,-65.00,-65.00,-64.00,-50.00,16,5,-52.66,6.69,26.00,43.00,1,0,0.00,0.00,0.00,0.00,0.00,0.00,0,0,
1749054012543,6,0,0,0.00,0.00,0.00,10,116,-64.62,-65.00,-65.00,-65.00,-64.00,-64.00,16,5,-46.84,6.90,24.50,43.00,1,0,0.00,0.00,0.00,0.00,0.00,0.00,0,0,
1749054013543,6,0,0,0.00,0.00,0.00,10,116,-64.44,-65.00,-65.00,-64.00,-64.00,-64.00,16,5,-46.66,6.91,24.00,44.00,1,0,0.00,0.00,0.00,0.00,0.00,0.00,0,0,
1749054014543,6,0,0,0.00,0.00,0.00,10,111,-68.31,-126.00,-65.00,-64.50,-64.00,-64.00,16,28,-43.05,44.43,24.00,43.00,0,0,0.00,0.00,0.00,0.00,0.00,0.00,0,0,
1749054015543,6,0,0,0.00,0.00,0.00,10,116,-68.31,-126.00,-65.00,-64.50,-64.00,-64.00,16,28,-43.05,44.43,24.00,43.00,0,0,0.00,0.00,0.00,0.00,0.00,0.00,0,0,
1749054016543,6,0,0,0.00,0.00,0.00,10,116,-68.44,-126.00,-65.00,-65.00,-64.00,-64.00,16,28,-43.17,44.38,24.50,43.00,0,0,0.00,0.00,0.00,0.00,0.00,0.00,0,0,
1749054017543,6,0,0,0.00,0.00,0.00,10,116,-64.38,-65.00,-65.00,-64.00,-64.00,-64.00,16,28,-39.11,46.09,24.50,42.00,0,0,0.00,0.00,0.00,0.00,0.00,0.00,0,0,
1749054018543,6,2,2,0.00,2.88,3.08,109,452,-64.25,-65.00,-64.50,-64.00,-64.00,-64.00,16,28,-38.99,46.14,24.50,42.00,0,1,0.00,0.00,0.00,0.00,0.00,0.00,0,0,
1749054019543,6,0,0,0.00,0.00,0.00,5,83,-64.25,-65.00,-64.50,-64.00,-64.00,-64.00,16,5,-46.47,6.91,25.00,42.00,0,1,0.00,0.00,0.00,0.00,0.00,0.00,0,0,
1749054020543,6,0,0,0.00,0.00,0.00,10,78,-64.12,-65.00,-64.00,-64.00,-64.00,-64.00,16,5,-46.34,6.92,25.50,42.00,0,0,0.00,0.00,0.00,0.00,0.00,0.00,0,0,
1749054021543,6,0,0,0.00,0.00,0.00,10,116,-75.88,-126.00,-80.00,-80.00,-64.00,-64.00,16,5,-58.09,6.53,24.50,42.00,0,0,0.00,0.00,0.00,0.00,0.00,0.00,0,0,
1749054022543,6,0,0,0.00,0.00,0.00,10,116,-69.25,-126.00,-65.00,-64.50,-64.00,-64.00,16,5,-51.47,6.73,26.00,42.00,0,0,0.00,0.00,0.00,0.00,0.00,0.00,0,0,
1749054023543,6,0,0,0.00,0.00,0.00,10,116,-68.40,-80.00,-80.00,-64.00,-64.00,-64.00,15,5,-50.62,6.76,25.50,42.00,0,0,0.00,0.00,0.00,0.00,0.00,0.00,0,0,
1749054024543,6,0,0,0.00,0.00,0.00,10,116,-68.40,-80.00,-80.00,-64.00,-64.00,-64.00,15,5,-50.62,6.76,26.50,42.00,0,0,0.00,0.00,0.00,0.00,0.00,0.00,0,0,
1749054025543,6,0,0,0.00,0.00,0.00,10,111,-75.47,-126.00,-80.00,-64.00,-64.00,-64.00,15,5,-57.69,6.54,25.50,43.00,0,0,0.00,0.00,0.00,0.00,0.00,0.00,0,0,
1749054026543,6,0,0,0.00,0.00,0.00,10,116,-71.06,-80.00,-80.00,-64.50,-64.00,-64.00,16,5,-53.28,6.67,26.00,42.00,0,0,0.00,0.00,0.00,0.00,0.00,0.00,0,0,
1749054027543,6,0,0,0.00,0.00,0.00,10,116,-72.06,-80.00,-80.00,-72.50,-64.00,-64.00,16,5,-54.28,6.64,25.00,43.00,0,0,0.00,0.00,0.00,0.00,0.00,0.00,0,0,
1749054028543,6,0,0,0.00,0.00,0.00,10,116,-72.06,-80.00,-80.00,-72.50,-64.00,-64.00,16,5,-54.28,6.64,25.00,43.00,0,0,0.00,0.00,0.00,0.00,0.00,0.00,0,0,
1749054029543,6,0,0,0.00,0.00,0.00,10,116,-71.47,-80.00,-80.00,-64.00,-64.00,-64.00,15,5,-53.69,6.66,24.50,43.00,0,0,0.00,0.00,0.00,0.00,0.00,0.00,0,0,
1749054030543,6,0,0,0.00,0.00,0.00,10,111,-76.00,-126.00,-65.00,-65.00,-64.00,-64.00,16,5,-58.22,6.53,25.00,43.00,0,0,0.00,0.00,0.00,0.00,0.00,0.00,0,0,
1749054031543,6,0,0,0.00,0.00,0.00,10,116,-66.38,-80.00,-65.00,-64.00,-64.00,-50.00,16,5,-48.59,6.83,25.50,43.00,0,0,0.00,0.00,0.00,0.00,0.00,0.00,0,0,
1749054032543,6,0,0,0.00,0.00,0.00,10,116,-66.56,-80.00,-65.00,-65.00,-64.00,-50.00,16,5,-48.78,6.82,25.00,42.00,0,0,0.00,0.00,0.00,0.00,0.00,0.00,0,0,
1749054033543,6,0,0,0.00,0.00,0.00,10,116,-66.56,-80.00,-65.00,-65.00,-64.00,-50.00,16,5,-48.78,6.82,24.50,44.00,0,0,0.00,0.00,0.00,0.00,0.00,0.00,0,0,
1749054034543,6,0,0,0.00,0.00,0.00,10,116,-70.25,-80.00,-80.00,-72.00,-64.00,-50.00,16,5,-52.47,6.69,24.50,44.00,0,0,0.00,0.00,0.00,0.00,0.00,0.00,0,0,
1749054035543,6,0,0,0.00,0.00,0.00,10,111,-72.38,-100.00,-80.00,-65.00,-64.00,-64.00,16,5,-54.59,6.63,25.50,44.00,0,0,0.00,0.00,0.00,0.00,0.00,0.00,0,0,
1749054036543,6,0,0,0.00,0.00,0.00,10,116,-70.75,-126.00,-72.00,-64.00,-64.00,-50.00,16,5,-52.97,6.68,24.50,44.00,0,0,0.00,0.00,0.00,0.00,0.00,0.00,0,0,
1749054037543,6,0,0,0.00,0.00,0.00,10,116,-70.06,-80.00,-80.00,-64.00,-64.00,-64.00,16,5,-52.28,6.70,25.00,43.00,0,0,0.00,0.00,0.00,0.00,0.00,0.00,0,0,
1749054038543,6,0,0,0.00,0.00,0.00,10,116,-70.06,-80.00,-80.00,-64.00,-64.00,-64.00,16,5,-52.28,6.70,25.00,44.00,0,0,0.00,0.00,0.00,0.00,0.00,0.00,0,0,
1749054039543,6,0,0,0.00,0.00,0.00,10,116,-65.81,-100.00,-72.50,-64.00,-57.00,-50.00,16,5,-48.03,6.85,25.00,44.00,0,0,0.00,0.00,0.00,0.00,0.00,0.00,0,0,
1749054040543,6,0,0,0.00,0.00,0.00,10,111,-63.62,-80.00,-72.00,-64.00,-50.00,-50.00,16,5,-45.84,6.94,26.00,44.00,0,0,0.00,0.00,0.00,0.00,0.00,0.00,0,0,
1749054041543,6,0,0,0.00,0.00,0.00,10,116,-62.50,-80.00,-64.00,-64.00,-57.00,-50.00,16,5,-44.72,6.99,24.50,44.00,0,0,0.00,0.00,0.00,0.00,0.00,0.00,0,0,
1749054042543,6,7,4,0.00,7.83,4.50,323,436,-62.50,-80.00,-64.00,-64.00,-57.00,-50.00,16,5,-44.72,6.99,25.50,40.00,0,0,0.00,0.00,0.00,0.00,0.00,0.00,0,0,
1749054043543,6,0,0,0.00,0.00,0.00,10,121,-76.53,-126.00,-80.00,-64.00,-64.00,-64.00,15,5,-58.75,6.51,25.50,43.00,0,0,0.00,0.00,0.00,0.00,0.00,0.00,0,0,
1749054044543,6,0,0,0.00,0.00,0.00,10,116,-76.88,-126.00,-80.00,-65.00,-64.00,-64.00,16,5,-59.09,6.50,26.50,42.00,0,0,0.00,0.00,0.00,0.00,0.00,0.00,0,0,
1749054045543,6,0,0,0.00,0.00,0.00,10,111,-81.56,-126.00,-103.00,-64.00,-64.00,-64.00,16,5,-63.78,6.39,26.50,42.00,0,0,0.00,0.00,0.00,0.00,0.00,0.00,0,0,
1749054046543,6,0,0,0.00,0.00,0.00,10,116,-72.00,-126.00,-65.00,-64.00,-64.00,-64.00,16,5,-54.22,6.64,26.50,42.00,0,0,0.00,0.00,0.00,0.00,0.00,0.00,0,0,
1749054047543,6,0,0,0.00,0.00,0.00,10,116,-72.00,-126.00,-65.00,-64.00,-64.00,-64.00,16,5,-54.22,6.64,25.50,42.00,0,0,0.00,0.00,0.00,0.00,0.00,0.00,0,0,
1749054048543,6,0,0,0.00,0.00,0.00,10,116,-64.06,-65.00,-64.00,-64.00,-64.00,-64.00,16,5,-46.28,6.92,25.00,42.00,0,0,0.00,0.00,0.00,0.00,0.00,0.00,0,0,
1749054049543,6,0,0,0.00,0.00,0.00,10,116,-71.94,-126.00,-65.00,-64.00,-64.00,-64.00,16,5,-54.16,6.64,26.50,41.00,0,0,0.00,0.00,0.00,0.00,0.00,0.00,0,0,
1749054050543,6,0,0,0.00,0.00,0.00,10,111,-76.75,-126.00,-72.50,-64.00,-64.00,-64.00,16,5,-58.97,6.51,26.50,41.00,0,0,0.00,0.00,0.00,0.00,0.00,0.00,0,0,
1749054051543,6,0,0,0.00,0.00,0.00,10,116,-76.75,-126.00,-72.50,-64.00,-64.00,-64.00,16,5,-58.97,6.51,26.00,41.00,0,0,0.00,0.00,0.00,0.00,0.00,0.00,0,0,
1749054052543,6,0,0,0.00,0.00,0.00,10,116,-75.75,-126.00,-65.00,-64.00,-64.00,-64.00,16,5,-57.97,6.53,26.00,41.00,0,0,0.00,0.00,0.00,0.00,0.00,0.00,0,0,
1749054053543,6,0,0,0.00,0.00,0.00,10,116,-71.88,-126.00,-64.50,-64.00,-64.00,-64.00,16,5,-54.09,6.64,24.50,41.00,0,0,0.00,0.00,0.00,0.00,0.00,0.00,0,0,
1749054054543,6,0,0,0.00,0.00,0.00,10,116,-64.31,-65.00,-65.00,-64.00,-64.00,-64.00,16,5,-46.53,6.91,25.50,41.00,0,0,0.00,0.00,0.00,0.00,0.00,0.00,0,0,
1749054055543,6,0,0,0.00,0.00,0.00,10,111,-79.88,-126.00,-80.00,-65.00,-64.00,-64.00,16,5,-62.09,6.43,25.50,42.00,0,0,0.00,0.00,0.00,0.00,0.00,0.00,0,0,
1749054056543,6,0,0,0.00,0.00,0.00,10,116,-79.88,-126.00,-80.00,-65.00,-64.00,-64.00,16,5,-62.09,6.43,25.50,41.00,0,0,0.00,0.00,0.00,0.00,0.00,0.00,0,0,
1749054057543,6,0,0,0.00,0.00,0.00,10,116,-76.06,-126.00,-65.00,-65.00,-64.00,-64.00,16,5,-58.28,6.53,25.50,44.00,0,0,0.00,0.00,0.00,0.00,0.00,0.00,0,0,
1749054058543,6,0,0,0.00,0.00,0.00,10,116,-76.88,-126.00,-72.50,-64.50,-64.00,-64.00,16,5,-59.09,6.50,25.50,43.00,0,0,0.00,0.00,0.00,0.00,0.00,0.00,0,0,
1749054059543,6,0,0,0.00,0.00,0.00,10,116,-75.94,-126.00,-65.00,-64.50,-64.00,-64.00,16,5,-58.16,6.53,24.50,44.00,0,0,0.00,0.00,0.00,0.00,0.00,0.00,0,0,
1749054060543,6,0,0,0.00,0.00,0.00,10,111,-75.94,-126.00,-65.00,-64.50,-64.00,-64.00,16,5,-58.16,6.53,24.50,44.00,1,0,0.00,0.00,0.00,0.00,0.00,0.00,0,0,
1749054061543,6,0,0,0.00,0.00,0.00,10,116,-72.19,-126.00,-65.00,-65.00,-64.00,-64.00,16,5,-54.41,6.63,24.50,44.00,1,0,0.00,0.00,0.00,0.00,0.00,0.00,0,0,
1749054062543,6,0,0,0.00,0.00,0.00,10,116,-68.44,-126.00,-65.00,-65.00,-64.00,-64.00,16,5,-50.66,6.76,24.00,45.00,1,0,0.00,0.00,0.00,0.00,0.00,0.00,0,0,
1749054063543,6,0,0,0.00,0.00,0.00,10,116,-64.44,-65.00,-65.00,-64.00,-64.00,-64.00,16,5,-46.66,6.91,26.00,44.00,1,0,0.00,0.00,0.00,0.00,0.00,0.00,0,0,
1749054064543,6,0,0,0.00,0.00,0.00,10,116,-68.31,-126.00,-65.00,-64.50,-64.00,-64.00,16,5,-50.53,6.76,24.50,44.00,1,0,0.00,0.00,0.00,0.00,0.00,0.00,0,0,
1749054065543,6,0,0,0.00,0.00,0.00,10,111,-68.31,-126.00,-65.00,-64.50,-64.00,-64.00,16,28,-43.05,44.43,24.00,43.00,0,0,0.00,0.00,0.00,0.00,0.00,0.00,0,0,
1749054066543,6,0,0,0.00,0.00,0.00,10,116,-64.50,-65.00,-65.00,-64.50,-64.00,-64.00,16,28,-39.24,46.03,23.50,43.00,0,0,0.00,0.00,0.00,0.00,0.00,0.00,0,0,
1749054067543,6,0,0,0.00,0.00,0.00,10,116,-69.31,-80.00,-80.00,-65.00,-64.00,-64.00,16,28,-44.05,44.06,24.00,42.00,0,0,0.00,0.00,0.00,0.00,0.00,0.00,0,0,
1749054068543,6,0,0,0.00,0.00,0.00,10,116,-66.56,-80.00,-65.00,-65.00,-64.00,-64.00,16,28,-41.30,45.13,24.00,44.00,0,0,0.00,0.00,0.00,0.00,0.00,0.00,0,0,
1749054069543,6,0,0,0.00,0.00,0.00,10,116,-65.50,-80.00,-65.00,-65.00,-64.00,-64.00,16,28,-40.24,45.58,24.50,44.00,0,0,0.00,0.00,0.00,0.00,0.00,0.00,0,0,
1749054070543,6,0,0,0.00,0.00,0.00,5,83,-65.50,-80.00,-65.00,-65.00,-64.00,-64.00,16,5,-47.72,6.86,24.00,44.00,0,0,0.00,0.00,0.00,0.00,0.00,0.00,0,0,
1749054071543,6,0,0,0.00,0.00,0.00,10,78,-68.56,-126.00,-65.00,-65.00,-64.50,-64.00,16,5,-50.78,6.75,26.00,43.00,0,0,0.00,0.00,0.00,0.00,0.00,0.00,0,0,
1749054072543,6,0,0,0.00,0.00,0.00,10,116,-63.88,-65.00,-65.00,-65.00,-64.50,-50.00,16,5,-46.09,6.93,24.50,42.00,0,0,0.00,0.00,0.00,0.00,0.00,0.00,0,0,
1749054073543,6,0,0,0.00,0.00,0.00,10,116,-72.19,-126.00,-65.00,-65.00,-64.00,-64.00,16,5,-54.41,6.63,24.50,43.00,0,0,0.00,0.00,0.00,0.00,0.00,0.00,0,0,
1749054074543,6,0,0,0.00,0.00,0.00,10,116,-72.19,-126.00,-65.00,-65.00,-64.00,-64.00,16,5,-54.41,6.63,25.00,43.00,0,0,0.00,0.00,0.00,0.00,0.00,0.00,0,0,
1749054075543,6,0,0,0.00,0.00,0.00,10,116,-74.38,-126.00,-65.00,-65.00,-64.00,-50.00,16,5,-56.59,6.57,25.50,43.00,0,0,0.00,0.00,0.00,0.00,0.00,0.00,0,0,
1749054076543,6,0,0,0.00,0.00,0.00,10,111,-77.86,-126.00,-80.00,-80.00,-64.00,-64.00,14,5,-60.08,6.48,25.50,43.00,0,0,0.00,0.00,0.00,0.00,0.00,0.00,0,0,
1749054077543,6,0,0,0.00,0.00,0.00,10,116,-73.25,-100.00,-80.00,-72.00,-64.00,-64.00,16,5,-55.47,6.60,25.00,43.00,0,0,0.00,0.00,0.00,0.00,0.00,0.00,0,0,
1749054078543,6,0,0,0.00,0.00,0.00,10,116,-83.50,-126.00,-103.00,-72.00,-64.00,-64.00,12,5,-65.72,6.35,25.00,43.00,0,0,0.00,0.00,0.00,0.00,0.00,0.00,0,0,
1749054079543,6,0,0,0.00,0.00,0.00,10,116,-83.50,-126.00,-103.00,-72.00,-64.00,-64.00,12,5,-65.72,6.35,27.00,42.00,0,0,0.00,0.00,0.00,0.00,0.00,0.00,0,0,
1749054080543,6,0,0,0.00,0.00,0.00,10,116,-75.71,-100.00,-80.00,-80.00,-64.00,-64.00,14,5,-57.93,6.53,27.00,43.00,0,0,0.00,0.00,0.00,0.00,0.00,0.00,0,0,
1749054081543,6,0,0,0.00,0.00,0.00,10,111,-80.75,-126.00,-90.00,-80.00,-64.50,-64.00,16,5,-62.97,6.41,26.00,43.00,0,0,0.00,0.00,0.00,0.00,0.00,0.00,0,0,
1749054082543,6,0,0,0.00,0.00,0.00,10,116,-75.12,-126.00,-80.00,-64.00,-64.00,-64.00,16,5,-57.34,6.55,24.50,43.00,0,0,0.00,0.00,0.00,0.00,0.00,0.00,0,0,
1749054083543,6,0,0,0.00,0.00,0.00,10,116,-75.12,-126.00,-80.00,-64.00,-64.00,-64.00,16,5,-57.34,6.55,25.50,44.00,0,0,0.00,0.00,0.00,0.00,0.00,0.00,0,0,
1749054084543,6,0,0,0.00,0.00,0.00,10,116,-70.06,-80.00,-80.00,-64.00,-64.00,-64.00,16,5,-52.28,6.70,25.00,42.00,0,0,0.00,0.00,0.00,0.00,0.00,0.00,0,0,
1749054085543,6,0,0,0.00,0.00,0.00,10,116,-79.44,-126.00,-80.00,-72.50,-64.00,-64.00,16,5,-61.66,6.44,25.50,42.00,0,0,0.00,0.00,0.00,0.00,0.00,0.00,0,0,
1749054086543,6,0,0,0.00,0.00,0.00,10,111,-72.06,-80.00,-80.00,-72.50,-64.00,-64.00,16,5,-54.28,6.64,25.50,41.00,0,0,0.00,0.00,0.00,0.00,0.00,0.00,0,0,
1749054087543,6,0,0,0.00,0.00,0.00,10,116,-77.86,-126.00,-80.00,-80.00,-64.00,-64.00,14,5,-60.08,6.48,25.50,42.00,0,0,0.00,0.00,0.00,0.00,0.00,0.00,0,0,
1749054088543,6,0,0,0.00,0.00,0.00,10,116,-77.86,-126.00,-80.00,-80.00,-64.00,-64.00,14,5,-60.08,6.48,25.00,41.00,0,0,0.00,0.00,0.00,0.00,0.00,0.00,0,0,
1749054089543,6,0,0,0.00,0.00,0.00,10,116,-74.29,-80.00,-80.00,-80.00,-64.00,-64.00,14,5,-56.50,6.57,26.00,42.00,0,0,0.00,0.00,0.00,0.00,0.00,0.00,0,0,
1749054090543,6,0,0,0.00,0.00,0.00,10,116,-81.07,-126.00,-80.00,-80.00,-65.00,-64.00,15,5,-63.29,6.40,26.00,43.00,0,0,0.00,0.00,0.00,0.00,0.00,0.00,0,0,
1749054091543,6,0,0,0.00,0.00,0.00,10,111,-78.58,-126.00,-80.00,-80.00,-64.50,-64.00,12,5,-60.80,6.46,27.00,42.00,0,0,0.00,0.00,0.00,0.00,0.00,0.00,0,0,
1749054092543,6,0,0,0.00,0.00,0.00,10,116,-78.58,-126.00,-80.00,-80.00,-64.50,-64.00,12,5,-60.80,6.46,25.50,41.00,0,0,0.00,0.00,0.00,0.00,0.00,0.00,0,0,
1749054093543,6,0,0,0.00,0.00,0.00,10,116,-85.75,-126.00,-80.00,-80.00,-80.00,-64.00,16,5,-67.97,6.31,25.50,42.00,0,0,0.00,0.00,0.00,0.00,0.00,0.00,0,0,
1749054094543,6,0,0,0.00,0.00,0.00,10,116,-88.50,-126.00,-103.00,-80.00,-80.00,-64.00,16,5,-70.72,6.26,24.50,42.00,0,0,0.00,0.00,0.00,0.00,0.00,0.00,0,0,
1749054095543,6,0,0,0.00,0.00,0.00,10,116,-71.60,-80.00,-80.00,-65.00,-64.00,-64.00,15,5,-53.82,6.65,26.00,41.00,0,0,0.00,0.00,0.00,0.00,0.00,0.00,0,0,
1749054096543,6,0,0,0.00,0.00,0.00,10,111,-77.06,-126.00,-80.00,-72.00,-64.00,-64.00,16,5,-59.28,6.50,24.00,43.00,0,0,0.00,0.00,0.00,0.00,0.00,0.00,0,0,
1749054097543,6,0,0,0.00,0.00,0.00,10,116,-77.06,-126.00,-80.00,-72.00,-64.00,-64.00,16,5,-59.28,6.50,25.00,43.00,0,0,0.00,0.00,0.00,0.00,0.00,0.00,0,0,
1749054098543,6,0,0,0.00,0.00,0.00,10,116,-69.38,-80.00,-80.00,-65.00,-64.00,-50.00,16,5,-51.59,6.72,24.50,45.00,0,0,0.00,0.00,0.00,0.00,0.00,0.00,0,0,
1749054099543,6,3,3,0.00,3.58,3.40,130,421,-72.25,-80.00,-80.00,-72.50,-64.50,-64.00,16,5,-54.47,6.63,25.00,40.00,0,1,0.00,0.00,0.00,0.00,0.00,0.00,0,0,
1749054100543,6,0,0,0.00,0.00,0.00,10,116,-62.06,-80.00,-72.50,-64.00,-50.00,-50.00,16,5,-44.28,7.01,25.50,44.00,0,0,0.00,0.00,0.00,0.00,0.00,0.00,0,0,
1749054101543,6,0,0,0.00,0.00,0.00,10,111,-65.00,-80.00,-65.00,-65.00,-65.00,-50.00,16,5,-47.22,6.88,25.50,43.00,0,0,0.00,0.00,0.00,0.00,0.00,0.00,0,0,
1749054102543,6,0,0,0.00,0.00,0.00,10,116,-65.00,-80.00,-65.00,-65.00,-65.00,-50.00,16,5,-47.22,6.88,24.50,44.00,0,0,0.00,0.00,0.00,0.00,0.00,0.00,0,0,
1749054103543,6,0,0,0.00,0.00,0.00,10,116,-62.00,-80.00,-65.00,-65.00,-57.00,-50.00,16,5,-44.22,7.01,25.00,44.00,0,0,0.00,0.00,0.00,0.00,0.00,0.00,0,0,
1749054104543,6,0,0,0.00,0.00,0.00,10,116,-68.56,-126.00,-65.00,-65.00,-64.50,-64.00,16,5,-50.78,6.75,25.50,44.00,0,0,0.00,0.00,0.00,0.00,0.00,0.00,0,0,
1749054105543,6,0,0,0.00,0.00,0.00,10,116,-64.50,-65.00,-65.00,-64.50,-64.00,-64.00,16,5,-46.72,6.90,27.00,44.00,0,0,0.00,0.00,0.00,0.00,0.00,0.00,0,0,
1749054106543,6,0,0,0.00,0.00,0.00,10,111,-64.50,-65.00,-65.00,-64.50,-64.00,-64.00,16,5,-46.72,6.90,25.50,43.00,0,0,0.00,0.00,0.00,0.00,0.00,0.00,0,0,
1749054107543,6,0,0,0.00,0.00,0.00,10,116,-62.69,-65.00,-65.00,-64.00,-64.00,-50.00,16,5,-44.91,6.98,26.00,44.00,0,0,0.00,0.00,0.00,0.00,0.00,0.00,0,0,
1749054108543,6,0,0,0.00,0.00,0.00,10,116,-63.75,-65.00,-65.00,-65.00,-64.00,-50.00,16,5,-45.97,6.93,26.00,45.00,0,0,0.00,0.00,0.00,0.00,0.00,0.00,0,0,
1749054109543,6,0,0,0.00,0.00,0.00,10,116,-68.50,-126.00,-65.00,-65.00,-64.00,-50.00,16,5,-50.72,6.75,26.00,44.00,0,0,0.00,0.00,0.00,0.00,0.00,0.00,0,0,
1749054110543,6,0,0,0.00,0.00,0.00,10,116,-68.50,-126.00,-65.00,-65.00,-64.00,-64.00,16,5,-50.72,6.75,26.00,45.00,0,0,0.00,0.00,0.00,0.00,0.00,0.00,0,0,
1749054111543,6,0,0,0.00,0.00,0.00,10,111,-68.50,-126.00,-65.00,-65.00,-64.00,-64.00,16,5,-50.72,6.75,26.00,44.00,1,0,0.00,0.00,0.00,0.00,0.00,0.00,0,0,
1749054112543,6,0,0,0.00,0.00,0.00,10,116,-63.50,-65.00,-65.00,-64.00,-64.00,-50.00,16,5,-45.72,6.94,25.50,44.00,1,0,0.00,0.00,0.00,0.00,0.00,0.00,0,0,
1749054113543,6,0,0,0.00,0.00,0.00,10,116,-67.69,-126.00,-65.00,-65.00,-64.50,-50.00,16,5,-49.91,6.78,24.50,44.00,1,0,0.00,0.00,0.00,0.00,0.00,0.00,0,0,
1749054114543,6,0,0,0.00,0.00,0.00,10,116,-72.62,-126.00,-65.00,-65.00,-65.00,-65.00,16,5,-54.84,6.62,24.50,43.00,1,0,0.00,0.00,0.00,0.00,0.00,0.00,0,0,
1749054115543,6,0,0,0.00,0.00,0.00,10,116,-72.62,-126.00,-65.00,-65.00,-65.00,-65.00,16,5,-54.84,6.62,23.50,44.00,1,0,0.00,0.00,0.00,0.00,0.00,0.00,0,0,
1749054116543,6,0,0,0.00,0.00,0.00,10,111,-65.00,-65.00,-65.00,-65.00,-65.00,-65.00,16,28,-39.74,45.80,24.00,43.00,0,0,0.00,0.00,0.00,0.00,0.00,0.00,0,0,
1749054117543,6,0,0,0.00,0.00,0.00,10,116,-72.31,-126.00,-65.00,-65.00,-64.00,-64.00,16,28,-47.05,43.03,24.00,43.00,0,0,0.00,0.00,0.00,0.00,0.00,0.00,0,0,
1749054118543,6,4,1,0.00,5.11,2.23,231,338,-64.75,-65.00,-65.00,-65.00,-64.50,-64.00,16,5,-46.97,6.89,25.00,40.00,1,0,0.00,0.00,0.00,0.00,0.00,0.00,0,0,
1749054119543,6,0,0,0.00,0.00,0.00,15,131,-78.88,-126.00,-86.00,-65.00,-65.00,-64.00,16,28,-53.61,41.19,24.00,44.00,0,0,0.00,0.05,0.00,0.00,0.00,0.00,0,0,
1749054120543,6,0,0,0.00,0.00,0.00,10,116,-78.88,-126.00,-86.00,-65.00,-65.00,-64.00,16,28,-53.61,41.19,24.50,44.00,0,0,0.00,0.05,0.00,0.00,0.00,0.00,0,0,
1749054121543,6,0,0,0.00,0.00,0.00,5,83,-67.56,-126.00,-65.00,-65.00,-64.00,-50.00,16,5,-49.78,6.79,25.50,43.00,0,0,0.00,0.05,0.00,0.00,0.00,0.00,0,0,
1749054122543,6,0,0,0.00,0.00,0.00,10,78,-64.69,-65.00,-65.00,-65.00,-64.00,-64.00,16,5,-46.91,6.90,25.00,43.00,0,0,0.00,0.04,0.00,0.00,0.00,0.00,0,0,
1749054123543,6,0,0,0.00,0.00,0.00,10,116,-68.31,-126.00,-65.00,-64.50,-64.00,-64.00,16,5,-50.53,6.76,25.00,44.00,0,0,0.00,0.04,0.00,0.00,0.00,0.00,0,0,
1749054124543,6,0,0,0.00,0.00,0.00,10,116,-68.31,-126.00,-65.00,-64.50,-64.00,-64.00,16,5,-50.53,6.76,27.00,42.00,0,0,0.00,0.03,0.00,0.00,0.00,0.00,0,0,
1749054125543,6,0,0,0.00,0.00,0.00,10,116,-75.31,-126.00,-80.00,-65.00,-65.00,-64.00,16,5,-57.53,6.55,26.00,42.00,0,0,0.00,0.03,0.00,0.00,0.00,0.00,0,0,
1749054126543,6,0,0,0.00,0.00,0.00,10,116,-77.79,-80.00,-80.00,-80.00,-80.00,-64.00,14,5,-60.00,6.48,24.50,41.00,0,0,0.00,0.03,0.00,0.00,0.00,0.00,0,0,
1749054127543,6,0,0,0.00,0.00,0.00,10,111,-80.94,-126.00,-80.00,-80.00,-80.00,-64.00,16,5,-63.16,6.41,25.50,42.00,0,0,0.00,0.02,0.00,0.00,0.00,0.00,0,0,
1749054128543,6,0,0,0.00,0.00,0.00,10,116,-79.38,-115.00,-80.00,-80.00,-80.00,-65.00,16,5,-61.59,6.44,24.00,42.00,0,0,0.00,0.02,0.00,0.00,0.00,0.00,0,0,
1749054129543,6,0,0,0.00,0.00,0.00,10,116,-79.38,-115.00,-80.00,-80.00,-80.00,-65.00,16,5,-61.59,6.44,24.50,43.00,0,0,0.00,0.02,0.00,0.00,0.00,0.00,0,0,
1749054130543,6,0,0,0.00,0.00,0.00,10,116,-77.50,-115.00,-80.00,-80.00,-80.00,-50.00,16,5,-59.72,6.49,25.00,44.00,0,0,0.00,0.02,0.00,0.00,0.00,0.00,0,0,
1749054131543,6,0,0,0.00,0.00,0.00,10,116,-74.38,-80.00,-80.00,-80.00,-65.00,-50.00,16,5,-56.59,6.57,25.50,44.00,0,0,0.00,0.01,0.00,0.00,0.00,0.00,0,0,
1749054132543,6,0,0,0.00,0.00,0.00,10,111,-76.31,-100.00,-80.00,-80.00,-64.50,-64.00,16,5,-58.53,6.52,26.50,43.00,0,0,0.00,0.01,0.00,0.00,0.00,0.00,0,0,
1749054133543,6,0,0,0.00,0.00,0.00,10,116,-83.44,-115.00,-115.00,-80.00,-65.00,-50.00,16,5,-65.66,6.35,24.50,44.00,0,0,0.00,0.01,0.00,0.00,0.00,0.00,0,0,
1749054134543,6,0,0,0.00,0.00,0.00,10,116,-83.44,-115.00,-115.00,-80.00,-65.00,-50.00,16,5,-65.66,6.35,26.00,43.00,0,0,0.00,0.01,0.00,0.00,0.00,0.00,0,0,
1749054135544,6,0,0,0.00,0.00,0.00,10,116,-75.81,-115.00,-80.00,-80.00,-65.00,-50.00,16,5,-58.03,6.53,25.00,43.00,0,0,0.00,0.01,0.00,0.00,0.00,0.00,0,0,
1749054136543,6,0,0,0.00,0.00,0.00,10,116,-73.88,-115.00,-80.00,-80.00,-64.00,-50.00,16,5,-56.09,6.58,26.50,42.00,0,0,0.00,0.00,0.00,0.00,0.00,0.00,0,0,
1749054137543,6,0,0,0.00,0.00,0.00,10,111,-80.56,-115.00,-80.00,-80.00,-72.50,-64.00,16,5,-62.78,6.42,25.00,43.00,0,0,0.00,0.00,0.00,0.00,0.00,0.00,0,0,
1749054138543,6,0,0,0.00,0.00,0.00,10,116,-80.56,-115.00,-80.00,-80.00,-72.50,-64.00,16,5,-62.78,6.42,26.00,43.00,0,0,0.00,0.00,0.00,0.00,0.00,0.00,0,0,
1749054139543,6,0,0,0.00,0.00,0.00,10,116,-74.60,-126.00,-80.00,-65.00,-64.00,-64.00,15,5,-56.82,6.56,25.00,43.00,0,0,0.00,0.00,0.00,0.00,0.00,0.00,0,0,
1749054140543,6,0,0,0.00,0.00,0.00,10,116,-67.31,-80.00,-72.50,-64.00,-64.00,-50.00,16,5,-49.53,6.79,24.50,43.00,0,0,0.00,0.00,0.00,0.00,0.00,0.00,0,0,
1749054141543,6,0,0,0.00,0.00,0.00,10,116,-73.12,-80.00,-80.00,-80.00,-64.00,-64.00,16,5,-55.34,6.61,26.00,43.00,0,0,0.00,0.00,0.00,0.00,0.00,0.00,0,0,
1749054142543,6,0,0,0.00,0.00,0.00,10,111,-72.31,-126.00,-80.00,-65.00,-64.00,-50.00,16,5,-54.53,6.63,26.50,43.00,0,0,0.00,0.00,0.00,0.00,0.00,0.00,0,0,
1749054143543,6,0,0,0.00,0.00,0.00,10,116,-72.31,-126.00,-80.00,-65.00,-64.00,-50.00,16,5,-54.53,6.63,24.50,43.00,0,0,0.00,0.00,0.00,0.00,0.00,0.00,0,0,
1749054144543,6,0,0,0.00,0.00,0.00,10,116,-65.38,-80.00,-65.00,-64.00,-64.00,-50.00,16,5,-47.59,6.87,24.50,43.00,0,0,0.00,0.00,0.00,0.00,0.00,0.00,0,0,
1749054145543,6,0,0,0.00,0.00,0.00,10,116,-68.25,-80.00,-80.00,-64.00,-64.00,-50.00,16,5,-50.47,6.76,26.50,43.00,0,0,0.00,0.00,0.00,0.00,0.00,0.00,0,0,
1749054146543,6,0,0,0.00,0.00,0.00,10,116,-64.50,-80.00,-65.00,-64.00,-64.00,-50.00,16,5,-46.72,6.90,24.00,42.00,0,0,0.00,0.00,0.00,0.00,0.00,0.00,0,0,
1749054147543,6,0,0,0.00,0.00,0.00,10,111,-64.50,-80.00,-65.00,-64.00,-64.00,-50.00,16,5,-46.72,6.90,24.50,44.00,0,0,0.00,0.00,0.00,0.00,0.00,0.00,0,0,
1749054148543,6,0,0,0.00,0.00,0.00,10,116,-63.69,-80.00,-65.00,-64.00,-57.00,-50.00,16,5,-45.91,6.94,24.50,43.00,0,0,0.00,0.00,0.00,0.00,0.00,0.00,0,0,
1749054149543,6,0,0,0.00,0.00,0.00,10,116,-61.94,-80.00,-65.00,-64.50,-57.00,-50.00,16,5,-44.16,7.01,25.50,44.00,0,0,0.00,0.00,0.00,0.00,0.00,0.00,0,0,
1749054150543,6,0,0,0.00,0.00,0.00,10,116,-66.62,-126.00,-65.00,-65.00,-64.00,-50.00,16,5,-48.84,6.82,26.00,44.00,0,0,0.00,0.00,0.00,0.00,0.00,0.00,0,0,
1749054151543,6,0,0,0.00,0.00,0.00,10,116,-63.69,-80.00,-65.00,-64.50,-64.00,-50.00,16,5,-45.91,6.94,26.50,44.00,0,0,0.00,0.00,0.00,0.00,0.00,0.00,0,0,
1749054152543,6,0,0,0.00,0.00,0.00,10,111,-63.69,-80.00,-65.00,-64.50,-64.00,-50.00,16,5,-45.91,6.94,25.50,45.00,0,0,0.00,0.00,0.00,0.00,0.00,0.00,0,0,
1749054153543,6,0,0,0.00,0.00,0.00,10,116,-65.81,-80.00,-65.00,-65.00,-65.00,-50.00,16,5,-48.03,6.85,25.50,44.00,0,0,0.00,0.00,0.00,0.00,0.00,0.00,0,0,
1749054154543,6,0,0,0.00,0.00,0.00,10,116,-74.56,-126.00,-65.00,-65.00,-65.00,-50.00,16,5,-56.78,6.57,25.00,44.00,0,0,0.00,0.00,0.00,0.00,0.00,0.00,0,0,
1749054155543,6,0,0,0.00,0.00,0.00,10,116,-66.81,-126.00,-65.00,-65.00,-64.50,-50.00,16,5,-49.03,6.81,25.50,44.00,0,0,0.00,0.00,0.00,0.00,0.00,0.00,0,0,
1749054156543,6,0,0,0.00,0.00,0.00,10,116,-66.81,-126.00,-65.00,-65.00,-64.50,-50.00,16,5,-49.03,6.81,24.50,45.00,0,0,0.00,0.00,0.00,0.00,0.00,0.00,0,0,
1749054157543,6,0,0,0.00,0.00,0.00,10,111,-74.56,-126.00,-65.00,-65.00,-65.00,-50.00,16,5,-56.78,6.57,24.50,45.00,0,0,0.00,0.00,0.00,0.00,0.00,0.00,0,0,
1749054158543,6,0,0,0.00,0.00,0.00,10,116,-65.00,-65.00,-65.00,-65.00,-65.00,-65.00,16,5,-47.22,6.88,24.00,44.00,0,0,0.00,0.00,0.00,0.00,0.00,0.00,0,0,
1749054159543,6,0,0,0.00,0.00,0.00,10,116,-71.38,-126.00,-65.00,-65.00,-64.00,-50.00,16,5,-53.59,6.66,24.50,44.00,0,0,0.00,0.00,0.00,0.00,0.00,0.00,0,0,
1749054160543,6,0,0,0.00,0.00,0.00,10,116,-66.69,-126.00,-65.00,-65.00,-64.00,-50.00,16,5,-48.91,6.82,25.00,44.00,0,0,0.00,0.00,0.00,0.00,0.00,0.00,0,0,
1749054161543,6,0,0,0.00,0.00,0.00,10,116,-66.69,-126.00,-65.00,-65.00,-64.00,-50.00,16,5,-48.91,6.82,24.00,44.00,0,0,0.00,0.00,0.00,0.00,0.00,0.00,0,0,
1749054162543,6,0,0,0.00,0.00,0.00,10,111,-68.69,-126.00,-65.00,-65.00,-65.00,-64.00,16,5,-50.91,6.75,24.50,44.00,1,0,0.00,0.00,0.00,0.00,0.00,0.00,0,0,
1749054163543,6,0,0,0.00,0.00,0.00,10,116,-71.62,-126.00,-65.00,-65.00,-65.00,-50.00,16,5,-53.84,6.65,27.00,44.00,1,0,0.00,0.00,0.00,0.00,0.00,0.00,0,0,
1749054164543,6,0,0,0.00,0.00,0.00,10,116,-64.88,-65.00,-65.00,-65.00,-65.00,-64.00,16,5,-47.09,6.89,25.00,43.00,1,0,0.00,0.00,0.00,0.00,0.00,0.00,0,0,
1749054165543,6,0,0,0.00,0.00,0.00,10,116,-64.81,-65.00,-65.00,-65.00,-65.00,-64.00,16,5,-47.03,6.89,25.00,44.00,1,0,0.00,0.00,0.00,0.00,0.00,0.00,0,0,
1749054166543,6,0,0,0.00,0.00,0.00,10,116,-64.81,-65.00,-65.00,-65.00,-65.00,-64.00,16,5,-47.03,6.89,26.00,44.00,1,0,0.00,0.00,0.00,0.00,0.00,0.00,0,0,
1749054167543,6,0,0,0.00,0.00,0.00,10,111,-64.69,-65.00,-65.00,-65.00,-64.00,-64.00,16,28,-39.42,45.94,24.00,44.00,0,0,0.00,0.00,0.00,0.00,0.00,0.00,0,0,
1749054168543,6,0,0,0.00,0.00,0.00,10,116,-65.81,-80.00,-65.00,-65.00,-65.00,-64.00,16,28,-40.55,45.44,23.50,45.00,0,0,0.00,0.00,0.00,0.00,0.00,0.00,0,0,
1749054169543,6,0,0,0.00,0.00,0.00,10,116,-65.00,-65.00,-65.00,-65.00,-65.00,-65.00,16,28,-39.74,45.80,24.00,45.00,0,0,0.00,0.00,0.00,0.00,0.00,0.00,0,0,
1749054170543,6,0,0,0.00,0.00,0.00,10,116,-65.00,-65.00,-65.00,-65.00,-65.00,-65.00,16,28,-39.74,45.80,24.00,45.00,0,0,0.00,0.00,0.00,0.00,0.00,0.00,0,0,
1749054171544,6,0,0,0.00,0.00,0.00,10,116,-64.88,-65.00,-65.00,-65.00,-65.00,-64.00,16,28,-39.61,45.86,24.50,45.00,0,0,0.00,0.00,0.00,0.00,0.00,0.00,0,0,
1749054172543,6,0,0,0.00,0.00,0.00,5,83,-64.88,-65.00,-65.00,-65.00,-65.00,-64.00,16,5,-47.09,6.89,23.50,44.00,0,0,0.00,0.00,0.00,0.00,0.00,0.00,0,0,
1749054173543,6,0,0,0.00,0.00,0.00,10,78,-64.94,-65.00,-65.00,-65.00,-65.00,-64.00,16,5,-47.16,6.89,23.50,45.00,0,0,0.00,0.00,0.00,0.00,0.00,0.00,0,0,
1749054174543,6,0,0,0.00,0.00,0.00,10,116,-64.88,-65.00,-65.00,-65.00,-65.00,-64.00,16,5,-47.09,6.89,25.00,45.00,0,0,0.00,0.00,0.00,0.00,0.00,0.00,0,0,
1749054175543,6,0,0,0.00,0.00,0.00,10,116,-64.88,-65.00,-65.00,-65.00,-65.00,-64.00,16,5,-47.09,6.89,26.00,45.00,0,0,0.00,0.00,0.00,0.00,0.00,0.00,0,0,
1749054176543,6,0,0,0.00,0.00,0.00,10,116,-64.88,-65.00,-65.00,-65.00,-65.00,-64.00,16,5,-47.09,6.89,26.00,45.00,0,0,0.00,0.00,0.00,0.00,0.00,0.00,0,0,
1749054177543,6,0,0,0.00,0.00,0.00,10,116,-64.94,-65.00,-65.00,-65.00,-65.00,-64.00,16,5,-47.16,6.89,25.50,45.00,0,0,0.00,0.00,0.00,0.00,0.00,0.00,0,0,
1749054178543,6,0,0,0.00,0.00,0.00,10,111,-64.31,-65.00,-65.00,-64.00,-64.00,-64.00,16,5,-46.53,6.91,26.00,45.00,0,0,0.00,0.00,0.00,0.00,0.00,0.00,0,0,
1749054179543,6,0,0,0.00,0.00,0.00,10,116,-64.31,-65.00,-65.00,-64.00,-64.00,-64.00,16,5,-46.53,6.91,26.50,45.00,0,0,0.00,0.00,0.00,0.00,0.00,0.00,0,0,
1749054180543,6,0,0,0.00,0.00,0.00,10,116,-64.38,-65.00,-65.00,-64.00,-64.00,-64.00,16,5,-46.59,6.91,24.50,45.00,0,0,0.10,0.00,0.00,0.00,0.00,0.00,0,0,
1749054181543,6,0,0,0.00,0.00,0.00,10,116,-73.00,-126.00,-73.00,-65.00,-64.00,-64.00,16,5,-55.22,6.61,24.50,45.00,0,0,0.03,0.00,0.00,0.00,0.00,0.00,0,0,
1749054182543,6,0,0,0.00,0.00,0.00,10,116,-64.75,-65.00,-65.00,-65.00,-64.50,-64.00,16,5,-46.97,6.89,24.50,45.00,0,0,0.01,0.00,0.00,0.00,0.00,0.00,0,0,
1749054183543,6,0,0,0.00,0.00,0.00,10,111,-65.69,-80.00,-65.00,-65.00,-64.50,-64.00,16,5,-47.91,6.86,26.50,46.00,0,0,0.00,0.00,0.00,0.00,0.00,0.00,0,0,
1749054184543,6,0,0,0.00,0.00,0.00,10,116,-65.69,-80.00,-65.00,-65.00,-64.50,-64.00,16,5,-47.91,6.86,25.50,45.00,0,0,0.00,0.00,0.00,0.00,0.00,0.00,0,0,
1749054185543,6,0,0,0.00,0.00,0.00,10,116,-67.25,-80.00,-65.00,-64.00,-64.00,-64.00,16,5,-49.47,6.80,25.50,44.00,0,0,0.00,0.00,0.00,0.00,0.00,0.00,0,0,
1749054186543,6,0,0,0.00,0.00,0.00,10,116,-65.38,-80.00,-65.00,-64.00,-64.00,-64.00,16,5,-47.59,6.87,26.00,45.00,0,0,0.00,0.00,0.00,0.00,0.00,0.00,0,0,
1749054187543,6,0,0,0.00,0.00,0.00,10,116,-66.56,-80.00,-65.00,-65.00,-64.00,-64.00,16,5,-48.78,6.82,26.00,44.00,0,0,0.00,0.00,0.00,0.00,0.00,0.00,0,0,
1749054188543,6,0,0,0.00,0.00,0.00,10,111,-66.56,-80.00,-65.00,-65.00,-64.00,-64.00,16,5,-48.78,6.82,24.50,44.00,0,0,0.00,0.00,0.00,0.00,0.00,0.00,0,0,
1749054189543,6,0,0,0.00,0.00,0.00,10,116,-65.69,-80.00,-65.00,-65.00,-64.50,-64.00,16,5,-47.91,6.86,24.00,44.00,0,0,0.00,0.00,0.00,0.00,0.00,0.00,0,0,
1749054190543,6,0,0,0.00,0.00,0.00,10,116,-66.56,-80.00,-65.00,-65.00,-64.00,-64.00,16,5,-48.78,6.82,24.00,44.00,0,0,0.00,0.00,0.00,0.00,0.00,0.00,0,0,
1749054191544,6,0,0,0.00,0.00,0.00,10,116,-66.38,-80.00,-65.00,-64.50,-64.00,-64.00,16,5,-48.59,6.83,23.50,44.00,0,0,0.00,0.00,0.00,0.00,0.00,0.00,0,0,
1749054192543,6,0,0,0.00,0.00,0.00,10,116,-67.50,-80.00,-65.00,-65.00,-64.00,-64.00,16,5,-49.72,6.79,24.50,44.00,0,0,0.00,0.00,0.00,0.00,0.00,0.00,0,0,
1749054193543,6,0,0,0.00,0.00,0.00,10,111,-67.50,-80.00,-65.00,-65.00,-64.00,-64.00,16,5,-49.72,6.79,24.50,44.00,0,0,0.00,0.00,0.00,0.00,0.00,0.00,0,0,
1749054194543,6,0,0,0.00,0.00,0.00,10,116,-64.62,-65.00,-65.00,-65.00,-64.00,-64.00,16,5,-46.84,6.90,24.00,43.00,0,0,0.00,0.00,0.00,0.00,0.00,0.00,0,0,
1749054195543,6,0,0,0.00,0.00,0.00,10,116,-66.44,-80.00,-65.00,-65.00,-64.00,-64.00,16,5,-48.66,6.83,24.00,44.00,0,0,0.00,0.00,0.00,0.00,0.00,0.00,0,0,
1749054196543,6,0,0,0.00,0.00,0.00,10,116,-67.25,-80.00,-65.00,-64.00,-64.00,-64.00,16,5,-49.47,6.80,24.00,44.00,0,0,0.00,0.00,0.00,0.00,0.00,0.00,0,0,
1749054197543,6,0,0,0.00,0.00,0.00,10,116,-64.56,-80.00,-65.00,-64.50,-64.00,-50.00,16,5,-46.78,6.90,25.00,44.00,0,0,0.00,0.00,0.00,0.00,0.00,0.00,0,0,
1749054198543,6,0,0,0.00,0.00,0.00,10,111,-64.56,-80.00,-65.00,-64.50,-64.00,-50.00,16,5,-46.78,6.90,24.00,45.00,0,0,0.00,0.00,0.00,0.00,0.00,0.00,0,0,
1749054199543,6,0,0,0.00,0.00,0.00,10,116,-77.00,-126.00,-80.00,-65.00,-64.00,-64.00,16,5,-59.22,6.50,26.50,43.00,0,0,0.00,0.00,0.00,0.00,0.00,0.00,0,0,
1749054200543,6,0,0,0.00,0.00,0.00,10,116,-65.69,-80.00,-65.00,-65.00,-64.50,-64.00,16,5,-47.91,6.86,24.50,45.00,0,0,0.00,0.00,0.00,0.00,0.00,0.00,0,0,
1749054201544,6,0,0,0.00,0.00,0.00,10,116,-64.56,-65.00,-65.00,-65.00,-64.00,-64.00,16,5,-46.78,6.90,26.50,44.00,0,0,0.00,0.00,0.00,0.00,0.00,0.00,0,0,
1749054202543,6,0,0,0.00,0.00,0.00,10,116,-64.56,-65.00,-65.00,-65.00,-64.00,-64.00,16,5,-46.78,6.90,25.50,43.00,0,0,0.00,0.00,0.00,0.00,0.00,0.00,0,0,
1749054203543,6,0,0,0.00,0.00,0.00,10,111,-65.38,-80.00,-65.00,-64.00,-64.00,-64.00,16,5,-47.59,6.87,25.50,44.00,0,0,0.00,0.00,0.00,0.00,0.00,0.00,0,0,
1749054204543,6,0,0,0.00,0.00,0.00,10,116,-64.81,-65.00,-65.00,-65.00,-65.00,-64.00,16,5,-47.03,6.89,26.50,44.00,0,0,0.00,0.00,0.00,0.00,0.00,0.00,0,0,
1749054205543,6,0,0,0.00,0.00,0.00,10,116,-64.62,-65.00,-65.00,-65.00,-64.00,-64.00,16,5,-46.84,6.90,25.50,46.00,0,0,0.00,0.00,0.00,0.00,0.00,0.00,0,0,
1749054206543,6,0,0,0.00,0.00,0.00,10,116,-64.69,-65.00,-65.00,-65.00,-64.00,-64.00,16,5,-46.91,6.90,25.00,44.00,0,0,0.00,0.00,0.00,0.00,0.00,0.00,0,0,
1749054207543,6,0,0,0.00,0.00,0.00,10,116,-64.69,-65.00,-65.00,-65.00,-64.00,-64.00,16,5,-46.91,6.90,25.00,45.00,0,0,0.00,0.00,0.00,0.00,0.00,0.00,0,0,
1749054208543,6,0,0,0.00,0.00,0.00,10,111,-64.50,-65.00,-65.00,-64.50,-64.00,-64.00,16,5,-46.72,6.90,25.50,44.00,0,0,0.00,0.00,0.00,0.00,0.00,0.00,0,0,
1749054209543,6,0,0,0.00,0.00,0.00,10,116,-64.81,-65.00,-65.00,-65.00,-65.00,-64.00,16,5,-47.03,6.89,25.50,44.00,0,0,0.00,0.00,0.00,0.00,0.00,0.00,0,0,
1749054210543,6,0,0,0.00,0.00,0.00,10,116,-64.44,-65.00,-65.00,-64.00,-64.00,-64.00,16,5,-46.66,6.91,26.00,43.00,0,0,0.00,0.00,0.00,0.00,0.00,0.00,0,0,
1749054211543,6,0,0,0.00,0.00,0.00,10,116,-64.44,-65.00,-65.00,-64.00,-64.00,-64.00,16,5,-46.66,6.91,24.50,44.00,0,0,0.00,0.00,0.00,0.00,0.00,0.00,0,0,
1749054212543,6,0,0,0.00,0.00,0.00,10,116,-64.56,-65.00,-65.00,-65.00,-64.00,-64.00,16,5,-46.78,6.90,24.50,44.00,0,0,0.00,0.00,0.00,0.00,0.00,0.00,0,0,
1749054213543,6,0,0,0.00,0.00,0.00,10,111,-64.75,-65.00,-65.00,-65.00,-64.50,-64.00,16,5,-46.97,6.89,25.00,44.00,1,0,0.00,0.00,0.00,0.00,0.00,0.00,0,0,
1749054214543,6,0,0,0.00,0.00,0.00,10,116,-64.88,-65.00,-65.00,-65.00,-65.00,-64.00,16,5,-47.09,6.89,26.00,43.00,1,0,0.00,0.00,0.00,0.00,0.00,0.00,0,0,
1749054215543,6,7,1,0.00,7.81,2.01,318,317,-69.69,-126.00,-65.00,-65.00,-65.00,-64.00,16,5,-51.91,6.71,24.50,44.00,1,1,0.00,0.00,0.00,0.00,0.00,0.00,0,0,
1749054216543,6,0,0,0.00,0.00,0.00,10,116,-69.69,-126.00,-65.00,-65.00,-65.00,-64.00,16,5,-51.91,6.71,25.00,44.00,1,0,0.00,0.00,0.00,0.00,0.00,0.00,0,0,
1749054217544,6,0,0,0.00,0.00,0.00,10,116,-77.88,-126.00,-80.00,-65.00,-64.00,-64.00,16,5,-60.09,6.48,25.00,44.00,1,0,0.00,0.00,0.00,0.00,0.00,0.00,0,0,
1749054218543,6,0,0,0.00,0.00,0.00,10,111,-65.56,-80.00,-65.00,-64.50,-64.00,-50.00,16,28,-40.30,45.55,23.50,44.00,0,0,0.00,0.00,0.00,0.00,0.00,0.00,0,0,
1749054219543,6,0,0,0.00,0.00,0.00,10,116,-71.12,-126.00,-72.50,-64.50,-64.00,-64.00,16,28,-45.86,43.42,24.50,44.00,0,0,0.00,0.00,0.00,0.00,0.00,0.00,0,0,
1749054220543,6,0,0,0.00,0.00,0.00,10,116,-71.12,-126.00,-72.50,-64.50,-64.00,-64.00,16,28,-45.86,43.42,24.00,44.00,0,0,0.00,0.00,0.00,0.00,0.00,0.00,0,0,
1749054221543,6,0,0,0.00,0.00,0.00,10,116,-58.12,-65.00,-64.50,-64.00,-50.00,-50.00,16,28,-32.86,49.53,24.50,44.00,0,0,0.00,0.00,0.00,0.00,0.00,0.00,0,0,
1749054222543,6,0,0,0.00,0.00,0.00,10,116,-70.50,-126.00,-65.00,-65.00,-64.00,-50.00,16,28,-45.24,43.64,24.00,44.00,0,0,0.00,0.00,0.00,0.00,0.00,0.00,0,0,
1749054223543,6,0,0,0.00,0.00,0.00,5,83,-60.88,-65.00,-65.00,-64.00,-57.00,-50.00,16,5,-43.09,7.06,26.00,43.00,0,0,0.00,0.00,0.00,0.00,0.00,0.00,0,0,
1749054224543,6,0,0,0.00,0.00,0.00,10,78,-67.81,-126.00,-65.00,-65.00,-65.00,-50.00,16,5,-50.03,6.78,24.50,44.00,0,0,0.00,0.00,0.00,0.00,0.00,0.00,0,0,
1749054225543,6,0,0,0.00,0.00,0.00,10,116,-67.81,-126.00,-65.00,-65.00,-65.00,-50.00,16,5,-50.03,6.78,26.00,43.00,0,0,0.00,0.00,0.00,0.00,0.00,0.00,0,0,
1749054226543,6,0,0,0.00,0.00,0.00,10,116,-71.31,-126.00,-80.00,-65.00,-64.00,-50.00,16,5,-53.53,6.66,24.50,44.00,0,0,0.00,0.00,0.00,0.00,0.00,0.00,0,0,
1749054227543,6,0,0,0.00,0.00,0.00,10,116,-64.50,-80.00,-65.00,-64.00,-64.00,-50.00,16,5,-46.72,6.90,24.50,44.00,0,0,0.00,0.00,0.00,0.00,0.00,0.00,0,0,
1749054228543,6,0,0,0.00,0.00,0.00,10,116,-60.06,-80.00,-65.00,-64.00,-50.00,-50.00,16,5,-42.28,7.10,26.50,43.00,0,0,0.00,0.00,0.00,0.00,0.00,0.00,0,0,
1749054229543,6,0,0,0.00,0.00,0.00,10,111,-61.38,-100.00,-65.00,-64.00,-50.00,-50.00,16,5,-43.59,7.04,25.50,44.00,0,0,0.00,0.00,0.00,0.00,0.00,0.00,0,0,
1749054230543,6,0,0,0.00,0.00,0.00,10,116,-61.38,-100.00,-65.00,-64.00,-50.00,-50.00,16,5,-43.59,7.04,26.00,44.00,0,0,0.00,0.00,0.00,0.00,0.00,0.00,0,0,
1749054231543,6,0,0,0.00,0.00,0.00,10,116,-65.06,-126.00,-65.00,-65.00,-50.00,-50.00,16,5,-47.28,6.88,25.00,44.00,0,0,0.00,0.00,0.00,0.00,0.00,0.00,0,0,
1749054232543,6,0,0,0.00,0.00,0.00,10,116,-58.31,-80.00,-65.00,-57.00,-50.00,-50.00,16,5,-40.53,7.19,25.50,44.00,0,0,0.00,0.00,0.00,0.00,0.00,0.00,0,0,
1749054233543,6,0,0,0.00,0.00,0.00,10,116,-64.69,-65.00,-65.00,-65.00,-64.00,-64.00,16,5,-46.91,6.90,25.00,44.00,0,0,0.00,0.00,0.00,0.00,0.00,0.00,0,0,
1749054234543,6,0,0,0.00,0.00,0.00,10,111,-64.69,-65.00,-65.00,-65.00,-64.00,-64.00,16,5,-46.91,6.90,25.50,44.00,0,0,0.00,0.00,0.00,0.00,0.00,0.00,0,0,
1749054235543,6,0,0,0.00,0.00,0.00,10,116,-67.62,-126.00,-65.00,-65.00,-64.00,-50.00,16,5,-49.84,6.78,25.50,43.00,0,0,0.00,0.00,0.00,0.00,0.00,0.00,0,0,
1749054236543,6,0,0,0.00,0.00,0.00,10,116,-61.12,-65.00,-65.00,-65.00,-57.00,-50.00,16,5,-43.34,7.05,25.50,43.00,0,0,0.00,0.00,0.00,0.00,0.00,0.00,0,0,
1749054237543,6,0,0,0.00,0.00,0.00,10,116,-64.94,-65.00,-65.00,-65.00,-65.00,-64.00,16,5,-47.16,6.89,25.00,44.00,0,0,0.00,0.00,0.00,0.00,0.00,0.00,0,0,
1749054238543,6,0,0,0.00,0.00,0.00,10,116,-64.56,-65.00,-65.00,-65.00,-64.00,-64.00,16,5,-46.78,6.90,24.50,43.00,0,0,0.00,0.00,0.00,0.00,0.00,0.00,0,0,
1749054239543,6,0,0,0.00,0.00,0.00,10,111,-64.56,-65.00,-65.00,-65.00,-64.00,-64.00,16,5,-46.78,6.90,26.50,44.00,0,0,0.00,0.00,0.00,0.00,0.00,0.00,0,0,
1749054240543,6,0,0,0.00,0.00,0.00,10,116,-63.75,-65.00,-65.00,-65.00,-64.00,-50.00,16,5,-45.97,6.93,26.00,44.00,0,0,0.10,0.00,0.00,0.00,0.00,0.00,0,0,
1749054241543,6,0,0,0.00,0.00,0.00,10,116,-67.50,-107.00,-65.00,-65.00,-65.00,-64.00,16,5,-49.72,6.79,26.00,44.00,0,0,0.04,0.00,0.00,0.00,0.00,0.00,0,0,
1749054242543,6,0,0,0.00,0.00,0.00,10,116,-64.56,-65.00,-65.00,-65.00,-64.00,-64.00,16,5,-46.78,6.90,25.50,44.00,0,0,0.01,0.00,0.00,0.00,0.00,0.00,0,0,
1749054243543,6,0,0,0.00,0.00,0.00,10,116,-64.56,-65.00,-65.00,-65.00,-64.00,-64.00,16,5,-46.78,6.90,25.00,42.00,0,0,0.00,0.00,0.00,0.00,0.00,0.00,0,0,
1749054244543,6,0,0,0.00,0.00,0.00,10,111,-64.50,-65.00,-65.00,-64.50,-64.00,-64.00,16,5,-46.72,6.90,26.50,43.00,0,0,0.00,0.00,0.00,0.00,0.00,0.00,0,0,
1749054245543,6,0,0,0.00,0.00,0.00,10,116,-64.56,-65.00,-65.00,-65.00,-64.00,-64.00,16,5,-46.78,6.90,25.50,43.00,0,0,0.00,0.00,0.00,0.00,0.00,0.00,0,0,
1749054246543,6,0,0,0.00,0.00,0.00,10,116,-64.44,-65.00,-65.00,-64.00,-64.00,-64.00,16,5,-46.66,6.91,25.50,43.00,0,0,0.00,0.00,0.00,0.00,0.00,0.00,0,0,
1749054247543,6,0,0,0.00,0.00,0.00,10,116,-68.19,-126.00,-65.00,-64.00,-64.00,-64.00,16,5,-50.41,6.76,24.50,43.00,0,0,0.00,0.00,0.00,0.00,0.00,0.00,0,0,
1749054248543,6,1,2,0.00,1.76,2.42,122,333,-68.19,-126.00,-65.00,-64.00,-64.00,-64.00,16,5,-50.41,6.76,25.50,39.00,0,0,0.00,0.00,0.00,0.00,0.00,0.00,0,0,
1749054249543,6,0,0,0.00,0.00,0.00,10,116,-67.00,-106.00,-65.00,-64.00,-64.00,-64.00,16,5,-49.22,6.81,25.50,43.00,0,0,0.00,0.00,0.00,0.00,0.00,0.00,0,0,
1749054250543,6,0,0,0.00,0.00,0.00,10,116,-75.94,-126.00,-72.50,-64.00,-64.00,-50.00,16,5,-58.16,6.53,25.00,43.00,0,0,0.00,0.00,0.00,0.00,0.00,0.00,0,0,
1749054251543,6,0,0,0.00,0.00,0.00,10,116,-81.88,-126.00,-103.00,-65.00,-64.50,-64.00,16,5,-64.09,6.39,25.50,43.00,0,0,0.00,0.00,0.00,0.00,0.00,0.00,0,0,
1749054252543,6,0,0,0.00,0.00,0.00,10,116,-81.88,-126.00,-103.00,-65.00,-64.50,-64.00,16,5,-64.09,6.39,25.00,43.00,0,0,0.00,0.00,0.00,0.00,0.00,0.00,0,0,
1749054253543,6,0,0,0.00,0.00,0.00,10,116,-77.00,-126.00,-80.00,-80.00,-64.00,-50.00,16,5,-59.22,6.50,25.00,43.00,0,0,0.00,0.00,0.00,0.00,0.00,0.00,0,0,
1749054254543,6,0,0,0.00,0.00,0.00,10,111,-72.60,-100.00,-80.00,-80.00,-64.00,-50.00,15,5,-54.82,6.62,26.00,43.00,0,0,0.00,0.00,0.00,0.00,0.00,0.00,0,0,
1749054255543,6,0,0,0.00,0.00,0.00,10,116,-83.00,-126.00,-80.00,-80.00,-64.50,-64.00,16,5,-65.22,6.36,26.00,42.00,0,0,0.00,0.00,0.00,0.00,0.00,0.00,0,0,
1749054256543,6,0,0,0.00,0.00,0.00,10,116,-78.33,-115.00,-80.00,-80.00,-65.00,-65.00,15,5,-60.55,6.47,24.00,43.00,0,0,0.00,0.00,0.00,0.00,0.00,0.00,0,0,
1749054257543,6,0,0,0.00,0.00,0.00,10,116,-78.33,-115.00,-80.00,-80.00,-65.00,-65.00,15,5,-60.55,6.47,24.50,42.00,0,0,0.00,0.00,0.00,0.00,0.00,0.00,0,0,
1749054258543,6,0,0,0.00,0.00,0.00,10,116,-74.06,-80.00,-80.00,-80.00,-64.00,-64.00,16,5,-56.28,6.58,25.00,42.00,0,0,0.00,0.00,0.00,0.00,0.00,0.00,0,0,
1749054259543,6,0,0,0.00,0.00,0.00,10,111,-76.25,-115.00,-80.00,-80.00,-64.00,-64.00,16,5,-58.47,6.52,25.50,42.00,0,0,0.00,0.00,0.00,0.00,0.00,0.00,0,0,
1749054260543,6,0,0,0.00,0.00,0.00,10,116,-71.19,-80.00,-80.00,-65.00,-64.00,-64.00,16,5,-53.41,6.66,26.00,42.00,0,0,0.00,0.00,0.00,0.00,0.00,0.00,0,0,
1749054261543,6,0,0,0.00,0.00,0.00,10,116,-70.25,-80.00,-80.00,-65.00,-64.00,-64.00,16,5,-52.47,6.69,25.50,42.00,0,0,0.00,0.00,0.00,0.00,0.00,0.00,0,0,
1749054262543,6,0,0,0.00,0.00,0.00,10,116,-70.25,-80.00,-80.00,-65.00,-64.00,-64.00,16,5,-52.47,6.69,26.00,42.00,0,0,0.00,0.00,0.00,0.00,0.00,0.00,0,0,
1749054263543,6,0,0,0.00,0.00,0.00,10,116,-69.12,-80.00,-80.00,-64.00,-64.00,-64.00,16,5,-51.34,6.73,24.50,42.00,0,0,0.00,0.00,0.00,0.00,0.00,0.00,0,0,
1749054264543,6,0,0,0.00,0.00,0.00,10,111,-68.47,-80.00,-80.00,-64.00,-64.00,-64.00,15,5,-50.69,6.75,25.50,42.00,1,0,0.00,0.00,0.00,0.00,0.00,0.00,0,0,
1749054265543,6,0,0,0.00,0.00,0.00,10,116,-69.25,-80.00,-80.00,-65.00,-64.00,-64.00,16,5,-51.47,6.73,25.50,43.00,1,0,0.00,0.00,0.00,0.00,0.00,0.00,0,0,
1749054266543,6,0,0,0.00,0.00,0.00,10,116,-69.25,-80.00,-80.00,-65.00,-64.00,-64.00,16,5,-51.47,6.73,24.50,43.00,1,0,0.00,0.00,0.00,0.00,0.00,0.00,0,0,
1749054267543,6,0,0,0.00,0.00,0.00,10,116,-78.62,-115.00,-80.00,-80.00,-64.00,-64.00,16,5,-60.84,6.46,25.50,44.00,1,0,0.00,0.00,0.00,0.00,0.00,0.00,0,0,
1749054268543,6,0,0,0.00,0.00,0.00,10,116,-65.31,-80.00,-65.00,-64.00,-64.00,-64.00,16,5,-47.53,6.87,25.50,44.00,1,0,0.00,0.00,0.00,0.00,0.00,0.00,0,0,
1749054269543,6,0,0,0.00,0.00,0.00,10,111,-64.94,-80.00,-65.00,-65.00,-65.00,-50.00,16,28,-39.67,45.83,24.50,44.00,0,0,0.00,0.00,0.00,0.00,0.00,0.00,0,0,
1749054270543,6,0,0,0.00,0.00,0.00,10,116,-68.75,-80.00,-80.00,-65.00,-65.00,-50.00,16,28,-43.49,44.27,24.50,44.00,0,0,0.00,0.00,0.00,0.00,0.00,0.00,0,0,
1749054271543,6,0,0,0.00,0.00,0.00,10,116,-68.75,-80.00,-80.00,-65.00,-65.00,-50.00,16,28,-43.49,44.27,23.50,44.00,0,0,0.00,0.00,0.00,0.00,0.00,0.00,0,0,
1749054272543,6,7,6,0.00,7.98,7.54,308,701,-70.62,-80.00,-80.00,-65.00,-65.00,-50.00,16,28,-45.36,43.59,24.50,44.00,0,2,0.00,0.00,0.00,0.00,0.00,0.00,0,0,
1749054273543,6,0,0,0.00,0.00,0.00,10,116,-71.56,-80.00,-80.00,-72.50,-65.00,-50.00,16,28,-46.30,43.28,24.50,44.00,0,1,0.00,0.00,0.00,0.00,0.00,0.00,0,0,
1749054274543,6,0,0,0.00,0.00,0.00,5,83,-70.44,-80.00,-80.00,-65.00,-65.00,-64.00,16,5,-52.66,6.69,24.00,43.00,0,1,0.00,0.00,0.00,0.00,0.00,0.00,0,0,
1749054275543,6,0,0,0.00,0.00,0.00,10,78,-70.44,-80.00,-80.00,-65.00,-65.00,-64.00,16,5,-52.66,6.69,24.50,45.00,0,0,0.00,0.00,0.00,0.00,0.00,0.00,0,0,
1749054276543,6,0,0,0.00,0.00,0.00,10,116,-69.25,-80.00,-80.00,-64.50,-64.00,-50.00,16,5,-51.47,6.73,25.00,45.00,0,0,0.00,0.00,0.00,0.00,0.00,0.00,0,0,
1749054277543,6,0,0,0.00,0.00,0.00,10,116,-73.06,-80.00,-80.00,-80.00,-64.00,-64.00,16,5,-55.28,6.61,25.00,44.00,0,0,0.00,0.00,0.00,0.00,0.00,0.00,0,0,
1749054278543,6,0,0,0.00,0.00,0.00,10,116,-68.31,-80.00,-80.00,-64.00,-64.00,-50.00,16,5,-50.53,6.76,25.50,43.00,0,0,0.00,0.00,0.00,0.00,0.00,0.00,0,0,
1749054279543,6,0,0,0.00,0.00,0.00,10,116,-61.50,-80.00,-64.00,-64.00,-57.00,-50.00,16,5,-43.72,7.03,26.00,44.00,0,0,0.00,0.00,0.00,0.00,0.00,0.00,0,0,
1749054280543,6,0,0,0.00,0.00,0.00,10,111,-61.50,-80.00,-64.00,-64.00,-57.00,-50.00,16,5,-43.72,7.03,26.00,44.00,0,0,0.00,0.00,0.00,0.00,0.00,0.00,0,0,
1749054281543,6,0,0,0.00,0.00,0.00,10,116,-68.31,-126.00,-64.00,-64.00,-57.00,-50.00,16,5,-50.53,6.76,26.50,44.00,0,0,0.00,0.00,0.00,0.00,0.00,0.00,0,0,
1749054282543,6,0,0,0.00,0.00,0.00,10,116,-66.50,-126.00,-65.00,-64.00,-57.00,-50.00,16,5,-48.72,6.82,26.50,44.00,0,0,0.00,0.00,0.00,0.00,0.00,0.00,0,0,
1749054283543,6,0,0,0.00,0.00,0.00,10,116,-59.81,-65.00,-64.00,-64.00,-50.00,-50.00,16,5,-42.03,7.12,25.00,44.00,0,0,0.00,0.00,0.00,0.00,0.00,0.00,0,0,
1749054284543,6,0,0,0.00,0.00,0.00,10,116,-59.81,-65.00,-64.00,-64.00,-50.00,-50.00,16,5,-42.03,7.12,26.50,44.00,0,0,0.00,0.00,0.00,0.00,0.00,0.00,0,0,
1749054285543,6,0,0,0.00,0.00,0.00,10,111,-61.69,-65.00,-65.00,-64.00,-64.00,-50.00,16,5,-43.91,7.02,26.00,44.00,0,0,0.00,0.00,0.00,0.00,0.00,0.00,0,0,
1749054286543,6,0,0,0.00,0.00,0.00,10,116,-66.44,-126.00,-65.00,-64.00,-64.00,-50.00,16,5,-48.66,6.83,25.50,44.00,0,0,0.00,0.00,0.00,0.00,0.00,0.00,0,0,
1749054287543,6,0,0,0.00,0.00,0.00,10,116,-66.62,-126.00,-65.00,-65.00,-64.00,-50.00,16,5,-48.84,6.82,26.00,43.00,0,0,0.00,0.00,0.00,0.00,0.00,0.00,0,0,
1749054288543,6,0,0,0.00,0.00,0.00,10,116,-63.69,-65.00,-65.00,-65.00,-64.00,-50.00,16,5,-45.91,6.94,27.00,44.00,0,0,0.00,0.00,0.00,0.00,0.00,0.00,0,0,
1749054289543,6,0,0,0.00,0.00,0.00,10,116,-63.69,-65.00,-65.00,-65.00,-64.00,-50.00,16,5,-45.91,6.94,24.50,44.00,0,0,0.00,0.00,0.00,0.00,0.00,0.00,0,0,
1749054290543,6,0,0,0.00,0.00,0.00,10,111,-68.38,-126.00,-65.00,-65.00,-64.00,-64.00,16,5,-50.59,6.76,26.00,44.00,0,0,0.00,0.00,0.00,0.00,0.00,0.00,0,0,
1749054291543,6,0,0,0.00,0.00,0.00,10,116,-64.81,-65.00,-65.00,-65.00,-65.00,-64.00,16,5,-47.03,6.89,25.50,46.00,0,0,0.00,0.00,0.00,0.00,0.00,0.00,0,0,
1749054292543,6,0,0,0.00,0.00,0.00,10,116,-64.75,-65.00,-65.00,-65.00,-64.50,-64.00,16,5,-46.97,6.89,25.00,44.00,0,0,0.00,0.00,0.00,0.00,0.00,0.00,0,0,
1749054293543,6,0,0,0.00,0.00,0.00,10,116,-65.00,-65.00,-65.00,-65.00,-65.00,-65.00,16,5,-47.22,6.88,25.00,43.00,0,0,0.00,0.00,0.00,0.00,0.00,0.00,0,0,
1749054294543,6,0,0,0.00,0.00,0.00,10,116,-65.00,-65.00,-65.00,-65.00,-65.00,-65.00,16,5,-47.22,6.88,24.00,44.00,0,0,0.00,0.00,0.00,0.00,0.00,0.00,0,0,
1749054295543,6,0,0,0.00,0.00,0.00,10,111,-64.88,-65.00,-65.00,-65.00,-65.00,-64.00,16,5,-47.09,6.89,25.50,44.00,0,0,0.00,0.00,0.00,0.00,0.00,0.00,0,0,
1749054296543,6,0,0,0.00,0.00,0.00,10,116,-67.88,-126.00,-65.00,-65.00,-65.00,-50.00,16,5,-50.09,6.77,25.00,44.00,0,0,0.00,0.00,0.00,0.00,0.00,0.00,0,0,
1749054297543,6,0,0,0.00,0.00,0.00,10,116,-73.56,-126.00,-65.00,-65.00,-65.00,-65.00,16,5,-55.78,6.59,24.00,44.00,0,0,0.00,0.00,0.00,0.00,0.00,0.00,0,0,
1749054298543,6,6,2,0.00,6.57,2.78,211,352,-73.56,-126.00,-65.00,-65.00,-65.00,-65.00,16,5,-55.78,6.59,25.50,43.00,0,0,0.00,0.00,0.00,0.00,0.00,0.00,0,0,
1749054299543,6,0,0,0.00,0.00,0.00,10,116,-67.88,-126.00,-72.50,-65.00,-57.50,-50.00,16,5,-50.09,6.77,24.50,44.00,0,0,0.00,0.00,0.00,0.00,0.00,0.00,0,0,
1749054300543,6,0,0,0.00,0.00,0.00,10,111,-74.19,-80.00,-80.00,-80.00,-65.00,-64.00,16,5,-56.41,6.58,26.50,44.00,0,0,0.00,0.00,0.00,0.00,0.00,0.00,0,0,
1749054301543,6,0,0,0.00,0.00,0.00,10,116,-70.38,-80.00,-80.00,-72.50,-64.00,-50.00,16,5,-52.59,6.69,26.00,44.00,0,0,0.00,0.00,0.00,0.00,0.00,0.00,0,0,
1749054302543,6,0,0,0.00,0.00,0.00,10,116,-61.94,-65.00,-65.00,-65.00,-64.00,-50.00,16,5,-44.16,7.01,25.00,44.00,0,0,0.00,0.00,0.00,0.00,0.00,0.00,0,0,
1749054303543,6,0,0,0.00,0.00,0.00,10,116,-61.94,-65.00,-65.00,-65.00,-64.00,-50.00,16,5,-44.16,7.01,25.00,44.00,0,0,0.00,0.00,0.00,0.00,0.00,0.00,0,0,
1749054304543,6,0,0,0.00,0.00,0.00,10,116,-65.81,-80.00,-72.50,-65.00,-64.00,-50.00,16,5,-48.03,6.85,25.50,44.00,0,0,0.00,0.00,0.00,0.00,0.00,0.00,0,0,
1749054305543,6,0,0,0.00,0.00,0.00,10,111,-68.44,-80.00,-80.00,-65.00,-64.00,-50.00,16,5,-50.66,6.76,25.50,44.00,0,0,0.00,0.00,0.00,0.00,0.00,0.00,0,0,
1749054306543,6,0,0,0.00,0.00,0.00,10,116,-71.25,-80.00,-80.00,-72.50,-64.00,-50.00,16,5,-53.47,6.66,25.00,43.00,0,0,0.00,0.00,0.00,0.00,0.00,0.00,0,0,
1749054307543,6,0,0,0.00,0.00,0.00,10,116,-71.25,-80.00,-80.00,-72.50,-64.00,-50.00,16,5,-53.47,6.66,24.50,43.00,0,0,0.00,0.00,0.00,0.00,0.00,0.00,0,0,
1749054308543,6,0,0,0.00,0.00,0.00,10,116,-69.38,-80.00,-80.00,-65.00,-64.00,-50.00,16,5,-51.59,6.72,25.50,44.00,0,0,0.00,0.00,0.00,0.00,0.00,0.00,0,0,
1749054309543,6,0,0,0.00,0.88,0.66,43,254,-62.75,-65.00,-65.00,-64.50,-64.00,-50.00,16,5,-44.97,6.98,24.50,44.00,0,0,0.00,0.00,0.00,0.00,0.00,0.00,0,0,
1749054310544,6,0,0,0.00,0.00,0.00,10,111,-58.19,-65.00,-65.00,-64.00,-50.00,-50.00,16,5,-40.41,7.20,25.00,44.00,0,0,0.00,0.00,0.00,0.00,0.00,0.00,0,0,
1749054311543,6,0,0,0.00,0.00,0.00,10,116,-66.81,-80.00,-80.00,-65.00,-64.50,-50.00,16,5,-49.03,6.81,24.50,44.00,0,0,0.00,0.00,0.00,0.00,0.00,0.00,0,0,
1749054312543,6,0,0,0.00,0.00,0.00,10,116,-66.81,-80.00,-80.00,-65.00,-64.50,-50.00,16,5,-49.03,6.81,24.50,44.00,0,0,0.00,0.00,0.00,0.00,0.00,0.00,0,0,
1749054313543,6,0,0,0.00,0.00,0.00,10,116,-67.62,-80.00,-72.50,-65.00,-64.50,-50.00,16,5,-49.84,6.78,25.00,44.00,0,0,0.00,0.00,0.00,0.00,0.00,0.00,0,0,
1749054314543,6,0,0,0.00,0.00,0.00,10,116,-69.50,-126.00,-65.00,-64.50,-64.00,-50.00,16,5,-51.72,6.72,25.50,44.00,0,0,0.00,0.00,0.00,0.00,0.00,0.00,0,0,
1749054315543,6,0,0,0.00,0.00,0.00,10,111,-70.38,-126.00,-72.50,-65.00,-64.00,-50.00,16,5,-52.59,6.69,25.50,44.00,1,0,0.00,0.00,0.00,0.00,0.00,0.00,0,0,
1749054316543,6,0,0,0.00,0.00,0.00,10,116,-70.38,-126.00,-72.50,-65.00,-64.00,-50.00,16,5,-52.59,6.69,26.00,44.00,1,0,0.00,0.00,0.00,0.00,0.00,0.00,0,0,
1749054317543,6,0,0,0.00,0.00,0.00,10,116,-66.62,-80.00,-80.00,-65.00,-64.00,-50.00,16,5,-48.84,6.82,25.00,44.00,1,0,0.00,0.00,0.00,0.00,0.00,0.00,0,0,
1749054318543,6,0,0,0.00,0.00,0.00,10,116,-61.06,-80.00,-65.00,-64.00,-50.00,-50.00,16,5,-43.28,7.05,25.50,44.00,1,0,0.00,0.00,0.00,0.00,0.00,0.00,0,0,
1749054319543,6,0,0,0.00,0.00,0.00,10,116,-59.38,-65.00,-65.00,-65.00,-50.00,-50.00,16,5,-41.59,7.14,26.50,44.00,1,0,0.00,0.00,0.00,0.00,0.00,0.00,0,0,
1749054320544,6,0,0,0.00,0.00,0.00,10,111,-61.19,-80.00,-65.00,-65.00,-50.00,-50.00,16,28,-35.92,47.69,24.00,44.00,0,0,0.00,0.00,0.00,0.00,0.00,0.00,0,0,
1749054321543,6,0,0,0.00,0.00,0.00,10,116,-61.19,-80.00,-65.00,-65.00,-50.00,-50.00,16,28,-35.92,47.69,24.50,44.00,0,0,0.00,0.00,0.00,0.00,0.00,0.00,0,0,
1749054322543,6,0,0,0.00,0.00,0.00,10,116,-64.12,-126.00,-65.00,-65.00,-50.00,-50.00,16,28,-38.86,46.20,24.00,44.00,0,0,0.00,0.00,0.00,0.00,0.00,0.00,0,0,
1749054323543,6,0,0,0.00,0.00,0.00,10,116,-64.81,-80.00,-65.00,-65.00,-64.00,-50.00,16,28,-39.55,45.89,24.50,44.00,0,0,0.00,0.00,0.00,0.00,0.00,0.00,0,0,
1749054324543,6,0,0,0.00,0.00,0.00,10,116,-69.62,-126.00,-65.00,-65.00,-64.00,-50.00,16,28,-44.36,43.95,24.50,44.00,0,0,0.00,0.00,0.00,0.00,0.00,0.00,0,0,
1749054325543,6,0,0,0.00,0.00,0.00,5,83,-76.75,-126.00,-82.50,-65.00,-65.00,-50.00,16,5,-58.97,6.51,26.00,44.00,0,0,0.00,0.00,0.00,0.00,0.00,0.00,0,0,
1749054326543,6,0,0,0.00,0.00,0.00,10,78,-76.75,-126.00,-82.50,-65.00,-65.00,-50.00,16,5,-58.97,6.51,24.50,44.00,0,0,0.00,0.00,0.00,0.00,0.00,0.00,0,0,
1749054327543,6,0,0,0.00,0.00,0.00,10,116,-87.88,-126.00,-126.00,-65.00,-65.00,-65.00,16,5,-70.09,6.27,25.00,43.00,0,0,0.00,0.00,0.00,0.00,0.00,0.00,0,0,
1749054328543,6,0,0,0.00,0.00,0.00,10,116,-72.62,-126.00,-65.00,-65.00,-65.00,-65.00,16,5,-54.84,6.62,25.50,43.00,0,0,0.00,0.00,0.00,0.00,0.00,0.00,0,0,
1749054329543,6,0,0,0.00,0.00,0.00,10,116,-64.56,-65.00,-65.00,-65.00,-64.00,-64.00,16,5,-46.78,6.90,24.50,43.00,0,0,0.00,0.00,0.00,0.00,0.00,0.00,0,0,
1749054330543,6,0,0,0.00,0.00,0.00,10,116,-64.56,-65.00,-65.00,-65.00,-64.00,-64.00,16,5,-46.78,6.90,25.50,42.00,0,0,0.00,0.00,0.00,0.00,0.00,0.00,0,0,
1749054331543,6,0,0,0.00,0.00,0.00,10,111,-64.62,-65.00,-65.00,-65.00,-64.00,-64.00,16,5,-46.84,6.90,24.50,42.00,0,0,0.00,0.00,0.00,0.00,0.00,0.00,0,0,
1749054332543,6,0,0,0.00,0.00,0.00,10,116,-64.62,-65.00,-65.00,-65.00,-64.00,-64.00,16,5,-46.84,6.90,26.00,43.00,0,0,0.00,0.00,0.00,0.00,0.00,0.00,0,0,
1749054333543,6,0,0,0.00,0.00,0.00,10,116,-64.62,-65.00,-65.00,-65.00,-64.00,-64.00,16,5,-46.84,6.90,26.00,42.00,0,0,0.00,0.00,0.00,0.00,0.00,0.00,0,0,
1749054334543,6,0,0,0.00,0.00,0.00,10,116,-64.50,-65.00,-65.00,-64.50,-64.00,-64.00,16,5,-46.72,6.90,25.50,42.00,0,0,0.00,0.00,0.00,0.00,0.00,0.00,0,0,
1749054335543,6,0,0,0.00,0.00,0.00,10,116,-64.50,-65.00,-65.00,-64.50,-64.00,-64.00,16,5,-46.72,6.90,27.00,43.00,0,0,0.00,0.00,0.00,0.00,0.00,0.00,0,0,
1749054336543,6,0,0,0.00,0.00,0.00,10,111,-64.44,-65.00,-65.00,-64.00,-64.00,-64.00,16,5,-46.66,6.91,26.00,43.00,0,0,0.00,0.00,0.00,0.00,0.00,0.00,0,0,
1749054337543,6,0,0,0.00,0.00,0.00,10,116,-64.50,-65.00,-65.00,-64.50,-64.00,-64.00,16,5,-46.72,6.90,26.00,43.00,0,0,0.00,0.00,0.00,0.00,0.00,0.00,0,0,
1749054338543,6,0,0,0.00,0.00,0.00,10,116,-64.62,-65.00,-65.00,-65.00,-64.00,-64.00,16,5,-46.84,6.90,25.00,43.00,0,0,0.00,0.00,0.00,0.00,0.00,0.00,0,0,
1749054339543,6,0,0,0.00,0.00,0.00,10,116,-64.62,-65.00,-65.00,-65.00,-64.00,-64.00,16,5,-46.84,6.90,23.50,43.00,0,0,0.00,0.00,0.00,0.00,0.00,0.00,0,0,
1749054340543,6,0,0,0.00,0.00,0.00,10,116,-72.19,-126.00,-65.00,-65.00,-64.00,-64.00,16,5,-54.41,6.63,26.00,43.00,0,0,0.00,0.00,0.00,0.00,0.00,0.00,0,0,
1749054341543,6,0,0,0.00,0.00,0.00,10,111,-72.25,-126.00,-65.00,-65.00,-64.00,-64.00,16,5,-54.47,6.63,24.50,43.00,0,0,0.00,0.00,0.00,0.00,0.00,0.00,0,0,
1749054342543,6,7,1,0.00,7.81,2.01,313,329,-68.25,-126.00,-65.00,-64.00,-64.00,-64.00,16,5,-50.47,6.76,25.00,41.00,0,0,0.00,0.00,0.00,0.00,0.00,0.00,0,0,
1749054343543,6,0,0,0.00,0.00,0.00,10,116,-81.88,-126.00,-103.00,-65.00,-64.50,-64.00,16,5,-64.09,6.39,25.50,42.00,0,0,0.00,0.00,0.00,0.00,0.00,0.00,0,0,
1749054344543,6,0,0,0.00,0.00,0.00,10,116,-81.88,-126.00,-103.00,-65.00,-64.50,-64.00,16,5,-64.09,6.39,25.00,42.00,0,0,0.00,0.00,0.00,0.00,0.00,0.00,0,0,
1749054345543,6,0,0,0.00,0.00,0.00,10,116,-79.79,-126.00,-80.00,-80.00,-64.00,-64.00,14,5,-62.00,6.43,25.50,42.00,0,0,0.00,0.00,0.00,0.00,0.00,0.00,0,0,
1749054346543,6,0,0,0.00,0.00,0.00,10,111,-74.06,-80.00,-80.00,-80.00,-64.00,-64.00,16,5,-56.28,6.58,25.50,42.00,0,0,0.00,0.00,0.00,0.00,0.00,0.00,0,0,
1749054347543,6,0,0,0.00,0.00,0.00,10,116,-74.88,-126.00,-80.00,-72.00,-64.00,-64.00,16,5,-57.09,6.56,25.50,43.00,0,0,0.00,0.00,0.00,0.00,0.00,0.00,0,0,
1749054348543,6,0,0,0.00,0.00,0.00,10,116,-74.88,-126.00,-80.00,-72.00,-64.00,-64.00,16,5,-57.09,6.56,25.00,42.00,0,0,0.00,0.00,0.00,0.00,0.00,0.00,0,0,
1749054349543,6,0,0,0.00,0.00,0.00,10,116,-70.06,-80.00,-80.00,-64.00,-64.00,-64.00,16,5,-52.28,6.70,26.00,42.00,0,0,0.00,0.00,0.00,0.00,0.00,0.00,0,0,
1749054350543,6,0,0,0.00,0.00,0.00,10,116,-75.00,-126.00,-80.00,-72.50,-64.00,-64.00,16,5,-57.22,6.55,25.00,42.00,0,0,0.00,0.00,0.00,0.00,0.00,0.00,0,0,
1749054351543,6,0,0,0.00,0.00,0.00,10,111,-73.60,-80.00,-80.00,-80.00,-64.00,-64.00,15,5,-55.82,6.59,24.50,42.00,0,0,0.00,0.00,0.00,0.00,0.00,0.00,0,0,
1749054352543,6,0,0,0.00,0.00,0.00,10,116,-79.69,-126.00,-80.00,-80.00,-64.00,-64.00,13,5,-61.91,6.44,25.50,42.00,0,0,0.00,0.00,0.00,0.00,0.00,0.00,0,0,
1749054353543,6,0,0,0.00,0.00,0.00,10,116,-79.69,-126.00,-80.00,-80.00,-64.00,-64.00,13,5,-61.91,6.44,25.50,43.00,0,0,0.00,0.00,0.00,0.00,0.00,0.00,0,0,
1749054354543,6,0,0,0.00,0.00,0.00,10,116,-71.38,-80.00,-80.00,-64.00,-64.00,-64.00,13,5,-53.60,6.66,25.00,42.00,0,0,0.00,0.00,0.00,0.00,0.00,0.00,0,0,
1749054355543,6,0,0,0.00,0.00,0.00,10,116,-71.77,-80.00,-80.00,-65.00,-65.00,-64.00,13,5,-53.99,6.65,24.50,42.00,0,0,0.00,0.00,0.00,0.00,0.00,0.00,0,0,
1749054356543,6,0,0,0.00,0.00,0.00,10,111,-66.62,-80.00,-65.00,-65.00,-64.50,-64.00,16,5,-48.84,6.82,25.00,43.00,0,0,0.00,0.00,0.00,0.00,0.00,0.00,0,0,
1749054357543,6,0,0,0.00,0.00,0.00,10,116,-66.44,-80.00,-65.00,-64.50,-64.00,-50.00,16,5,-48.66,6.83,26.50,43.00,0,0,0.00,0.00,0.00,0.00,0.00,0.00,0,0,
1749054358543,6,3,0,0.00,3.40,0.67,184,270,-66.44,-80.00,-65.00,-64.50,-64.00,-50.00,16,5,-48.66,6.83,25.50,38.00,0,0,0.00,0.00,0.00,0.00,0.00,0.00,0,0,
1749054359543,6,0,0,0.00,0.00,0.00,10,121,-67.38,-80.00,-65.00,-65.00,-64.00,-64.00,16,5,-49.59,6.79,26.00,42.00,0,0,0.00,0.00,0.00,0.00,0.00,0.00,0,0,
1749054360543,6,0,0,0.00,0.00,0.00,10,116,-72.00,-80.00,-80.00,-72.00,-64.00,-64.00,14,5,-54.22,6.64,26.00,42.00,0,0,0.00,0.00,0.00,0.00,0.00,0.00,0,0,
1749054361543,6,0,0,0.00,0.00,0.00,10,111,-78.36,-126.00,-80.00,-80.00,-64.00,-64.00,11,5,-60.58,6.47,25.50,42.00,0,0,0.00,0.00,0.00,0.00,0.00,0.00,0,0,
1749054362543,6,0,0,0.00,0.00,0.00,10,116,-78.36,-126.00,-80.00,-80.00,-64.00,-64.00,11,5,-60.58,6.47,24.50,42.00,0,0,0.00,0.00,0.00,0.00,0.00,0.00,0,0,
1749054363543,6,0,0,0.00,0.00,0.00,10,116,-88.87,-126.00,-126.00,-80.00,-64.00,-64.00,15,5,-71.09,6.25,25.50,42.00,0,0,0.00,0.00,0.00,0.00,0.00,0.00,0,0,
1749054364543,6,0,0,0.00,0.00,0.00,10,116,-72.88,-126.00,-80.00,-64.00,-64.00,-64.00,16,5,-55.09,6.61,25.50,42.00,0,0,0.00,0.00,0.00,0.00,0.00,0.00,0,0,
1749054365544,6,0,0,0.00,0.00,0.00,10,116,-73.25,-126.00,-80.00,-65.00,-64.50,-64.00,16,5,-55.47,6.60,25.50,42.00,0,0,0.00,0.00,0.00,0.00,0.00,0.00,0,0,
1749054366543,6,0,0,0.00,0.00,0.00,10,111,-74.13,-126.00,-80.00,-65.00,-64.00,-64.00,15,5,-56.35,6.58,25.00,43.00,1,0,0.00,0.00,0.00,0.00,0.00,0.00,0,0,
1749054367543,6,0,0,0.00,0.00,0.00,10,116,-74.13,-126.00,-80.00,-65.00,-64.00,-64.00,15,5,-56.35,6.58,25.50,43.00,1,0,0.00,0.00,0.00,0.00,0.00,0.00,0,0,
1749054368543,6,0,0,0.00,0.00,0.00,10,116,-71.25,-115.00,-72.50,-65.00,-65.00,-50.00,16,5,-53.47,6.66,25.00,43.00,1,0,0.00,0.00,0.00,0.00,0.00,0.00,0,0,
1749054369543,6,1,1,0.00,1.74,1.26,69,302,-69.12,-126.00,-65.00,-65.00,-57.50,-50.00,16,5,-51.34,6.73,24.00,43.00,1,0,0.00,0.05,0.00,0.00,0.00,0.00,0,0,
1749054370543,6,0,0,0.00,0.00,0.00,10,116,-64.38,-115.00,-72.50,-65.00,-50.00,-50.00,16,5,-46.59,6.91,25.50,43.00,1,0,0.00,0.04,0.00,0.00,0.00,0.00,0,0,
1749054371543,6,0,0,0.00,0.00,0.00,10,111,-64.38,-115.00,-72.50,-65.00,-50.00,-50.00,16,28,-39.11,46.09,23.50,44.00,0,0,0.00,0.03,0.00,0.00,0.00,0.00,0,0,
1749054372543,6,0,0,0.00,0.00,0.00,10,116,-66.94,-126.00,-80.00,-65.00,-50.00,-50.00,16,28,-41.67,44.97,24.00,44.00,0,0,0.00,0.03,0.00,0.00,0.00,0.00,0,0,
1749054373543,6,0,0,0.00,0.00,0.00,10,116,-64.88,-80.00,-65.00,-65.00,-64.50,-50.00,16,28,-39.61,45.86,24.00,44.00,0,0,0.00,0.02,0.00,0.00,0.00,0.00,0,0,
1749054374543,6,0,0,0.00,0.00,0.00,10,116,-61.81,-65.00,-65.00,-64.00,-64.00,-50.00,16,28,-36.55,47.35,25.00,44.00,0,0,0.00,0.02,0.00,0.00,0.00,0.00,0,0,
1749054375543,6,0,0,0.00,0.00,0.00,10,116,-64.88,-80.00,-65.00,-65.00,-65.00,-50.00,16,28,-39.61,45.86,24.50,44.00,0,0,0.00,0.02,0.00,0.00,0.00,0.00,0,0,
1749054376543,6,0,0,0.00,0.00,0.00,5,83,-64.88,-80.00,-65.00,-65.00,-65.00,-50.00,16,5,-47.09,6.89,25.00,44.00,0,0,0.00,0.02,0.00,0.00,0.00,0.00,0,0,
1749054377543,6,0,0,0.00,0.00,0.00,10,78,-67.44,-80.00,-72.50,-65.00,-64.00,-50.00,16,5,-49.66,6.79,25.00,43.00,0,0,0.00,0.01,0.00,0.00,0.00,0.00,0,0,
1749054378543,6,0,0,0.00,0.00,0.00,10,116,-71.50,-126.00,-65.00,-65.00,-64.50,-50.00,16,5,-53.72,6.66,25.00,42.00,0,0,0.00,0.01,0.00,0.00,0.00,0.00,0,0,
1749054379543,6,0,0,0.00,0.00,0.00,10,116,-64.88,-65.00,-65.00,-65.00,-65.00,-64.00,16,5,-47.09,6.89,25.50,43.00,0,0,0.00,0.01,0.00,0.00,0.00,0.00,0,0,
1749054380543,6,0,0,0.00,0.00,0.00,10,116,-64.88,-65.00,-65.00,-65.00,-65.00,-64.00,16,5,-47.09,6.89,26.00,44.00,0,0,0.00,0.01,0.00,0.00,0.00,0.00,0,0,
1749054381543,6,0,0,0.00,0.00,0.00,10,116,-65.00,-65.00,-65.00,-65.00,-65.00,-65.00,16,5,-47.22,6.88,26.00,44.00,0,0,0.00,0.01,0.00,0.00,0.00,0.00,0,0,
1749054382543,6,0,0,0.00,0.00,0.00,10,111,-64.81,-65.00,-65.00,-65.00,-65.00,-64.00,16,5,-47.03,6.89,24.50,43.00,0,0,0.00,0.01,0.00,0.00,0.00,0.00,0,0,
1749054383543,6,0,0,0.00,0.00,0.00,10,116,-59.94,-65.00,-65.00,-64.00,-50.00,-50.00,16,5,-42.16,7.11,25.00,44.00,0,0,0.00,0.01,0.00,0.00,0.00,0.00,0,0,
1749054384543,6,0,0,0.00,0.00,0.00,10,116,-69.56,-126.00,-65.00,-65.00,-64.00,-50.00,16,5,-51.78,6.72,26.00,44.00,0,0,0.00,0.01,0.00,0.00,0.00,0.00,0,0,
1749054385543,6,0,0,0.00,0.00,0.00,10,116,-69.56,-126.00,-65.00,-65.00,-64.00,-50.00,16,5,-51.78,6.72,25.00,43.00,0,0,0.00,0.01,0.00,0.00,0.00,0.00,0,0,
1749054386543,6,0,0,0.00,0.00,0.00,10,116,-72.38,-126.00,-65.00,-65.00,-64.50,-64.00,16,5,-54.59,6.63,24.50,42.00,0,0,0.00,0.00,0.00,0.00,0.00,0.00,0,0,
1749054387543,6,0,0,0.00,0.00,0.00,10,111,-68.56,-126.00,-65.00,-65.00,-64.50,-64.00,16,5,-50.78,6.75,24.50,43.00,0,0,0.00,0.00,0.00,0.00,0.00,0.00,0,0,
1749054388543,6,0,0,0.00,0.00,0.00,10,116,-68.44,-126.00,-65.00,-65.00,-64.00,-64.00,16,5,-50.66,6.76,25.50,43.00,0,0,0.00,0.00,0.00,0.00,0.00,0.00,0,0,
1749054389543,6,0,0,0.00,0.00,0.00,10,116,-68.44,-126.00,-65.00,-65.00,-64.00,-64.00,16,5,-50.66,6.76,24.50,43.00,0,0,0.00,0.00,0.00,0.00,0.00,0.00,0,0,
1749054390543,6,0,0,0.00,0.00,0.00,10,116,-68.44,-126.00,-65.00,-65.00,-64.00,-64.00,16,5,-50.66,6.76,24.00,43.00,0,0,0.00,0.00,0.00,0.00,0.00,0.00,0,0,
1749054391543,6,0,0,0.00,0.00,0.00,10,116,-79.88,-126.00,-95.50,-65.00,-64.00,-64.00,16,5,-62.09,6.43,24.50,43.00,0,0,0.00,0.00,0.00,0.00,0.00,0.00,0,0,
1749054392543,6,0,0,0.00,0.00,0.00,10,111,-64.44,-65.00,-65.00,-64.00,-64.00,-64.00,16,5,-46.66,6.91,23.50,43.00,0,0,0.00,0.00,0.00,0.00,0.00,0.00,0,0,
1749054393543,6,0,0,0.00,0.00,0.00,10,116,-64.88,-65.00,-65.00,-65.00,-65.00,-64.00,16,5,-47.09,6.89,24.00,43.00,0,0,0.00,0.00,0.00,0.00,0.00,0.00,0,0,
1749054394543,6,0,0,0.00,0.00,0.00,10,116,-64.88,-65.00,-65.00,-65.00,-65.00,-64.00,16,5,-47.09,6.89,25.00,44.00,0,0,0.00,0.00,0.00,0.00,0.00,0.00,0,0,
1749054395543,6,0,0,0.00,0.00,0.00,10,116,-65.00,-65.00,-65.00,-65.00,-65.00,-65.00,16,5,-47.22,6.88,26.00,44.00,0,0,0.00,0.00,0.00,0.00,0.00,0.00,0,0,
1749054396543,6,0,0,0.00,0.00,0.00,10,116,-63.88,-65.00,-65.00,-65.00,-64.50,-50.00,16,5,-46.09,6.93,26.50,43.00,0,0,0.00,0.00,0.00,0.00,0.00,0.00,0,0,
1749054397543,6,0,0,0.00,0.00,0.00,10,111,-65.50,-80.00,-65.00,-65.00,-64.00,-64.00,16,5,-47.72,6.86,25.00,44.00,0,0,0.00,0.00,0.00,0.00,0.00,0.00,0,0,
1749054398543,6,0,0,0.00,0.00,0.00,10,116,-73.25,-126.00,-65.00,-65.00,-64.00,-64.00,16,5,-55.47,6.60,23.50,44.00,0,0,0.00,0.00,0.00,0.00,0.00,0.00,0,0,
1749054399543,6,0,0,0.00,0.00,0.00,10,116,-73.25,-126.00,-65.00,-65.00,-64.00,-64.00,16,5,-55.47,6.60,24.50,44.00,0,0,0.00,0.00,0.00,0.00,0.00,0.00,0,0,
1749054400543,6,0,0,0.00,0.00,0.00,10,116,-64.44,-65.00,-65.00,-64.00,-64.00,-64.00,16,5,-46.66,6.91,25.50,44.00,0,0,0.00,0.00,0.00,0.00,0.00,0.00,0,0,
1749054401543,6,0,0,0.00,0.00,0.00,10,116,-64.25,-65.00,-64.50,-64.00,-64.00,-64.00,16,5,-46.47,6.91,24.50,44.00,0,0,0.00,0.00,0.00,0.00,0.00,0.00,0,0,
1749054402543,6,0,0,0.00,0.00,0.00,10,111,-64.81,-65.00,-65.00,-65.00,-65.00,-64.00,16,5,-47.03,6.89,25.00,44.00,0,0,0.00,0.00,0.00,0.00,0.00,0.00,0,0,
1749054403543,6,0,0,0.00,0.00,0.00,10,116,-64.81,-65.00,-65.00,-65.00,-65.00,-64.00,16,5,-47.03,6.89,24.50,44.00,0,0,0.00,0.00,0.00,0.00,0.00,0.00,0,0,
1749054404543,6,0,0,0.00,0.00,0.00,10,116,-64.75,-65.00,-65.00,-65.00,-64.50,-64.00,16,5,-46.97,6.89,25.00,44.00,0,0,0.00,0.00,0.00,0.00,0.00,0.00,0,0,
1749054405543,6,0,0,0.00,0.00,0.00,10,116,-64.94,-65.00,-65.00,-65.00,-65.00,-64.00,16,5,-47.16,6.89,26.50,44.00,0,0,0.00,0.00,0.00,0.00,0.00,0.00,0,0,
1749054406543,6,0,0,0.00,0.00,0.00,10,116,-64.50,-65.00,-65.00,-64.50,-64.00,-64.00,16,5,-46.72,6.90,24.50,45.00,0,0,0.00,0.00,0.00,0.00,0.00,0.00,0,0,
1749054407543,6,0,0,0.00,0.00,0.00,10,111,-64.38,-65.00,-65.00,-64.00,-64.00,-64.00,16,5,-46.59,6.91,24.00,45.00,0,0,0.00,0.00,0.00,0.00,0.00,0.00,0,0,
1749054408543,6,0,0,0.00,0.00,0.00,10,116,-64.38,-65.00,-65.00,-64.00,-64.00,-64.00,16,5,-46.59,6.91,24.50,45.00,0,0,0.00,0.00,0.00,0.00,0.00,0.00,0,0,
1749054409543,6,0,0,0.00,0.00,0.00,10,116,-64.56,-65.00,-65.00,-65.00,-64.00,-64.00,16,5,-46.78,6.90,25.00,45.00,0,0,0.00,0.00,0.00,0.00,0.00,0.00,0,0,
1749054410543,6,0,0,0.00,0.00,0.00,10,116,-64.56,-80.00,-65.00,-64.50,-64.00,-50.00,16,5,-46.78,6.90,25.50,44.00,0,0,0.00,0.00,0.00,0.00,0.00,0.00,0,0,
1749054411543,6,0,0,0.00,0.00,0.00,10,116,-71.31,-80.00,-80.00,-65.00,-64.50,-64.00,16,5,-53.53,6.66,26.00,45.00,0,0,0.00,0.00,0.00,0.00,0.00,0.00,0,0,
1749054412543,6,0,0,0.00,0.00,0.00,10,111,-71.31,-80.00,-80.00,-65.00,-64.50,-64.00,16,5,-53.53,6.66,25.00,45.00,0,0,0.00,0.00,0.00,0.00,0.00,0.00,0,0,
1749054413543,6,0,0,0.00,0.00,0.00,10,116,-72.06,-126.00,-80.00,-64.50,-64.00,-64.00,16,5,-54.28,6.64,26.50,43.00,0,0,0.00,0.00,0.00,0.00,0.00,0.00,0,0,
1749054414543,6,0,0,0.00,0.00,0.00,10,116,-67.38,-80.00,-72.50,-64.50,-64.00,-50.00,16,5,-49.59,6.79,26.50,43.00,0,0,0.00,0.00,0.00,0.00,0.00,0.00,0,0,
1749054415543,6,0,0,0.00,0.00,0.00,10,116,-68.38,-80.00,-80.00,-65.00,-64.00,-50.00,16,5,-50.59,6.76,25.00,44.00,0,0,0.00,0.00,0.00,0.00,0.00,0.00,0,0,
1749054416543,6,0,0,0.00,0.00,0.00,10,116,-70.50,-126.00,-80.00,-65.00,-64.00,-50.00,16,5,-52.72,6.69,25.50,44.00,0,0,0.00,0.00,0.00,0.00,0.00,0.00,0,0,
1749054417543,6,0,0,0.00,0.00,0.00,10,111,-70.50,-126.00,-80.00,-65.00,-64.00,-50.00,16,5,-52.72,6.69,24.00,45.00,1,0,0.00,0.00,0.00,0.00,0.00,0.00,0,0,
1749054418543,6,0,0,0.00,0.00,0.00,10,116,-80.25,-126.00,-95.50,-65.00,-65.00,-65.00,16,5,-62.47,6.42,24.50,44.00,1,0,0.00,0.00,0.00,0.00,0.00,0.00,0,0,
1749054419543,6,0,0,0.00,0.00,0.00,10,116,-71.62,-126.00,-65.00,-65.00,-65.00,-50.00,16,5,-53.84,6.65,24.50,45.00,1,0,0.00,0.00,0.00,0.00,0.00,0.00,0,0,
1749054420543,6,0,0,0.00,0.00,0.00,10,116,-70.62,-126.00,-65.00,-65.00,-64.50,-50.00,16,5,-52.84,6.68,25.00,45.00,1,0,0.00,0.00,0.00,0.00,0.00,0.00,0,0,
1749054421543,6,0,0,0.00,0.00,0.00,10,116,-68.62,-126.00,-65.00,-65.00,-65.00,-64.00,16,5,-50.84,6.75,26.00,44.00,1,0,0.00,0.00,0.00,0.00,0.00,0.00,0,0,
1749054422543,6,0,0,0.00,0.00,0.00,10,111,-68.62,-126.00,-65.00,-65.00,-65.00,-64.00,16,28,-43.36,44.31,23.50,44.00,0,0,0.00,0.00,0.00,0.00,0.00,0.00,0,0,
1749054423543,6,0,0,0.00,0.00,0.00,10,116,-66.75,-126.00,-65.00,-65.00,-64.00,-50.00,16,28,-41.49,45.05,24.50,43.00,0,0,0.00,0.00,0.00,0.00,0.00,0.00,0,0,
1749054424543,6,0,0,0.00,0.00,0.00,10,116,-66.88,-126.00,-65.00,-65.00,-65.00,-50.00,16,28,-41.61,45.00,24.50,44.00,0,0,0.00,0.00,0.00,0.00,0.00,0.00,0,0,
1749054425543,6,0,0,0.00,0.00,0.00,10,116,-64.81,-65.00,-65.00,-65.00,-65.00,-64.00,16,28,-39.55,45.89,24.50,44.00,0,0,0.00,0.00,0.00,0.00,0.00,0.00,0,0,
1749054426543,6,0,0,0.00,0.00,0.00,10,116,-64.81,-65.00,-65.00,-65.00,-65.00,-64.00,16,28,-39.55,45.89,24.00,45.00,0,0,0.00,0.00,0.00,0.00,0.00,0.00,0,0,
1749054427543,6,0,0,0.00,0.00,0.00,5,55,-64.81,-65.00,-65.00,-65.00,-65.00,-64.00,16,5,-47.03,6.89,23.50,43.00,0,0,0.00,0.00,0.00,0.00,0.00,0.00,0,0,
1749054428543,6,0,0,0.00,0.00,0.00,10,106,-65.69,-80.00,-65.00,-65.00,-64.50,-64.00,16,5,-47.91,6.86,23.00,43.00,0,0,0.00,0.00,0.00,0.00,0.00,0.00,0,0,
1749054429543,6,1,2,226.00,2.06,2.54,137,414,-65.00,-65.00,-65.00,-65.00,-65.00,-65.00,16,5,-47.22,6.88,24.00,43.00,1,0,0.00,0.00,0.00,0.00,0.00,0.00,0,0,
1749054430543,6,0,0,0.00,0.00,0.00,10,85,-65.69,-80.00,-65.00,-65.00,-64.50,-64.00,16,5,-47.91,6.86,24.00,44.00,0,1,0.00,0.00,0.00,0.00,0.00,0.00,0,0,
1749054431543,6,0,0,0.00,0.00,0.00,10,116,-65.69,-80.00,-65.00,-65.00,-64.50,-64.00,16,5,-47.91,6.86,25.50,43.00,0,0,0.00,0.00,0.00,0.00,0.00,0.00,0,0,
1749054432543,6,0,0,0.00,0.00,0.00,10,116,-64.88,-65.00,-65.00,-65.00,-65.00,-64.00,16,5,-47.09,6.89,24.00,45.00,0,0,0.00,0.00,0.00,0.00,0.00,0.00,0,0,
1749054433543,6,0,0,0.00,0.00,0.00,10,111,-65.44,-80.00,-65.00,-64.50,-64.00,-64.00,16,5,-47.66,6.87,24.50,45.00,0,0,0.00,0.00,0.00,0.00,0.00,0.00,0,0,
1749054434543,6,0,0,0.00,0.00,0.00,10,116,-64.62,-65.00,-65.00,-65.00,-64.00,-64.00,16,5,-46.84,6.90,25.00,45.00,0,0,0.00,0.00,0.00,0.00,0.00,0.00,0,0,
1749054435543,6,0,0,0.00,0.00,0.00,10,116,-64.62,-65.00,-65.00,-65.00,-64.00,-64.00,16,5,-46.84,6.90,25.50,45.00,0,0,0.00,0.00,0.00,0.00,0.00,0.00,0,0,
1749054436543,6,0,0,0.00,0.00,0.00,10,116,-64.75,-65.00,-65.00,-65.00,-64.50,-64.00,16,5,-46.97,6.89,25.00,45.00,0,0,0.00,0.00,0.00,0.00,0.00,0.00,0,0,
1749054437543,6,0,0,0.00,0.00,0.00,10,116,-64.69,-65.00,-65.00,-65.00,-64.00,-64.00,16,5,-46.91,6.90,25.00,45.00,0,0,0.00,0.00,0.00,0.00,0.00,0.00,0,0,
1749054438543,6,0,0,0.00,0.00,0.00,10,111,-64.69,-65.00,-65.00,-65.00,-64.00,-64.00,16,5,-46.91,6.90,25.00,45.00,0,0,0.00,0.00,0.00,0.00,0.00,0.00,0,0,
1749054439543,6,0,0,0.00,0.00,0.00,10,116,-64.69,-65.00,-65.00,-65.00,-64.00,-64.00,16,5,-46.91,6.90,24.00,44.00,0,0,0.00,0.00,0.00,0.00,0.00,0.00,0,0,
1749054440543,6,0,0,0.00,0.00,0.00,10,116,-64.69,-65.00,-65.00,-65.00,-64.00,-64.00,16,5,-46.91,6.90,24.50,45.00,0,0,0.00,0.00,0.00,0.00,0.00,0.00,0,0,
1749054441543,6,0,0,0.00,0.00,0.00,10,116,-72.31,-126.00,-65.00,-65.00,-64.00,-64.00,16,5,-54.53,6.63,24.50,44.00,0,0,0.00,0.00,0.00,0.00,0.00,0.00,0,0,
1749054442543,6,0,0,0.00,0.00,0.00,10,116,-72.12,-126.00,-65.00,-64.50,-64.00,-64.00,16,5,-54.34,6.64,25.50,45.00,0,0,0.00,0.00,0.00,0.00,0.00,0.00,0,0,
1749054443543,6,0,0,0.00,0.00,0.00,10,111,-64.88,-65.00,-65.00,-65.00,-65.00,-64.00,16,5,-47.09,6.89,25.00,45.00,0,0,0.00,0.00,0.00,0.00,0.00,0.00,0,0,
1749054444543,6,0,0,0.00,0.00,0.00,10,116,-64.88,-65.00,-65.00,-65.00,-65.00,-64.00,16,5,-47.09,6.89,25.00,45.00,0,0,0.00,0.00,0.00,0.00,0.00,0.00,0,0,
1749054445543,6,0,0,0.00,0.00,0.00,10,116,-65.56,-80.00,-65.00,-65.00,-64.00,-50.00,16,5,-47.78,6.86,24.50,45.00,0,0,0.00,0.00,0.00,0.00,0.00,0.00,0,0,
1749054446543,6,0,0,0.00,0.00,0.00,10,116,-76.06,-126.00,-80.00,-65.00,-64.00,-64.00,16,5,-58.28,6.53,24.50,46.00,0,0,0.00,0.00,0.00,0.00,0.00,0.00,0,0,
1749054447543,6,0,0,0.00,0.00,0.00,10,116,-71.38,-126.00,-80.00,-65.00,-64.00,-50.00,16,5,-53.59,6.66,24.50,45.00,0,0,0.00,0.00,0.00,0.00,0.00,0.00,0,0,
1749054448543,6,0,0,0.00,0.00,0.00,10,111,-67.56,-126.00,-65.00,-64.50,-64.00,-50.00,16,5,-49.78,6.79,24.50,44.00,0,0,0.00,0.00,0.00,0.00,0.00,0.00,0,0,
1749054449543,6,0,0,0.00,0.00,0.00,10,116,-67.56,-126.00,-65.00,-64.50,-64.00,-50.00,16,5,-49.78,6.79,25.50,44.00,0,0,0.00,0.00,0.00,0.00,0.00,0.00,0,0,
1749054450543,6,0,0,0.00,0.00,0.00,10,116,-71.56,-126.00,-65.00,-65.00,-64.50,-50.00,16,5,-53.78,6.65,25.50,44.00,0,0,0.00,0.00,0.00,0.00,0.00,0.00,0,0,
1749054451543,6,0,0,0.00,0.00,0.00,10,116,-73.56,-126.00,-80.00,-65.00,-65.00,-50.00,16,5,-55.78,6.59,25.50,44.00,0,0,0.00,0.00,0.00,0.00,0.00,0.00,0,0,
1749054452543,6,0,0,0.00,0.00,0.00,10,116,-66.00,-126.00,-65.00,-65.00,-50.00,-50.00,16,5,-48.22,6.84,25.00,44.00,0,0,0.00,0.00,0.00,0.00,0.00,0.00,0,0,
1749054453543,6,0,0,0.00,0.00,0.00,10,111,-71.44,-126.00,-65.00,-65.00,-64.00,-50.00,16,5,-53.66,6.66,24.00,43.00,0,0,0.00,0.00,0.00,0.00,0.00,0.00,0,0,
1749054454543,6,0,0,0.00,0.00,0.00,10,116,-71.44,-126.00,-65.00,-65.00,-64.00,-50.00,16,5,-53.66,6.66,24.50,43.00,0,0,0.00,0.00,0.00,0.00,0.00,0.00,0,0,
1749054455543,6,0,0,0.00,0.00,0.00,10,116,-66.88,-126.00,-65.00,-64.50,-50.00,-50.00,16,5,-49.09,6.81,24.50,43.00,0,0,0.00,0.00,0.00,0.00,0.00,0.00,0,0,
1749054456543,6,0,0,0.00,0.00,0.00,10,116,-63.00,-80.00,-65.00,-65.00,-64.00,-50.00,16,5,-45.22,6.97,24.50,43.00,0,0,0.00,0.00,0.00,0.00,0.00,0.00,0,0,
1749054457543,6,0,0,0.00,0.00,0.00,10,116,-64.06,-65.00,-65.00,-65.00,-65.00,-50.00,16,5,-46.28,6.92,25.00,43.00,0,0,0.00,0.00,0.00,0.00,0.00,0.00,0,0,
1749054458543,6,0,0,0.00,0.00,0.00,10,111,-64.06,-65.00,-65.00,-65.00,-65.00,-50.00,16,5,-46.28,6.92,23.50,43.00,0,0,0.00,0.00,0.00,0.00,0.00,0.00,0,0,
1749054459543,6,0,0,0.00,0.00,0.00,10,116,-64.06,-65.00,-65.00,-65.00,-65.00,-50.00,16,5,-46.28,6.92,25.00,43.00,0,0,0.00,0.00,0.00,0.00,0.00,0.00,0,0,
1749054460543,6,0,0,0.00,0.00,0.00,10,116,-65.00,-65.00,-65.00,-65.00,-65.00,-65.00,16,5,-47.22,6.88,24.50,42.00,0,0,0.00,0.00,0.00,0.00,0.00,0.00,0,0,
1749054461543,6,0,0,0.00,0.00,0.00,10,116,-76.12,-126.00,-65.00,-65.00,-64.00,-64.00,16,5,-58.34,6.52,24.00,43.00,0,0,0.00,0.00,0.00,0.00,0.00,0.00,0,0,
1749054462543,6,0,0,0.00,0.00,0.00,10,116,-76.31,-126.00,-65.00,-65.00,-65.00,-64.00,16,5,-58.53,6.52,25.00,41.00,0,0,0.00,0.00,0.00,0.00,0.00,0.00,0,0,
1749054463543,6,0,0,0.00,0.00,0.00,10,111,-76.31,-126.00,-65.00,-65.00,-65.00,-64.00,16,5,-58.53,6.52,25.00,43.00,0,0,0.00,0.00,0.00,0.00,0.00,0.00,0,0,
1749054464543,6,0,0,0.00,0.00,0.00,10,116,-68.50,-126.00,-65.00,-65.00,-64.00,-64.00,16,5,-50.72,6.75,26.50,42.00,0,0,0.00,0.00,0.00,0.00,0.00,0.00,0,0,
1749054465543,6,0,0,0.00,0.00,0.00,10,116,-64.38,-65.00,-65.00,-64.00,-64.00,-64.00,16,5,-46.59,6.91,25.00,44.00,0,0,0.00,0.00,0.00,0.00,0.00,0.00,0,0,
1749054466543,6,0,0,0.00,0.00,0.00,10,116,-64.50,-65.00,-65.00,-64.50,-64.00,-64.00,16,5,-46.72,6.90,25.00,44.00,0,0,0.00,0.00,0.00,0.00,0.00,0.00,0,0,
1749054467543,6,0,0,0.00,0.00,0.00,10,116,-64.50,-65.00,-65.00,-64.50,-64.00,-64.00,16,5,-46.72,6.90,25.00,44.00,0,0,0.00,0.00,0.00,0.00,0.00,0.00,0,0,
1749054468543,6,0,0,0.00,0.00,0.00,10,111,-76.06,-126.00,-65.00,-65.00,-64.00,-64.00,16,5,-58.28,6.53,25.00,44.00,1,0,0.00,0.00,0.00,0.00,0.00,0.00,0,0,
1749054469543,6,0,0,0.00,0.00,0.00,10,116,-72.31,-126.00,-65.00,-65.00,-64.00,-64.00,16,5,-54.53,6.63,25.00,44.00,1,0,0.00,0.00,0.00,0.00,0.00,0.00,0,0,
1749054470543,6,0,0,0.00,0.00,0.00,10,116,-64.50,-65.00,-65.00,-64.50,-64.00,-64.00,16,5,-46.72,6.90,24.50,43.00,1,0,0.00,0.00,0.00,0.00,0.00,0.00,0,0,
1749054471543,6,0,0,0.00,0.00,0.00,10,116,-68.56,-126.00,-65.00,-65.00,-64.50,-64.00,16,5,-50.78,6.75,24.50,44.00,1,0,0.00,0.00,0.00,0.00,0.00,0.00,0,0,
1749054472543,6,0,0,0.00,0.00,0.00,10,116,-68.56,-126.00,-65.00,-65.00,-64.50,-64.00,16,5,-50.78,6.75,25.00,43.00,1,0,0.00,0.00,0.00,0.00,0.00,0.00,0,0,
1749054473543,6,0,0,0.00,0.00,0.00,10,111,-64.75,-65.00,-65.00,-65.00,-64.50,-64.00,16,28,-39.49,45.91,23.50,43.00,0,0,0.00,0.00,0.00,0.00,0.00,0.00,0,0,
1749054474543,6,0,0,0.00,0.00,0.00,10,116,-64.75,-65.00,-65.00,-65.00,-64.50,-64.00,16,28,-39.49,45.91,23.50,43.00,0,0,0.00,0.00,0.00,0.00,0.00,0.00,0,0,
1749054475543,6,0,0,0.00,0.00,0.00,10,116,-68.56,-126.00,-65.00,-65.00,-64.50,-64.00,16,28,-43.30,44.34,24.00,43.00,0,0,0.00,0.00,0.00,0.00,0.00,0.00,0,0,
1749054476543,6,0,0,0.00,0.00,0.00,10,116,-68.56,-126.00,-65.00,-65.00,-64.50,-64.00,16,28,-43.30,44.34,24.50,43.00,0,0,0.00,0.00,0.00,0.00,0.00,0.00,0,0,
1749054477543,6,0,0,0.00,0.00,0.00,10,116,-64.81,-65.00,-65.00,-65.00,-65.00,-64.00,16,28,-39.55,45.89,24.00,43.00,0,0,0.00,0.00,0.00,0.00,0.00,0.00,0,0,
1749054478543,6,6,4,0.00,6.59,4.54,286,467,-62.69,-65.00,-65.00,-64.00,-64.00,-50.00,16,5,-44.91,6.98,25.00,41.00,1,1,0.00,0.00,0.00,0.00,0.00,0.00,0,0,
1749054479543,6,0,0,0.00,0.00,0.00,5,50,-64.81,-65.00,-65.00,-65.00,-65.00,-64.00,16,5,-47.03,6.89,24.50,43.00,0,1,0.00,0.00,0.00,0.00,0.00,0.00,0,0,
1749054480543,6,0,0,0.00,0.00,0.00,10,116,-61.94,-65.00,-65.00,-65.00,-64.00,-50.00,16,5,-44.16,7.01,24.00,44.00,0,0,0.00,0.00,0.00,0.00,0.00,0.00,0,0,
1749054481543,6,0,0,0.00,0.00,0.00,10,116,-61.94,-65.00,-65.00,-65.00,-64.00,-50.00,16,5,-44.16,7.01,24.50,44.00,0,0,0.00,0.00,0.00,0.00,0.00,0.00,0,0,
1749054482543,6,0,0,0.00,0.00,0.00,10,116,-65.81,-80.00,-65.00,-65.00,-64.50,-50.00,16,5,-48.03,6.85,26.50,44.00,0,0,0.00,0.00,0.00,0.00,0.00,0.00,0,0,
1749054483543,6,0,0,0.00,0.00,0.00,10,116,-68.69,-80.00,-80.00,-65.00,-65.00,-50.00,16,5,-50.91,6.75,25.50,44.00,0,0,0.00,0.00,0.00,0.00,0.00,0.00,0,0,
1749054484543,6,0,0,0.00,0.00,0.00,10,111,-73.19,-80.00,-80.00,-80.00,-64.50,-64.00,16,5,-55.41,6.60,25.50,43.00,0,0,0.00,0.00,0.00,0.00,0.00,0.00,0,0,
1749054485543,6,0,0,0.00,0.00,0.00,10,116,-68.44,-80.00,-72.50,-65.00,-64.00,-64.00,16,5,-50.66,6.76,24.50,44.00,0,0,0.00,0.00,0.00,0.00,0.00,0.00,0,0,
1749054486543,6,0,0,0.00,0.00,0.00,10,116,-68.44,-80.00,-72.50,-65.00,-64.00,-64.00,16,5,-50.66,6.76,24.50,44.00,0,0,0.00,0.00,0.00,0.00,0.00,0.00,0,0,
1749054487543,6,0,0,0.00,0.00,0.00,10,116,-70.38,-139.00,-65.00,-65.00,-64.50,-50.00,16,5,-52.59,6.69,26.00,44.00,0,0,0.00,0.00,0.00,0.00,0.00,0.00,0,0,
1749054488543,6,0,0,0.00,0.00,0.00,10,116,-66.56,-80.00,-65.00,-65.00,-64.00,-50.00,16,5,-48.78,6.82,24.50,43.00,0,0,0.00,0.00,0.00,0.00,0.00,0.00,0,0,
1749054489543,6,0,0,0.00,0.00,0.00,10,111,-65.44,-80.00,-65.00,-64.00,-64.00,-50.00,16,5,-47.66,6.87,23.50,44.00,0,0,0.00,0.00,0.00,0.00,0.00,0.00,0,0,
1749054490543,6,0,0,0.00,0.00,0.00,10,116,-65.44,-80.00,-65.00,-64.00,-64.00,-50.00,16,5,-47.66,6.87,24.50,44.00,0,0,0.00,0.00,0.00,0.00,0.00,0.00,0,0,
1749054491543,6,0,0,0.00,0.00,0.00,10,116,-63.62,-80.00,-65.00,-64.00,-57.00,-50.00,16,5,-45.84,6.94,25.00,43.00,0,0,0.00,0.00,0.00,0.00,0.00,0.00,0,0,
1749054492543,6,0,0,0.00,0.00,0.00,10,116,-66.56,-80.00,-80.00,-64.50,-64.00,-50.00,16,5,-48.78,6.82,25.00,42.00,0,0,0.00,0.00,0.00,0.00,0.00,0.00,0,0,
1749054493543,6,0,0,0.00,0.74,0.78,40,243,-75.06,-126.00,-80.00,-65.00,-64.00,-50.00,16,5,-57.28,6.55,25.50,40.00,0,0,0.00,0.00,0.00,0.00,0.00,0.00,0,0,
1749054494543,6,0,0,0.00,0.74,0.78,40,248,-75.75,-126.00,-80.00,-64.00,-64.00,-64.00,16,5,-57.97,6.53,25.50,42.00,0,0,0.00,0.00,0.00,0.00,0.00,0.00,0,0,
1749054495543,6,0,0,0.00,0.74,0.78,40,248,-75.75,-126.00,-80.00,-64.00,-64.00,-64.00,16,5,-57.97,6.53,24.50,39.00,0,0,0.00,0.00,0.00,0.00,0.00,0.00,0,0,
1749054496543,6,0,0,0.00,0.74,0.78,40,238,-71.25,-126.00,-80.00,-65.00,-64.00,-50.00,16,5,-53.47,6.66,25.00,41.00,0,0,0.00,0.00,0.00,0.00,0.00,0.00,0,0,
1749054497543,6,0,0,0.00,0.74,0.78,40,243,-72.19,-80.00,-80.00,-72.50,-64.00,-64.00,16,5,-54.41,6.63,25.00,39.00,0,0,0.00,0.00,0.00,0.00,0.00,0.00,0,0,
1749054498543,6,0,0,0.00,0.74,0.78,40,243,-78.00,-126.00,-80.00,-72.50,-64.50,-64.00,16,5,-60.22,6.48,25.50,43.00,0,0,0.00,0.00,0.00,0.00,0.00,0.00,0,0,
1749054499543,6,0,0,0.00,0.74,0.78,40,239,-78.00,-126.00,-80.00,-72.50,-64.50,-64.00,16,5,-60.22,6.48,24.50,41.00,0,0,0.00,0.00,0.00,0.00,0.00,0.00,0,0,
1749054500543,6,0,0,0.00,0.74,0.78,80,248,-72.19,-126.00,-80.00,-65.00,-64.00,-50.00,16,5,-54.41,6.63,24.50,40.00,0,0,0.00,0.00,0.00,0.00,0.00,0.00,0,0,
1749054501543,6,0,0,0.00,0.74,0.78,40,239,-73.00,-126.00,-80.00,-64.50,-64.00,-64.00,16,5,-55.22,6.61,25.50,41.00,0,0,0.00,0.00,0.00,0.00,0.00,0.00,0,0,
1749054502543,6,0,0,0.00,0.74,0.78,40,232,-74.87,-126.00,-80.00,-65.00,-65.00,-64.00,15,5,-57.09,6.56,24.50,38.00,0,0,0.00,0.00,0.00,0.00,0.00,0.00,0,0,
1749054503543,6,0,0,0.00,0.74,0.78,40,243,-75.25,-126.00,-80.00,-72.50,-65.00,-64.00,16,5,-57.47,6.55,26.50,35.00,0,0,0.00,0.00,0.00,0.00,0.00,0.00,0,0,
1749054504543,6,0,0,0.00,0.74,0.74,40,206,-75.25,-126.00,-80.00,-72.50,-65.00,-64.00,16,5,-57.47,6.55,26.50,38.00,0,0,0.00,0.00,0.00,0.00,0.00,0.00,0,0,
1749054505543,6,0,0,0.00,0.74,0.74,40,226,-72.25,-126.00,-80.00,-65.00,-64.00,-64.00,16,5,-54.47,6.63,25.50,41.00,0,0,0.00,0.00,0.00,0.00,0.00,0.00,0,0,
1749054506543,6,0,0,0.00,0.74,0.74,80,226,-79.19,-126.00,-80.00,-80.00,-65.00,-65.00,16,5,-61.41,6.45,25.00,38.00,0,0,0.00,0.00,0.00,0.00,0.00,0.00,0,0,
1749054507543,6,0,0,0.00,0.74,0.74,40,221,-67.50,-80.00,-65.00,-65.00,-64.00,-64.00,16,5,-49.72,6.79,26.00,35.00,0,0,0.00,0.00,0.00,0.00,0.00,0.00,0,0,
1749054508543,6,0,0,0.00,0.74,0.74,40,221,-67.50,-80.00,-65.00,-65.00,-64.00,-64.00,16,5,-49.72,6.79,25.50,41.00,0,0,0.00,0.00,0.00,0.00,0.00,0.00,0,0,
1749054509543,6,0,0,0.00,0.74,0.74,40,201,-78.94,-126.00,-95.50,-65.00,-64.00,-50.00,16,5,-61.16,6.45,24.50,39.00,0,0,0.00,0.00,0.00,0.00,0.00,0.00,0,0,
1749054510543,6,0,0,0.00,0.74,0.74,40,221,-74.56,-126.00,-65.00,-64.00,-64.00,-64.00,16,5,-56.78,6.57,27.00,41.00,0,0,0.00,0.00,0.00,0.00,0.00,0.00,0,0,
1749054511543,6,0,0,0.00,0.74,0.74,40,226,-73.44,-126.00,-65.00,-64.50,-64.00,-50.00,16,5,-55.66,6.60,25.00,40.00,0,0,0.00,0.00,0.00,0.00,0.00,0.00,0,0,
1749054512543,6,0,0,0.00,0.74,0.74,80,226,-61.19,-65.00,-65.00,-65.00,-57.00,-50.00,16,5,-43.41,7.05,24.50,41.00,0,0,0.00,0.00,0.00,0.00,0.00,0.00,0,0,
1749054513543,6,0,0,0.00,0.74,0.78,40,684,-61.19,-65.00,-65.00,-65.00,-57.00,-50.00,16,5,-43.41,7.05,25.50,40.00,0,0,0.00,0.00,0.00,0.00,0.00,0.00,0,0,
1749054514543,6,0,0,0.00,0.74,0.78,40,684,-68.44,-126.00,-65.00,-65.00,-64.00,-64.00,16,5,-50.66,6.76,24.50,42.00,0,0,0.00,0.00,0.00,0.00,0.00,0.00,0,0,
1749054515543,6,8,4,0.00,8.58,5.24,339,637,-69.56,-126.00,-72.50,-65.00,-64.00,-50.00,16,5,-51.78,6.72,24.50,42.00,0,1,0.00,0.00,0.00,0.00,0.00,0.00,0,0,
1749054516543,6,0,0,0.00,0.74,0.78,40,272,-64.62,-65.00,-65.00,-65.00,-64.00,-64.00,16,5,-46.84,6.90,25.00,37.00,2,0,0.00,0.00,0.00,0.00,0.00,0.00,0,0,
1749054517543,6,0,0,0.00,0.74,0.78,40,272,-67.38,-126.00,-65.00,-64.00,-64.00,-50.00,16,5,-49.59,6.79,25.00,40.00,2,0,0.00,0.00,0.00,0.00,0.00,0.00,0,0,
1749054518543,6,0,0,0.00,0.74,0.78,40,272,-67.38,-126.00,-65.00,-64.00,-64.00,-50.00,16,5,-49.59,6.79,26.50,40.00,2,0,0.00,0.00,0.00,0.00,0.00,0.00,0,0,
1749054519543,6,0,0,0.00,0.74,0.78,40,272,-64.62,-80.00,-65.00,-65.00,-64.00,-50.00,16,5,-46.84,6.90,26.00,37.00,2,0,0.00,0.00,0.00,0.00,0.00,0.00,0,0,
1749054520543,6,0,0,0.00,0.74,0.78,40,272,-68.50,-126.00,-65.00,-65.00,-64.00,-64.00,16,5,-50.72,6.75,24.50,37.00,2,0,0.00,0.00,0.00,0.00,0.00,0.00,0,0,
1749054521543,6,0,0,0.00,0.74,0.78,40,257,-63.75,-65.00,-65.00,-65.00,-64.00,-50.00,16,5,-45.97,6.93,24.50,40.00,2,0,0.00,0.00,0.00,0.00,0.00,0.00,0,0,
1749054522543,6,0,0,0.00,0.74,0.78,40,248,-63.75,-65.00,-65.00,-65.00,-64.00,-50.00,16,5,-45.97,6.93,24.50,44.00,1,0,0.00,0.00,0.00,0.00,0.00,0.00,0,0,
1749054523543,6,0,0,0.00,0.74,0.78,40,242,-64.81,-65.00,-65.00,-65.00,-65.00,-64.00,16,5,-47.03,6.89,21.00,39.00,2,0,0.00,0.00,0.00,0.00,0.00,0.00,0,0,
1749054524543,6,0,0,0.00,0.74,0.78,40,218,-68.56,-126.00,-65.00,-65.00,-64.50,-64.00,16,5,-50.78,6.75,25.00,41.00,2,0,0.00,0.00,0.00,0.00,0.00,0.00,0,0,
1749054525543,6,0,0,0.00,0.74,0.78,40,243,-64.69,-65.00,-65.00,-65.00,-64.00,-64.00,16,28,-39.42,45.94,24.00,43.00,0,0,0.00,0.00,0.00,0.00,0.00,0.00,0,0,
1749054526543,6,0,0,0.00,0.74,0.78,40,239,-73.38,-126.00,-65.00,-65.00,-65.00,-64.00,16,28,-48.11,42.70,24.00,44.00,0,0,0.00,0.00,0.00,0.00,0.00,0.00,0,0,
1749054527543,6,0,0,0.00,0.74,0.78,40,248,-73.38,-126.00,-65.00,-65.00,-65.00,-64.00,16,28,-48.11,42.70,24.50,43.00,0,0,0.00,0.00,0.00,0.00,0.00,0.00,0,0,
1749054528543,6,0,0,0.00,0.74,0.78,80,248,-65.56,-80.00,-65.00,-64.50,-64.00,-50.00,16,28,-40.30,45.55,25.00,44.00,0,0,0.00,0.00,0.00,0.00,0.00,0.00,0,0,
1749054529543,6,0,0,0.00,0.74,0.78,35,215,-70.38,-80.00,-80.00,-65.00,-64.50,-64.00,16,5,-52.59,6.69,23.50,43.00,0,0,0.00,0.00,0.00,0.00,0.00,0.00,0,0,
1749054530543,6,0,0,0.00,0.74,0.78,40,205,-76.88,-126.00,-80.00,-64.00,-64.00,-50.00,16,5,-59.09,6.50,24.50,42.00,0,0,0.00,0.00,0.00,0.00,0.00,0.00,0,0,
1749054531543,6,0,0,0.00,0.74,0.78,40,243,-76.88,-126.00,-80.00,-64.00,-64.00,-50.00,16,5,-59.09,6.50,25.00,44.00,0,0,0.00,0.00,0.00,0.00,0.00,0.00,0,0,
1749054532543,6,0,0,0.00,0.74,0.78,40,228,-70.06,-80.00,-80.00,-64.00,-64.00,-64.00,16,5,-52.28,6.70,24.50,42.00,0,0,0.00,0.00,0.00,0.00,0.00,0.00,0,0,
1749054533543,6,0,0,0.00,0.74,0.78,40,248,-67.31,-80.00,-72.50,-64.00,-64.00,-50.00,16,5,-49.53,6.79,26.00,42.00,0,0,0.00,0.00,0.00,0.00,0.00,0.00,0,0,
1749054534543,6,0,0,0.00,0.74,0.78,40,248,-76.00,-115.00,-80.00,-65.00,-64.50,-64.00,16,5,-58.22,6.53,25.00,36.00,0,0,0.00,0.00,0.00,0.00,0.00,0.00,0,0,
1749054535543,6,0,0,0.00,0.74,0.78,40,234,-72.69,-115.00,-80.00,-65.00,-65.00,-64.00,16,5,-54.91,6.62,24.50,41.00,0,0,0.00,0.00,0.00,0.00,0.00,0.00,0,0,
1749054536543,6,0,0,0.00,0.74,0.78,80,243,-72.69,-115.00,-80.00,-65.00,-65.00,-64.00,16,5,-54.91,6.62,25.00,34.00,0,0,0.00,0.00,0.00,0.00,0.00,0.00,0,0,
1749054537543,6,0,0,0.00,0.74,0.78,40,243,-70.56,-115.00,-80.00,-65.00,-64.00,-50.00,16,5,-52.78,6.68,24.50,41.00,0,0,0.00,0.00,0.00,0.00,0.00,0.00,0,0,
1749054538543,6,0,0,0.00,0.74,0.78,40,248,-64.44,-65.00,-65.00,-64.00,-64.00,-64.00,16,5,-46.66,6.91,25.50,40.00,0,0,0.00,0.00,0.00,0.00,0.00,0.00,0,0,
1749054539543,6,0,0,0.00,0.74,0.78,40,248,-65.25,-80.00,-65.00,-64.00,-64.00,-64.00,16,5,-47.47,6.87,25.00,41.00,0,0,0.00,0.00,0.00,0.00,0.00,0.00,0,0,
1749054540543,6,0,0,0.00,0.74,0.78,40,248,-65.25,-80.00,-65.00,-64.00,-64.00,-64.00,16,5,-47.47,6.87,25.00,40.00,0,0,0.00,0.00,0.00,0.00,0.00,0.00,0,0,
1749054541543,6,0,0,0.00,0.74,0.78,40,243,-66.62,-126.00,-65.00,-64.00,-57.00,-50.00,16,5,-48.84,6.82,25.00,40.00,0,0,0.00,0.00,0.00,0.00,0.00,0.00,0,0,
1749054542543,6,0,0,0.00,0.74,0.78,40,243,-70.31,-80.00,-80.00,-65.00,-64.00,-64.00,16,5,-52.53,6.69,24.00,42.00,0,0,0.00,0.00,0.00,0.00,0.00,0.00,0,0,
1749054543543,6,0,0,0.00,0.74,0.78,40,228,-68.56,-80.00,-80.00,-65.00,-64.50,-50.00,16,5,-50.78,6.75,23.50,42.00,0,0,0.00,0.00,0.00,0.00,0.00,0.00,0,0,
1749054544543,6,0,0,0.00,0.74,0.78,40,248,-71.38,-80.00,-80.00,-65.00,-65.00,-64.00,16,5,-53.59,6.66,23.50,40.00,0,0,0.00,0.00,0.00,0.00,0.00,0.00,0,0,
1749054545543,6,0,0,0.00,0.74,0.78,40,248,-71.38,-80.00,-80.00,-65.00,-65.00,-64.00,16,5,-53.59,6.66,24.00,42.00,0,0,0.00,0.00,0.00,0.00,0.00,0.00,0,0,
1749054546543,6,0,0,0.00,0.74,0.78,40,238,-71.44,-80.00,-80.00,-72.50,-65.00,-50.00,16,5,-53.66,6.66,24.50,43.00,0,0,0.00,0.00,0.00,0.00,0.00,0.00,0,0,
1749054547543,6,0,0,0.00,0.74,0.78,40,243,-67.44,-80.00,-80.00,-64.50,-64.00,-50.00,16,5,-49.66,6.79,25.00,40.00,0,0,0.00,0.00,0.00,0.00,0.00,0.00,0,0,
1749054548543,6,0,0,0.00,0.74,0.78,40,243,-72.44,-126.00,-72.50,-64.00,-64.00,-50.00,16,5,-54.66,6.63,25.00,40.00,0,0,0.00,0.00,0.00,0.00,0.00,0.00,0,0,
1749054549543,6,0,0,0.00,0.74,0.78,40,239,-62.69,-80.00,-65.00,-64.00,-57.00,-50.00,16,5,-44.91,6.98,25.00,40.00,0,0,0.00,0.00,0.00,0.00,0.00,0.00,0,0,
1749054550543,6,0,0,0.00,0.74,0.78,40,248,-62.69,-80.00,-65.00,-64.00,-57.00,-50.00,16,5,-44.91,6.98,26.00,41.00,0,0,0.00,0.00,0.00,0.00,0.00,0.00,0,0,
1749054551543,6,0,0,0.00,0.74,0.78,40,239,-82.69,-126.00,-103.00,-72.50,-64.00,-50.00,16,5,-64.91,6.37,25.50,38.00,0,0,0.00,0.00,0.00,0.00,0.00,0.00,0,0,
1749054552543,6,0,0,0.00,0.74,0.78,40,232,-83.62,-126.00,-126.00,-65.00,-64.00,-64.00,16,5,-65.84,6.35,26.50,37.00,0,0,0.00,0.00,0.00,0.00,0.00,0.00,0,0,
1749054553543,6,0,0,0.00,0.74,0.78,40,243,-70.00,-126.00,-65.00,-64.00,-64.00,-64.00,16,5,-52.22,6.70,25.50,39.00,0,0,0.00,0.00,0.00,0.00,0.00,0.00,0,0,
1749054554543,6,0,0,0.00,0.74,0.78,40,228,-70.00,-126.00,-65.00,-64.00,-64.00,-64.00,16,5,-52.22,6.70,26.00,37.00,0,0,0.00,0.00,0.00,0.00,0.00,0.00,0,0,
1749054555543,6,0,0,0.00,0.74,0.78,40,248,-72.00,-126.00,-65.00,-64.00,-64.00,-64.00,16,5,-54.22,6.64,25.50,39.00,0,0,0.00,0.00,0.00,0.00,0.00,0.00,0,0,
1749054556543,6,0,0,0.00,0.74,0.78,40,248,-72.12,-126.00,-80.00,-65.00,-64.00,-64.00,16,5,-54.34,6.64,26.00,38.00,0,0,0.00,0.00,0.00,0.00,0.00,0.00,0,0,
1749054557543,6,0,0,0.00,0.74,0.78,40,243,-88.50,-126.00,-126.00,-65.00,-64.00,-64.00,16,5,-70.72,6.26,26.00,39.00,0,0,0.00,0.00,0.00,0.00,0.00,0.00,0,0,
1749054558543,6,0,0,0.00,0.74,0.78,40,243,-83.50,-126.00,-126.00,-64.00,-64.00,-64.00,16,5,-65.72,6.35,27.00,39.00,0,0,0.00,0.00,0.00,0.00,0.00,0.00,0,0,
1749054559543,6,0,0,0.00,0.74,0.74,80,221,-83.50,-126.00,-126.00,-64.00,-64.00,-64.00,16,5,-65.72,6.35,26.50,37.00,1,0,0.00,0.00,0.00,0.00,0.00,0.00,0,0,
1749054560543,6,0,0,0.00,0.74,0.74,40,226,-75.81,-126.00,-65.00,-64.00,-64.00,-64.00,16,5,-58.03,6.53,26.00,38.00,1,0,0.00,0.00,0.00,0.00,0.00,0.00,0,0,
1749054561543,6,0,0,0.00,0.74,0.74,40,226,-68.06,-126.00,-64.50,-64.00,-64.00,-64.00,16,5,-50.28,6.77,24.50,39.00,1,0,0.00,0.00,0.00,0.00,0.00,0.00,0,0,
1749054562543,6,0,0,0.00,0.74,0.78,40,189,-64.00,-64.00,-64.00,-64.00,-64.00,-64.00,16,5,-46.22,6.92,26.50,38.00,0,0,0.00,0.00,0.00,0.00,0.00,0.00,0,0,
1749054563543,6,0,0,0.00,0.74,0.78,40,243,-64.00,-64.00,-64.00,-64.00,-64.00,-64.00,16,5,-46.22,6.92,25.50,41.00,0,0,0.00,0.00,0.00,0.00,0.00,0.00,0,0,
1749054564543,6,0,0,0.00,0.74,0.74,40,221,-64.19,-65.00,-64.00,-64.00,-64.00,-64.00,16,5,-46.41,6.92,24.50,39.00,0,0,0.00,0.00,0.00,0.00,0.00,0.00,0,0,
1749054565543,6,0,0,0.00,0.74,0.74,40,221,-64.50,-65.00,-65.00,-64.50,-64.00,-64.00,16,5,-46.72,6.90,26.00,38.00,0,0,0.00,0.00,0.00,0.00,0.00,0.00,0,0,
1749054566543,6,0,0,0.00,0.74,0.74,40,221,-63.44,-65.00,-65.00,-64.00,-64.00,-50.00,16,5,-45.66,6.95,25.50,39.00,0,0,0.00,0.00,0.00,0.00,0.00,0.00,0,0,
1749054567543,6,0,0,0.00,0.74,0.74,40,221,-64.44,-65.00,-65.00,-64.00,-64.00,-64.00,16,5,-46.66,6.91,24.50,39.00,0,0,0.00,0.00,0.00,0.00,0.00,0.00,0,0,
1749054568543,6,0,0,0.00,0.74,0.78,40,261,-64.44,-65.00,-65.00,-64.00,-64.00,-64.00,16,5,-46.66,6.91,24.00,39.00,1,0,0.00,0.00,0.00,0.00,0.00,0.00,0,0,
1749054569543,6,0,0,0.00,0.74,0.78,40,684,-64.44,-65.00,-65.00,-64.00,-64.00,-64.00,16,5,-46.66,6.91,26.00,39.00,0,0,0.00,0.00,0.00,0.00,0.00,0.00,0,0,
1749054570543,6,0,0,0.00,0.74,0.78,40,182,-64.56,-65.00,-65.00,-65.00,-64.00,-64.00,16,5,-46.78,6.90,25.50,40.00,0,0,0.00,0.00,0.00,0.00,0.00,0.00,0,0,
1749054571543,6,0,0,0.00,0.74,0.78,40,272,-64.62,-65.00,-65.00,-65.00,-64.00,-64.00,16,5,-46.84,6.90,25.00,40.00,1,0,0.00,0.00,0.00,0.00,0.00,0.00,0,0,
1749054572543,6,8,7,0.00,9.14,8.33,309,717,-64.62,-65.00,-65.00,-65.00,-64.00,-64.00,16,5,-46.84,6.90,25.50,40.00,3,0,0.00,0.00,0.00,0.00,0.00,0.00,0,0,
1749054573543,6,0,0,0.00,0.74,0.78,40,224,-68.50,-126.00,-65.00,-65.00,-64.00,-64.00,16,5,-50.72,6.75,24.50,44.00,0,0,0.00,0.00,0.00,0.00,0.00,0.00,0,0,
1749054574543,6,0,0,0.00,0.74,0.78,40,234,-64.62,-65.00,-65.00,-65.00,-64.00,-64.00,16,5,-46.84,6.90,23.00,44.00,1,0,0.00,0.00,0.00,0.00,0.00,0.00,0,0,
1749054575543,6,0,0,0.00,0.74,0.78,80,238,-72.94,-126.00,-80.00,-64.00,-64.00,-64.00,16,28,-47.67,42.84,24.50,44.00,0,0,0.00,0.00,0.00,0.00,0.00,0.00,0,0,
1749054576543,6,0,0,0.00,0.74,0.78,40,268,-69.12,-80.00,-80.00,-64.00,-64.00,-64.00,16,5,-51.34,6.73,24.50,44.00,2,0,0.00,0.00,0.00,0.00,0.00,0.00,0,0,
1749054577543,6,0,0,0.00,0.74,0.78,40,243,-69.12,-80.00,-80.00,-64.00,-64.00,-64.00,16,28,-43.86,44.13,24.00,44.00,0,0,0.00,0.00,0.00,0.00,0.00,0.00,0,0,
1749054578543,6,0,0,0.00,0.74,0.78,35,242,-70.38,-126.00,-80.00,-65.00,-64.00,-50.00,16,5,-52.59,6.69,25.50,43.00,2,0,0.00,0.00,0.00,0.00,0.00,0.00,0,0,
1749054579543,6,0,0,0.00,0.74,0.78,40,227,-72.31,-126.00,-65.00,-65.00,-64.00,-64.00,16,5,-54.53,6.63,26.00,40.00,2,0,0.00,0.00,0.00,0.00,0.00,0.00,0,0,
1749054580543,6,0,0,0.00,0.74,0.78,40,221,-63.62,-65.00,-65.00,-64.50,-64.00,-50.00,16,5,-45.84,6.94,23.00,41.00,0,0,0.00,0.00,0.00,0.00,0.00,0.00,0,0,
1749054581543,6,0,0,0.00,0.74,0.78,40,292,-64.44,-65.00,-65.00,-64.00,-64.00,-64.00,16,5,-46.66,6.91,24.50,41.00,1,0,0.00,0.00,0.00,0.00,0.00,0.00,0,0,
1749054582543,6,0,0,0.00,0.74,0.78,40,233,-64.44,-65.00,-65.00,-64.00,-64.00,-64.00,16,5,-46.66,6.91,25.50,44.00,0,0,0.00,0.00,0.00,0.00,0.00,0.00,0,0,
1749054583543,6,0,0,0.00,0.74,0.78,40,248,-65.38,-80.00,-65.00,-64.00,-64.00,-64.00,16,5,-47.59,6.87,25.00,43.00,0,0,0.00,0.00,0.00,0.00,0.00,0.00,0,0,
1749054584543,6,0,0,0.00,0.74,0.78,40,243,-72.19,-80.00,-80.00,-72.50,-64.00,-64.00,16,5,-54.41,6.63,25.50,39.00,1,0,0.00,0.00,0.00,0.00,0.00,0.00,0,0,
1749054585543,6,0,0,0.00,0.74,0.78,40,243,-70.31,-80.00,-80.00,-65.00,-64.00,-50.00,16,5,-52.53,6.69,25.00,42.00,0,0,0.00,0.00,0.00,0.00,0.00,0.00,0,0,
1749054586543,6,0,0,0.00,0.74,0.78,40,238,-70.31,-80.00,-80.00,-65.00,-64.00,-50.00,16,5,-52.53,6.69,25.50,39.00,0,0,0.00,0.00,0.00,0.00,0.00,0.00,0,0,
1749054587543,6,0,0,0.00,0.74,0.78,40,243,-70.12,-80.00,-80.00,-64.50,-64.00,-64.00,16,5,-52.34,6.70,27.00,40.00,1,0,0.00,0.00,0.00,0.00,0.00,0.00,0,0,
1749054588543,6,0,0,0.00,0.74,0.78,40,248,-70.53,-80.00,-80.00,-65.00,-64.00,-64.00,15,5,-52.75,6.69,25.50,40.00,1,0,0.00,0.00,0.00,0.00,0.00,0.00,0,0,
1749054589543,6,0,0,0.00,0.74,0.78,40,248,-71.80,-115.00,-80.00,-64.00,-64.00,-64.00,15,5,-54.02,6.65,24.50,35.00,1,0,0.00,0.00,0.00,0.00,0.00,0.00,0,0,
1749054590543,6,0,0,0.00,0.74,0.74,40,248,-71.62,-115.00,-65.00,-64.00,-64.00,-64.00,16,5,-53.84,6.65,26.50,35.00,1,0,0.00,0.00,0.00,0.00,0.00,0.00,0,0,
1749054591543,6,0,0,0.00,0.74,0.78,40,232,-71.62,-115.00,-65.00,-64.00,-64.00,-64.00,16,5,-53.84,6.65,26.50,39.00,1,0,0.00,0.00,0.00,0.00,0.00,0.00,0,0,
1749054592543,6,0,0,0.00,0.74,0.78,80,243,-74.50,-126.00,-80.00,-64.00,-64.00,-64.00,14,5,-56.72,6.57,25.50,33.00,1,0,0.00,0.00,0.00,0.00,0.00,0.00,0,0,
1749054593543,6,0,0,0.00,0.74,0.78,40,228,-67.69,-100.00,-72.50,-64.00,-64.00,-50.00,16,5,-49.91,6.78,26.00,39.00,1,0,0.00,0.00,0.00,0.00,0.00,0.00,0,0,
1749054594543,6,0,0,0.00,0.74,0.78,40,248,-66.25,-80.00,-72.00,-64.00,-64.00,-50.00,16,5,-48.47,6.83,25.50,42.00,1,0,0.00,0.00,0.00,0.00,0.00,0.00,0,0,
1749054595543,6,0,0,0.00,0.74,0.78,40,248,-66.25,-80.00,-72.00,-64.00,-64.00,-50.00,16,5,-48.47,6.83,25.50,40.00,1,0,0.00,0.00,0.00,0.00,0.00,0.00,0,0,
1749054596543,6,0,0,0.00,0.74,0.78,40,243,-60.00,-80.00,-64.00,-57.00,-50.00,-50.00,16,5,-42.22,7.11,23.50,41.00,1,0,0.00,0.00,0.00,0.00,0.00,0.00,0,0,
1749054597543,6,0,0,0.00,0.74,0.78,40,243,-66.69,-80.00,-80.00,-65.00,-57.00,-50.00,16,5,-48.91,6.82,24.50,41.00,0,0,0.00,0.00,0.00,0.00,0.00,0.00,0,0,
1749054598543,6,0,0,0.00,0.74,0.78,40,243,-73.31,-126.00,-80.00,-72.50,-64.00,-50.00,16,5,-55.53,6.60,25.50,40.00,1,0,0.00,0.00,0.00,0.00,0.00,0.00,0,0,
1749054599543,6,0,0,0.00,0.74,0.78,40,248,-74.19,-126.00,-80.00,-65.00,-64.00,-50.00,16,5,-56.41,6.58,24.00,40.00,1,0,0.00,0.00,0.00,0.00,0.00,0.00,0,0,
1749054600543,6,0,0,0.00,0.74,0.78,40,248,-74.19,-126.00,-80.00,-65.00,-64.00,-50.00,16,5,-56.41,6.58,24.00,41.00,1,0,0.00,0.00,0.00,0.00,0.00,0.00,0,0,
1749054601543,6,0,0,0.00,0.74,0.78,80,234,-62.75,-80.00,-65.00,-64.00,-50.00,-50.00,16,5,-44.97,6.98,25.00,43.00,0,0,0.00,0.00,0.00,0.00,0.00,0.00,0,0,
1749054602543,6,0,0,0.00,0.74,0.78,40,243,-61.62,-80.00,-64.00,-64.00,-57.00,-50.00,16,5,-43.84,7.03,24.00,42.00,0,0,0.00,0.00,0.00,0.00,0.00,0.00,0,0,
1749054603543,6,0,0,0.00,0.74,0.78,40,243,-60.62,-65.00,-64.00,-64.00,-57.00,-50.00,16,5,-42.84,7.08,24.00,42.00,1,0,0.00,0.00,0.00,0.00,0.00,0.00,0,0,
1749054604543,6,0,0,0.00,0.74,0.78,40,228,-60.62,-65.00,-64.00,-64.00,-57.00,-50.00,16,5,-42.84,7.08,25.00,41.00,1,0,0.00,0.00,0.00,0.00,0.00,0.00,0,0,
1749054605543,6,0,0,0.00,0.74,0.78,40,248,-68.44,-126.00,-65.00,-65.00,-64.00,-64.00,16,5,-50.66,6.76,25.00,40.00,1,0,0.00,0.00,0.00,0.00,0.00,0.00,0,0,
1749054606543,6,0,0,0.00,0.74,0.78,40,248,-72.19,-126.00,-65.00,-64.50,-64.00,-50.00,16,5,-54.41,6.63,25.00,40.00,1,0,0.00,0.00,0.00,0.00,0.00,0.00,0,0,
1749054607543,6,0,0,0.00,0.74,0.78,40,243,-76.00,-126.00,-65.00,-65.00,-64.00,-64.00,16,5,-58.22,6.53,24.50,41.00,1,0,0.00,0.00,0.00,0.00,0.00,0.00,0,0,
1749054608543,6,0,0,0.00,0.74,0.78,40,243,-68.19,-126.00,-65.00,-64.00,-64.00,-64.00,16,5,-50.41,6.76,25.50,43.00,0,0,0.00,0.00,0.00,0.00,0.00,0.00,0,0,
1749054609543,6,0,0,0.00,0.74,0.78,40,243,-68.19,-126.00,-65.00,-64.00,-64.00,-64.00,16,5,-50.41,6.76,25.00,40.00,1,0,0.00,0.00,0.00,0.00,0.00,0.00,0,0,
1749054610543,6,0,0,0.00,0.74,0.78,40,248,-64.44,-65.00,-65.00,-64.00,-64.00,-64.00,16,5,-46.66,6.91,27.00,39.00,1,0,0.00,0.00,0.00,0.00,0.00,0.00,0,0,
1749054611543,6,0,0,0.00,0.74,0.78,40,248,-64.50,-65.00,-65.00,-64.50,-64.00,-64.00,16,5,-46.72,6.90,26.00,39.00,1,0,0.00,0.00,0.00,0.00,0.00,0.00,0,0,
1749054612543,6,0,0,0.00,0.74,0.78,40,234,-64.31,-65.00,-65.00,-64.00,-64.00,-64.00,16,5,-46.53,6.91,26.00,39.00,0,0,0.00,0.00,0.00,0.00,0.00,0.00,0,0,
1749054613543,6,0,0,0.00,0.74,0.78,40,243,-68.31,-126.00,-65.00,-64.50,-64.00,-64.00,16,5,-50.53,6.76,24.00,40.00,0,0,0.00,0.00,0.00,0.00,0.00,0.00,0,0,
1749054614543,6,0,0,0.00,0.74,0.74,40,221,-68.31,-126.00,-65.00,-64.50,-64.00,-64.00,16,5,-50.53,6.76,24.50,39.00,2,0,0.00,0.00,0.00,0.00,0.00,0.00,0,0,
1749054615543,6,0,0,0.00,0.74,0.74,40,226,-64.56,-65.00,-65.00,-65.00,-64.00,-64.00,16,5,-46.78,6.90,24.50,39.00,2,0,0.00,0.00,0.00,0.00,0.00,0.00,0,0,
1749054616543,6,0,0,0.00,0.74,0.74,40,226,-64.69,-65.00,-65.00,-65.00,-64.00,-64.00,16,5,-46.91,6.90,26.00,39.00,2,0,0.00,0.00,0.00,0.00,0.00,0.00,0,0,
1749054617543,6,0,0,0.00,0.74,0.74,40,226,-64.88,-65.00,-65.00,-65.00,-65.00,-64.00,16,5,-47.09,6.89,24.00,39.00,2,0,0.00,0.00,0.00,0.00,0.00,0.00,0,0,
1749054618543,6,0,0,0.00,0.74,0.74,40,221,-64.88,-65.00,-65.00,-65.00,-65.00,-64.00,16,5,-47.09,6.89,25.00,41.00,2,0,0.00,0.00,0.00,0.00,0.00,0.00,0,0,
1749054619543,6,0,0,0.00,0.74,0.74,40,221,-64.50,-65.00,-65.00,-64.50,-64.00,-64.00,16,5,-46.72,6.90,24.50,40.00,0,0,0.00,0.00,0.00,0.00,0.00,0.00,0,0,
1749054620543,6,0,0,0.00,0.74,0.74,40,201,-64.56,-65.00,-65.00,-65.00,-64.00,-64.00,16,5,-46.78,6.90,24.50,40.00,0,0,0.00,0.00,0.00,0.00,0.00,0.00,0,0,
1749054621543,6,3,2,0.00,3.60,2.72,134,709,-64.69,-65.00,-65.00,-65.00,-64.00,-64.00,16,5,-46.91,6.90,24.50,40.00,2,0,0.00,0.00,0.00,0.00,0.00,0.00,0,0,
1749054622543,6,5,2,0.00,5.46,2.90,187,416,-64.75,-65.00,-65.00,-65.00,-64.50,-64.00,16,5,-46.97,6.89,25.00,40.00,0,0,0.00,0.00,0.00,0.00,0.00,0.00,0,0,
1749054623543,6,0,0,0.00,0.74,0.78,40,234,-64.75,-65.00,-65.00,-65.00,-64.50,-64.00,16,5,-46.97,6.89,24.50,41.00,1,0,0.00,0.00,0.00,0.00,0.00,0.00,0,0,
1749054624543,6,0,0,0.00,0.77,1.50,45,811,-82.88,-126.00,-126.00,-65.00,-64.00,-50.00,16,5,-65.09,6.37,24.50,40.00,0,0,0.00,0.00,0.00,0.00,0.00,0.00,0,0,
1749054625543,6,0,0,0.00,0.74,0.78,40,701,-73.38,-126.00,-80.00,-65.00,-65.00,-50.00,16,5,-55.59,6.60,24.50,42.00,1,0,0.00,0.00,0.00,0.00,0.00,0.00,0,0,
1749054626543,6,0,0,0.00,0.74,0.78,40,182,-69.31,-80.00,-80.00,-65.00,-64.00,-64.00,16,5,-51.53,6.73,24.00,40.00,1,0,0.00,0.00,0.00,0.00,0.00,0.00,0,0,
1749054627543,6,0,0,0.00,0.74,0.78,80,272,-69.31,-80.00,-80.00,-65.00,-64.00,-64.00,16,5,-51.53,6.73,25.00,39.00,1,0,0.00,0.00,0.00,0.00,0.00,0.00,0,0,
1749054628543,6,0,0,0.00,0.74,0.78,35,257,-74.94,-126.00,-80.00,-72.50,-64.00,-64.00,16,5,-57.16,6.56,24.50,41.00,1,0,0.00,0.00,0.00,0.00,0.00,0.00,0,0,
1749054629543,6,0,0,0.00,0.74,0.78,40,252,-77.06,-126.00,-80.00,-80.00,-65.00,-64.00,16,5,-59.28,6.50,25.00,40.00,1,0,0.00,0.00,0.00,0.00,0.00,0.00,0,0,
1749054630543,6,0,0,0.00,0.74,0.78,40,252,-74.19,-80.00,-80.00,-80.00,-65.00,-64.00,16,5,-56.41,6.58,25.00,42.00,1,0,0.00,0.00,0.00,0.00,0.00,0.00,0,0,
1749054631543,6,0,0,0.00,0.74,0.78,45,237,-69.56,-80.00,-80.00,-65.00,-64.50,-50.00,16,5,-51.78,6.72,24.50,39.00,1,0,0.00,0.00,0.00,0.00,0.00,0.00,0,0,
1749054632543,6,0,0,0.00,0.74,0.78,35,177,-69.56,-80.00,-80.00,-65.00,-64.50,-50.00,16,5,-51.78,6.72,25.00,41.00,1,0,0.00,0.00,0.00,0.00,0.00,0.00,0,0,
1749054633543,6,0,0,0.00,0.74,0.78,40,267,-68.69,-80.00,-80.00,-65.00,-65.00,-50.00,16,5,-50.91,6.75,25.00,41.00,0,0,0.00,0.00,0.00,0.00,0.00,0.00,0,0,
1749054634543,6,0,0,0.00,0.74,0.78,40,248,-83.31,-126.00,-97.50,-80.00,-65.00,-50.00,16,5,-65.53,6.36,25.00,41.00,1,0,0.00,0.00,0.00,0.00,0.00,0.00,0,0,
1749054635543,6,0,0,0.00,0.74,0.78,40,242,-73.38,-80.00,-80.00,-80.00,-65.00,-50.00,16,5,-55.59,6.60,25.50,41.00,1,0,0.00,0.00,0.00,0.00,0.00,0.00,0,0,
1749054636543,6,0,0,0.00,0.74,0.78,40,227,-73.38,-80.00,-80.00,-80.00,-65.00,-50.00,16,5,-55.59,6.60,25.00,36.00,1,0,0.00,0.00,0.00,0.00,0.00,0.00,0,0,
1749054637543,6,0,0,0.00,0.74,0.78,40,243,-70.88,-115.00,-80.00,-65.00,-65.00,-50.00,16,5,-53.09,6.67,25.00,36.00,1,0,0.00,0.00,0.00,0.00,0.00,0.00,0,0,
1749054638543,6,0,0,0.00,0.74,0.78,40,243,-76.25,-126.00,-80.00,-65.00,-65.00,-64.00,16,5,-58.47,6.52,24.00,41.00,1,0,0.00,0.00,0.00,0.00,0.00,0.00,0,0,
1749054639543,6,0,0,0.00,0.74,0.78,40,253,-68.75,-115.00,-65.00,-65.00,-64.00,-50.00,16,5,-50.97,6.74,24.50,33.00,1,0,0.00,0.00,0.00,0.00,0.00,0.00,0,0,
1749054640543,6,0,0,0.00,0.74,0.78,40,243,-68.69,-115.00,-65.00,-65.00,-64.00,-64.00,16,5,-50.91,6.75,24.00,41.00,0,0,0.00,0.00,0.00,0.00,0.00,0.00,0,0,
1749054641543,6,0,0,0.00,0.74,0.78,40,248,-68.69,-115.00,-65.00,-65.00,-64.00,-64.00,16,5,-50.91,6.75,24.00,40.00,1,0,0.00,0.00,0.00,0.00,0.00,0.00,0,0,
1749054642543,6,8,4,0.00,8.58,5.20,275,576,-65.62,-80.00,-65.00,-65.00,-64.00,-50.00,16,5,-47.84,6.86,23.50,40.00,1,1,0.00,0.00,0.00,0.00,0.00,0.00,0,0,
1749054643543,6,0,0,0.00,0.74,0.78,40,228,-67.50,-80.00,-65.00,-65.00,-64.00,-64.00,16,5,-49.72,6.79,25.00,41.00,0,0,0.00,0.00,0.00,0.00,0.00,0.00,0,0,
1749054644543,6,0,0,0.00,0.74,0.78,40,253,-69.69,-126.00,-65.00,-65.00,-65.00,-50.00,16,5,-51.91,6.71,25.00,42.00,1,0,0.00,0.00,0.00,0.00,0.00,0.00,0,0,
1749054645543,6,0,0,0.00,0.74,0.78,40,243,-67.50,-80.00,-65.00,-65.00,-64.00,-64.00,16,5,-49.72,6.79,24.50,40.00,0,0,0.00,0.00,0.00,0.00,0.00,0.00,0,0,
1749054646543,6,0,0,0.00,0.74,0.78,40,243,-67.50,-80.00,-65.00,-65.00,-64.00,-64.00,16,11,-46.29,16.04,29.00,42.00,1,0,0.00,0.00,0.00,0.00,0.00,0.00,0,0,
1749054647543,6,0,0,0.00,0.74,0.78,40,238,-65.94,-80.00,-65.00,-65.00,-65.00,-65.00,16,5,-48.16,6.85,24.50,40.00,1,0,0.00,0.00,0.00,0.00,0.00,0.00,0,0,
1749054648543,6,0,0,0.00,0.74,0.78,40,243,-65.69,-80.00,-65.00,-65.00,-64.50,-64.00,16,5,-47.91,6.86,25.50,40.00,0,0,0.00,0.00,0.00,0.00,0.00,0.00,0,0,
1749054649543,6,0,0,0.00,0.74,0.78,40,239,-64.44,-65.00,-65.00,-64.00,-64.00,-64.00,16,12,-42.85,18.04,28.00,43.00,0,0,0.00,0.00,0.00,0.00,0.00,0.00,0,0,
1749054650543,6,0,0,0.00,0.74,0.78,40,248,-64.44,-65.00,-65.00,-64.00,-64.00,-64.00,16,5,-46.66,6.91,24.50,41.00,0,0,0.00,0.00,0.00,0.00,0.00,0.00,0,0,
1749054651543,6,0,0,0.00,0.74,0.78,40,239,-63.44,-65.00,-65.00,-64.00,-64.00,-48.00,16,12,-41.85,18.19,27.50,43.00,0,0,0.00,0.00,0.00,0.00,0.00,0.00,0,0,
1749054652543,6,0,0,0.00,0.74,0.78,40,232,-65.81,-80.00,-65.00,-65.00,-65.00,-64.00,16,5,-48.03,6.85,24.50,41.00,0,0,0.00,0.00,0.00,0.00,0.00,0.00,0,0,
1749054653543,6,0,0,0.00,0.74,0.78,40,243,-64.69,-80.00,-65.00,-65.00,-64.50,-48.00,16,5,-46.91,6.90,24.50,43.00,0,0,0.00,0.00,0.00,0.00,0.00,0.00,0,0,
1749054654543,6,0,0,0.00,0.74,0.78,40,228,-65.88,-80.00,-65.00,-65.00,-65.00,-64.00,16,5,-48.09,6.85,24.50,40.00,0,0,0.00,0.00,0.00,0.00,0.00,0.00,0,0,
1749054655543,6,0,0,0.00,0.74,0.78,40,248,-65.88,-80.00,-65.00,-65.00,-65.00,-64.00,16,5,-48.09,6.85,25.50,42.00,0,0,0.00,0.00,0.00,0.00,0.00,0.00,0,0,
1749054656543,6,0,0,0.00,0.74,0.78,40,248,-64.94,-65.00,-65.00,-65.00,-65.00,-64.00,16,5,-47.16,6.89,24.00,41.00,0,0,0.00,0.00,0.00,0.00,0.00,0.00,0,0,
1749054657543,6,0,0,1349.00,0.74,0.78,40,238,-68.56,-126.00,-65.00,-65.00,-64.50,-64.00,16,11,-47.36,15.93,29.00,40.00,0,0,0.00,0.00,0.00,0.00,0.00,0.00,0,0,
1749054658543,6,5,2,278.00,5.82,2.98,266,456,-64.88,-65.00,-65.00,-65.00,-65.00,-64.00,16,5,-47.09,6.89,23.50,40.00,1,0,0.00,0.00,0.00,0.00,0.00,0.00,0,0,
1749054659543,6,0,0,443.00,1.54,0.09,67,353,-64.88,-65.00,-65.00,-65.00,-65.00,-64.00,16,5,-47.09,6.89,45.00,40.00,1,0,0.02,0.00,0.00,0.00,0.00,0.00,0,0,
1749054660543,6,0,0,59454.00,1.22,0.95,129,1466,-65.00,-65.00,-65.00,-65.00,-65.00,-65.00,4,25,-40.23,40.39,33.00,37.00,0,0,0.25,0.00,0.02,0.00,0.00,0.00,0,0,
1749054661543,6,0,1,705.00,1.51,1.54,70,1363,NaN,0.00,NaN,NaN,NaN,0.00,0,106,NaN,0.00,8.50,42.00,0,0,0.10,0.02,0.02,0.00,0.00,0.00,0,0,
1749054662543,6,0,0,953.00,2.16,0.00,120,100,NaN,0.00,NaN,NaN,NaN,0.00,0,5,NaN,0.00,24.00,44.00,0,0,0.04,0.02,0.02,0.00,0.00,0.00,0,0,
1749054663543,6,0,1,579.00,0.77,1.57,50,1333,NaN,0.00,NaN,NaN,NaN,0.00,0,106,NaN,0.00,7.00,42.00,0,0,0.01,0.06,0.02,0.00,0.00,0.00,0,0,
1749054664543,6,0,0,1290.00,1.44,0.00,55,714,NaN,0.00,NaN,NaN,NaN,0.00,0,5,NaN,0.00,22.00,44.00,0,0,0.00,0.05,0.02,0.00,0.00,0.00,0,0,
1749054665543,6,0,0,0.00,1.46,0.21,223,1280,NaN,0.00,NaN,NaN,NaN,0.00,0,21,NaN,0.00,26.50,41.00,0,0,0.12,0.07,0.03,0.01,0.00,0.00,0,0,
1749054666543,6,0,1,465.00,2.23,2.21,255,1283,NaN,0.00,NaN,NaN,NaN,0.00,0,5,NaN,0.00,24.50,35.00,0,0,0.14,0.04,0.03,0.01,0.00,0.00,0,0,
1749054667543,6,0,0,174.00,1.46,0.74,116,736,NaN,0.00,NaN,NaN,NaN,0.00,0,5,NaN,0.00,20.50,37.00,0,0,0.08,0.07,0.04,0.01,0.00,0.00,0,0,
1749054668543,6,0,0,0.00,2.21,0.50,258,1909,NaN,0.00,NaN,NaN,NaN,0.00,0,5,NaN,0.00,22.00,41.00,0,0,0.18,0.05,0.05,0.01,0.00,0.00,0,0,
1749054669543,6,0,1,712.00,2.29,1.25,886,2586,NaN,0.00,NaN,NaN,NaN,0.00,0,5,NaN,0.00,23.50,39.00,0,0,0.20,0.06,0.06,0.01,0.00,0.00,0,0,
1749054670543,6,0,0,141.00,10.80,0.00,615,35,NaN,0.00,NaN,NaN,NaN,0.00,0,5,NaN,0.00,23.00,36.00,0,0,0.13,0.03,0.06,0.01,0.00,0.00,0,0,
1749054671543,6,0,0,795.00,7.99,0.30,338,50,NaN,0.00,NaN,NaN,NaN,0.00,0,5,NaN,0.00,22.00,39.00,0,0,0.05,0.06,0.06,0.01,0.00,0.00,0,0,
1749054672543,6,0,0,0.00,1.61,0.71,90,50,NaN,0.00,NaN,NaN,NaN,0.00,0,5,NaN,0.00,22.50,39.00,0,0,0.02,0.03,0.06,0.01,0.00,0.00,0,0,
1749054673543,6,0,0,0.00,1.51,1.01,222,706,NaN,0.00,NaN,NaN,NaN,0.00,0,5,NaN,0.00,24.00,38.00,0,0,0.01,0.02,0.07,0.01,0.00,0.00,0,0,
1749054674543,6,0,0,0.00,13.68,0.00,488,759,NaN,0.00,NaN,NaN,NaN,0.00,0,5,NaN,0.00,24.00,36.00,1,0,0.02,0.04,0.07,0.01,0.00,0.00,0,0,
1749054675543,6,0,0,0.00,2.34,0.21,244,1280,NaN,0.00,NaN,NaN,NaN,0.00,0,24,NaN,0.00,28.50,42.00,0,1,0.26,0.03,0.08,0.01,0.00,0.00,0,0,
1749054676543,6,0,1,0.00,12.43,1.58,492,1305,NaN,0.00,NaN,NaN,NaN,0.00,0,21,NaN,0.00,26.50,42.00,0,3,0.18,0.02,0.08,0.01,0.00,0.00,0,0,
1749054677543,6,0,1,0.00,1.22,4.38,169,1268,NaN,0.00,NaN,NaN,NaN,0.00,0,5,NaN,0.00,24.50,41.00,0,0,0.26,0.06,0.09,0.01,0.00,0.00,0,0,
1749054678543,6,0,0,0.00,1.46,0.78,101,1288,NaN,0.00,NaN,NaN,NaN,0.00,0,5,NaN,0.00,27.50,42.00,0,0,0.22,0.03,0.09,0.01,0.00,0.00,0,0,
1749054679543,6,0,0,0.00,1.44,0.52,265,1904,NaN,0.00,NaN,NaN,NaN,0.00,0,24,NaN,0.00,25.00,45.00,0,0,0.31,0.02,0.10,0.01,0.00,0.00,0,0,
1749054680543,6,0,0,0.00,10.15,0.30,494,50,NaN,0.00,NaN,NaN,NaN,0.00,0,5,NaN,0.00,23.00,43.00,0,0,0.15,0.04,0.10,0.01,0.00,0.00,0,0,
1749054681543,6,0,2,0.00,2.35,2.11,468,2548,NaN,0.00,NaN,NaN,NaN,0.00,0,5,NaN,0.00,19.50,41.00,0,0,0.29,0.09,0.12,0.01,0.00,0.00,0,0,
1749054682543,6,0,0,0.00,0.74,0.60,317,1931,NaN,0.00,NaN,NaN,NaN,0.00,0,21,NaN,0.00,23.00,42.00,0,0,0.33,0.07,0.12,0.01,0.00,0.00,0,0,
1749054683543,6,0,1,0.00,2.26,1.89,320,2501,NaN,0.00,NaN,NaN,NaN,0.00,0,5,NaN,0.00,28.50,43.00,0,0,0.45,0.07,0.14,0.02,0.00,0.00,0,0,
1749054684543,6,0,0,0.00,3.65,0.78,237,2531,NaN,0.00,NaN,NaN,NaN,0.00,0,5,NaN,0.00,24.00,41.00,0,1,0.53,0.05,0.15,0.02,0.00,0.00,0,0,
1749054685543,6,0,0,0.00,7.92,0.40,306,50,NaN,0.00,NaN,NaN,NaN,0.00,0,5,NaN,0.00,23.00,41.00,0,0,0.18,0.03,0.15,0.01,0.00,0.00,0,0,
1749054686543,6,0,0,0.00,0.72,0.31,110,786,NaN,0.00,NaN,NaN,NaN,0.00,0,5,NaN,0.00,23.50,43.00,0,1,0.09,0.02,0.15,0.02,0.00,0.00,0,0,
1749054687543,6,0,0,0.00,1.66,0.21,140,1924,NaN,0.00,NaN,NaN,NaN,0.00,0,24,NaN,0.00,29.50,41.00,0,3,0.30,0.04,0.16,0.02,0.00,0.00,0,0,
1749054688543,6,0,1,0.00,2.46,2.44,192,1899,NaN,0.00,NaN,NaN,NaN,0.00,0,24,NaN,0.00,30.00,41.00,0,2,0.43,0.03,0.17,0.02,0.00,0.00,0,0,
1749054689543,6,0,0,0.00,11.12,0.00,347,654,NaN,0.00,NaN,NaN,NaN,0.00,0,5,NaN,0.00,24.00,37.00,0,2,0.32,0.02,0.17,0.02,0.00,0.00,0,0,
1749054690543,6,0,2,0.00,2.53,3.70,134,696,NaN,0.00,NaN,NaN,NaN,0.00,0,5,NaN,0.00,25.50,40.00,0,3,0.12,0.03,0.17,0.02,0.00,0.00,0,0,
1749054691543,6,0,0,0.00,1.46,0.78,51,699,NaN,0.00,NaN,NaN,NaN,0.00,0,5,NaN,0.00,25.00,41.00,0,3,0.04,0.02,0.17,0.02,0.00,0.00,0,0,
1749054692543,6,0,0,0.00,2.18,0.78,45,694,NaN,0.00,NaN,NaN,NaN,0.00,0,5,NaN,0.00,24.50,39.00,0,0,0.01,0.12,0.17,0.02,0.00,0.00,0,0,
1749054693543,6,0,0,0.00,0.74,0.78,40,679,NaN,0.00,NaN,NaN,NaN,0.00,0,5,NaN,0.00,23.50,39.00,0,0,0.01,0.09,0.17,0.02,0.00,0.00,0,0,
1749054694543,6,0,0,0.00,0.74,0.78,40,684,NaN,0.00,NaN,NaN,NaN,0.00,0,5,NaN,0.00,24.00,40.00,0,0,0.00,0.08,0.17,0.02,0.00,0.00,0,0,
1749054695543,6,0,0,0.00,2.90,0.78,155,709,NaN,0.00,NaN,NaN,NaN,0.00,0,5,NaN,0.00,23.00,39.00,0,0,0.01,0.09,0.17,0.02,0.00,0.00,0,0,
1749054696543,6,0,0,0.00,1.46,0.74,60,381,NaN,0.00,NaN,NaN,NaN,0.00,0,5,NaN,0.00,24.50,40.00,0,0,0.00,0.07,0.17,0.02,0.00,0.00,0,0,
1749054697543,6,0,0,0.00,3.62,0.78,180,709,NaN,0.00,NaN,NaN,NaN,0.00,0,5,NaN,0.00,24.50,38.00,0,0,0.00,0.08,0.17,0.02,0.00,0.00,0,0,
1749054698543,6,0,0,0.00,3.62,0.78,180,704,NaN,0.00,NaN,NaN,NaN,0.00,0,5,NaN,0.00,22.50,39.00,0,0,0.00,0.05,0.17,0.02,0.00,0.00,0,0,
1749054699543,6,0,0,0.00,2.18,0.78,90,694,NaN,0.00,NaN,NaN,NaN,0.00,0,5,NaN,0.00,25.00,39.00,0,0,0.00,0.14,0.17,0.02,0.00,0.00,0,0,
1749054700543,6,0,0,0.00,2.18,0.74,85,413,NaN,0.00,NaN,NaN,NaN,0.00,0,5,NaN,0.00,25.00,39.00,0,0,0.00,0.14,0.17,0.02,0.00,0.00,0,0,
1749054701543,6,0,0,0.00,2.18,0.74,85,411,NaN,0.00,NaN,NaN,NaN,0.00,0,5,NaN,0.00,25.00,40.00,0,0,0.00,0.12,0.17,0.02,0.00,0.00,0,0,
1749054702543,6,0,0,0.00,3.62,0.78,140,704,NaN,0.00,NaN,NaN,NaN,0.00,0,5,NaN,0.00,24.00,40.00,0,0,0.00,0.16,0.17,0.02,0.00,0.00,0,0,
1749054703543,6,0,0,0.00,2.18,0.74,85,406,NaN,0.00,NaN,NaN,NaN,0.00,0,5,NaN,0.00,23.00,39.00,0,0,0.01,0.13,0.17,0.02,0.00,0.00,0,0,
1749054704543,6,0,0,0.00,0.74,0.82,40,704,NaN,0.00,NaN,NaN,NaN,0.00,0,5,NaN,0.00,24.50,43.00,0,0,0.01,0.09,0.17,0.02,0.00,0.00,0,0,
1749054705543,6,0,0,0.00,2.18,0.78,85,709,NaN,0.00,NaN,NaN,NaN,0.00,0,5,NaN,0.00,23.00,42.00,0,0,0.00,0.11,0.17,0.02,0.00,0.00,0,0,
1749054706543,6,0,0,0.00,4.37,0.82,170,724,NaN,0.00,NaN,NaN,NaN,0.00,0,5,NaN,0.00,25.00,43.00,0,0,0.02,0.08,0.17,0.02,0.00,0.00,0,0,
1749054707543,6,0,0,0.00,5.06,0.78,190,714,NaN,0.00,NaN,NaN,NaN,0.00,0,5,NaN,0.00,25.00,44.00,0,0,0.01,0.09,0.17,0.02,0.00,0.00,0,0,
1749054708543,6,0,0,0.00,5.06,0.78,190,709,-64.55,-65.00,-65.00,-65.00,-64.00,-64.00,11,5,-46.76,6.90,24.00,44.00,0,0,0.00,0.10,0.17,0.02,0.00,0.00,0,0,
1749054709543,6,0,0,0.00,0.74,0.78,35,396,-64.75,-65.00,-65.00,-65.00,-64.50,-64.00,16,5,-46.97,6.89,24.50,37.00,0,0,0.00,0.08,0.17,0.02,0.00,0.00,0,0,
1749054710543,6,0,0,0.00,0.74,0.82,40,721,-64.75,-65.00,-65.00,-65.00,-64.50,-64.00,16,5,-46.97,6.89,24.00,37.00,0,0,0.00,0.06,0.17,0.02,0.00,0.00,0,0,
1749054711543,6,0,0,0.00,2.18,0.78,90,726,-64.56,-65.00,-65.00,-65.00,-64.00,-64.00,16,5,-46.78,6.90,26.00,40.00,0,0,0.00,0.05,0.16,0.02,0.00,0.00,0,0,
1749054712543,6,0,0,0.00,2.18,0.78,90,729,-64.75,-65.00,-65.00,-65.00,-64.50,-64.00,16,5,-46.97,6.89,24.00,40.00,0,0,0.00,0.04,0.16,0.02,0.00,0.00,0,0,
1749054713543,6,0,0,0.00,2.18,0.78,90,724,-64.75,-65.00,-65.00,-65.00,-64.50,-64.00,16,5,-46.97,6.89,24.50,36.00,0,0,0.00,0.03,0.16,0.02,0.00,0.00,0,0,
1749054714543,6,0,0,0.00,2.18,0.78,130,729,-64.75,-65.00,-65.00,-65.00,-64.50,-64.00,16,5,-46.97,6.89,23.50,36.00,0,0,0.00,0.02,0.16,0.02,0.00,0.00,0,0,
1749054715543,6,0,0,0.00,7.22,0.78,287,724,-64.62,-65.00,-65.00,-65.00,-64.00,-64.00,16,5,-46.84,6.90,24.50,37.00,0,1,0.00,0.02,0.16,0.02,0.00,0.00,0,0,
1749054716543,6,0,0,0.00,2.18,0.78,45,736,-64.75,-65.00,-65.00,-65.00,-64.50,-64.00,16,5,-46.97,6.89,25.00,42.00,0,0,0.00,0.01,0.16,0.02,0.00,0.00,0,0,
1749054717543,6,0,0,0.00,2.18,0.78,90,739,-68.75,-126.00,-65.00,-65.00,-65.00,-64.00,16,5,-50.97,6.74,25.50,40.00,0,0,0.00,0.01,0.16,0.02,0.00,0.00,0,0,
1749054718543,6,0,0,0.00,2.18,0.78,90,729,-64.50,-65.00,-65.00,-64.50,-64.00,-64.00,16,5,-46.72,6.90,25.00,40.00,0,0,0.00,0.01,0.16,0.02,0.00,0.00,0,0,
1749054719543,6,0,0,0.00,2.18,0.78,90,734,-64.50,-65.00,-65.00,-64.50,-64.00,-64.00,16,5,-46.72,6.90,24.50,40.00,0,0,0.00,0.00,0.16,0.02,0.00,0.00,0,0,
1749054720543,6,0,0,0.00,0.74,0.82,40,734,-64.56,-65.00,-65.00,-65.00,-64.00,-64.00,16,5,-46.78,6.90,24.50,40.00,0,0,0.00,0.00,0.16,0.02,0.00,0.00,0,0,
1749054721543,6,0,0,0.00,2.18,0.78,90,741,-67.75,-126.00,-65.00,-65.00,-65.00,-50.00,16,5,-49.97,6.78,23.00,40.00,0,0,0.00,0.00,0.16,0.02,0.00,0.00,0,0,
1749054722543,6,0,0,0.00,9.38,0.78,340,744,-67.50,-126.00,-65.00,-65.00,-64.00,-50.00,16,5,-49.72,6.79,24.00,40.00,0,0,0.00,0.00,0.16,0.02,0.00,0.00,0,0,
1749054723543,6,0,0,0.00,9.38,0.78,347,734,-67.50,-126.00,-65.00,-65.00,-64.00,-50.00,16,5,-49.72,6.79,25.50,41.00,1,0,0.00,0.02,0.16,0.02,0.00,0.00,0,0,
1749054724543,6,0,0,0.00,2.18,0.78,90,744,-76.06,-126.00,-65.00,-65.00,-64.00,-64.00,16,5,-58.28,6.53,25.00,40.00,1,0,0.00,0.02,0.16,0.02,0.00,0.00,0,0,
1749054725543,6,0,0,0.00,0.74,0.74,35,421,-64.75,-65.00,-65.00,-65.00,-64.50,-64.00,16,5,-46.97,6.89,25.00,40.00,2,0,0.00,0.01,0.16,0.02,0.00,0.00,0,0,
1749054726543,6,0,0,0.00,0.74,0.82,40,751,-68.44,-126.00,-65.00,-65.00,-64.00,-64.00,16,5,-50.66,6.76,24.00,40.00,1,0,0.00,0.01,0.16,0.02,0.00,0.00,0,0,
1749054727543,6,0,0,0.00,2.18,0.78,130,756,-63.88,-65.00,-65.00,-65.00,-64.50,-50.00,16,5,-46.09,6.93,23.50,41.00,1,0,0.00,0.01,0.16,0.02,0.00,0.00,0,0,
1749054728543,6,0,0,0.00,2.18,0.78,130,754,-63.88,-65.00,-65.00,-65.00,-64.50,-50.00,16,106,-32.83,206.24,8.50,40.00,0,0,0.00,0.00,0.16,0.02,0.00,0.00,0,0,
1749054729543,6,0,0,0.00,2.18,0.78,130,759,-64.75,-65.00,-65.00,-65.00,-64.50,-64.00,16,106,-33.71,203.63,8.00,40.00,0,0,0.00,0.00,0.16,0.02,0.00,0.00,0,0,
1749054730543,6,0,0,0.00,2.18,0.78,90,759,-68.50,-126.00,-65.00,-65.00,-64.00,-64.00,16,106,-37.46,193.86,8.50,40.00,1,0,0.00,0.00,0.16,0.02,0.00,0.00,0,0,
1749054731543,6,0,0,0.00,11.54,0.78,388,754,-64.88,-65.00,-65.00,-65.00,-65.00,-64.00,16,106,-33.83,203.27,8.50,40.00,0,0,0.00,0.00,0.16,0.02,0.00,0.00,0,0,
1749054732543,6,0,0,0.00,2.18,0.78,90,766,-64.88,-65.00,-65.00,-65.00,-65.00,-64.00,16,106,-33.83,203.27,8.50,41.00,0,0,0.00,0.00,0.16,0.02,0.00,0.00,0,0,
1749054733543,6,0,0,0.00,2.16,0.02,80,145,-65.00,-65.00,-65.00,-65.00,-65.00,-65.00,16,5,-47.22,6.88,21.00,40.00,0,0,0.00,0.00,0.16,0.02,0.00,0.00,0,0,
1749054734543,6,0,0,0.00,2.18,0.78,90,754,-68.81,-126.00,-65.00,-65.00,-65.00,-65.00,16,5,-51.03,6.74,25.50,40.00,0,0,0.00,0.00,0.16,0.02,0.00,0.00,0,0,
1749054735543,6,0,0,0.00,2.18,0.78,90,769,-68.62,-126.00,-65.00,-65.00,-65.00,-64.00,16,5,-50.84,6.75,24.00,40.00,0,0,0.00,0.00,0.16,0.02,0.00,0.00,0,0,
1749054736543,6,0,0,0.00,12.26,0.76,453,764,-64.88,-65.00,-65.00,-65.00,-65.00,-64.00,16,5,-47.09,6.89,24.50,40.00,0,0,0.00,0.00,0.15,0.02,0.00,0.00,0,0,
1749054737543,6,0,0,0.00,2.18,0.91,81,764,-64.88,-65.00,-65.00,-65.00,-65.00,-64.00,16,5,-47.09,6.89,24.50,41.00,0,0,0.00,0.00,0.15,0.02,0.00,0.00,0,0,
1749054738543,6,0,0,0.00,0.74,0.86,40,776,-64.94,-65.00,-65.00,-65.00,-65.00,-64.00,16,5,-47.16,6.89,24.50,39.00,0,0,0.00,0.00,0.15,0.02,0.00,0.00,0,0,
1749054739543,6,0,0,0.00,0.74,0.86,40,779,-64.69,-65.00,-65.00,-65.00,-64.00,-64.00,16,5,-46.91,6.90,25.00,39.00,0,0,0.00,0.00,0.15,0.02,0.00,0.00,0,0,
1749054740543,6,0,0,0.00,0.74,0.86,80,779,-64.75,-65.00,-65.00,-65.00,-64.50,-64.00,16,5,-46.97,6.89,25.00,39.00,0,0,0.00,0.00,0.15,0.02,0.00,0.00,0,0,
1749054741543,6,0,0,0.00,0.74,0.79,40,774,-65.62,-80.00,-65.00,-65.00,-64.00,-64.00,16,5,-47.84,6.86,24.00,40.00,0,0,0.00,0.00,0.15,0.02,0.00,0.00,0,0,
1749054742543,6,0,0,0.00,0.74,0.79,40,774,-65.62,-80.00,-65.00,-65.00,-64.00,-64.00,16,5,-47.84,6.86,25.00,39.00,0,0,0.00,0.00,0.15,0.02,0.00,0.00,0,0,
1749054743543,6,0,0,0.00,0.74,0.78,40,786,-65.81,-80.00,-65.00,-65.00,-65.00,-64.00,16,5,-48.03,6.85,23.00,40.00,0,0,0.00,0.00,0.15,0.02,0.00,0.00,0,0,
1749054744543,6,0,0,0.00,0.74,0.78,40,789,-65.00,-65.00,-65.00,-65.00,-65.00,-65.00,16,5,-47.22,6.88,23.00,40.00,0,0,0.00,0.00,0.15,0.02,0.00,0.00,0,0,
1749054745543,6,0,0,0.00,0.74,0.78,80,789,-65.00,-65.00,-65.00,-65.00,-65.00,-65.00,16,5,-47.22,6.88,24.50,40.00,0,0,0.00,0.00,0.15,0.02,0.00,0.00,0,0,
1749054746543,6,0,0,0.00,0.74,0.90,40,779,-65.00,-65.00,-65.00,-65.00,-65.00,-65.00,16,5,-47.22,6.88,24.50,40.00,0,0,0.00,0.00,0.15,0.02,0.00,0.00,0,0,
1749054747543,6,0,1,0.00,0.74,1.47,40,386,-65.00,-65.00,-65.00,-65.00,-65.00,-65.00,16,5,-47.22,6.88,23.50,40.00,0,0,0.00,0.00,0.15,0.02,0.00,0.00,0,0,
1749054748543,6,0,0,0.00,4.34,0.74,200,391,-64.94,-65.00,-65.00,-65.00,-65.00,-64.00,16,5,-47.16,6.89,24.50,44.00,0,0,0.00,0.00,0.15,0.02,0.00,0.00,0,0,
1749054749543,6,0,0,0.00,0.74,0.78,40,696,-64.81,-65.00,-65.00,-65.00,-65.00,-64.00,16,5,-47.03,6.89,23.00,40.00,0,0,0.00,0.00,0.15,0.02,0.00,0.00,0,0,
1749054750543,6,0,0,0.00,2.90,0.78,115,704,-64.69,-65.00,-65.00,-65.00,-64.00,-64.00,16,5,-46.91,6.90,24.50,44.00,0,1,0.00,0.00,0.15,0.02,0.00,0.00,0,0,
1749054751543,6,0,0,0.00,3.62,0.78,180,709,-64.69,-65.00,-65.00,-65.00,-64.00,-64.00,16,5,-46.91,6.90,24.00,44.00,0,0,0.00,0.00,0.15,0.02,0.00,0.00,0,0,
1749054752543,6,0,0,0.00,3.62,0.78,140,709,-64.81,-65.00,-65.00,-65.00,-65.00,-64.00,16,5,-47.03,6.89,24.50,44.00,0,1,0.00,0.00,0.15,0.02,0.00,0.00,0,0,
1749054753543,6,0,0,0.00,0.74,0.82,40,694,-64.31,-65.00,-65.00,-64.00,-64.00,-64.00,16,5,-46.53,6.91,25.00,40.00,0,0,0.00,0.00,0.15,0.02,0.00,0.00,0,0,
1749054754543,6,0,0,0.00,4.34,0.78,165,716,-64.44,-65.00,-65.00,-64.00,-64.00,-64.00,16,5,-46.66,6.91,24.00,43.00,0,0,0.00,0.00,0.15,0.02,0.00,0.00,0,0,
1749054755543,6,0,0,0.00,2.18,0.74,85,406,-64.44,-65.00,-65.00,-64.00,-64.00,-64.00,16,5,-46.66,6.91,24.00,40.00,0,0,0.00,0.00,0.15,0.02,0.00,0.00,0,0,
1749054756543,6,0,0,0.00,2.18,0.74,85,406,-64.69,-65.00,-65.00,-65.00,-64.00,-64.00,16,5,-46.91,6.90,24.50,40.00,0,0,0.00,0.00,0.15,0.02,0.00,0.00,0,0,
1749054757543,6,0,0,0.00,2.18,0.74,85,411,-71.38,-126.00,-65.00,-65.00,-64.00,-50.00,16,5,-53.59,6.66,25.00,40.00,0,0,0.00,0.00,0.15,0.02,0.00,0.00,0,0,
1749054758543,6,0,0,0.00,7.22,0.78,265,406,-64.50,-65.00,-65.00,-64.50,-64.00,-64.00,16,5,-46.72,6.90,24.50,43.00,0,0,0.00,0.00,0.15,0.02,0.00,0.00,0,0,
1749054759543,6,0,0,0.00,4.34,0.78,165,716,-68.56,-126.00,-65.00,-65.00,-64.50,-64.00,16,5,-50.78,6.75,23.50,45.00,0,0,0.00,0.00,0.15,0.02,0.00,0.00,0,0,
1749054760543,6,0,0,0.00,4.34,0.78,138,709,-68.56,-126.00,-65.00,-65.00,-64.50,-64.00,16,5,-50.78,6.75,23.00,43.00,0,0,0.00,0.00,0.15,0.02,0.00,0.00,0,0,
1749054761543,6,0,0,0.00,2.18,0.78,63,719,-65.00,-65.00,-65.00,-65.00,-65.00,-65.00,16,5,-47.22,6.88,25.00,40.00,0,0,0.00,0.00,0.15,0.02,0.00,0.00,0,0,
1749054762543,6,0,0,0.00,2.18,0.78,90,719,-68.69,-126.00,-65.00,-65.00,-65.00,-64.00,16,5,-50.91,6.75,24.50,40.00,0,0,0.00,0.00,0.15,0.02,0.00,0.00,0,0,
1749054763543,6,0,0,0.00,2.18,0.74,85,401,-72.62,-126.00,-65.00,-65.00,-65.00,-65.00,16,5,-54.84,6.62,25.50,40.00,0,0,0.00,0.00,0.15,0.02,0.00,0.00,0,0,
1749054764543,6,0,0,0.00,0.74,0.82,40,721,-72.62,-126.00,-65.00,-65.00,-65.00,-65.00,16,5,-54.84,6.62,25.50,40.00,0,0,0.00,0.00,0.15,0.02,0.00,0.00,0,0,
1749054765543,6,0,0,0.00,2.18,0.78,90,721,-72.62,-126.00,-65.00,-65.00,-65.00,-65.00,16,5,-54.84,6.62,26.00,40.00,0,0,0.00,0.00,0.15,0.02,0.00,0.00,0,0,
1749054766543,6,0,0,0.00,2.18,0.78,130,729,-64.94,-65.00,-65.00,-65.00,-65.00,-64.00,16,5,-47.16,6.89,25.50,39.00,0,0,0.00,0.00,0.14,0.02,0.00,0.00,0,0,
1749054767543,6,0,0,0.00,2.18,0.78,90,729,-68.62,-126.00,-65.00,-65.00,-65.00,-64.00,16,5,-50.84,6.75,23.50,36.00,0,0,0.00,0.00,0.14,0.02,0.00,0.00,0,0,
1749054768543,6,0,0,0.00,2.18,0.78,90,729,-68.44,-126.00,-65.00,-65.00,-64.00,-64.00,16,5,-50.66,6.76,24.00,40.00,0,0,0.00,0.00,0.14,0.02,0.00,0.00,0,0,
1749054769543,6,0,0,0.00,7.22,0.78,287,719,-68.44,-126.00,-65.00,-65.00,-64.00,-64.00,16,5,-50.66,6.76,25.00,39.00,0,1,0.00,0.00,0.14,0.02,0.00,0.00,0,0,
1749054770543,6,0,0,0.00,2.18,0.78,45,736,-68.44,-126.00,-65.00,-65.00,-64.00,-64.00,16,5,-50.66,6.76,25.00,39.00,0,0,0.00,0.00,0.14,0.02,0.00,0.00,0,0,
1749054771543,6,0,0,0.00,2.18,0.78,90,734,-68.38,-126.00,-65.00,-65.00,-64.00,-64.00,16,5,-50.59,6.76,25.50,39.00,0,0,0.00,0.00,0.14,0.02,0.00,0.00,0,0,
1749054772543,6,0,0,0.00,7.94,0.78,330,734,-68.38,-126.00,-65.00,-65.00,-64.00,-64.00,16,5,-50.59,6.76,25.50,39.00,0,0,0.00,0.00,0.14,0.02,0.00,0.00,0,0,
1749054773543,6,0,0,0.00,2.18,0.78,90,734,-64.56,-65.00,-65.00,-65.00,-64.00,-64.00,16,5,-46.78,6.90,26.00,39.00,0,0,0.00,0.00,0.14,0.02,0.00,0.00,0,0,
1749054774543,6,0,0,0.00,0.74,0.82,40,729,-64.56,-65.00,-65.00,-65.00,-64.00,-64.00,16,5,-46.78,6.90,25.50,39.00,1,0,0.00,0.00,0.14,0.02,0.00,0.00,0,0,
1749054775543,6,0,0,0.00,8.66,0.78,355,741,-64.69,-65.00,-65.00,-65.00,-64.00,-64.00,16,5,-46.91,6.90,24.00,39.00,1,0,0.00,0.00,0.14,0.02,0.00,0.00,0,0,
1749054776543,6,0,0,0.00,9.38,0.78,347,739,-64.69,-65.00,-65.00,-65.00,-64.00,-64.00,16,5,-46.91,6.90,26.00,39.00,1,0,0.00,0.00,0.14,0.02,0.00,0.00,0,0,
1749054777543,6,0,0,0.00,2.18,0.78,90,744,-64.75,-65.00,-65.00,-65.00,-64.50,-64.00,16,5,-46.97,6.89,26.50,39.00,1,0,0.00,0.00,0.14,0.02,0.00,0.00,0,0,
1749054778543,6,0,0,0.00,10.10,0.78,365,739,-64.75,-65.00,-65.00,-65.00,-64.50,-64.00,16,5,-46.97,6.89,25.00,39.00,1,0,0.00,0.03,0.14,0.02,0.00,0.00,0,0,
1749054779543,6,0,0,0.00,0.74,0.78,35,426,-67.12,-107.00,-65.00,-64.50,-64.00,-64.00,16,94,-36.60,172.39,20.00,37.00,2,0,0.00,0.02,0.14,0.02,0.00,0.00,0,0,
1749054780543,6,0,0,0.00,0.74,0.82,40,741,-64.88,-65.00,-65.00,-65.00,-65.00,-64.00,16,106,-33.83,203.27,19.50,39.00,0,0,0.00,0.01,0.14,0.02,0.00,0.00,0,0,
1749054781543,6,0,0,0.00,2.18,0.78,130,756,-65.00,-65.00,-65.00,-65.00,-65.00,-65.00,16,106,-33.96,202.91,19.50,40.00,0,0,0.00,0.01,0.14,0.02,0.00,0.00,0,0,
1749054782543,6,0,0,0.00,2.18,0.78,90,759,-65.00,-65.00,-65.00,-65.00,-65.00,-65.00,16,106,-33.96,202.91,19.50,39.00,0,0,0.00,0.01,0.14,0.02,0.00,0.00,0,0,
1749054783543,6,0,0,0.00,2.18,0.78,90,759,-65.00,-65.00,-65.00,-65.00,-65.00,-65.00,16,106,-33.96,202.91,19.50,40.00,0,0,0.00,0.01,0.14,0.02,0.00,0.00,0,0,
1749054784543,6,0,0,0.00,2.16,0.02,80,135,-66.75,-80.00,-65.00,-65.00,-65.00,-64.00,16,5,-48.97,6.82,21.50,40.00,0,0,0.00,0.00,0.14,0.02,0.00,0.00,0,0,
1749054785543,6,0,0,0.00,11.54,0.76,415,739,-68.62,-80.00,-72.50,-65.00,-65.00,-64.00,16,5,-50.84,6.75,25.00,41.00,0,0,0.00,0.03,0.14,0.02,0.00,0.00,0,0,
1749054786543,6,0,0,0.00,2.18,0.81,63,754,-69.50,-107.00,-65.00,-65.00,-65.00,-65.00,16,5,-51.72,6.72,25.50,40.00,0,0,0.00,0.02,0.14,0.02,0.00,0.00,0,0,
1749054787543,6,0,0,0.00,2.18,0.78,130,766,-69.50,-107.00,-65.00,-65.00,-65.00,-65.00,16,5,-51.72,6.72,25.00,39.00,0,0,0.00,0.02,0.14,0.02,0.00,0.00,0,0,
1749054788543,6,0,1,0.00,0.77,1.50,140,1330,-65.00,-65.00,-65.00,-65.00,-65.00,-65.00,7,5,-47.22,6.88,25.00,39.00,0,0,0.03,0.02,0.14,0.02,0.00,0.00,0,0,
1749054789543,6,0,0,0.00,1.46,0.78,47,719,NaN,0.00,NaN,NaN,NaN,0.00,0,5,NaN,0.00,24.50,39.00,0,2,0.01,0.03,0.14,0.02,0.00,0.00,0,0,
1749054790543,6,0,0,0.00,2.18,0.78,63,709,NaN,0.00,NaN,NaN,NaN,0.00,0,5,NaN,0.00,25.00,39.00,0,0,0.00,0.02,0.14,0.02,0.00,0.00,0,0,
1749054791543,6,0,0,0.00,0.74,0.78,40,704,NaN,0.00,NaN,NaN,NaN,0.00,0,5,NaN,0.00,25.50,39.00,0,0,0.00,0.08,0.14,0.02,0.00,0.00,0,0,
1749054792543,6,0,0,0.00,1.46,0.78,65,704,NaN,0.00,NaN,NaN,NaN,0.00,0,5,NaN,0.00,24.00,39.00,0,0,0.00,0.07,0.14,0.02,0.00,0.00,0,0,
1749054793543,6,0,0,0.00,1.46,0.78,60,704,NaN,0.00,NaN,NaN,NaN,0.00,0,5,NaN,0.00,23.00,36.00,0,0,0.03,0.06,0.14,0.02,0.00,0.00,0,0,
1749054794543,6,0,0,0.00,1.46,0.78,65,704,NaN,0.00,NaN,NaN,NaN,0.00,0,5,NaN,0.00,24.00,42.00,0,1,0.01,0.05,0.14,0.02,0.00,0.00,0,0,
1749054795543,6,0,0,0.00,2.18,0.78,130,699,NaN,0.00,NaN,NaN,NaN,0.00,0,5,NaN,0.00,24.50,39.00,0,0,0.00,0.10,0.14,0.02,0.00,0.00,0,0,
1749054796543,6,0,0,0.00,0.74,0.78,40,694,NaN,0.00,NaN,NaN,NaN,0.00,0,5,NaN,0.00,23.50,39.00,0,0,0.00,0.08,0.14,0.02,0.00,0.00,0,0,
1749054797543,6,0,0,0.00,0.74,0.78,40,694,NaN,0.00,NaN,NaN,NaN,0.00,0,5,NaN,0.00,25.00,39.00,0,0,0.00,0.07,0.14,0.02,0.00,0.00,0,0,
1749054798543,6,0,0,0.00,1.49,0.82,70,714,NaN,0.00,NaN,NaN,NaN,0.00,0,5,NaN,0.00,24.50,40.00,0,0,0.01,0.08,0.14,0.02,0.00,0.00,0,0,
1749054799543,6,0,0,0.00,2.90,0.78,115,709,NaN,0.00,NaN,NaN,NaN,0.00,0,5,NaN,0.00,24.50,41.00,0,0,0.00,0.06,0.14,0.02,0.00,0.00,0,0,
1749054800543,6,0,0,0.00,2.18,0.78,90,689,NaN,0.00,NaN,NaN,NaN,0.00,0,5,NaN,0.00,25.50,41.00,0,0,0.00,0.09,0.14,0.02,0.00,0.00,0,0,
1749054801543,6,0,0,0.00,0.74,0.78,40,696,NaN,0.00,NaN,NaN,NaN,0.00,0,5,NaN,0.00,25.00,40.00,0,0,0.00,0.07,0.14,0.02,0.00,0.00,0,0,
1749054802543,6,0,0,0.00,0.74,0.78,40,684,NaN,0.00,NaN,NaN,NaN,0.00,0,5,NaN,0.00,24.50,41.00,0,0,0.01,0.06,0.14,0.02,0.00,0.00,0,0,
1749054803543,6,0,0,0.00,0.74,0.78,40,696,NaN,0.00,NaN,NaN,NaN,0.00,0,5,NaN,0.00,25.50,41.00,0,0,0.00,0.05,0.14,0.02,0.00,0.00,0,0,
1749054804543,6,0,0,0.00,2.90,0.78,115,709,NaN,0.00,NaN,NaN,NaN,0.00,0,5,NaN,0.00,25.50,43.00,0,0,0.00,0.04,0.14,0.02,0.00,0.00,0,0,
1749054805543,6,0,0,0.00,1.46,0.78,47,689,-65.00,-65.00,-65.00,-65.00,-65.00,-65.00,10,5,-47.22,6.88,24.00,40.00,0,2,0.00,0.03,0.14,0.02,0.00,0.00,0,0,
1749054806543,6,0,0,0.00,3.62,0.78,113,709,-65.00,-65.00,-65.00,-65.00,-65.00,-65.00,10,5,-47.22,6.88,23.50,40.00,0,0,0.00,0.02,0.14,0.02,0.00,0.00,0,0,
1749054807543,6,0,0,0.00,0.74,0.82,26,694,-65.94,-80.00,-65.00,-65.00,-65.00,-65.00,16,5,-48.16,6.85,24.50,43.00,0,0,0.00,0.02,0.14,0.02,0.00,0.00,0,0,
1749054808543,6,0,0,0.00,2.18,0.78,90,706,-66.75,-80.00,-65.00,-65.00,-65.00,-64.00,16,5,-48.97,6.82,23.50,45.00,0,0,0.00,0.01,0.14,0.02,0.00,0.00,0,0,
1749054809543,6,0,0,0.00,2.90,0.78,115,704,-67.81,-80.00,-65.00,-65.00,-65.00,-65.00,16,5,-50.03,6.78,24.00,44.00,0,1,0.00,0.01,0.14,0.02,0.00,0.00,0,0,
1749054810543,6,0,0,0.00,2.18,0.74,85,411,-67.81,-80.00,-65.00,-65.00,-65.00,-65.00,16,5,-50.03,6.78,24.00,36.00,0,0,0.00,0.01,0.14,0.02,0.00,0.00,0,0,
1749054811543,6,0,0,0.00,2.18,0.74,85,406,-64.81,-65.00,-65.00,-65.00,-65.00,-64.00,16,5,-47.03,6.89,24.50,39.00,1,0,0.00,0.01,0.14,0.02,0.00,0.00,0,0,
1749054812543,6,0,0,0.00,2.18,0.78,130,411,-64.81,-65.00,-65.00,-65.00,-65.00,-64.00,16,5,-47.03,6.89,25.50,39.00,0,0,0.00,0.00,0.14,0.02,0.00,0.00,0,0,
1749054813543,6,0,0,0.00,0.74,0.82,40,711,-66.62,-80.00,-65.00,-65.00,-64.50,-64.00,16,5,-48.84,6.82,26.00,39.00,0,0,0.00,0.00,0.14,0.02,0.00,0.00,0,0,
1749054814543,6,0,0,0.00,2.18,0.78,90,716,-64.75,-65.00,-65.00,-65.00,-64.50,-64.00,16,5,-46.97,6.89,25.00,39.00,0,0,0.00,0.00,0.14,0.02,0.00,0.00,0,0,
1749054815543,6,8,2,0.00,12.09,2.79,465,734,-64.75,-65.00,-65.00,-65.00,-64.50,-64.00,16,5,-46.97,6.89,25.00,40.00,0,0,0.00,0.00,0.14,0.02,0.00,0.00,0,0,
1749054816543,6,0,0,0.00,0.74,0.82,31,704,-64.88,-65.00,-65.00,-65.00,-65.00,-64.00,16,5,-47.09,6.89,24.00,39.00,0,0,0.00,0.00,0.14,0.02,0.00,0.00,0,0,
1749054817543,6,0,0,0.00,2.18,0.78,90,719,-64.94,-65.00,-65.00,-65.00,-65.00,-64.00,16,5,-47.16,6.89,25.50,39.00,0,0,0.00,0.00,0.13,0.02,0.00,0.00,0,0,
1749054818543,6,0,0,0.00,5.78,0.78,215,714,-65.00,-65.00,-65.00,-65.00,-65.00,-65.00,16,5,-47.22,6.88,24.50,36.00,0,0,0.00,0.00,0.13,0.02,0.00,0.00,0,0,
1749054819543,6,0,0,0.00,2.18,0.78,130,724,-65.00,-65.00,-65.00,-65.00,-65.00,-65.00,16,5,-47.22,6.88,25.00,36.00,0,0,0.00,0.00,0.13,0.02,0.00,0.00,0,0,
1749054820543,6,0,0,0.00,2.18,0.78,90,719,-65.00,-65.00,-65.00,-65.00,-65.00,-65.00,16,5,-47.22,6.88,24.50,36.00,0,0,0.00,0.00,0.13,0.02,0.00,0.00,0,0,
1749054821543,6,0,0,0.00,2.18,0.78,90,724,-66.62,-80.00,-65.00,-65.00,-64.50,-64.00,16,5,-48.84,6.82,23.50,39.00,0,0,0.00,0.00,0.13,0.02,0.00,0.00,0,0,
1749054822543,6,0,0,0.00,2.18,0.78,90,724,-67.62,-80.00,-65.00,-65.00,-65.00,-64.00,16,5,-49.84,6.78,25.00,39.00,0,0,0.00,0.00,0.13,0.02,0.00,0.00,0,0,
1749054823543,6,0,0,0.00,0.74,0.82,40,719,-66.81,-80.00,-65.00,-65.00,-65.00,-64.00,16,5,-49.03,6.81,23.00,36.00,0,0,0.00,0.00,0.13,0.02,0.00,0.00,0,0,
1749054824543,6,0,0,0.00,7.22,0.78,312,731,-66.81,-80.00,-65.00,-65.00,-65.00,-64.00,16,5,-49.03,6.81,24.00,41.00,0,0,0.00,0.00,0.13,0.02,0.00,0.00,0,0,
1749054825543,6,0,0,0.00,2.18,0.78,90,729,-64.94,-65.00,-65.00,-65.00,-65.00,-64.00,16,5,-47.16,6.89,25.00,39.00,1,0,0.00,0.00,0.13,0.02,0.00,0.00,0,0,
1749054826543,6,0,0,0.00,7.94,0.78,330,734,-65.00,-65.00,-65.00,-65.00,-65.00,-65.00,16,5,-47.22,6.88,25.00,36.00,1,0,0.00,0.00,0.13,0.02,0.00,0.00,0,0,
1749054827543,6,0,0,0.00,2.18,0.78,90,734,-65.00,-65.00,-65.00,-65.00,-65.00,-65.00,16,5,-47.22,6.88,24.00,37.00,1,0,0.00,0.00,0.13,0.02,0.00,0.00,0,0,
1749054828543,6,0,0,0.00,2.18,0.78,90,739,-65.00,-65.00,-65.00,-65.00,-65.00,-65.00,16,5,-47.22,6.88,23.50,37.00,0,0,0.00,0.00,0.13,0.02,0.00,0.00,0,0,
1749054829543,6,0,0,0.00,8.66,0.78,337,734,-64.75,-65.00,-65.00,-65.00,-64.50,-64.00,16,5,-46.97,6.89,23.50,37.00,1,0,0.00,0.00,0.13,0.02,0.00,0.00,0,0,
1749054830543,6,0,0,0.00,2.18,0.78,90,746,-65.81,-80.00,-65.00,-65.00,-65.00,-64.00,16,5,-48.03,6.85,24.00,40.00,1,0,0.00,0.00,0.13,0.02,0.00,0.00,0,0,
1749054831543,6,0,0,0.00,2.18,0.78,90,744,-64.94,-65.00,-65.00,-65.00,-65.00,-64.00,16,106,-33.89,203.09,8.50,41.00,0,0,0.00,0.00,0.13,0.02,0.00,0.00,0,0,
1749054832543,6,0,0,0.00,2.18,0.78,90,749,-64.94,-65.00,-65.00,-65.00,-65.00,-64.00,16,106,-33.89,203.09,8.00,37.00,0,0,0.00,0.00,0.13,0.02,0.00,0.00,0,0,
1749054833543,6,0,0,0.00,2.18,0.78,90,749,-64.94,-65.00,-65.00,-65.00,-65.00,-64.00,16,106,-33.89,203.09,9.50,42.00,1,0,0.00,0.00,0.13,0.02,0.00,0.00,0,0,
1749054834543,6,0,0,0.00,10.10,0.78,378,744,-70.12,-139.00,-65.00,-65.00,-64.00,-64.00,16,106,-39.08,190.21,8.00,37.00,0,0,0.00,0.00,0.13,0.02,0.00,0.00,0,0,
1749054835543,6,0,0,0.00,2.18,0.78,72,756,-66.56,-80.00,-65.00,-65.00,-64.00,-64.00,16,106,-35.52,198.65,7.50,44.00,0,0,0.00,0.00,0.13,0.02,0.00,0.00,0,0,
1749054836543,6,0,0,0.00,2.16,0.02,120,120,-64.81,-65.00,-65.00,-65.00,-65.00,-64.00,16,5,-47.03,6.89,24.50,46.00,0,0,0.00,0.00,0.13,0.02,0.00,0.00,0,0,
1749054837543,6,0,0,0.00,2.18,0.78,130,759,-64.88,-65.00,-65.00,-65.00,-65.00,-64.00,16,5,-47.09,6.89,24.50,40.00,0,0,0.00,0.00,0.13,0.02,0.00,0.00,0,0,
1749054838543,6,0,0,0.00,2.18,0.78,90,759,-64.88,-65.00,-65.00,-65.00,-65.00,-64.00,16,5,-47.09,6.89,24.50,39.00,0,0,0.00,0.00,0.13,0.02,0.00,0.00,0,0,
1749054839543,6,6,3,0.00,7.29,3.62,296,769,-64.56,-65.00,-65.00,-65.00,-64.00,-64.00,16,5,-46.78,6.90,24.50,42.00,0,0,0.00,0.00,0.13,0.02,0.00,0.00,0,0,
1749054840543,6,0,0,0.00,2.18,0.76,90,754,-64.31,-65.00,-65.00,-64.00,-64.00,-64.00,16,5,-46.53,6.91,23.50,40.00,0,0,0.00,0.00,0.13,0.02,0.00,0.00,0,0,
1749054841543,6,0,0,0.00,2.18,0.78,90,766,-69.31,-80.00,-80.00,-65.00,-64.00,-64.00,16,5,-51.53,6.73,23.50,43.00,0,0,0.00,0.00,0.13,0.02,0.00,0.00,0,0,
1749054842543,6,0,0,0.00,2.18,0.78,90,769,-69.31,-80.00,-80.00,-65.00,-64.00,-64.00,16,5,-51.53,6.73,24.50,43.00,0,0,0.00,0.00,0.13,0.02,0.00,0.00,0,0,
1749054843543,6,0,0,0.00,0.74,0.85,40,759,-71.25,-80.00,-80.00,-65.00,-64.00,-64.00,16,5,-53.47,6.66,23.50,43.00,0,0,0.00,0.00,0.13,0.02,0.00,0.00,0,0,
1749054844543,6,0,0,0.00,0.74,0.88,35,431,-66.50,-80.00,-65.00,-65.00,-64.00,-64.00,16,5,-48.72,6.82,22.50,40.00,0,0,0.00,0.00,0.13,0.02,0.00,0.00,0,0,
1749054845543,6,0,0,0.00,0.74,0.77,40,776,-64.56,-65.00,-65.00,-65.00,-64.00,-64.00,16,5,-46.78,6.90,24.00,41.00,0,0,0.00,0.00,0.13,0.02,0.00,0.00,0,0,
1749054846543,6,0,0,0.00,0.74,0.86,40,776,-64.94,-65.00,-65.00,-65.00,-65.00,-64.00,16,5,-47.16,6.89,23.00,40.00,0,0,0.00,0.00,0.13,0.02,0.00,0.00,0,0,
1749054847543,6,0,0,0.00,0.77,0.92,45,789,-64.94,-65.00,-65.00,-65.00,-65.00,-64.00,16,5,-47.16,6.89,25.00,40.00,0,0,0.01,0.00,0.13,0.02,0.00,0.00,0,0,
1749054848543,6,0,0,0.00,0.74,0.85,40,779,-64.75,-65.00,-65.00,-65.00,-64.50,-64.00,16,5,-46.97,6.89,24.00,45.00,0,0,0.00,0.00,0.13,0.02,0.00,0.00,0,0,
1749054849543,6,0,0,0.00,0.77,0.80,45,784,-64.88,-65.00,-65.00,-65.00,-65.00,-64.00,16,5,-47.09,6.89,23.50,40.00,0,1,0.04,0.00,0.13,0.02,0.00,0.00,0,0,
1749054850543,6,0,0,0.00,0.74,0.78,40,769,-65.92,-80.00,-65.00,-65.00,-64.00,-64.00,12,5,-48.14,6.85,25.00,40.00,0,0,0.01,0.07,0.13,0.02,0.00,0.00,0,0,
1749054851543,6,0,0,0.00,0.74,0.78,40,781,-65.92,-80.00,-65.00,-65.00,-64.00,-64.00,12,5,-48.14,6.85,25.00,41.00,0,0,0.00,0.05,0.13,0.02,0.00,0.00,0,0,
1749054852543,6,0,0,0.00,0.74,0.78,40,784,-64.88,-65.00,-65.00,-65.00,-65.00,-64.00,8,5,-47.09,6.89,25.00,41.00,0,0,0.00,0.04,0.13,0.02,0.00,0.00,0,0,
1749054853543,6,0,0,0.00,0.74,0.78,40,789,-65.62,-80.00,-65.00,-65.00,-64.00,-64.00,16,5,-47.84,6.86,24.00,43.00,0,0,0.00,0.04,0.13,0.02,0.00,0.00,0,0,
1749054854543,6,0,0,0.00,0.74,0.89,40,789,-64.89,-65.00,-65.00,-65.00,-65.00,-64.00,9,5,-47.11,6.89,25.00,44.00,0,0,0.00,0.13,0.13,0.02,0.00,0.00,0,0,
1749054855543,6,0,0,0.00,0.74,0.86,40,774,-64.80,-65.00,-65.00,-65.00,-65.00,-64.00,5,5,-47.02,6.89,24.00,43.00,0,0,0.00,0.10,0.13,0.02,0.00,0.00,0,0,
1749054856543,6,0,0,0.00,0.77,0.80,85,784,-64.80,-65.00,-65.00,-65.00,-65.00,-64.00,5,5,-47.02,6.89,25.50,44.00,0,0,0.03,0.08,0.13,0.02,0.00,0.00,0,0,
1749054857543,6,0,0,0.00,0.74,0.89,40,789,-64.87,-65.00,-65.00,-65.00,-65.00,-64.00,15,5,-47.09,6.89,24.50,40.00,0,0,0.01,0.07,0.13,0.02,0.00,0.00,0,0,
1749054858543,6,0,1,0.00,0.74,1.48,40,724,-65.93,-80.00,-65.00,-65.00,-65.00,-64.00,14,5,-48.15,6.85,26.00,44.00,0,0,0.00,0.06,0.13,0.02,0.00,0.00,0,0,
1749054859543,6,0,0,0.00,0.74,0.78,40,684,-66.67,-80.00,-65.00,-65.00,-65.00,-65.00,9,5,-48.89,6.82,25.50,43.00,0,0,0.00,0.11,0.13,0.02,0.00,0.00,0,0,
1749054860543,6,0,0,0.00,0.74,0.78,40,694,-66.67,-80.00,-65.00,-65.00,-65.00,-65.00,9,5,-48.89,6.82,25.00,44.00,0,0,0.01,0.09,0.13,0.02,0.00,0.00,0,0,
1749054861543,6,0,0,0.00,1.46,0.74,60,376,-65.71,-80.00,-65.00,-65.00,-64.00,-64.00,14,5,-47.93,6.85,25.00,44.00,0,0,0.00,0.09,0.13,0.02,0.00,0.00,0,0,
1749054862543,6,0,0,0.00,1.46,0.78,65,694,-65.00,-65.00,-65.00,-65.00,-65.00,-65.00,3,5,-47.22,6.88,25.00,41.00,0,0,0.00,0.10,0.13,0.02,0.00,0.00,0,0,
1749054863543,6,0,0,0.00,3.62,0.78,140,709,-67.50,-80.00,-65.00,-65.00,-65.00,-65.00,6,5,-49.72,6.79,24.50,41.00,0,0,0.00,0.12,0.13,0.02,0.00,0.00,0,0,
1749054864543,6,0,0,0.00,0.77,0.82,45,729,-65.00,-65.00,-65.00,-65.00,-65.00,-65.00,8,5,-47.22,6.88,23.50,40.00,0,0,0.02,0.13,0.13,0.02,0.00,0.00,0,0,
1749054865543,6,0,0,0.00,4.34,0.78,165,709,-65.00,-65.00,-65.00,-65.00,-65.00,-65.00,8,5,-47.22,6.88,24.00,40.00,0,0,0.01,0.09,0.13,0.02,0.00,0.00,0,0,
1749054866543,6,0,0,0.00,2.16,0.02,80,327,-65.00,-65.00,-65.00,-65.00,-65.00,-65.00,3,5,-47.22,6.88,24.00,43.00,1,0,0.00,0.08,0.13,0.02,0.00,0.00,0,0,
1749054867543,6,0,1,0.00,2.21,1.46,90,512,NaN,0.00,NaN,NaN,NaN,0.00,0,5,NaN,0.00,23.50,40.00,2,0,0.00,0.08,0.13,0.02,0.00,0.00,0,0,
1749054868543,6,0,0,0.00,2.18,0.74,85,411,-65.00,-65.00,-65.00,-65.00,-65.00,-65.00,2,5,-47.22,6.88,24.00,40.00,2,0,0.00,0.07,0.13,0.02,0.00,0.00,0,0,
1749054869543,6,0,0,0.00,2.18,0.74,125,411,NaN,0.00,NaN,NaN,NaN,0.00,0,5,NaN,0.00,23.50,40.00,2,0,0.00,0.14,0.13,0.02,0.00,0.00,0,0,
1749054870543,6,0,0,0.00,0.74,0.82,40,711,NaN,0.00,NaN,NaN,NaN,0.00,0,5,NaN,0.00,24.00,40.00,0,0,0.00,0.12,0.13,0.02,0.00,0.00,0,0,
1749054871543,6,0,0,0.00,4.34,0.78,165,716,-65.00,-65.00,-65.00,-65.00,-65.00,-65.00,2,5,-47.22,6.88,25.50,40.00,0,0,0.00,0.08,0.13,0.02,0.00,0.00,0,0,
1749054872543,6,4,1,0.00,8.75,2.10,368,774,-65.00,-65.00,-65.00,-65.00,-65.00,-65.00,2,5,-47.22,6.88,23.50,41.00,0,0,0.00,0.09,0.13,0.02,0.00,0.00,0,0,
1749054873543,6,1,1,0.00,6.12,1.38,268,774,NaN,0.00,NaN,NaN,NaN,0.00,0,5,NaN,0.00,24.50,36.00,1,0,0.02,0.06,0.13,0.02,0.00,0.00,0,0,
1749054874543,6,3,2,0.00,8.58,3.00,387,784,NaN,0.00,NaN,NaN,NaN,0.00,0,5,NaN,0.00,24.00,39.00,2,0,0.01,0.10,0.13,0.02,0.00,0.00,0,0,
1749054875543,6,1,2,0.00,6.25,2.74,272,754,NaN,0.00,NaN,NaN,NaN,0.00,0,5,NaN,0.00,26.50,35.00,0,0,0.07,0.07,0.13,0.02,0.00,0.00,0,0,
1749054876543,6,0,0,0.00,2.18,0.78,90,719,NaN,0.00,NaN,NaN,NaN,0.00,0,5,NaN,0.00,24.50,38.00,1,0,0.04,0.13,0.13,0.02,0.00,0.00,0,0,
1749054877543,6,0,0,0.00,5.78,0.78,255,724,NaN,0.00,NaN,NaN,NaN,0.00,0,5,NaN,0.00,25.50,35.00,1,0,0.01,0.10,0.13,0.02,0.00,0.00,0,0,
1749054878543,6,0,0,0.00,2.18,0.78,90,724,NaN,0.00,NaN,NaN,NaN,0.00,0,5,NaN,0.00,25.00,39.00,1,0,0.01,0.07,0.13,0.02,0.00,0.00,0,0,
1749054879543,6,0,0,0.00,2.18,0.78,170,729,NaN,0.00,NaN,NaN,NaN,0.00,0,5,NaN,0.00,25.50,39.00,1,0,0.02,0.15,0.13,0.02,0.00,0.00,0,0,
1749054880543,6,0,0,0.00,0.74,0.78,35,401,NaN,0.00,NaN,NaN,NaN,0.00,0,5,NaN,0.00,24.00,36.00,2,0,0.01,0.12,0.13,0.02,0.00,0.00,0,0,
1749054881543,6,0,0,0.00,0.74,0.82,40,726,NaN,0.00,NaN,NaN,NaN,0.00,0,106,NaN,0.00,6.50,37.00,1,0,0.00,0.10,0.13,0.02,0.00,0.00,0,0,
1749054882543,6,0,0,0.00,7.22,0.78,305,731,NaN,0.00,NaN,NaN,NaN,0.00,0,106,NaN,0.00,7.00,40.00,0,0,0.00,0.09,0.13,0.02,0.00,0.00,0,0,
1749054883543,6,0,0,0.00,2.18,0.78,90,739,NaN,0.00,NaN,NaN,NaN,0.00,0,106,NaN,0.00,6.50,37.00,0,0,0.00,0.08,0.13,0.02,0.00,0.00,0,0,
1749054884543,6,0,0,0.00,2.18,0.78,90,739,NaN,0.00,NaN,NaN,NaN,0.00,0,106,NaN,0.00,8.00,37.00,0,0,0.01,0.06,0.13,0.02,0.00,0.00,0,0,
1749054885543,6,0,0,0.00,2.18,0.78,90,739,NaN,0.00,NaN,NaN,NaN,0.00,0,106,NaN,0.00,6.00,40.00,1,0,0.00,0.07,0.13,0.02,0.00,0.00,0,0,
1749054886543,6,0,0,0.00,8.64,0.00,305,110,NaN,0.00,NaN,NaN,NaN,0.00,0,5,NaN,0.00,23.50,40.00,0,0,0.01,0.04,0.13,0.02,0.00,0.00,0,0,
1749054887543,6,0,0,0.00,2.18,0.81,90,734,NaN,0.00,NaN,NaN,NaN,0.00,0,5,NaN,0.00,19.50,40.00,0,0,0.01,0.11,0.12,0.02,0.00,0.00,0,0,
1749054888543,6,0,0,0.00,2.18,0.78,130,746,NaN,0.00,NaN,NaN,NaN,0.00,0,5,NaN,0.00,23.00,43.00,0,0,0.00,0.10,0.12,0.02,0.00,0.00,0,0,
1749054889543,6,0,0,0.00,2.18,0.78,90,749,NaN,0.00,NaN,NaN,NaN,0.00,0,5,NaN,0.00,23.00,42.00,0,0,0.00,0.08,0.12,0.02,0.00,0.00,0,0,
1749054890543,6,0,0,0.00,2.18,0.78,90,749,-65.00,-65.00,-65.00,-65.00,-65.00,-65.00,3,5,-47.22,6.88,19.50,37.00,0,0,0.00,0.06,0.12,0.02,0.00,0.00,0,0,
1749054891543,6,0,0,0.00,8.66,0.76,355,744,NaN,0.00,NaN,NaN,NaN,0.00,0,5,NaN,0.00,23.00,44.00,0,0,0.01,0.15,0.12,0.02,0.00,0.00,0,0,
1749054892543,6,0,0,0.00,3.62,0.81,180,744,NaN,0.00,NaN,NaN,NaN,0.00,0,5,NaN,0.00,22.00,42.00,0,0,0.01,0.11,0.12,0.02,0.00,0.00,0,0,
1749054893543,6,0,0,0.00,2.18,0.78,90,756,-65.00,-65.00,-65.00,-65.00,-65.00,-65.00,4,5,-47.22,6.88,24.50,40.00,0,0,0.00,0.09,0.12,0.02,0.00,0.00,0,0,
1749054894543,6,0,0,0.00,2.18,0.78,90,759,-64.86,-65.00,-65.00,-65.00,-65.00,-64.00,7,5,-47.08,6.89,23.50,40.00,0,0,0.00,0.09,0.12,0.02,0.00,0.00,0,0,
1749054895543,6,0,0,0.00,2.21,0.82,95,769,-65.00,-65.00,-65.00,-65.00,-65.00,-65.00,4,5,-47.22,6.88,23.00,40.00,0,0,0.01,0.11,0.12,0.02,0.00,0.00,0,0,
1749054896543,6,0,0,0.00,8.66,0.76,395,754,-64.50,-65.00,-65.00,-64.50,-64.00,-64.00,4,5,-46.72,6.90,20.00,44.00,0,0,0.00,0.06,0.12,0.02,0.00,0.00,0,0,
1749054897543,6,0,0,0.00,5.06,0.81,230,754,-64.50,-65.00,-65.00,-64.50,-64.00,-64.00,4,5,-46.72,6.90,22.50,40.00,0,0,0.00,0.04,0.12,0.02,0.00,0.00,0,0,
1749054898543,6,0,0,0.00,2.18,0.78,130,766,-64.81,-65.00,-65.00,-65.00,-65.00,-64.00,16,5,-47.03,6.89,22.00,40.00,0,0,0.00,0.03,0.12,0.02,0.00,0.00,0,0,
1749054899543,6,0,0,0.00,2.18,0.78,90,769,-66.00,-80.00,-65.00,-65.00,-65.00,-64.00,13,5,-48.22,6.84,19.50,41.00,0,0,0.00,0.11,0.12,0.02,0.00,0.00,0,0,
1749054900543,6,0,0,0.00,0.74,0.85,40,754,-64.78,-65.00,-65.00,-65.00,-65.00,-64.00,9,5,-47.00,6.89,24.00,40.00,0,0,0.01,0.09,0.12,0.02,0.00,0.00,0,0,
1749054901543,6,0,0,0.00,0.74,0.88,35,426,-64.88,-65.00,-65.00,-65.00,-65.00,-64.00,16,5,-47.09,6.89,23.50,40.00,0,0,0.00,0.07,0.12,0.02,0.00,0.00,0,0,
1749054902543,6,0,0,0.00,0.74,0.66,40,776,-64.88,-65.00,-65.00,-65.00,-65.00,-64.00,16,5,-47.09,6.89,20.50,40.00,0,0,0.00,0.06,0.12,0.02,0.00,0.00,0,0,
1749054903543,6,0,0,0.00,0.74,0.89,40,776,-64.87,-65.00,-65.00,-65.00,-65.00,-64.00,15,5,-47.09,6.89,22.00,40.00,0,0,0.00,0.05,0.12,0.02,0.00,0.00,0,0,
1749054904543,6,0,0,0.00,0.74,0.86,40,779,-65.00,-65.00,-65.00,-65.00,-65.00,-65.00,12,5,-47.22,6.88,22.50,40.00,0,0,0.00,0.04,0.12,0.02,0.00,0.00,0,0,
1749054905543,6,0,0,0.00,8.74,0.74,319,769,-66.62,-80.00,-65.00,-65.00,-64.50,-64.00,16,5,-48.84,6.82,25.50,37.00,0,0,0.01,0.02,0.12,0.02,0.00,0.00,0,0,
1749054906543,6,0,0,0.00,6.50,1.35,240,779,-66.62,-80.00,-65.00,-65.00,-64.50,-64.00,16,5,-48.84,6.82,22.50,41.00,0,0,0.01,0.04,0.12,0.02,0.00,0.00,0,0,
1749054907544,6,0,0,0.00,0.74,0.78,40,774,-69.15,-80.00,-80.00,-65.00,-64.00,-64.00,13,5,-51.37,6.73,22.00,40.00,0,0,0.00,0.10,0.12,0.02,0.00,0.00,0,0,
1749054908543,6,0,0,0.00,0.74,0.78,40,786,-65.67,-80.00,-65.00,-65.00,-64.00,-64.00,15,5,-47.89,6.86,21.00,40.00,0,0,0.00,0.08,0.12,0.02,0.00,0.00,0,0,
1749054909544,6,0,0,0.00,0.74,0.78,40,789,-67.62,-80.00,-65.00,-65.00,-65.00,-64.00,16,5,-49.84,6.78,23.00,39.00,0,0,0.00,0.07,0.12,0.02,0.00,0.00,0,0,
1749054910543,6,0,0,0.00,0.74,0.78,40,789,-65.88,-80.00,-65.00,-65.00,-65.00,-64.00,16,5,-48.09,6.85,22.00,39.00,0,0,0.01,0.07,0.12,0.02,0.00,0.00,0,0,
1749054911543,6,0,0,0.00,0.74,0.89,40,774,-65.88,-80.00,-65.00,-65.00,-65.00,-64.00,16,5,-48.09,6.85,25.50,36.00,0,0,0.00,0.06,0.12,0.03,0.00,0.00,0,0,
1749054912543,6,0,0,0.00,0.74,0.80,35,784,-66.87,-80.00,-65.00,-65.00,-65.00,-64.00,15,5,-49.09,6.81,25.50,44.00,0,0,0.04,0.13,0.12,0.03,0.00,0.00,0,0,
1749054913543,6,0,1,0.00,0.74,1.50,40,734,-69.50,-80.00,-80.00,-65.00,-65.00,-64.00,16,5,-51.72,6.72,25.00,37.00,0,0,0.02,0.12,0.12,0.03,0.00,0.00,0,0,
1749054914543,6,0,0,0.00,0.74,0.78,40,684,-65.87,-80.00,-65.00,-65.00,-65.00,-64.00,15,5,-48.09,6.85,24.00,35.00,0,0,0.01,0.10,0.12,0.03,0.00,0.00,0,0,
1749054915543,6,0,0,0.00,0.74,0.78,40,696,-65.87,-80.00,-65.00,-65.00,-65.00,-64.00,15,5,-48.09,6.85,24.50,37.00,0,0,0.00,0.09,0.12,0.03,0.00,0.00,0,0,
1749054916543,6,0,0,0.00,1.49,0.82,70,714,-68.21,-80.00,-65.00,-65.00,-65.00,-65.00,14,5,-50.43,6.76,24.00,40.00,0,0,0.02,0.08,0.12,0.03,0.00,0.00,0,0,
1749054917543,6,0,0,0.00,1.49,0.82,65,709,-69.30,-80.00,-80.00,-65.00,-65.00,-64.00,10,5,-51.52,6.73,25.00,35.00,0,0,0.02,0.06,0.12,0.03,0.00,0.00,0,0,
1749054918543,6,0,0,0.00,2.18,0.78,85,689,NaN,0.00,NaN,NaN,NaN,0.00,0,5,NaN,0.00,23.50,35.00,0,1,0.01,0.05,0.12,0.03,0.00,0.00,0,0,
1749054919543,6,0,0,0.00,3.62,0.78,122,709,NaN,0.00,NaN,NaN,NaN,0.00,0,5,NaN,0.00,23.50,35.00,0,1,0.00,0.04,0.12,0.02,0.00,0.00,0,0,
1749054920543,6,0,0,0.00,2.90,0.78,66,694,NaN,0.00,NaN,NaN,NaN,0.00,0,5,NaN,0.00,25.00,37.00,0,2,0.01,0.06,0.12,0.03,0.00,0.00,0,0,
1749054921543,6,3,2,1081.33,5.02,2.68,98,421,NaN,0.00,NaN,NaN,NaN,0.00,0,5,NaN,0.00,24.50,40.00,1,2,0.00,0.05,0.12,0.03,0.00,0.00,0,0,
1749054922543,6,0,0,0.00,2.18,0.74,40,411,NaN,0.00,NaN,NaN,NaN,0.00,0,94,NaN,0.00,8.00,40.00,1,2,0.00,0.08,0.12,0.03,0.00,0.00,0,0,
1749054923543,6,0,0,0.00,2.18,0.74,67,411,NaN,0.00,NaN,NaN,NaN,0.00,0,94,NaN,0.00,6.50,40.00,1,0,0.00,0.06,0.12,0.03,0.00,0.00,0,0,
1749054924543,6,0,0,0.00,2.18,0.74,125,411,NaN,0.00,NaN,NaN,NaN,0.00,0,94,NaN,0.00,6.50,39.00,1,0,0.00,0.04,0.12,0.03,0.00,0.00,0,0,
1749054925543,6,0,0,0.00,0.74,0.82,40,709,NaN,0.00,NaN,NaN,NaN,0.00,0,5,NaN,0.00,25.50,39.00,0,0,0.00,0.04,0.12,0.03,0.00,0.00,0,0,
1749054926543,6,0,0,0.00,2.18,0.78,90,716,NaN,0.00,NaN,NaN,NaN,0.00,0,5,NaN,0.00,24.50,40.00,0,0,0.00,0.03,0.12,0.03,0.00,0.00,0,0,
1749054927543,6,0,0,0.00,2.21,0.82,95,724,NaN,0.00,NaN,NaN,NaN,0.00,0,5,NaN,0.00,24.00,40.00,0,0,0.02,0.02,0.12,0.03,0.00,0.00,0,0,
1749054928543,6,0,0,0.00,2.18,0.78,90,714,NaN,0.00,NaN,NaN,NaN,0.00,0,5,NaN,0.00,23.50,39.00,1,0,0.01,0.04,0.12,0.03,0.00,0.00,0,0,
1749054929543,6,0,0,0.00,5.06,0.78,185,714,NaN,0.00,NaN,NaN,NaN,0.00,0,5,NaN,0.00,24.50,36.00,1,0,0.00,0.03,0.12,0.03,0.00,0.00,0,0,
1749054930543,6,0,0,0.00,0.74,0.82,40,709,NaN,0.00,NaN,NaN,NaN,0.00,0,5,NaN,0.00,24.50,38.00,1,0,0.03,0.02,0.12,0.03,0.00,0.00,0,0,
1749054931543,6,0,0,0.00,5.78,0.78,215,721,NaN,0.00,NaN,NaN,NaN,0.00,0,5,NaN,0.00,24.00,38.00,1,0,0.02,0.05,0.12,0.03,0.00,0.00,0,0,
1749054932543,6,0,0,0.00,2.18,0.78,130,719,NaN,0.00,NaN,NaN,NaN,0.00,0,106,NaN,0.00,6.50,39.00,0,0,0.01,0.03,0.12,0.03,0.00,0.00,0,0,
1749054933543,6,0,0,0.00,6.50,0.78,240,739,NaN,0.00,NaN,NaN,NaN,0.00,0,5,NaN,0.00,21.50,36.00,1,0,0.03,0.05,0.12,0.03,0.00,0.00,0,0,
1749054934543,6,0,0,0.00,2.21,0.82,77,719,NaN,0.00,NaN,NaN,NaN,0.00,0,106,NaN,0.00,8.00,36.00,0,0,0.01,0.04,0.12,0.03,0.00,0.00,0,0,
1749054935543,6,0,0,0.00,2.18,0.78,130,729,NaN,0.00,NaN,NaN,NaN,0.00,0,106,NaN,0.00,8.00,40.00,1,0,0.00,0.03,0.12,0.03,0.00,0.00,0,0,
1749054936543,6,0,0,0.00,7.22,0.78,265,724,NaN,0.00,NaN,NaN,NaN,0.00,0,106,NaN,0.00,6.50,35.00,0,0,0.00,0.12,0.12,0.03,0.00,0.00,0,0,
1749054937543,6,0,0,0.00,2.18,0.26,85,736,NaN,0.00,NaN,NaN,NaN,0.00,0,106,NaN,0.00,6.00,41.00,0,0,0.00,0.09,0.12,0.03,0.00,0.00,0,0,
1749054938543,6,0,0,0.00,0.74,0.65,40,115,NaN,0.00,NaN,NaN,NaN,0.00,0,5,NaN,0.00,24.00,40.00,0,0,0.01,0.07,0.12,0.03,0.00,0.00,0,0,
1749054939543,6,0,0,0.00,2.18,0.76,90,739,NaN,0.00,NaN,NaN,NaN,0.00,0,5,NaN,0.00,24.50,41.00,0,0,0.00,0.05,0.12,0.03,0.00,0.00,0,0,
1749054940543,6,0,0,0.00,0.74,0.85,40,729,NaN,0.00,NaN,NaN,NaN,0.00,0,5,NaN,0.00,24.50,41.00,0,0,0.00,0.14,0.12,0.03,0.00,0.00,0,0,
1749054941543,6,0,0,0.00,0.74,0.78,35,411,NaN,0.00,NaN,NaN,NaN,0.00,0,5,NaN,0.00,24.50,41.00,0,0,0.00,0.12,0.12,0.03,0.00,0.00,0,0,
1749054942543,6,0,0,0.00,2.18,0.76,90,739,NaN,0.00,NaN,NaN,NaN,0.00,0,5,NaN,0.00,25.00,40.00,0,0,0.00,0.08,0.12,0.03,0.00,0.00,0,0,
1749054943543,6,8,2,0.00,19.42,2.73,707,781,NaN,0.00,NaN,NaN,NaN,0.00,0,5,NaN,0.00,24.00,40.00,0,0,0.00,0.04,0.12,0.03,0.00,0.00,0,0,
1749054944543,6,0,3,0.00,4.34,3.22,205,749,NaN,0.00,NaN,NaN,NaN,0.00,0,5,NaN,0.00,25.50,35.00,0,0,0.01,0.08,0.12,0.03,0.00,0.00,0,0,
1749054945543,6,0,0,0.00,2.18,0.78,90,749,NaN,0.00,NaN,NaN,NaN,0.00,0,5,NaN,0.00,24.00,40.00,0,0,0.00,0.06,0.12,0.03,0.00,0.00,0,0,
1749054946543,6,0,0,0.00,7.22,0.76,300,744,NaN,0.00,NaN,NaN,NaN,0.00,0,5,NaN,0.00,24.00,40.00,0,0,0.00,0.03,0.12,0.03,0.00,0.00,0,0,
1749054947543,6,0,0,0.00,4.37,0.91,170,759,NaN,0.00,NaN,NaN,NaN,0.00,0,5,NaN,0.00,24.00,40.00,0,0,0.01,0.05,0.12,0.03,0.00,0.00,0,0,
1749054948543,6,0,0,0.00,2.18,0.76,85,754,NaN,0.00,NaN,NaN,NaN,0.00,0,5,NaN,0.00,23.50,40.00,0,0,0.01,0.12,0.12,0.03,0.00,0.00,0,0,
1749054949543,6,0,0,0.00,2.18,0.78,90,759,NaN,0.00,NaN,NaN,NaN,0.00,0,5,NaN,0.00,24.00,43.00,0,0,0.00,0.09,0.12,0.03,0.00,0.00,0,0,
1749054950543,6,0,0,0.00,2.18,0.78,90,759,NaN,0.00,NaN,NaN,NaN,0.00,0,5,NaN,0.00,24.50,40.00,0,0,0.00,0.07,0.12,0.03,0.00,0.00,0,0,
1749054951543,6,0,0,0.00,0.77,0.93,45,769,NaN,0.00,NaN,NaN,NaN,0.00,0,5,NaN,0.00,25.00,40.00,0,0,0.02,0.05,0.12,0.03,0.00,0.00,0,0,
1749054952543,6,0,0,0.00,2.18,0.76,90,754,NaN,0.00,NaN,NaN,NaN,0.00,0,5,NaN,0.00,23.50,37.00,0,0,0.01,0.13,0.12,0.03,0.00,0.00,0,0,
1749054953543,6,0,0,0.00,2.18,0.78,90,766,NaN,0.00,NaN,NaN,NaN,0.00,0,5,NaN,0.00,24.50,40.00,0,0,0.00,0.09,0.12,0.03,0.00,0.00,0,0,
1749054954543,6,0,0,0.00,2.18,0.78,90,769,NaN,0.00,NaN,NaN,NaN,0.00,0,5,NaN,0.00,23.50,43.00,0,0,0.00,0.07,0.12,0.03,0.00,0.00,0,0,
1749054955543,6,0,0,0.00,0.74,0.78,40,764,NaN,0.00,NaN,NaN,NaN,0.00,0,5,NaN,0.00,24.00,39.00,0,0,0.00,0.06,0.12,0.03,0.00,0.00,0,0,
1749054956543,6,0,0,0.00,0.74,0.90,35,436,NaN,0.00,NaN,NaN,NaN,0.00,0,5,NaN,0.00,25.00,41.00,0,0,0.00,0.14,0.12,0.03,0.00,0.00,0,0,
1749054957543,6,0,0,0.00,0.74,0.77,40,771,NaN,0.00,NaN,NaN,NaN,0.00,0,5,NaN,0.00,23.50,41.00,0,0,0.00,0.12,0.12,0.03,0.00,0.00,0,0,
1749054958543,6,0,0,0.00,0.74,0.86,40,771,NaN,0.00,NaN,NaN,NaN,0.00,0,5,NaN,0.00,25.00,41.00,0,0,0.00,0.10,0.12,0.03,0.00,0.00,0,0,
1749054959543,6,0,0,0.00,0.74,0.79,40,769,NaN,0.00,NaN,NaN,NaN,0.00,0,5,NaN,0.00,25.00,42.00,0,0,0.01,0.08,0.12,0.03,0.00,0.00,0,0,
1749054960543,6,0,0,0.00,0.74,0.90,40,769,NaN,0.00,NaN,NaN,NaN,0.00,0,5,NaN,0.00,24.50,42.00,0,0,0.00,0.13,0.12,0.03,0.00,0.00,0,0,
1749054961543,6,0,0,0.00,0.74,0.78,35,446,NaN,0.00,NaN,NaN,NaN,0.00,0,5,NaN,0.00,24.00,44.00,0,0,0.00,0.12,0.12,0.03,0.00,0.00,0,0,
1749054962543,6,0,0,0.00,0.74,0.75,40,769,NaN,0.00,NaN,NaN,NaN,0.00,0,5,NaN,0.00,25.00,43.00,0,0,0.00,0.10,0.12,0.03,0.00,0.00,0,0,
1749054963543,6,0,0,0.00,0.74,0.78,40,779,NaN,0.00,NaN,NaN,NaN,0.00,0,5,NaN,0.00,23.50,43.00,0,0,0.01,0.09,0.12,0.03,0.00,0.00,0,0,
1749054964543,6,0,0,0.00,0.74,0.78,80,774,NaN,0.00,NaN,NaN,NaN,0.00,0,5,NaN,0.00,25.00,39.00,0,0,0.00,0.08,0.12,0.03,0.00,0.00,0,0,
1749054965543,6,0,0,0.00,0.74,0.78,80,779,NaN,0.00,NaN,NaN,NaN,0.00,0,5,NaN,0.00,25.00,36.00,0,0,0.01,0.13,0.12,0.03,0.00,0.00,0,0,
1749054966543,6,0,0,0.00,0.77,0.90,40,784,NaN,0.00,NaN,NaN,NaN,0.00,0,5,NaN,0.00,25.50,35.00,0,0,0.00,0.11,0.12,0.03,0.00,0.00,0,0,
1749054967543,6,0,1,0.00,0.74,1.47,40,411,NaN,0.00,NaN,NaN,NaN,0.00,0,5,NaN,0.00,24.50,33.00,0,0,0.00,0.10,0.12,0.03,0.00,0.00,0,0,
1749054968543,6,0,0,0.00,4.34,0.74,200,386,NaN,0.00,NaN,NaN,NaN,0.00,0,5,NaN,0.00,24.50,35.00,2,0,0.00,0.07,0.12,0.03,0.00,0.00,0,0,
1749054969543,6,0,0,0.00,0.74,0.78,40,696,NaN,0.00,NaN,NaN,NaN,0.00,0,5,NaN,0.00,23.50,38.00,0,0,0.00,0.07,0.12,0.03,0.00,0.00,0,0,
1749054970543,6,0,0,0.00,2.90,0.78,115,709,NaN,0.00,NaN,NaN,NaN,0.00,0,5,NaN,0.00,25.50,35.00,0,0,0.00,0.08,0.12,0.03,0.00,0.00,0,0,
1749054971543,6,0,0,0.00,3.62,0.78,140,709,NaN,0.00,NaN,NaN,NaN,0.00,0,5,NaN,0.00,25.00,36.00,0,0,0.00,0.06,0.12,0.03,0.00,0.00,0,0,
1749054972543,6,0,0,0.00,3.62,0.78,140,704,NaN,0.00,NaN,NaN,NaN,0.00,0,5,NaN,0.00,25.00,34.00,1,0,0.01,0.04,0.12,0.03,0.00,0.00,0,0,
1749054973543,6,2,1,0.00,5.61,2.01,192,724,NaN,0.00,NaN,NaN,NaN,0.00,0,5,NaN,0.00,24.50,39.00,0,1,0.00,0.03,0.12,0.03,0.00,0.00,0,0,
1749054974543,6,0,1,0.00,2.90,1.86,115,754,NaN,0.00,NaN,NaN,NaN,0.00,0,5,NaN,0.00,23.50,40.00,0,0,0.00,0.02,0.12,0.03,0.00,0.00,0,0,
1749054975543,6,0,0,0.00,2.18,0.74,101,411,NaN,0.00,NaN,NaN,NaN,0.00,0,94,NaN,0.00,5.50,43.00,1,0,0.00,0.02,0.12,0.03,0.00,0.00,0,0,
1749054976543,6,0,0,0.00,2.18,0.74,85,406,NaN,0.00,NaN,NaN,NaN,0.00,0,94,NaN,0.00,8.00,42.00,1,0,0.00,0.01,0.12,0.03,0.00,0.00,0,0,
1749054977543,6,0,0,0.00,2.18,0.74,85,411,NaN,0.00,NaN,NaN,NaN,0.00,0,94,NaN,0.00,7.50,39.00,1,0,0.00,0.01,0.12,0.03,0.00,0.00,0,0,
1749054978543,6,0,0,0.00,2.18,0.78,90,699,NaN,0.00,NaN,NaN,NaN,0.00,0,5,NaN,0.00,23.50,39.00,1,0,0.00,0.01,0.12,0.03,0.00,0.00,0,0,
1749054979543,6,0,0,0.00,4.34,0.78,165,716,NaN,0.00,NaN,NaN,NaN,0.00,0,5,NaN,0.00,24.50,40.00,1,0,0.00,0.00,0.12,0.03,0.00,0.00,0,0,
1749054980543,6,0,0,0.00,4.37,0.82,161,724,NaN,0.00,NaN,NaN,NaN,0.00,0,5,NaN,0.00,24.50,39.00,1,1,0.03,0.03,0.12,0.03,0.00,0.00,0,0,
1749054981543,6,0,0,0.00,5.06,0.78,190,719,NaN,0.00,NaN,NaN,NaN,0.00,0,5,NaN,0.00,24.00,39.00,1,0,0.01,0.02,0.12,0.03,0.00,0.00,0,0,
1749054982543,6,0,0,0.00,5.06,0.78,185,714,NaN,0.00,NaN,NaN,NaN,0.00,0,106,NaN,0.00,7.00,39.00,1,0,0.01,0.01,0.12,0.03,0.00,0.00,0,0,
1749054983543,6,0,0,0.00,0.74,0.78,35,391,NaN,0.00,NaN,NaN,NaN,0.00,0,94,NaN,0.00,8.00,39.00,1,0,0.00,0.01,0.12,0.03,0.00,0.00,0,0,
1749054984543,6,0,0,0.00,0.74,0.82,80,721,NaN,0.00,NaN,NaN,NaN,0.00,0,106,NaN,0.00,6.50,36.00,0,0,0.00,0.01,0.12,0.03,0.00,0.00,0,0,
1749054985543,6,0,0,0.00,2.18,0.78,85,726,NaN,0.00,NaN,NaN,NaN,0.00,0,106,NaN,0.00,6.50,39.00,0,0,0.00,0.01,0.12,0.03,0.00,0.00,0,0,
1749054986543,6,0,0,0.00,2.18,0.78,90,729,NaN,0.00,NaN,NaN,NaN,0.00,0,106,NaN,0.00,6.00,39.00,0,0,0.00,0.00,0.12,0.03,0.00,0.00,0,0,
1749054987543,6,0,0,0.00,2.18,0.78,90,729,NaN,0.00,NaN,NaN,NaN,0.00,0,106,NaN,0.00,6.50,40.00,0,0,0.00,0.00,0.12,0.03,0.00,0.00,0,0,
1749054988543,6,0,0,0.00,2.16,0.02,80,105,NaN,0.00,NaN,NaN,NaN,0.00,0,5,NaN,0.00,22.00,40.00,0,0,0.00,0.00,0.12,0.03,0.00,0.00,0,0,
1749054989543,6,0,0,0.00,2.18,0.78,90,709,NaN,0.00,NaN,NaN,NaN,0.00,0,5,NaN,0.00,24.00,40.00,0,0,0.03,0.09,0.12,0.03,0.00,0.00,0,0,
1749054990543,6,0,0,0.00,2.18,0.78,85,724,NaN,0.00,NaN,NaN,NaN,0.00,0,5,NaN,0.00,24.50,40.00,0,0,0.01,0.07,0.12,0.03,0.00,0.00,0,0,
1749054991543,6,0,0,0.00,2.18,0.78,90,736,NaN,0.00,NaN,NaN,NaN,0.00,0,5,NaN,0.00,24.00,40.00,0,0,0.00,0.05,0.12,0.03,0.00,0.00,0,0,
1749054992543,6,0,0,0.00,2.18,0.78,90,739,NaN,0.00,NaN,NaN,NaN,0.00,0,5,NaN,0.00,25.00,40.00,0,0,0.00,0.04,0.12,0.03,0.00,0.00,0,0,
1749054993543,6,0,0,0.00,0.74,0.85,40,729,NaN,0.00,NaN,NaN,NaN,0.00,0,5,NaN,0.00,24.50,40.00,0,0,0.01,0.13,0.12,0.03,0.00,0.00,0,0,
1749054994543,6,0,0,0.00,6.50,0.70,235,411,NaN,0.00,NaN,NaN,NaN,0.00,0,5,NaN,0.00,25.00,38.00,0,0,0.01,0.08,0.12,0.03,0.00,0.00,0,0,
1749054995543,6,0,0,0.00,4.34,0.81,165,734,NaN,0.00,NaN,NaN,NaN,0.00,0,5,NaN,0.00,25.50,38.00,0,0,0.01,0.08,0.12,0.03,0.00,0.00,0,0,
1749054996543,6,0,0,0.00,2.18,0.78,130,746,NaN,0.00,NaN,NaN,NaN,0.00,0,5,NaN,0.00,24.00,38.00,0,0,0.00,0.06,0.12,0.03,0.00,0.00,0,0,
1749054997543,6,0,0,0.00,2.18,0.78,90,749,NaN,0.00,NaN,NaN,NaN,0.00,0,5,NaN,0.00,24.50,38.00,0,0,0.00,0.13,0.12,0.03,0.00,0.00,0,0,
1749054998543,6,0,0,0.00,2.21,0.82,95,759,NaN,0.00,NaN,NaN,NaN,0.00,0,5,NaN,0.00,25.00,39.00,0,0,0.01,0.10,0.12,0.03,0.00,0.00,0,0,
1749054999543,6,0,0,0.00,6.50,0.76,240,744,NaN,0.00,NaN,NaN,NaN,0.00,0,5,NaN,0.00,24.00,39.00,0,0,0.00,0.09,0.12,0.03,0.00,0.00,0,0,
1749055000543,6,0,0,0.00,5.78,0.81,215,744,NaN,0.00,NaN,NaN,NaN,0.00,0,5,NaN,0.00,24.50,39.00,0,0,0.00,0.06,0.12,0.03,0.00,0.00,0,0,
1749055001543,6,0,0,0.00,2.18,0.78,90,756,NaN,0.00,NaN,NaN,NaN,0.00,0,5,NaN,0.00,24.00,39.00,0,0,0.00,0.04,0.12,0.03,0.00,0.00,0,0,
1749055002543,6,0,0,0.00,2.18,0.78,90,759,NaN,0.00,NaN,NaN,NaN,0.00,0,5,NaN,0.00,23.50,41.00,0,0,0.00,0.03,0.12,0.03,0.00,0.00,0,0,
1749055003543,6,0,0,0.00,2.18,0.78,90,759,NaN,0.00,NaN,NaN,NaN,0.00,0,5,NaN,0.00,25.50,40.00,0,0,0.00,0.02,0.12,0.03,0.00,0.00,0,0,
1749055004543,6,0,0,0.00,2.18,0.78,90,754,NaN,0.00,NaN,NaN,NaN,0.00,0,5,NaN,0.00,25.50,43.00,0,0,0.02,0.02,0.12,0.03,0.00,0.00,0,0,
1749055005543,6,0,0,0.00,2.18,0.78,90,754,NaN,0.00,NaN,NaN,NaN,0.00,0,5,NaN,0.00,25.00,40.00,0,0,0.01,0.10,0.12,0.03,0.00,0.00,0,0,
1749055006543,6,0,1,0.00,0.77,1.50,140,1357,NaN,0.00,NaN,NaN,NaN,0.00,0,5,NaN,0.00,24.00,37.00,0,0,0.06,0.09,0.12,0.03,0.00,0.00,0,0,
1749055007543,6,0,0,0.00,1.49,0.82,65,734,NaN,0.00,NaN,NaN,NaN,0.00,0,5,NaN,0.00,24.00,40.00,0,0,0.04,0.07,0.12,0.03,0.00,0.00,0,0,
1749055008543,6,0,0,0.00,1.46,0.78,60,719,NaN,0.00,NaN,NaN,NaN,0.00,0,5,NaN,0.00,24.00,40.00,0,0,0.02,0.07,0.12,0.03,0.00,0.00,0,0,
1749055009543,6,0,0,0.00,2.18,0.78,85,709,NaN,0.00,NaN,NaN,NaN,0.00,0,5,NaN,0.00,24.50,40.00,0,0,0.02,0.13,0.12,0.03,0.00,0.00,0,0,
1749055010543,6,0,0,0.00,0.74,0.78,35,704,NaN,0.00,NaN,NaN,NaN,0.00,0,5,NaN,0.00,25.00,37.00,0,0,0.02,0.12,0.12,0.03,0.00,0.00,0,0,
1749055011543,6,0,0,0.00,1.49,0.82,105,724,NaN,0.00,NaN,NaN,NaN,0.00,0,5,NaN,0.00,23.00,40.00,0,0,0.03,0.15,0.12,0.03,0.00,0.00,0,0,
1749055012543,6,0,0,0.00,1.49,0.82,65,729,NaN,0.00,NaN,NaN,NaN,0.00,0,5,NaN,0.00,23.50,40.00,0,0,0.02,0.12,0.12,0.03,0.00,0.00,0,0,
1749055013543,6,0,0,0.00,1.49,0.82,65,729,NaN,0.00,NaN,NaN,NaN,0.00,0,5,NaN,0.00,24.00,40.00,0,0,0.03,0.10,0.12,0.03,0.00,0.00,0,0,
1749055014543,6,0,0,0.00,2.18,0.78,120,704,NaN,0.00,NaN,NaN,NaN,0.00,0,5,NaN,0.00,28.50,39.00,0,0,0.04,0.11,0.12,0.03,0.00,0.00,0,0,
1749055015543,6,0,0,0.00,0.74,0.78,35,706,NaN,0.00,NaN,NaN,NaN,0.00,0,5,NaN,0.00,24.00,39.00,0,0,0.01,0.10,0.12,0.03,0.00,0.00,0,0,
1749055016543,6,0,0,0.00,0.77,0.82,45,714,NaN,0.00,NaN,NaN,NaN,0.00,0,5,NaN,0.00,25.50,40.00,0,0,0.03,0.08,0.12,0.03,0.00,0.00,0,0,
1749055017543,6,0,0,0.00,2.90,0.78,110,709,NaN,0.00,NaN,NaN,NaN,0.00,0,5,NaN,0.00,23.00,40.00,0,0,0.01,0.07,0.12,0.03,0.00,0.00,0,0,
1749055018543,6,0,0,0.00,2.18,0.81,90,724,NaN,0.00,NaN,NaN,NaN,0.00,0,5,NaN,0.00,24.00,41.00,0,0,0.04,0.05,0.12,0.03,0.00,0.00,0,0,
1749055019543,6,6,2,0.00,7.27,3.50,242,779,NaN,0.00,NaN,NaN,NaN,0.00,0,5,NaN,0.00,24.50,40.00,0,1,0.03,0.04,0.12,0.03,0.00,0.00,0,0,
1749055020543,6,0,2,0.00,0.74,2.61,40,789,NaN,0.00,NaN,NaN,NaN,0.00,0,5,NaN,0.00,24.50,43.00,0,0,0.04,0.03,0.12,0.03,0.00,0.00,0,0,
1749055021543,6,0,1,0.00,0.77,1.52,45,754,NaN,0.00,NaN,NaN,NaN,0.00,0,5,NaN,0.00,24.50,40.00,1,0,0.04,0.05,0.12,0.03,0.00,0.00,0,0,
1749055022543,6,0,0,0.00,0.74,0.78,40,689,NaN,0.00,NaN,NaN,NaN,0.00,0,5,NaN,0.00,24.50,43.00,0,0,0.02,0.04,0.12,0.03,0.00,0.00,0,0,
1749055023543,6,0,0,0.00,1.46,0.74,60,376,NaN,0.00,NaN,NaN,NaN,0.00,0,5,NaN,0.00,25.50,43.00,0,0,0.03,0.03,0.12,0.03,0.00,0.00,0,0,
1749055024543,6,0,0,0.00,2.90,0.78,115,704,NaN,0.00,NaN,NaN,NaN,0.00,0,5,NaN,0.00,25.50,40.00,1,0,0.02,0.03,0.12,0.03,0.00,0.00,0,0,
1749055025543,6,0,0,0.00,2.18,0.74,67,376,NaN,0.00,NaN,NaN,NaN,0.00,0,5,NaN,0.00,25.50,43.00,1,0,0.03,0.02,0.12,0.03,0.00,0.00,0,0,
1749055026543,6,0,0,0.00,3.62,0.78,140,709,NaN,0.00,NaN,NaN,NaN,0.00,0,5,NaN,0.00,25.00,37.00,1,0,0.02,0.06,0.12,0.03,0.00,0.00,0,0,
1749055027543,6,0,0,0.00,2.18,0.74,85,371,NaN,0.00,NaN,NaN,NaN,0.00,0,5,NaN,0.00,27.00,37.00,1,0,0.01,0.14,0.12,0.03,0.00,0.00,0,0,
1749055028543,6,0,0,0.00,0.74,0.82,40,706,NaN,0.00,NaN,NaN,NaN,0.00,0,5,NaN,0.00,26.50,37.00,0,0,0.01,0.11,0.12,0.03,0.00,0.00,0,0,
1749055029543,6,0,0,0.00,2.16,0.02,80,90,NaN,0.00,NaN,NaN,NaN,0.00,0,5,NaN,0.00,25.50,38.00,1,0,0.00,0.13,0.12,0.03,0.00,0.00,0,0,
1749055030543,6,0,0,0.00,3.78,0.26,564,1059,NaN,0.00,NaN,NaN,NaN,0.00,0,5,NaN,0.00,25.00,40.00,1,0,0.04,0.09,0.13,0.03,0.00,0.00,0,0,
1749055031543,6,0,0,0.00,2.88,0.00,105,771,NaN,0.00,NaN,NaN,NaN,0.00,0,5,NaN,0.00,23.50,42.00,0,0,0.04,0.10,0.13,0.03,0.00,0.00,0,0,
1749055032543,6,0,0,0.00,1.63,0.21,229,1280,NaN,0.00,NaN,NaN,NaN,0.00,0,21,NaN,0.00,26.50,43.00,0,0,0.15,0.11,0.13,0.03,0.00,0.00,0,0,
1749055033543,6,0,2,0.00,3.81,4.14,612,3177,NaN,0.00,NaN,NaN,NaN,0.00,0,21,NaN,0.00,28.00,40.00,0,0,0.31,0.07,0.14,0.03,0.00,0.00,0,0,
1749055034543,6,0,0,0.00,0.02,0.22,175,1280,NaN,0.00,NaN,NaN,NaN,0.00,0,24,NaN,0.00,28.00,41.00,0,0,0.38,0.06,0.14,0.03,0.00,0.00,0,0,
1749055035543,6,0,1,0.00,5.16,2.08,305,2576,NaN,0.00,NaN,NaN,NaN,0.00,0,5,NaN,0.00,24.50,41.00,0,1,0.28,0.04,0.15,0.03,0.00,0.00,0,0,
1749055036543,6,0,0,0.00,2.22,0.18,229,1275,NaN,0.00,NaN,NaN,NaN,0.00,0,21,NaN,0.00,30.00,43.00,0,1,0.34,0.03,0.15,0.03,0.00,0.00,0,0,
1749055037543,6,0,1,0.00,6.85,1.45,599,1268,NaN,0.00,NaN,NaN,NaN,0.00,0,5,NaN,0.00,22.00,41.00,0,0,0.32,0.07,0.15,0.03,0.00,0.00,0,0,
1749055038543,6,0,0,0.00,2.21,0.85,129,1288,NaN,0.00,NaN,NaN,NaN,0.00,0,5,NaN,0.00,22.50,42.00,0,0,0.23,0.07,0.16,0.03,0.00,0.00,0,0,
1749055039543,6,0,0,0.00,0.72,0.82,70,50,NaN,0.00,NaN,NaN,NaN,0.00,0,5,NaN,0.00,25.00,44.00,0,0,0.08,0.05,0.16,0.03,0.00,0.00,0,0,
1749055040543,6,0,1,0.00,1.49,2.14,332,2548,NaN,0.00,NaN,NaN,NaN,0.00,0,5,NaN,0.00,25.00,42.00,0,0,0.25,0.05,0.16,0.03,0.00,0.00,0,0,
1749055041543,6,0,0,0.00,0.74,0.22,196,1919,NaN,0.00,NaN,NaN,NaN,0.00,0,21,NaN,0.00,30.00,41.00,0,0,0.31,0.07,0.17,0.03,0.00,0.00,0,0,
1749055042543,6,0,1,0.00,2.93,1.32,861,1333,NaN,0.00,NaN,NaN,NaN,0.00,0,5,NaN,0.00,22.50,43.00,0,0,0.25,0.08,0.17,0.03,0.00,0.00,0,0,
1749055043543,6,0,0,0.00,2.21,0.78,712,1947,NaN,0.00,NaN,NaN,NaN,0.00,0,5,NaN,0.00,22.50,41.00,0,0,0.23,0.06,0.17,0.03,0.00,0.00,0,0,
1749055044543,6,0,0,0.00,2.93,0.78,849,1962,NaN,0.00,NaN,NaN,NaN,0.00,0,5,NaN,0.00,23.50,43.00,0,0,0.19,0.06,0.18,0.03,0.00,0.00,0,0,
1749055045543,6,0,0,0.00,2.21,1.16,707,1959,NaN,0.00,NaN,NaN,NaN,0.00,0,24,NaN,0.00,30.50,40.00,0,0,0.18,0.07,0.18,0.03,0.00,0.00,0,0,
1749055046543,6,0,0,0.00,3.60,0.00,392,649,NaN,0.00,NaN,NaN,NaN,0.00,0,5,NaN,0.00,23.00,43.00,0,0,0.19,0.08,0.18,0.03,0.00,0.00,0,0,
1749055047543,6,0,1,0.00,6.53,1.90,379,1310,NaN,0.00,NaN,NaN,NaN,0.00,0,21,NaN,0.00,30.00,41.00,0,1,0.12,0.04,0.19,0.03,0.00,0.00,0,0,
1749055048543,6,0,0,0.00,3.65,1.14,294,1258,NaN,0.00,NaN,NaN,NaN,0.00,0,5,NaN,0.00,24.50,41.00,0,0,0.29,0.10,0.19,0.03,0.00,0.00,0,0,
1749055049543,6,0,0,0.00,12.96,0.19,538,50,NaN,0.00,NaN,NaN,NaN,0.00,0,5,NaN,0.00,25.00,41.00,0,0,0.10,0.05,0.19,0.03,0.00,0.00,0,0,
1749055050543,6,0,0,0.00,0.00,0.48,154,1290,NaN,0.00,NaN,NaN,NaN,0.00,0,24,NaN,0.00,28.00,40.00,0,1,0.13,0.04,0.19,0.03,0.00,0.00,0,0,
1749055051543,6,0,2,0.00,3.81,1.82,1070,1992,NaN,0.00,NaN,NaN,NaN,0.00,0,5,NaN,0.00,23.00,40.00,0,1,0.12,0.05,0.19,0.03,0.00,0.00,0,0,
1749055052543,6,0,1,0.00,8.07,1.57,413,1939,NaN,0.00,NaN,NaN,NaN,0.00,0,106,NaN,0.00,9.00,40.00,0,0,0.14,0.04,0.20,0.03,0.00,0.00,0,0,
1749055053543,6,0,0,0.00,1.44,0.00,55,739,NaN,0.00,NaN,NaN,NaN,0.00,0,5,NaN,0.00,24.00,43.00,0,0,0.08,0.03,0.20,0.03,0.00,0.00,0,0,
1749055054543,6,0,0,0.00,4.39,1.33,464,3180,NaN,0.00,NaN,NaN,NaN,0.00,0,5,NaN,0.00,21.00,37.00,0,0,0.26,0.06,0.21,0.03,0.00,0.00,0,0,
1749055055543,6,0,0,0.00,0.00,0.22,112,1325,NaN,0.00,NaN,NaN,NaN,0.00,0,21,NaN,0.00,26.50,42.00,0,0,0.23,0.05,0.21,0.03,0.00,0.00,0,0,
1749055056543,6,0,0,126213.00,1.77,1.54,286,2511,NaN,0.00,NaN,NaN,NaN,0.00,0,106,NaN,0.00,6.50,36.00,0,0,0.35,0.12,0.21,0.03,0.00,0.00,0,0,
1749055057543,6,0,0,0.00,1.76,1.09,409,1958,NaN,0.00,NaN,NaN,NaN,0.00,0,21,NaN,0.00,27.50,43.00,0,0,0.44,0.10,0.22,0.03,0.00,0.00,0,0,
1749055058543,6,0,1,0.00,3.78,1.23,836,1942,NaN,0.00,NaN,NaN,NaN,0.00,0,5,NaN,0.00,20.50,37.00,0,0,0.34,0.07,0.22,0.03,0.00,0.00,0,0,
1749055059543,6,0,0,0.00,5.14,0.76,511,1897,NaN,0.00,NaN,NaN,NaN,0.00,0,5,NaN,0.00,24.50,40.00,0,1,0.41,0.05,0.22,0.03,0.00,0.00,0,0,
1749055060543,6,0,0,0.00,3.76,0.59,143,50,NaN,0.00,NaN,NaN,NaN,0.00,0,5,NaN,0.00,23.00,36.00,0,0,0.14,0.03,0.22,0.03,0.00,0.00,0,0,
1749055061543,6,0,0,0.00,0.72,0.62,196,1295,NaN,0.00,NaN,NaN,NaN,0.00,0,21,NaN,0.00,25.50,44.00,0,0,0.15,0.05,0.23,0.04,0.00,0.00,0,0,
1749055062543,6,0,0,0.00,6.18,1.04,482,1887,NaN,0.00,NaN,NaN,NaN,0.00,0,5,NaN,0.00,23.00,36.00,0,1,0.29,0.06,0.23,0.03,0.00,0.00,0,0,
1749055063543,6,0,0,0.00,16.68,0.00,614,50,NaN,0.00,NaN,NaN,NaN,0.00,0,5,NaN,0.00,21.50,33.00,0,0,0.10,0.08,0.23,0.04,0.00,0.00,0,0,
1749055064543,6,0,0,1763.00,5.36,0.59,234,50,NaN,0.00,NaN,NaN,NaN,0.00,0,5,NaN,0.00,22.50,40.00,0,1,0.04,0.04,0.23,0.04,0.00,0.00,0,0,
1749055065543,6,0,0,1572.00,1.70,0.71,82,50,NaN,0.00,NaN,NaN,NaN,0.00,0,5,NaN,0.00,20.00,40.00,0,0,0.01,0.03,0.23,0.04,0.00,0.00,0,0,
1749055066543,6,0,0,45699.00,0.72,0.73,201,1300,NaN,0.00,NaN,NaN,NaN,0.00,0,24,NaN,0.00,29.50,44.00,0,0,0.08,0.02,0.23,0.04,0.00,0.00,0,0,
1749055067543,6,0,2,1579.00,2.21,2.90,695,1333,NaN,0.00,NaN,NaN,NaN,0.00,0,5,NaN,0.00,22.00,41.00,0,0,0.13,0.01,0.24,0.04,0.00,0.00,0,0,
1749055068543,6,0,0,213.00,11.04,0.00,413,35,NaN,0.00,NaN,NaN,NaN,0.00,0,5,NaN,0.00,21.50,37.00,0,0,0.11,0.03,0.24,0.04,0.00,0.00,0,0,
1749055069543,6,0,0,1047.00,8.79,0.28,325,50,NaN,0.00,NaN,NaN,NaN,0.00,0,5,NaN,0.00,21.50,40.00,0,0,0.04,0.01,0.24,0.04,0.00,0.00,0,0,
1749055070543,6,0,0,142.00,0.89,0.73,70,50,NaN,0.00,NaN,NaN,NaN,0.00,0,5,NaN,0.00,21.50,40.00,0,0,0.01,0.00,0.24,0.04,0.00,0.00,0,0,
1749055071543,6,0,0,0.00,1.51,0.80,182,681,NaN,0.00,NaN,NaN,NaN,0.00,0,21,NaN,0.00,25.00,43.00,0,0,0.01,0.00,0.24,0.04,0.00,0.00,0,0,
1749055072543,6,0,0,0.00,3.21,1.13,396,2518,NaN,0.00,NaN,NaN,NaN,0.00,0,21,NaN,0.00,30.50,44.00,0,0,0.28,0.05,0.24,0.04,0.00,0.00,0,0,
1749055073543,6,0,0,2002.00,2.29,2.26,233,1273,NaN,0.00,NaN,NaN,NaN,0.00,0,5,NaN,0.00,23.00,41.00,0,0,0.26,0.08,0.24,0.04,0.00,0.00,0,0,
1749055074543,6,0,0,0.00,6.48,0.55,334,691,NaN,0.00,NaN,NaN,NaN,0.00,0,24,NaN,0.00,29.00,45.00,0,0,0.11,0.04,0.24,0.04,0.00,0.00,0,0,
1749055075543,6,0,1,0.00,0.81,2.00,708,1323,NaN,0.00,NaN,NaN,NaN,0.00,0,5,NaN,0.00,21.50,41.00,0,0,0.16,0.07,0.24,0.04,0.00,0.00,0,0,
1749055076543,6,0,0,0.00,10.08,0.00,554,669,NaN,0.00,NaN,NaN,NaN,0.00,0,5,NaN,0.00,23.50,40.00,0,3,0.12,0.04,0.25,0.04,0.00,0.00,0,0,
1749055077543,6,0,0,0.00,9.41,0.19,315,674,NaN,0.00,NaN,NaN,NaN,0.00,0,5,NaN,0.00,24.00,41.00,0,0,0.05,0.05,0.25,0.04,0.00,0.00,0,0,
1749055078543,6,0,0,0.00,1.55,0.78,145,1278,NaN,0.00,NaN,NaN,NaN,0.00,0,5,NaN,0.00,22.00,38.00,0,0,0.16,0.02,0.25,0.04,0.00,0.00,0,0,
1749055079543,6,0,0,0.00,5.92,0.73,355,691,NaN,0.00,NaN,NaN,NaN,0.00,0,21,NaN,0.00,26.50,44.00,0,1,0.06,0.01,0.25,0.04,0.00,0.00,0,0,
1749055080543,6,0,1,0.00,1.58,3.28,483,1288,NaN,0.00,NaN,NaN,NaN,0.00,0,5,NaN,0.00,22.00,40.00,0,0,0.22,0.02,0.25,0.04,0.00,0.00,0,0,
1749055081543,6,0,0,0.00,9.00,0.00,569,679,NaN,0.00,NaN,NaN,NaN,0.00,0,5,NaN,0.00,21.50,36.00,0,2,0.16,0.03,0.25,0.04,0.00,0.00,0,0,
1749055082543,6,0,0,0.00,11.41,0.19,431,679,NaN,0.00,NaN,NaN,NaN,0.00,0,5,NaN,0.00,21.00,36.00,0,0,0.06,0.02,0.26,0.04,0.00,0.00,0,0,
1749055083543,6,0,1,0.00,0.82,1.54,111,654,NaN,0.00,NaN,NaN,NaN,0.00,0,5,NaN,0.00,23.00,40.00,0,0,0.11,0.01,0.26,0.04,0.00,0.00,0,0,
1749055084543,6,0,0,0.00,5.28,0.81,326,691,NaN,0.00,NaN,NaN,NaN,0.00,0,21,NaN,0.00,30.00,41.00,0,1,0.04,0.00,0.26,0.04,0.00,0.00,0,0,
1749055085543,6,0,1,0.00,1.57,1.76,371,1278,NaN,0.00,NaN,NaN,NaN,0.00,0,5,NaN,0.00,20.00,34.00,0,1,0.22,0.00,0.26,0.04,0.00,0.00,0,0,
1749055086544,6,0,0,0.00,8.28,0.00,515,674,NaN,0.00,NaN,NaN,NaN,0.00,0,5,NaN,0.00,22.50,39.00,0,3,0.16,0.03,0.26,0.04,0.00,0.00,0,0,
1749055087543,6,0,0,0.00,12.19,0.30,180,60,NaN,0.00,NaN,NaN,NaN,0.00,0,25,NaN,0.00,26.50,39.00,0,1,0.06,0.03,0.26,0.04,0.00,0.00,0,0,
1749055088543,6,0,0,0.00,1.55,0.78,124,1892,NaN,0.00,NaN,NaN,NaN,0.00,0,5,NaN,0.00,24.00,37.00,0,0,0.14,0.08,0.26,0.04,0.00,0.00,0,0,
1749055089543,6,0,0,0.00,6.64,0.50,322,50,NaN,0.00,NaN,NaN,NaN,0.00,0,5,NaN,0.00,22.50,36.00,0,0,0.05,0.09,0.26,0.04,0.00,0.00,0,0,
1749055090543,6,0,1,0.00,0.90,1.54,160,1288,NaN,0.00,NaN,NaN,NaN,0.00,0,5,NaN,0.00,22.00,41.00,0,0,0.11,0.05,0.26,0.04,0.00,0.00,0,0,
1749055091543,6,0,0,0.00,5.92,0.58,244,50,NaN,0.00,NaN,NaN,NaN,0.00,0,5,NaN,0.00,21.00,41.00,0,0,0.04,0.02,0.26,0.04,0.00,0.00,0,0,
1749055092543,6,0,0,0.00,1.73,1.48,343,1909,NaN,0.00,NaN,NaN,NaN,0.00,0,106,NaN,0.00,9.00,40.00,0,0,0.25,0.01,0.27,0.04,0.00,0.00,0,0,
1749055093543,6,0,0,0.00,1.68,1.11,282,1921,NaN,0.00,NaN,NaN,NaN,0.00,0,5,NaN,0.00,26.50,41.00,0,0,0.33,0.10,0.27,0.04,0.00,0.00,0,0,
1749055094543,6,0,0,0.00,11.87,0.09,660,659,NaN,0.00,NaN,NaN,NaN,0.00,0,5,NaN,0.00,23.50,36.00,0,0,0.23,0.09,0.27,0.04,0.00,0.00,0,0,
1749055095543,6,0,0,0.00,3.14,1.07,231,2526,NaN,0.00,NaN,NaN,NaN,0.00,0,5,NaN,0.00,29.00,40.00,0,0,0.39,0.06,0.28,0.04,0.00,0.00,0,0,
1749055096543,6,0,0,0.00,9.04,0.26,395,50,NaN,0.00,NaN,NaN,NaN,0.00,0,5,NaN,0.00,21.00,41.00,0,0,0.14,0.08,0.28,0.04,0.00,0.00,0,0,
1749055097544,6,0,0,0.00,1.82,0.29,297,1899,NaN,0.00,NaN,NaN,NaN,0.00,0,21,NaN,0.00,27.50,42.00,0,0,0.28,0.18,0.28,0.04,0.00,0.00,0,0,
1749055098543,6,0,0,0.00,14.74,3.44,701,1395,NaN,0.00,NaN,NaN,NaN,0.00,0,5,NaN,0.00,22.00,36.00,0,0,0.17,0.13,0.28,0.04,0.00,0.00,0,0,
1749055099543,6,0,0,0.00,5.08,0.21,293,1310,NaN,0.00,NaN,NaN,NaN,0.00,0,24,NaN,0.00,29.50,43.00,0,0,0.33,0.11,0.29,0.04,0.00,0.00,0,0,
1749055100543,6,0,0,0.00,9.38,0.00,611,1273,NaN,0.00,NaN,NaN,NaN,0.00,0,5,NaN,0.00,23.50,37.00,0,0,0.31,0.05,0.29,0.04,0.00,0.00,0,0,
1749055101543,6,0,0,0.00,6.05,0.09,566,3781,NaN,0.00,NaN,NaN,NaN,0.00,0,21,NaN,0.00,27.50,43.00,0,0,0.41,0.08,0.30,0.04,0.00,0.00,0,0,
1749055102543,6,0,0,0.00,3.94,0.21,-104118,-585044,NaN,0.00,NaN,NaN,NaN,0.00,0,8,NaN,0.00,29.50,42.00,0,0,0.10,0.19,1.59,2.94,0.00,0.57,0,0,
1749055103543,6,0,0,0.00,10.08,0.00,395,50,NaN,0.00,NaN,NaN,NaN,0.00,0,5,NaN,0.00,25.00,39.00,0,0,0.06,0.08,1.49,0.71,0.00,0.16,0,0,
1749055104543,6,0,0,0.00,7.63,0.30,286,50,NaN,0.00,NaN,NaN,NaN,0.00,0,5,NaN,0.00,22.50,39.00,0,0,0.02,0.06,1.40,0.49,0.00,0.10,0,0,
1749055105543,6,0,0,0.00,1.73,0.71,84,50,NaN,0.00,NaN,NaN,NaN,0.00,0,5,NaN,0.00,24.50,39.00,0,0,0.01,0.03,1.33,0.44,0.00,0.08,0,0,
1749055106543,6,0,0,0.00,1.87,1.03,196,691,NaN,0.00,NaN,NaN,NaN,0.00,0,24,NaN,0.00,24.00,40.00,0,1,0.00,0.01,1.17,0.36,0.00,0.06,0,0,
1749055107543,6,0,0,0.00,6.14,0.00,446,2506,NaN,0.00,NaN,NaN,NaN,0.00,0,5,NaN,0.00,20.50,35.00,0,1,0.29,0.03,1.36,0.28,0.00,0.04,0,0,
1749055108543,6,0,0,0.00,12.47,0.09,409,679,NaN,0.00,NaN,NaN,NaN,0.00,0,5,NaN,0.00,21.00,37.00,0,2,0.11,0.01,1.37,0.22,0.00,0.03,0,0,
1749055109543,6,0,0,0.00,5.04,0.00,201,4373,NaN,0.00,NaN,NaN,NaN,0.00,0,5,NaN,0.00,24.50,37.00,0,0,0.56,0.04,1.43,0.21,0.00,0.03,0,0,
1749055110543,6,0,0,0.00,15.84,0.00,639,45,NaN,0.00,NaN,NaN,NaN,0.00,0,25,NaN,0.00,5.50,36.00,0,0,0.32,0.23,1.43,0.39,0.00,0.07,0,0,
1749055111544,6,0,0,0.00,5.04,0.00,-2545,-4826,NaN,0.00,NaN,NaN,NaN,0.00,0,20,NaN,0.00,32.00,41.00,0,0,0.50,0.12,1.35,0.86,NaN,0.12,0,0,
1749055112544,6,0,0,0.00,9.38,0.19,-145,-3721,NaN,0.00,NaN,NaN,NaN,0.00,0,16,NaN,0.00,30.00,41.00,0,0,0.10,0.10,2.11,2.22,NaN,0.25,0,0,
1749055113543,6,0,0,0.00,7.29,0.00,331,965,NaN,0.00,NaN,NaN,NaN,0.00,0,5,NaN,0.00,21.00,42.00,0,0,0.16,0.12,1.99,0.55,NaN,0.05,0,0,
1749055114543,6,0,0,0.00,9.73,0.18,354,215,NaN,0.00,NaN,NaN,NaN,0.00,0,5,NaN,0.00,22.00,40.00,0,0,0.06,0.07,1.76,0.30,0.00,0.03,0,0,
1749055115543,6,0,0,0.00,0.72,0.36,152,1019,NaN,0.00,NaN,NaN,NaN,0.00,0,24,NaN,0.00,25.00,37.00,0,0,0.10,0.05,1.65,0.25,0.00,0.02,0,0,
1749055116544,6,0,0,0.00,4.50,0.00,710,4997,NaN,0.00,NaN,NaN,NaN,0.00,0,5,NaN,0.00,21.00,38.00,0,0,0.50,0.07,1.55,0.18,0.00,0.01,0,0,
1749055117544,6,0,0,0.00,15.84,0.00,710,50,NaN,0.00,NaN,NaN,NaN,0.00,0,5,NaN,0.00,22.50,40.00,0,0,0.27,0.13,1.56,0.32,0.00,0.07,0,0,
1749055118543,6,0,0,0.00,4.32,0.00,-2172,-4036,NaN,0.00,NaN,NaN,NaN,0.00,0,20,NaN,0.00,29.00,41.00,0,0,0.44,0.15,1.45,1.15,NaN,0.17,0,0,
1749055119543,6,0,0,0.00,10.80,0.00,-90,-3120,NaN,0.00,NaN,NaN,NaN,0.00,0,20,NaN,0.00,29.50,40.00,0,0,0.10,0.10,1.29,2.34,NaN,0.00,0,0,
1749055120543,6,0,0,0.00,1.44,0.00,60,4992,NaN,0.00,NaN,NaN,NaN,0.00,0,20,NaN,0.00,29.50,41.00,0,0,0.60,0.17,1.46,1.39,NaN,0.00,0,0,
1749055121544,6,0,0,0.00,5.76,0.00,240,4992,NaN,0.00,NaN,NaN,NaN,0.00,0,20,NaN,0.00,29.50,41.00,0,0,0.83,0.07,1.48,0.53,NaN,0.00,0,0,
1749055122544,6,0,0,0.00,2.92,0.00,-212,-7481,NaN,0.00,NaN,NaN,NaN,0.00,0,5,NaN,0.00,19.50,40.00,0,0,0.38,0.17,1.47,2.08,NaN,0.43,0,0,
1749055123544,6,0,0,0.00,8.64,0.00,365,6864,NaN,0.00,NaN,NaN,NaN,0.00,0,5,NaN,0.00,19.50,42.00,0,0,0.78,0.06,1.44,0.67,NaN,0.16,0,0,
1749055124544,6,0,0,0.00,1.73,0.74,-427,-8726,NaN,0.00,NaN,NaN,NaN,0.00,0,21,NaN,0.00,22.50,41.00,0,0,0.15,0.19,1.39,1.96,0.00,0.14,0,0,
1749055125544,6,0,0,0.00,3.17,1.35,458,1963,NaN,0.00,NaN,NaN,NaN,0.00,0,21,NaN,0.00,27.50,38.00,0,0,0.26,0.18,1.16,0.47,0.00,0.04,0,0,
1749055126544,6,0,0,0.00,10.82,0.00,670,341,NaN,0.00,NaN,NaN,NaN,0.00,0,5,NaN,0.00,26.00,38.00,0,0,0.22,0.11,1.30,0.24,0.00,0.02,0,0,
1749055127544,6,0,0,0.00,8.60,0.19,398,651,NaN,0.00,NaN,NaN,NaN,0.00,0,5,NaN,0.00,22.00,37.00,0,0,0.11,0.06,1.32,0.21,0.00,0.01,0,0,
1749055128544,6,0,0,690.00,11.52,0.00,664,4075,NaN,0.00,NaN,NaN,NaN,0.00,0,5,NaN,0.00,19.00,42.00,0,0,0.35,0.04,1.45,0.15,0.00,0.01,0,0,
1749055129543,6,0,0,1107.00,5.04,0.00,-2186,-7671,NaN,0.00,NaN,NaN,NaN,0.00,0,20,NaN,0.00,24.00,37.00,0,0,0.10,0.10,1.29,2.51,NaN,0.25,0,0,
1749055130543,6,0,0,2208.00,0.72,0.00,35,2916,NaN,0.00,NaN,NaN,NaN,0.00,0,20,NaN,0.00,24.00,41.00,0,0,0.55,0.19,1.88,1.93,NaN,0.20,0,0,
1749055131544,6,0,0,0.00,6.48,0.00,270,2349,NaN,0.00,NaN,NaN,NaN,0.00,0,20,NaN,0.00,24.00,38.00,0,0,0.81,0.07,2.32,0.70,NaN,0.07,0,0,
1749055132544,6,0,0,0.00,1.71,1.18,-171,-3973,NaN,0.00,NaN,NaN,NaN,0.00,0,21,NaN,0.00,28.00,40.00,0,0,0.18,0.20,1.25,1.51,0.00,0.25,0,0,
1749055133544,6,0,0,0.00,8.06,0.00,566,1268,NaN,0.00,NaN,NaN,NaN,0.00,0,5,NaN,0.00,22.50,41.00,0,0,0.28,0.18,1.33,0.56,0.00,0.08,0,0,
1749055134543,6,0,0,0.00,5.30,0.47,203,50,NaN,0.00,NaN,NaN,NaN,0.00,0,5,NaN,0.00,21.50,41.00,0,0,0.10,0.08,1.31,0.45,0.00,0.06,0,0,
1749055135544,6,0,0,0.00,2.69,0.62,270,1295,NaN,0.00,NaN,NaN,NaN,0.00,0,21,NaN,0.00,26.50,41.00,0,0,0.13,0.14,1.29,0.39,0.00,0.05,0,0,
1749055136543,6,0,0,0.00,10.80,0.00,723,1902,NaN,0.00,NaN,NaN,NaN,0.00,0,5,NaN,0.00,17.00,38.00,0,0,0.21,0.11,1.34,0.26,0.00,0.03,0,0,
1749055137543,6,0,0,0.00,7.68,0.09,331,1283,NaN,0.00,NaN,NaN,NaN,0.00,0,5,NaN,0.00,20.50,42.00,0,0,0.19,0.06,1.36,0.23,0.00,0.03,0,0,
1749055138543,6,0,0,0.00,10.80,0.00,423,3145,NaN,0.00,NaN,NaN,NaN,0.00,0,5,NaN,0.00,26.00,35.00,0,1,0.37,0.03,1.39,0.19,0.00,0.02,0,0,
1749055139543,6,0,0,0.00,16.56,0.00,482,50,NaN,0.00,NaN,NaN,NaN,0.00,0,5,NaN,0.00,20.50,41.00,0,0,0.13,0.06,1.39,0.19,0.00,0.02,0,0,
1749055140543,6,0,0,0.00,6.70,0.19,280,664,NaN,0.00,NaN,NaN,NaN,0.00,0,5,NaN,0.00,19.00,36.00,0,0,0.07,0.04,1.39,0.17,0.00,0.02,0,0,
1749055141543,6,0,0,0.00,10.08,0.00,386,3764,NaN,0.00,NaN,NaN,NaN,0.00,0,5,NaN,0.00,19.50,41.00,0,3,0.40,0.02,1.41,0.15,0.00,0.02,0,0,
1749055142544,6,0,0,0.00,15.84,0.00,527,50,NaN,0.00,NaN,NaN,NaN,0.00,0,5,NaN,0.00,24.00,41.00,0,0,0.14,0.01,1.41,0.14,0.00,0.01,0,0,
1749055143544,6,0,0,0.00,8.34,0.19,347,669,NaN,0.00,NaN,NaN,NaN,0.00,0,5,NaN,0.00,19.00,35.00,0,2,0.07,0.00,1.41,0.13,0.00,0.01,0,0,
1749055144543,6,0,0,0.00,9.36,0.00,360,3764,NaN,0.00,NaN,NaN,NaN,0.00,0,5,NaN,0.00,19.50,41.00,0,2,0.39,0.00,1.42,0.12,0.00,0.01,0,0,
1749055145543,6,0,0,0.00,15.12,0.00,489,50,NaN,0.00,NaN,NaN,NaN,0.00,0,5,NaN,0.00,19.50,33.00,0,0,0.14,0.03,1.42,0.11,0.00,0.01,0,0,
1749055146544,6,0,0,0.00,9.97,0.19,398,669,NaN,0.00,NaN,NaN,NaN,0.00,0,5,NaN,0.00,25.00,33.00,0,0,0.07,0.04,1.42,0.11,0.00,0.01,0,0,
1749055147544,6,0,0,0.00,7.92,0.00,329,3759,NaN,0.00,NaN,NaN,NaN,0.00,0,5,NaN,0.00,22.50,35.00,0,2,0.44,0.02,1.43,0.10,0.00,0.01,0,0,
1749055148544,6,0,0,0.00,15.84,0.00,565,50,NaN,0.00,NaN,NaN,NaN,0.00,0,5,NaN,0.00,20.00,36.00,0,0,0.15,0.01,1.43,0.09,0.00,0.01,0,0,
1749055149544,6,0,0,0.00,10.88,0.15,441,674,NaN,0.00,NaN,NaN,NaN,0.00,0,5,NaN,0.00,22.00,36.00,0,0,0.07,0.06,1.43,0.09,0.00,0.01,0,0,
1749055150543,6,0,0,0.00,7.20,0.00,305,3759,NaN,0.00,NaN,NaN,NaN,0.00,0,5,NaN,0.00,17.00,35.00,0,1,0.44,0.03,1.43,0.09,0.00,0.01,0,0,
1749055151543,6,0,0,0.00,15.84,0.00,620,45,NaN,0.00,NaN,NaN,NaN,0.00,0,5,NaN,0.00,21.00,38.00,0,0,0.17,0.05,1.43,0.09,0.00,0.01,0,0,
1749055152544,6,0,0,0.00,11.79,0.19,383,679,NaN,0.00,NaN,NaN,NaN,0.00,0,5,NaN,0.00,21.50,42.00,0,1,0.07,0.03,1.43,0.09,0.00,0.01,0,0,
1749055153543,6,0,0,0.00,6.48,0.00,276,3754,NaN,0.00,NaN,NaN,NaN,0.00,0,5,NaN,0.00,18.50,35.00,0,1,0.49,0.02,1.44,0.08,0.00,0.01,0,0,
1749055154543,6,0,0,0.00,15.84,0.00,509,50,NaN,0.00,NaN,NaN,NaN,0.00,0,5,NaN,0.00,22.50,37.00,0,0,0.17,0.02,1.44,0.08,0.00,0.01,0,0,
1749055155543,6,0,0,0.00,12.70,0.19,484,679,NaN,0.00,NaN,NaN,NaN,0.00,0,5,NaN,0.00,23.50,34.00,0,1,0.07,0.03,1.43,0.08,0.00,0.01,0,0,
1749055156544,6,0,0,0.00,5.04,0.00,217,3749,NaN,0.00,NaN,NaN,NaN,0.00,0,5,NaN,0.00,20.50,35.00,0,0,0.54,0.02,1.44,0.08,0.00,0.01,0,0,
1749055157544,6,0,0,0.00,15.84,0.00,545,50,NaN,0.00,NaN,NaN,NaN,0.00,0,5,NaN,0.00,21.50,35.00,0,0,0.19,0.03,1.44,0.08,0.00,0.01,0,0,
1749055158543,6,0,0,0.00,14.34,0.19,443,50,NaN,0.00,NaN,NaN,NaN,0.00,0,5,NaN,0.00,23.00,32.00,0,1,0.07,0.01,1.44,0.07,0.00,0.01,0,0,
1749055159543,6,0,0,0.00,5.12,0.00,708,5308,NaN,0.00,NaN,NaN,NaN,0.00,0,5,NaN,0.00,21.00,33.00,0,0,0.49,0.09,1.45,0.08,0.00,0.01,0,0,
1749055160544,6,0,0,0.00,12.88,0.00,-11773,-42521,NaN,0.00,NaN,NaN,NaN,0.00,0,20,NaN,0.00,26.50,36.00,0,0,0.10,0.10,1.29,2.35,NaN,0.50,0,0,
1749055161544,6,0,0,0.00,4.05,1.93,252,2833,NaN,0.00,NaN,NaN,NaN,0.00,0,5,NaN,0.00,22.00,37.00,0,0,0.28,0.12,1.45,0.75,0.00,0.10,0,0,
1749055162544,6,0,0,0.00,6.48,0.00,601,1897,NaN,0.00,NaN,NaN,NaN,0.00,0,5,NaN,0.00,18.00,34.00,0,0,0.31,0.12,1.46,0.32,0.00,0.04,0,0,
1749055163544,6,0,0,0.00,12.54,0.28,506,50,NaN,0.00,NaN,NaN,NaN,0.00,0,5,NaN,0.00,16.50,34.00,0,0,0.11,0.05,1.45,0.21,0.00,0.03,0,0,
1749055164544,6,0,0,0.00,3.62,0.82,148,50,NaN,0.00,NaN,NaN,NaN,0.00,0,5,NaN,0.00,20.50,35.00,0,0,0.04,0.05,1.43,0.21,0.00,0.02,0,0,
1749055165544,6,0,0,0.00,2.88,0.00,176,4383,NaN,0.00,NaN,NaN,NaN,0.00,0,5,NaN,0.00,23.50,39.00,0,0,0.41,0.03,1.46,0.19,0.00,0.02,0,0,
1749055166543,6,0,0,0.00,15.84,0.00,605,50,NaN,0.00,NaN,NaN,NaN,0.00,0,5,NaN,0.00,17.50,30.00,0,0,0.18,0.04,1.45,0.15,0.00,0.02,0,0,
1749055167544,6,0,0,0.00,14.62,0.19,517,50,NaN,0.00,NaN,NaN,NaN,0.00,0,5,NaN,0.00,21.50,37.00,0,0,0.06,0.07,1.44,0.14,0.00,0.01,0,0,
1749055168544,6,0,0,0.00,2.50,0.26,433,3152,NaN,0.00,NaN,NaN,NaN,0.00,0,21,NaN,0.00,20.00,37.00,0,0,0.28,0.07,1.39,0.13,0.00,0.01,0,0,
1749055169544,6,0,0,0.00,15.84,0.00,717,50,NaN,0.00,NaN,NaN,NaN,0.00,0,5,NaN,0.00,18.50,35.00,0,1,0.14,0.03,1.43,0.11,0.00,0.01,0,0,
1749055170543,6,0,0,0.00,4.22,0.48,521,2538,NaN,0.00,NaN,NaN,NaN,0.00,0,5,NaN,0.00,18.50,34.00,0,0,0.27,0.06,1.41,0.11,0.00,0.01,0,0,
1749055171543,6,0,0,0.00,13.76,0.28,520,975,NaN,0.00,NaN,NaN,NaN,0.00,0,5,NaN,0.00,23.00,32.00,0,2,0.14,0.04,1.44,0.10,0.00,0.01,0,0,
1749055172544,6,0,0,0.00,5.14,0.71,181,50,NaN,0.00,NaN,NaN,NaN,0.00,0,5,NaN,0.00,24.00,33.00,0,0,0.05,0.02,1.44,0.10,0.00,0.01,0,0,
1749055173543,6,0,0,0.00,3.22,0.08,343,1686,NaN,0.00,NaN,NaN,NaN,0.00,0,5,NaN,0.00,15.50,33.00,0,0,0.17,0.01,1.44,0.09,0.00,0.01,0,0,
1749055174543,6,0,0,0.00,14.74,0.28,491,356,NaN,0.00,NaN,NaN,NaN,0.00,0,5,NaN,0.00,13.00,32.00,0,0,0.09,0.06,1.47,0.09,0.00,0.01,0,0,
1749055175544,6,0,0,273.00,4.86,0.71,182,50,NaN,0.00,NaN,NaN,NaN,0.00,0,5,NaN,0.00,17.00,37.00,0,0,0.03,0.03,1.46,0.09,0.00,0.01,0,0,
1749055176543,6,0,0,0.00,1.78,0.83,289,1317,NaN,0.00,NaN,NaN,NaN,0.00,0,24,NaN,0.00,21.00,31.00,0,0,0.10,0.02,1.43,0.08,0.00,0.01,0,0,
1749055177544,6,0,0,462.00,3.07,0.38,285,1285,NaN,0.00,NaN,NaN,NaN,0.00,0,5,NaN,0.00,16.00,34.00,0,1,0.27,0.04,1.42,0.09,0.00,0.01,0,0,
1749055178543,6,0,0,1150.00,15.12,0.00,531,975,NaN,0.00,NaN,NaN,NaN,0.00,0,5,NaN,0.00,20.00,32.00,0,1,0.16,0.03,1.44,0.09,0.00,0.01,0,0,
1749055179543,6,0,0,0.00,11.20,0.50,431,50,NaN,0.00,NaN,NaN,NaN,0.00,0,5,NaN,0.00,16.00,31.00,0,0,0.06,0.03,1.44,0.09,0.00,0.01,0,0,
1749055180544,6,0,0,0.00,3.34,0.92,382,1322,NaN,0.00,NaN,NaN,NaN,0.00,0,24,NaN,0.00,21.00,33.00,0,0,0.11,0.02,1.41,0.08,0.00,0.01,0,0,
1749055181543,6,0,0,0.00,2.04,0.40,181,1280,NaN,0.00,NaN,NaN,NaN,0.00,0,21,NaN,0.00,19.00,35.00,0,1,0.20,0.07,1.40,0.09,0.00,0.00,0,0,
1749055182544,6,0,0,0.00,14.40,0.00,572,980,NaN,0.00,NaN,NaN,NaN,0.00,0,5,NaN,0.00,19.50,40.00,0,3,0.16,0.03,1.42,0.08,0.00,0.00,0,0,
1749055183544,6,0,0,0.00,12.21,0.40,251,50,NaN,0.00,NaN,NaN,NaN,0.00,0,5,NaN,0.00,15.00,31.00,0,0,0.06,0.03,1.42,0.08,0.00,0.00,0,0,
1749055184544,6,0,0,0.00,5.76,1.02,427,1322,NaN,0.00,NaN,NaN,NaN,0.00,0,24,NaN,0.00,21.50,43.00,0,0,0.11,0.01,1.40,0.08,0.00,0.00,0,0,
1749055185544,6,0,0,0.00,2.36,0.40,181,1280,NaN,0.00,NaN,NaN,NaN,0.00,0,21,NaN,0.00,24.00,34.00,0,2,0.20,0.04,1.39,0.08,0.00,0.00,0,0,
1749055186544,6,0,0,0.00,12.24,0.00,562,975,NaN,0.00,NaN,NaN,NaN,0.00,0,5,NaN,0.00,23.50,37.00,0,1,0.18,0.04,1.41,0.08,0.00,0.00,0,0,
1749055187544,6,0,0,0.00,13.68,0.38,561,50,NaN,0.00,NaN,NaN,NaN,0.00,0,5,NaN,0.00,15.00,30.00,0,0,0.06,0.01,1.41,0.08,0.00,0.00,0,0,
1749055188544,6,0,0,0.00,5.73,1.02,421,1327,NaN,0.00,NaN,NaN,NaN,0.00,0,24,NaN,0.00,25.50,32.00,0,0,0.11,0.01,1.39,0.08,0.00,0.00,0,0,
1749055189544,6,0,0,0.00,2.04,0.40,181,1280,NaN,0.00,NaN,NaN,NaN,0.00,0,21,NaN,0.00,24.50,38.00,0,1,0.20,0.06,1.38,0.08,0.00,0.00,0,0,
1749055190544,6,0,0,0.00,10.80,0.00,580,970,NaN,0.00,NaN,NaN,NaN,0.00,0,5,NaN,0.00,19.00,34.00,0,2,0.20,0.03,1.40,0.08,0.00,0.00,0,0,
1749055191543,6,0,0,0.00,14.59,0.30,515,50,NaN,0.00,NaN,NaN,NaN,0.00,0,5,NaN,0.00,21.00,34.00,0,0,0.07,0.01,1.40,0.08,0.00,0.00,0,0,
1749055192544,6,0,0,0.00,6.11,0.71,432,1332,NaN,0.00,NaN,NaN,NaN,0.00,0,5,NaN,0.00,20.50,34.00,0,0,0.11,0.00,1.37,0.07,0.00,0.00,0,0,
1749055193543,6,0,0,0.00,2.36,0.80,181,1280,NaN,0.00,NaN,NaN,NaN,0.00,0,21,NaN,0.00,20.00,35.00,0,2,0.20,0.03,1.37,0.08,0.00,0.00,0,0,
1749055194543,6,0,0,0.00,9.36,0.00,423,965,NaN,0.00,NaN,NaN,NaN,0.00,0,5,NaN,0.00,16.00,28.00,0,5,0.22,0.01,1.39,0.07,0.00,0.00,0,0,
1749055195544,6,0,0,0.00,15.38,0.19,287,50,NaN,0.00,NaN,NaN,NaN,0.00,0,5,NaN,0.00,22.50,31.00,0,1,0.08,0.02,1.39,0.07,0.00,0.00,0,0,
1749055196543,6,0,0,0.00,4.81,0.94,-13843,-35669,NaN,0.00,NaN,NaN,NaN,0.00,0,21,NaN,0.00,20.00,36.00,0,0,0.15,0.19,1.39,1.96,0.00,0.14,0,0,
1749055197544,6,0,0,0.00,7.92,0.00,532,1263,NaN,0.00,NaN,NaN,NaN,0.00,0,5,NaN,0.00,24.50,35.00,0,0,0.25,0.12,1.43,0.34,0.00,0.04,0,0,
1749055198544,6,0,0,0.00,5.25,0.40,360,1638,NaN,0.00,NaN,NaN,NaN,0.00,0,24,NaN,0.00,23.00,33.00,0,0,0.26,0.08,1.37,0.22,0.00,0.02,0,0,
1749055199544,6,0,0,0.00,12.45,0.52,750,681,NaN,0.00,NaN,NaN,NaN,0.00,0,5,NaN,0.00,17.00,35.00,0,0,0.19,0.15,1.32,0.19,0.00,0.01,0,0,
1749055200543,6,0,0,0.00,10.69,0.57,734,1515,NaN,0.00,NaN,NaN,NaN,0.00,0,5,NaN,0.00,14.50,36.00,0,0,0.23,0.09,1.39,0.14,0.00,0.01,0,0,
1749055201543,6,0,0,0.00,9.69,1.45,752,2129,NaN,0.00,NaN,NaN,NaN,0.00,0,5,NaN,0.00,23.00,40.00,0,0,0.26,0.06,1.56,0.12,0.00,0.01,0,0,
1749055202544,6,0,0,0.00,12.96,0.00,423,346,NaN,0.00,NaN,NaN,NaN,0.00,0,5,NaN,0.00,16.00,36.00,0,3,0.11,0.03,1.60,0.10,0.00,0.01,0,0,
1749055203544,6,0,0,0.00,14.85,0.90,379,168,NaN,0.00,NaN,NaN,NaN,0.00,0,5,NaN,0.00,24.00,41.00,0,3,0.12,0.01,1.61,0.09,0.00,0.00,0,0,
1749055204544,6,0,0,0.00,4.42,0.86,193,1312,NaN,0.00,NaN,NaN,NaN,0.00,0,21,NaN,0.00,28.50,35.00,0,2,0.15,0.01,1.53,0.11,0.00,0.00,0,0,
1749055205543,6,0,0,0.00,7.44,0.55,382,681,NaN,0.00,NaN,NaN,NaN,0.00,0,5,NaN,0.00,21.50,33.00,0,1,0.16,0.08,1.50,0.11,0.00,0.00,0,0,
1749055206544,6,0,0,0.00,13.26,0.09,636,664,NaN,0.00,NaN,NaN,NaN,0.00,0,5,NaN,0.00,14.50,35.00,0,0,0.07,0.06,1.49,0.10,0.00,0.00,0,0,
1749055207544,6,0,0,0.00,5.76,0.00,459,346,NaN,0.00,NaN,NaN,NaN,0.00,0,5,NaN,0.00,18.50,34.00,0,0,0.12,0.09,1.53,0.10,0.00,0.00,0,0,
1749055208543,6,0,0,0.00,12.53,0.36,450,50,NaN,0.00,NaN,NaN,NaN,0.00,0,5,NaN,0.00,15.00,32.00,0,1,0.04,0.04,1.52,0.09,0.00,0.00,0,0,
1749055209544,6,0,0,0.00,9.50,0.71,319,50,NaN,0.00,NaN,NaN,NaN,0.00,0,5,NaN,0.00,22.50,40.00,0,1,0.02,0.02,1.51,0.09,0.00,0.00,0,0,
1749055210543,6,0,0,0.00,10.66,0.80,420,669,NaN,0.00,NaN,NaN,NaN,0.00,0,5,NaN,0.00,18.50,28.00,0,0,0.01,0.02,1.51,0.09,0.00,0.00,0,0,
1749055211543,6,0,0,0.00,4.32,0.00,366,341,NaN,0.00,NaN,NaN,NaN,0.00,0,5,NaN,0.00,24.00,36.00,0,0,0.11,0.08,1.54,0.09,0.00,0.00,0,0,
1749055212544,6,0,0,0.00,15.20,0.38,558,50,NaN,0.00,NaN,NaN,NaN,0.00,0,5,NaN,0.00,18.00,31.00,0,1,0.04,0.03,1.53,0.08,0.00,0.00,0,0,
1749055213544,6,0,0,0.00,10.40,0.70,352,50,NaN,0.00,NaN,NaN,NaN,0.00,0,5,NaN,0.00,18.00,33.00,0,1,0.01,0.01,1.53,0.08,0.00,0.00,0,0,
1749055214543,6,0,0,0.00,10.94,0.81,387,50,NaN,0.00,NaN,NaN,NaN,0.00,0,5,NaN,0.00,18.00,27.00,0,0,0.00,0.01,1.52,0.08,0.00,0.00,0,0,
1749055215543,6,0,0,0.00,2.88,0.00,359,960,NaN,0.00,NaN,NaN,NaN,0.00,0,5,NaN,0.00,16.00,35.00,0,0,0.12,0.05,1.55,0.07,0.00,0.00,0,0,
1749055216543,6,0,0,0.00,17.09,0.38,564,50,NaN,0.00,NaN,NaN,NaN,0.00,0,5,NaN,0.00,22.50,33.00,0,1,0.04,0.02,1.55,0.07,0.00,0.00,0,0,
1749055217544,6,0,0,0.00,10.96,0.68,373,50,NaN,0.00,NaN,NaN,NaN,0.00,0,5,NaN,0.00,21.00,35.00,0,0,0.01,0.01,1.54,0.07,0.00,0.00,0,0,
1749055218544,6,0,0,887.00,8.90,0.66,322,50,NaN,0.00,NaN,NaN,NaN,0.00,0,5,NaN,0.00,21.00,27.00,0,0,0.01,0.00,1.54,0.07,0.00,0.00,0,0,
1749055219543,6,0,0,651.00,2.50,0.10,317,960,NaN,0.00,NaN,NaN,NaN,0.00,0,5,NaN,0.00,16.50,33.00,0,0,0.13,0.05,1.56,0.06,0.00,0.00,0,0,
1749055220544,6,0,0,357.00,15.07,0.30,254,50,NaN,0.00,NaN,NaN,NaN,0.00,0,5,NaN,0.00,13.50,33.00,0,3,0.05,0.02,1.56,0.06,0.00,0.00,0,0,
1749055221544,6,0,0,410.00,9.73,0.70,257,50,NaN,0.00,NaN,NaN,NaN,0.00,0,5,NaN,0.00,22.00,34.00,0,0,0.02,0.01,1.55,0.06,0.00,0.00,0,0,
1749055222544,6,0,0,0.00,8.29,0.71,299,50,NaN,0.00,NaN,NaN,NaN,0.00,0,5,NaN,0.00,21.50,34.00,0,0,0.01,0.00,1.55,0.06,0.00,0.00,0,0,
1749055223543,6,0,0,0.00,3.09,0.19,316,965,NaN,0.00,NaN,NaN,NaN,0.00,0,5,NaN,0.00,21.50,33.00,0,0,0.13,0.00,1.57,0.06,0.00,0.00,0,0,
1749055224543,6,0,0,0.00,14.86,0.19,549,50,NaN,0.00,NaN,NaN,NaN,0.00,0,5,NaN,0.00,16.50,34.00,0,0,0.05,0.06,1.57,0.06,0.00,0.00,0,0,
1749055225543,6,0,0,0.00,9.90,0.68,357,45,NaN,0.00,NaN,NaN,NaN,0.00,0,5,NaN,0.00,21.50,35.00,0,0,0.02,0.03,1.56,0.06,0.00,0.00,0,0,
1749055226544,6,0,0,0.00,9.90,0.71,397,55,NaN,0.00,NaN,NaN,NaN,0.00,0,5,NaN,0.00,19.50,35.00,0,0,0.01,0.01,1.56,0.06,0.00,0.00,0,0,
1749055227544,6,0,0,0.00,6.05,0.28,349,654,NaN,0.00,NaN,NaN,NaN,0.00,0,5,NaN,0.00,22.00,34.00,0,0,0.07,0.01,1.55,0.06,0.00,0.00,0,0,
1749055228543,6,0,0,0.00,13.66,0.09,475,351,NaN,0.00,NaN,NaN,NaN,0.00,0,5,NaN,0.00,18.50,34.00,0,1,0.06,0.00,1.57,0.05,0.00,0.00,0,0,
1749055229544,6,0,0,0.00,5.38,0.26,381,654,NaN,0.00,NaN,NaN,NaN,0.00,0,5,NaN,0.00,25.00,33.00,0,0,0.10,0.00,1.57,0.05,0.00,0.00,0,0,
1749055230543,6,0,0,0.00,13.66,0.09,341,356,NaN,0.00,NaN,NaN,NaN,0.00,0,5,NaN,0.00,18.50,33.00,0,3,0.07,0.05,1.59,0.05,0.00,0.00,0,0,
1749055231543,6,0,0,0.00,5.71,0.30,347,654,NaN,0.00,NaN,NaN,NaN,0.00,0,5,NaN,0.00,21.00,39.00,0,0,0.11,0.04,1.58,0.05,0.00,0.00,0,0,
1749055232544,6,0,0,0.00,12.24,0.00,336,356,NaN,0.00,NaN,NaN,NaN,0.00,0,5,NaN,0.00,10.50,39.00,0,1,0.07,0.02,1.60,0.05,0.00,0.00,0,0,
1749055233543,6,0,0,0.00,7.58,0.38,367,654,NaN,0.00,NaN,NaN,NaN,0.00,0,5,NaN,0.00,22.00,36.00,0,0,0.11,0.01,1.60,0.05,0.00,0.00,0,0,
1749055234543,6,0,0,0.00,11.52,0.00,378,356,NaN,0.00,NaN,NaN,NaN,0.00,0,5,NaN,0.00,23.00,33.00,0,2,0.07,0.00,1.61,0.05,0.00,0.00,0,0,
1749055235543,6,0,0,0.00,18.13,0.69,514,50,NaN,0.00,NaN,NaN,NaN,0.00,0,5,NaN,0.00,22.50,38.00,0,0,0.02,0.00,1.61,0.05,0.00,0.00,0,0,
1749055236543,6,0,0,0.00,18.13,0.71,597,45,NaN,0.00,NaN,NaN,NaN,0.00,0,5,NaN,0.00,21.00,36.00,0,0,0.01,0.02,1.61,0.05,0.00,0.00,0,0,
1749055237543,6,0,0,0.00,9.76,0.49,510,659,NaN,0.00,NaN,NaN,NaN,0.00,0,5,NaN,0.00,12.50,35.00,0,0,0.08,0.01,1.60,0.05,0.00,0.00,0,0,
1749055238544,6,0,0,0.00,10.08,0.00,321,356,NaN,0.00,NaN,NaN,NaN,0.00,0,5,NaN,0.00,15.50,31.00,0,3,0.06,0.02,1.62,0.05,0.00,0.00,0,0,
1749055239544,6,0,0,0.00,19.57,0.70,388,50,NaN,0.00,NaN,NaN,NaN,0.00,0,5,NaN,0.00,18.00,38.00,0,0,0.02,0.02,1.61,0.05,0.00,0.00,0,0,
1749055240544,6,0,0,0.00,18.28,0.69,575,50,NaN,0.00,NaN,NaN,NaN,0.00,0,5,NaN,0.00,21.50,37.00,0,0,0.01,0.01,1.61,0.05,0.00,0.00,0,0,
1749055241544,6,0,0,0.00,10.04,0.44,442,646,NaN,0.00,NaN,NaN,NaN,0.00,0,5,NaN,0.00,19.00,36.00,0,0,0.09,0.10,1.60,0.05,0.00,0.00,0,0,
1749055242544,6,0,0,0.00,8.64,0.00,527,356,NaN,0.00,NaN,NaN,NaN,0.00,0,5,NaN,0.00,17.00,35.00,0,0,0.07,0.05,1.62,0.05,0.00,0.00,0,0,
1749055243543,6,0,0,0.00,12.93,0.40,448,341,NaN,0.00,NaN,NaN,NaN,0.00,0,5,NaN,0.00,17.50,32.00,0,0,0.11,0.08,1.63,0.05,0.00,0.00,0,0,
1749055244544,6,0,0,0.00,17.49,0.19,803,50,NaN,0.00,NaN,NaN,NaN,0.00,0,5,NaN,0.00,15.00,34.00,0,0,0.04,0.09,1.63,0.05,0.00,0.00,0,0,
1749055245543,6,0,0,0.00,4.32,0.70,378,1317,NaN,0.00,NaN,NaN,NaN,0.00,0,21,NaN,0.00,26.50,32.00,0,0,0.09,0.07,1.60,0.05,0.00,0.00,0,0,
1749055246543,6,0,0,0.00,8.12,0.57,607,681,NaN,0.00,NaN,NaN,NaN,0.00,0,5,NaN,0.00,20.50,31.00,0,0,0.11,0.04,1.58,0.05,0.00,0.00,0,0,
1749055247544,6,0,0,0.00,12.96,0.50,461,654,NaN,0.00,NaN,NaN,NaN,0.00,0,5,NaN,0.00,23.50,36.00,0,1,0.06,0.04,1.58,0.05,0.00,0.00,0,0,
1749055248544,6,0,0,0.00,15.84,0.00,825,356,NaN,0.00,NaN,NaN,NaN,0.00,0,5,NaN,0.00,15.50,33.00,0,0,0.10,0.05,1.59,0.05,0.00,0.00,0,0,
1749055249544,6,0,0,0.00,19.54,0.49,654,50,NaN,0.00,NaN,NaN,NaN,0.00,0,5,NaN,0.00,25.00,36.00,0,0,0.03,0.07,1.59,0.05,0.00,0.00,0,0,
1749055250543,6,0,0,0.00,20.10,0.70,653,50,NaN,0.00,NaN,NaN,NaN,0.00,0,5,NaN,0.00,24.50,37.00,0,0,0.01,0.03,1.58,0.05,0.00,0.00,0,0,
1749055251543,6,0,0,0.00,18.35,0.61,-24517,-26369,NaN,0.00,NaN,NaN,NaN,0.00,0,20,NaN,0.00,24.50,32.00,0,0,0.10,0.10,0.00,1.03,NaN,0.00,0,0,
1749055252543,6,0,0,222267.00,1.73,0.74,251,3157,NaN,0.00,NaN,NaN,NaN,0.00,0,21,NaN,0.00,23.50,35.00,0,0,0.27,0.23,1.32,0.82,0.00,0.07,0,0,
1749055253544,6,0,0,0.00,5.34,1.22,487,3159,NaN,0.00,NaN,NaN,NaN,0.00,0,21,NaN,0.00,29.50,40.00,0,0,0.48,0.17,1.42,0.33,0.00,0.03,0,0,
1749055254543,6,0,0,0.00,2.50,0.34,324,2518,NaN,0.00,NaN,NaN,NaN,0.00,0,5,NaN,0.00,15.00,35.00,0,0,0.63,0.11,1.40,0.24,0.00,0.02,0,0,
1749055255544,6,0,0,0.00,15.12,0.00,806,1293,NaN,0.00,NaN,NaN,NaN,0.00,0,5,NaN,0.00,18.50,33.00,0,0,0.30,0.05,1.41,0.16,0.00,0.01,0,0,
1749055256543,6,0,0,0.00,4.34,0.09,209,3140,NaN,0.00,NaN,NaN,NaN,0.00,0,5,NaN,0.00,21.00,35.00,0,0,0.49,0.04,1.43,0.14,0.00,0.01,0,0,
1749055257544,6,0,0,0.00,13.68,0.00,561,1288,NaN,0.00,NaN,NaN,NaN,0.00,0,5,NaN,0.00,20.50,34.00,0,0,0.30,0.01,1.43,0.12,0.00,0.01,0,0,
1749055258543,6,0,0,0.00,13.89,0.18,478,681,NaN,0.00,NaN,NaN,NaN,0.00,0,5,NaN,0.00,21.00,34.00,0,0,0.12,0.02,1.41,0.11,0.00,0.01,0,0,
1749055259543,6,0,0,0.00,2.16,0.00,319,1273,NaN,0.00,NaN,NaN,NaN,0.00,0,5,NaN,0.00,17.00,34.00,0,0,0.23,0.06,1.41,0.11,0.00,0.01,0,0,
1749055260544,6,0,0,0.00,2.69,0.49,216,1081,NaN,0.00,NaN,NaN,NaN,0.00,0,21,NaN,0.00,19.50,35.00,0,0,0.16,0.07,1.40,0.11,0.00,0.01,0,0,
1749055261543,6,0,0,203.00,11.59,0.00,544,1273,NaN,0.00,NaN,NaN,NaN,0.00,0,5,NaN,0.00,22.50,33.00,0,1,0.23,0.06,1.40,0.11,0.00,0.00,0,0,
1749055262544,6,0,0,525.00,7.78,0.57,240,50,NaN,0.00,NaN,NaN,NaN,0.00,0,5,NaN,0.00,21.00,36.00,0,0,0.08,0.04,1.40,0.10,0.00,0.00,0,0,
1749055263544,6,0,0,8461.00,3.41,0.30,180,2526,NaN,0.00,NaN,NaN,NaN,0.00,0,5,NaN,0.00,18.50,35.00,0,0,0.29,0.03,1.38,0.10,0.00,0.00,0,0,
1749055264544,6,0,0,319.00,12.96,0.00,473,1907,NaN,0.00,NaN,NaN,NaN,0.00,0,5,NaN,0.00,20.00,32.00,0,1,0.28,0.01,1.41,0.09,0.00,0.00,0,0,
1749055265544,6,0,0,0.00,14.34,0.07,414,50,NaN,0.00,NaN,NaN,NaN,0.00,0,5,NaN,0.00,19.50,31.00,0,1,0.10,0.00,1.41,0.08,0.00,0.00,0,0,
1749055266543,6,0,0,0.00,4.76,0.62,334,1290,NaN,0.00,NaN,NaN,NaN,0.00,0,21,NaN,0.00,26.00,30.00,0,0,0.13,0.00,1.40,0.08,0.00,0.00,0,0,
1749055267544,6,0,0,0.00,12.84,0.00,582,1902,NaN,0.00,NaN,NaN,NaN,0.00,0,5,NaN,0.00,23.50,37.00,0,0,0.22,0.01,1.40,0.08,0.00,0.00,0,0,
1749055268544,6,0,0,0.00,6.01,0.09,243,1907,NaN,0.00,NaN,NaN,NaN,0.00,0,5,NaN,0.00,22.00,35.00,0,1,0.27,0.01,1.41,0.07,0.00,0.00,0,0,
1749055269544,6,0,0,0.00,11.52,0.00,436,2526,NaN,0.00,NaN,NaN,NaN,0.00,0,5,NaN,0.00,16.50,32.00,0,2,0.34,0.03,1.41,0.07,0.00,0.00,0,0,
1749055270543,6,0,0,0.00,15.84,0.00,569,50,NaN,0.00,NaN,NaN,NaN,0.00,0,5,NaN,0.00,20.00,33.00,0,0,0.12,0.02,1.41,0.07,0.00,0.00,0,0,
1749055271544,6,0,0,0.00,6.62,0.19,260,1283,NaN,0.00,NaN,NaN,NaN,0.00,0,5,NaN,0.00,15.00,33.00,0,0,0.14,0.02,1.41,0.07,0.00,0.00,0,0,
1749055272543,6,0,0,0.00,10.80,0.00,417,3145,NaN,0.00,NaN,NaN,NaN,0.00,0,5,NaN,0.00,17.50,31.00,0,2,0.36,0.01,1.42,0.07,0.00,0.00,0,0,
1749055273543,6,0,0,0.00,15.84,0.00,581,50,NaN,0.00,NaN,NaN,NaN,0.00,0,5,NaN,0.00,15.50,33.00,0,0,0.12,0.04,1.42,0.06,0.00,0.00,0,0,
1749055274543,6,0,0,0.00,7.46,0.19,303,1288,NaN,0.00,NaN,NaN,NaN,0.00,0,5,NaN,0.00,16.00,27.00,0,0,0.14,0.04,1.41,0.06,0.00,0.00,0,0,
1749055275543,6,0,0,0.00,9.36,0.00,370,3140,NaN,0.00,NaN,NaN,NaN,0.00,0,5,NaN,0.00,13.00,28.00,0,1,0.39,0.02,1.42,0.06,0.00,0.00,0,0,
1749055276544,6,0,0,0.00,15.84,0.00,567,50,NaN,0.00,NaN,NaN,NaN,0.00,0,5,NaN,0.00,20.50,29.00,0,0,0.14,0.05,1.42,0.06,0.00,0.00,0,0,
1749055277544,6,0,0,0.00,9.14,0.19,395,669,NaN,0.00,NaN,NaN,NaN,0.00,0,5,NaN,0.00,12.00,30.00,0,0,0.07,0.06,1.42,0.06,0.00,0.00,0,0,
1749055278543,6,0,0,0.00,8.64,0.00,337,3764,NaN,0.00,NaN,NaN,NaN,0.00,0,5,NaN,0.00,18.50,29.00,0,2,0.39,0.03,1.43,0.06,0.00,0.00,0,0,
1749055279544,6,0,0,0.00,15.84,0.00,638,50,NaN,0.00,NaN,NaN,NaN,0.00,0,5,NaN,0.00,15.50,29.00,0,0,0.14,0.01,1.43,0.06,0.00,0.00,0,0,
1749055280544,6,0,0,0.00,9.86,0.19,398,669,NaN,0.00,NaN,NaN,NaN,0.00,0,5,NaN,0.00,12.50,29.00,0,0,0.07,0.05,1.43,0.06,0.00,0.00,0,0,
1749055281544,6,0,0,0.00,7.92,0.00,361,3759,NaN,0.00,NaN,NaN,NaN,0.00,0,5,NaN,0.00,18.00,29.00,0,0,0.44,0.09,1.43,0.06,0.00,0.00,0,0,
1749055282544,6,0,0,0.00,15.12,0.00,619,50,NaN,0.00,NaN,NaN,NaN,0.00,0,5,NaN,0.00,18.50,31.00,0,0,0.15,0.04,1.43,0.06,0.00,0.00,0,0,
1749055283544,6,0,0,0.00,11.41,0.19,445,674,NaN,0.00,NaN,NaN,NaN,0.00,0,5,NaN,0.00,11.50,33.00,0,0,0.07,0.07,1.43,0.06,0.00,0.00,0,0,
1749055284544,6,0,0,0.00,6.48,0.00,275,3759,NaN,0.00,NaN,NaN,NaN,0.00,0,5,NaN,0.00,21.50,31.00,0,1,0.44,0.04,1.43,0.06,0.00,0.00,0,0,
1749055285543,6,0,0,0.00,15.12,0.00,573,343,NaN,0.00,NaN,NaN,NaN,0.00,0,23,NaN,0.00,14.00,35.00,0,0,0.27,0.04,1.44,0.06,0.00,0.00,0,0,
1749055286544,6,0,0,0.00,12.94,1.53,532,2528,NaN,0.00,NaN,NaN,NaN,0.00,0,21,NaN,0.00,18.00,25.00,0,5,0.44,0.03,1.46,0.06,0.00,0.00,0,0,
1749055287544,6,0,0,0.00,6.86,0.95,124,1348,NaN,0.00,NaN,NaN,NaN,0.00,0,5,NaN,0.00,8.50,28.00,0,3,0.42,0.06,1.46,0.06,0.00,0.00,0,0,
1749055288543,6,0,0,0.00,3.58,0.18,168,1275,NaN,0.00,NaN,NaN,NaN,0.00,0,21,NaN,0.00,26.00,29.00,0,3,0.49,0.05,1.46,0.06,0.00,0.00,0,0,
1749055289544,6,0,0,0.00,15.92,0.00,631,50,NaN,0.00,NaN,NaN,NaN,0.00,0,5,NaN,0.00,12.00,26.00,0,0,0.21,0.05,1.46,0.06,0.00,0.00,0,0,
1749055290544,6,0,0,0.00,12.31,0.70,356,45,NaN,0.00,NaN,NaN,NaN,0.00,0,23,NaN,0.00,12.50,26.00,0,1,0.18,0.02,1.46,0.06,0.00,0.00,0,0,
1749055291544,6,0,0,341610.00,0.72,0.00,-15784,-57684,NaN,0.00,NaN,NaN,NaN,0.00,0,5,NaN,0.00,11.50,21.00,0,0,0.28,0.19,1.06,0.58,NaN,0.07,0,0,
1749055292544,6,0,0,0.00,4.16,1.32,530,3161,NaN,0.00,NaN,NaN,NaN,0.00,0,5,NaN,0.00,11.00,23.00,0,0,0.43,0.17,1.25,0.32,0.00,0.03,0,0,
1749055293544,6,0,0,0.00,5.31,0.38,502,2528,NaN,0.00,NaN,NaN,NaN,0.00,0,5,NaN,0.00,22.00,20.00,0,0,0.65,0.14,1.30,0.23,0.00,0.02,0,0,
1749055294544,6,0,0,0.00,3.30,0.79,381,3185,NaN,0.00,NaN,NaN,NaN,0.00,0,5,NaN,0.00,13.50,16.00,0,0,0.70,0.11,1.23,0.19,0.00,0.01,0,0,
1749055295544,6,0,0,0.00,7.92,0.00,542,1579,NaN,0.00,NaN,NaN,NaN,0.00,0,5,NaN,0.00,12.50,20.00,0,0,0.54,0.09,1.27,0.16,0.00,0.01,0,0,
1749055296544,6,0,0,0.00,9.31,2.78,421,4913,NaN,0.00,NaN,NaN,NaN,0.00,0,21,NaN,0.00,14.50,25.00,0,1,0.69,0.04,1.31,0.13,0.00,0.01,0,0,
1749055297544,6,0,0,0.00,5.10,0.94,251,2538,NaN,0.00,NaN,NaN,NaN,0.00,0,25,NaN,0.00,7.00,19.00,0,0,0.60,0.23,1.34,0.29,0.00,0.05,0,0,
1749055298544,6,0,0,0.00,8.06,0.34,-2353,-17830,NaN,0.00,NaN,NaN,NaN,0.00,0,21,NaN,0.00,20.50,24.00,0,0,0.30,0.25,1.08,1.26,0.00,0.27,0,0,
1749055299544,6,0,0,0.00,1.65,0.36,354,3790,NaN,0.00,NaN,NaN,NaN,0.00,0,5,NaN,0.00,14.50,12.00,0,0,0.55,0.15,1.16,0.79,0.00,0.17,0,0,
1749055300544,6,0,0,0.00,1.81,1.18,249,2323,NaN,0.00,NaN,NaN,NaN,0.00,0,24,NaN,0.00,13.00,15.00,0,0,0.61,0.12,1.25,0.62,0.00,0.13,0,0,
1749055301544,6,0,0,0.00,2.18,0.76,255,2508,NaN,0.00,NaN,NaN,NaN,0.00,0,24,NaN,0.00,6.00,19.00,0,0,0.63,0.11,1.27,0.55,0.00,0.11,0,0,
1749055302544,6,0,0,0.00,12.96,0.00,964,3761,NaN,0.00,NaN,NaN,NaN,0.00,0,23,NaN,0.00,7.00,27.00,0,0,0.50,0.10,1.33,0.36,0.00,0.07,0,0,
1749055303544,6,0,0,0.00,10.08,0.00,708,1300,NaN,0.00,NaN,NaN,NaN,0.00,0,5,NaN,0.00,7.50,27.00,0,0,0.43,0.07,1.32,0.31,0.00,0.05,0,0,
1749055304544,6,0,0,1795.00,10.08,0.00,644,1278,NaN,0.00,NaN,NaN,NaN,0.00,0,25,NaN,0.00,18.50,25.00,0,0,0.44,0.10,1.34,0.28,0.00,0.04,0,0,
1749055305544,6,0,0,16995.00,10.84,0.00,674,1172,NaN,0.00,NaN,NaN,NaN,0.00,0,25,NaN,0.00,7.00,16.00,0,0,0.52,0.05,1.34,0.23,0.00,0.04,0,0,
1749055306543,6,0,0,266.00,15.84,0.00,633,45,NaN,0.00,NaN,NaN,NaN,0.00,0,23,NaN,0.00,17.50,18.00,0,0,0.29,0.07,1.34,0.21,0.00,0.03,0,0,
1749055307544,6,0,0,55.00,9.36,0.00,782,1818,NaN,0.00,NaN,NaN,NaN,0.00,0,5,NaN,0.00,13.50,29.00,0,0,0.33,0.15,1.36,0.21,0.00,0.03,0,0,
1749055308544,6,0,0,0.00,11.52,0.00,583,664,NaN,0.00,NaN,NaN,NaN,0.00,0,5,NaN,0.00,15.00,16.00,0,0,0.26,0.11,1.36,0.20,0.00,0.03,0,0,
1749055309544,6,0,0,0.00,8.86,2.24,532,2234,NaN,0.00,NaN,NaN,NaN,0.00,0,5,NaN,0.00,5.00,23.00,0,0,0.44,0.13,1.43,0.19,0.00,0.02,0,0,
1749055310544,6,0,0,0.00,2.88,0.78,219,1232,NaN,0.00,NaN,NaN,NaN,0.00,0,5,NaN,0.00,7.50,27.00,0,0,0.45,0.09,1.44,0.19,0.00,0.02,0,0,
1749055311544,6,0,0,0.00,4.83,1.00,445,1343,NaN,0.00,NaN,NaN,NaN,0.00,0,5,NaN,0.00,7.50,15.00,0,0,0.47,0.07,1.47,0.18,0.00,0.02,0,0,
1749055312544,6,0,0,0.00,10.08,0.50,350,736,NaN,0.00,NaN,NaN,NaN,0.00,0,26,NaN,0.00,8.50,25.00,0,0,0.27,0.04,1.46,0.17,0.00,0.02,0,0,
1749055313544,6,0,0,0.00,5.28,0.95,316,1382,NaN,0.00,NaN,NaN,NaN,0.00,0,5,NaN,0.00,11.50,26.00,0,0,0.29,0.06,1.47,0.18,0.00,0.02,0,0,
1749055314544,6,0,0,0.00,2.48,0.21,317,1904,NaN,0.00,NaN,NaN,NaN,0.00,0,21,NaN,0.00,6.50,20.00,0,0,0.44,0.06,1.42,0.18,0.00,0.02,0,0,
1749055315544,6,0,0,0.00,5.85,1.93,419,1295,NaN,0.00,NaN,NaN,NaN,0.00,0,21,NaN,0.00,6.00,16.00,0,0,0.51,0.07,1.46,0.18,0.00,0.02,0,0,
1749055316544,6,0,0,0.00,4.99,0.38,354,1254,NaN,0.00,NaN,NaN,NaN,0.00,0,5,NaN,0.00,10.00,11.00,0,0,0.41,0.09,1.47,0.19,0.00,0.02,0,0,
1749055317544,6,0,0,0.00,4.08,0.76,312,1268,NaN,0.00,NaN,NaN,NaN,0.00,0,21,NaN,0.00,14.00,15.00,0,0,0.59,0.12,1.47,0.20,0.00,0.02,0,0,
1749055318544,6,0,0,0.00,12.24,0.00,-9673,-32795,NaN,0.00,NaN,NaN,NaN,0.00,0,5,NaN,0.00,18.50,12.00,0,0,0.10,0.10,1.00,1.00,NaN,0.00,0,0,
1749055319544,6,0,0,0.00,5.54,1.20,684,5828,NaN,0.00,NaN,NaN,NaN,0.00,0,21,NaN,0.00,17.00,19.00,0,0,0.41,0.20,1.25,0.59,0.00,0.06,0,0,
1749055320544,6,0,0,0.00,4.87,0.94,213,5926,NaN,0.00,NaN,NaN,NaN,0.00,0,21,NaN,0.00,13.00,23.00,0,0,0.71,0.09,1.39,0.45,0.00,0.05,0,0,
1749055321544,6,0,0,0.00,6.92,1.39,524,2846,NaN,0.00,NaN,NaN,NaN,0.00,0,5,NaN,0.00,18.00,18.00,0,0,0.77,0.09,1.36,0.34,0.00,0.03,0,0,
1749055322544,6,0,0,0.00,7.18,2.72,522,4419,NaN,0.00,NaN,NaN,NaN,0.00,0,21,NaN,0.00,19.00,18.00,0,0,0.78,0.08,1.36,0.30,0.00,0.02,0,0,
1749055323544,6,0,0,0.00,5.08,0.00,426,1897,NaN,0.00,NaN,NaN,NaN,0.00,0,5,NaN,0.00,12.50,18.00,0,1,0.71,0.05,1.37,0.24,0.00,0.02,0,0,
1749055324544,6,0,0,0.00,17.34,0.72,418,356,NaN,0.00,NaN,NaN,NaN,0.00,0,5,NaN,0.00,10.00,21.00,0,5,0.34,0.03,1.39,0.22,0.00,0.01,0,0,
1749055325544,6,0,0,0.00,8.78,0.09,242,649,NaN,0.00,NaN,NaN,NaN,0.00,0,5,NaN,0.00,9.00,24.00,0,1,0.28,0.02,1.39,0.20,0.00,0.01,0,0,
1749055326544,6,0,0,0.00,9.82,1.66,470,1007,NaN,0.00,NaN,NaN,NaN,0.00,0,5,NaN,0.00,12.50,26.00,0,0,0.31,0.07,1.43,0.21,0.00,0.01,0,0,
1749055327544,6,0,0,0.00,0.72,0.00,82,1399,NaN,0.00,NaN,NaN,NaN,0.00,0,5,NaN,0.00,7.00,16.00,0,0,0.28,0.07,1.41,0.20,0.00,0.01,0,0,
1749055328544,6,0,0,0.00,10.32,2.81,578,3764,NaN,0.00,NaN,NaN,NaN,0.00,0,5,NaN,0.00,15.00,24.00,0,0,0.62,0.03,1.46,0.17,0.00,0.01,0,0,
1749055329544,6,0,0,0.00,5.98,1.47,378,1325,NaN,0.00,NaN,NaN,NaN,0.00,0,5,NaN,0.00,15.00,26.00,0,1,0.55,0.04,1.46,0.20,0.00,0.01,0,0,
1749055330544,6,0,0,0.00,0.72,0.00,87,1305,NaN,0.00,NaN,NaN,NaN,0.00,0,5,NaN,0.00,22.50,26.00,0,0,0.48,0.07,1.45,0.20,0.00,0.01,0,0,
1749055331543,6,0,0,0.00,11.52,0.00,650,40,NaN,0.00,NaN,NaN,NaN,0.00,0,5,NaN,0.00,18.50,26.00,0,0,0.26,0.07,1.45,0.18,0.00,0.01,0,0,
1749055332544,6,0,0,0.00,15.12,0.00,558,55,NaN,0.00,NaN,NaN,NaN,0.00,0,23,NaN,0.00,18.00,19.00,0,0,0.17,0.05,1.45,0.17,0.00,0.01,0,0,
1749055333543,6,0,0,0.00,11.03,0.09,740,575,NaN,0.00,NaN,NaN,NaN,0.00,0,5,NaN,0.00,12.50,16.00,0,0,0.19,0.08,1.44,0.18,0.00,0.01,0,0,
1749055334543,6,0,0,318800.00,11.33,0.97,564,1934,NaN,0.00,NaN,NaN,NaN,0.00,0,5,NaN,0.00,29.00,27.00,0,0,0.31,0.06,1.43,0.18,0.00,0.01,0,0,
1749055335544,6,0,0,0.00,10.80,0.00,588,35,NaN,0.00,NaN,NaN,NaN,0.00,0,5,NaN,0.00,12.00,27.00,0,0,0.28,0.06,1.43,0.17,0.00,0.01,0,0,
1749055336544,6,0,0,0.00,12.65,0.94,522,4619,NaN,0.00,NaN,NaN,NaN,0.00,0,24,NaN,0.00,12.00,19.00,0,0,0.67,0.03,1.43,0.16,0.00,0.01,0,0,
1749055337544,6,0,0,0.00,12.66,1.82,403,2639,NaN,0.00,NaN,NaN,NaN,0.00,0,5,NaN,0.00,9.00,19.00,0,3,0.51,0.02,1.47,0.15,0.00,0.01,0,0,
1749055338544,6,0,0,230225.00,12.85,0.19,415,341,NaN,0.00,NaN,NaN,NaN,0.00,0,5,NaN,0.00,9.50,21.00,0,0,0.32,0.08,1.48,0.17,0.00,0.01,0,0,
1749055339544,6,0,0,0.00,4.32,0.00,492,15,NaN,0.00,NaN,NaN,NaN,0.00,0,5,NaN,0.00,9.50,18.00,0,0,0.42,0.27,1.48,0.30,0.00,0.04,0,0,
1749055340544,6,0,0,0.00,0.00,0.00,0,0,NaN,0.00,NaN,NaN,NaN,0.00,0,5,NaN,0.00,9.50,18.00,0,0,0.42,0.27,1.48,0.30,0.00,0.04,0,0,
1749055341544,6,0,0,0.00,0.00,0.00,0,0,NaN,0.00,NaN,NaN,NaN,0.00,0,5,NaN,0.00,9.50,18.00,0,0,0.42,0.27,1.48,0.30,0.00,0.04,0,0,
1749055342544,6,0,0,0.00,0.00,0.00,0,0,NaN,0.00,NaN,NaN,NaN,0.00,0,5,NaN,0.00,9.50,18.00,0,0,0.42,0.27,1.48,0.30,0.00,0.04,0,0,
1749055343544,6,0,0,0.00,0.00,0.00,0,0,NaN,0.00,NaN,NaN,NaN,0.00,0,5,NaN,0.00,9.50,18.00,0,0,0.42,0.27,1.48,0.30,0.00,0.04,0,0,
1749055344544,6,0,0,0.00,0.00,0.00,0,0,NaN,0.00,NaN,NaN,NaN,0.00,0,5,NaN,0.00,9.50,18.00,0,0,0.42,0.27,1.48,0.30,0.00,0.04,0,0,
1749055345543,6,0,0,0.00,0.00,0.00,0,0,NaN,0.00,NaN,NaN,NaN,0.00,0,5,NaN,0.00,9.50,18.00,0,0,0.42,0.27,1.48,0.30,0.00,0.04,0,0,
1749055346544,6,0,0,0.00,0.00,0.00,0,0,NaN,0.00,NaN,NaN,NaN,0.00,0,5,NaN,0.00,9.50,18.00,0,0,0.42,0.27,1.48,0.30,0.00,0.04,0,0,
1749055347543,6,0,0,0.00,0.00,0.00,0,0,NaN,0.00,NaN,NaN,NaN,0.00,0,5,NaN,0.00,9.50,18.00,0,0,0.42,0.27,1.48,0.30,0.00,0.04,0,0,
1749055348543,6,0,0,0.00,0.00,0.00,0,0,NaN,0.00,NaN,NaN,NaN,0.00,0,5,NaN,0.00,9.50,18.00,0,0,0.42,0.27,1.48,0.30,0.00,0.04,0,0,
1749055349543,6,0,0,0.00,0.00,0.00,0,0,NaN,0.00,NaN,NaN,NaN,0.00,0,5,NaN,0.00,9.50,18.00,0,0,0.42,0.27,1.48,0.30,0.00,0.04,0,0,
1749055350543,6,0,0,0.00,0.00,0.00,0,0,NaN,0.00,NaN,NaN,NaN,0.00,0,5,NaN,0.00,9.50,18.00,0,0,0.42,0.27,1.48,0.30,0.00,0.04,0,0,
1749055351543,6,0,0,0.00,0.00,0.00,0,0,NaN,0.00,NaN,NaN,NaN,0.00,0,5,NaN,0.00,9.50,18.00,0,0,0.42,0.27,1.48,0.30,0.00,0.04,0,0,
1749055352544,6,0,0,0.00,0.00,0.00,0,0,NaN,0.00,NaN,NaN,NaN,0.00,0,5,NaN,0.00,9.50,18.00,0,0,0.42,0.27,1.48,0.30,0.00,0.04,0,0,
1749055353544,6,0,0,0.00,0.00,0.00,0,0,NaN,0.00,NaN,NaN,NaN,0.00,0,5,NaN,0.00,9.50,18.00,0,0,0.42,0.27,1.48,0.30,0.00,0.04,0,0,
1749055354543,6,0,0,0.00,0.00,0.00,0,0,NaN,0.00,NaN,NaN,NaN,0.00,0,5,NaN,0.00,9.50,18.00,0,0,0.42,0.27,1.48,0.30,0.00,0.04,0,0,
1749055355543,6,0,0,0.00,0.00,0.00,0,0,NaN,0.00,NaN,NaN,NaN,0.00,0,5,NaN,0.00,9.50,18.00,0,0,0.42,0.27,1.48,0.30,0.00,0.04,0,0,
1749055356544,6,0,0,0.00,0.00,0.00,0,0,NaN,0.00,NaN,NaN,NaN,0.00,0,5,NaN,0.00,9.50,18.00,0,0,0.42,0.27,1.48,0.30,0.00,0.04,0,0,
1749055357543,6,0,0,0.00,0.00,0.00,0,0,NaN,0.00,NaN,NaN,NaN,0.00,0,5,NaN,0.00,9.50,18.00,0,0,0.42,0.27,1.48,0.30,0.00,0.04,0,0,
1749055358543,6,0,0,0.00,0.00,0.00,0,0,NaN,0.00,NaN,NaN,NaN,0.00,0,5,NaN,0.00,9.50,18.00,0,0,0.42,0.27,1.48,0.30,0.00,0.04,0,0,
1749055359543,6,0,0,0.00,0.00,0.00,0,0,NaN,0.00,NaN,NaN,NaN,0.00,0,5,NaN,0.00,9.50,18.00,0,0,0.42,0.27,1.48,0.30,0.00,0.04,0,0,
1749055360543,6,0,0,0.00,0.00,0.00,0,0,NaN,0.00,NaN,NaN,NaN,0.00,0,5,NaN,0.00,9.50,18.00,0,0,0.42,0.27,1.48,0.30,0.00,0.04,0,0,
1749055361543,6,0,0,0.00,0.00,0.00,0,0,NaN,0.00,NaN,NaN,NaN,0.00,0,5,NaN,0.00,9.50,18.00,0,0,0.42,0.27,1.48,0.30,0.00,0.04,0,0,
1749055362543,6,0,0,0.00,0.00,0.00,0,0,NaN,0.00,NaN,NaN,NaN,0.00,0,5,NaN,0.00,9.50,18.00,0,0,0.42,0.27,1.48,0.30,0.00,0.04,0,0,
1749055363543,6,0,0,0.00,0.00,0.00,0,0,NaN,0.00,NaN,NaN,NaN,0.00,0,5,NaN,0.00,9.50,18.00,0,0,0.42,0.27,1.48,0.30,0.00,0.04,0,0,
1749055364543,6,0,0,0.00,0.00,0.00,0,0,NaN,0.00,NaN,NaN,NaN,0.00,0,5,NaN,0.00,9.50,18.00,0,0,0.42,0.27,1.48,0.30,0.00,0.04,0,0,
1749055365543,6,0,0,0.00,0.00,0.00,0,0,NaN,0.00,NaN,NaN,NaN,0.00,0,5,NaN,0.00,9.50,18.00,0,0,0.42,0.27,1.48,0.30,0.00,0.04,0,0,
1749055366543,6,0,0,0.00,0.00,0.00,0,0,NaN,0.00,NaN,NaN,NaN,0.00,0,5,NaN,0.00,9.50,18.00,0,0,0.42,0.27,1.48,0.30,0.00,0.04,0,0,
1749055367543,6,0,0,0.00,0.00,0.00,0,0,NaN,0.00,NaN,NaN,NaN,0.00,0,5,NaN,0.00,9.50,18.00,0,0,0.42,0.27,1.48,0.30,0.00,0.04,0,0,
1749055368543,6,0,0,0.00,0.00,0.00,0,0,NaN,0.00,NaN,NaN,NaN,0.00,0,5,NaN,0.00,9.50,18.00,0,0,0.42,0.27,1.48,0.30,0.00,0.04,0,0,
1749055388544,7,4294454,4294604,0.00,34356230.93,34359186.83,2745,-30393,NaN,0.00,NaN,NaN,NaN,0.00,0,5,NaN,0.00,26.00,43.00,0,0,0.05,0.07,0.01,0.01,0.00,0.00,0,0,
1749055389544,7,1,0,0.00,1.80,0.83,78,257,-64.69,-65.00,-65.00,-65.00,-64.00,-64.00,16,5,-46.91,6.90,46.00,40.00,1,0,0.02,0.05,0.01,0.01,0.00,0.00,0,0,
1749055390543,7,0,0,0.00,0.74,0.78,40,243,-64.75,-65.00,-65.00,-65.00,-64.50,-64.00,16,5,-46.97,6.89,24.50,42.00,1,0,0.01,0.03,0.01,0.01,0.00,0.00,0,0,
1749055391543,7,1,0,0.00,1.80,0.83,118,265,-64.75,-65.00,-65.00,-65.00,-64.50,-64.00,16,5,-46.97,6.89,25.00,42.00,1,0,0.00,0.02,0.01,0.01,0.00,0.00,0,0,
1749055392543,7,0,0,0.00,0.74,0.78,40,248,-64.62,-65.00,-65.00,-65.00,-64.00,-64.00,16,5,-46.84,6.90,25.50,41.00,1,0,0.00,0.02,0.01,0.01,0.00,0.00,0,0,
1749055393544,7,0,0,0.00,0.74,0.78,40,248,-64.75,-65.00,-65.00,-65.00,-64.50,-64.00,16,5,-46.97,6.89,26.50,41.00,1,0,0.00,0.01,0.01,0.01,0.00,0.00,0,0,
1749055394543,7,0,0,0.00,0.74,0.78,40,243,-64.67,-65.00,-65.00,-65.00,-64.00,-64.00,15,5,-46.89,6.90,25.00,44.00,1,0,0.00,0.01,0.01,0.01,0.00,0.00,0,0,
1749055395543,7,1,0,0.00,1.80,0.83,78,275,-64.67,-65.00,-65.00,-65.00,-64.00,-64.00,15,5,-46.89,6.90,24.50,45.00,0,0,0.00,0.01,0.01,0.01,0.00,0.00,0,0,
1749055396543,7,0,0,0.00,0.74,0.78,40,228,-64.88,-65.00,-65.00,-65.00,-65.00,-64.00,16,5,-47.09,6.89,23.50,41.00,1,0,0.00,0.00,0.01,0.01,0.00,0.00,0,0,
1749055397544,7,0,0,0.00,0.74,0.78,40,248,-64.83,-65.00,-65.00,-65.00,-65.00,-64.00,12,5,-47.05,6.89,23.50,41.00,1,0,0.00,0.00,0.01,0.01,0.00,0.00,0,0,
1749055398543,7,0,0,0.00,0.74,0.78,40,248,-69.17,-117.00,-65.00,-65.00,-65.00,-64.00,12,5,-51.39,6.73,23.00,41.00,1,0,0.00,0.00,0.01,0.01,0.00,0.00,0,0,
1749055399543,7,0,0,0.00,0.74,0.78,40,234,-71.08,-102.00,-65.00,-65.00,-65.00,-64.00,12,5,-53.30,6.67,23.50,41.00,0,0,0.00,0.00,0.01,0.01,0.00,0.00,0,0,
1749055400544,7,0,0,0.00,0.74,0.78,40,243,-71.08,-102.00,-65.00,-65.00,-65.00,-64.00,12,5,-53.30,6.67,25.50,42.00,0,0,0.00,0.00,0.01,0.01,0.00,0.00,0,0,
1749055401543,7,0,0,0.00,0.74,0.78,40,244,-64.94,-65.00,-65.00,-65.00,-65.00,-64.00,16,5,-47.16,6.89,24.50,46.00,1,0,0.00,0.00,0.01,0.01,0.00,0.00,0,0,
1749055402543,7,0,0,0.00,0.74,0.78,40,248,-67.40,-102.00,-65.00,-65.00,-65.00,-64.00,15,5,-49.62,6.79,25.50,42.00,1,0,0.00,0.00,0.01,0.01,0.00,0.00,0,0,
1749055403543,7,0,0,0.00,0.74,0.78,40,248,-75.87,-117.00,-102.00,-65.00,-65.00,-65.00,15,5,-58.09,6.53,25.50,41.00,1,0,0.00,0.00,0.01,0.01,0.00,0.00,0,0,
1749055404543,7,0,0,0.00,0.74,0.78,40,248,-75.87,-117.00,-102.00,-65.00,-65.00,-65.00,15,5,-58.09,6.53,24.50,41.00,1,0,0.00,0.00,0.01,0.01,0.00,0.00,0,0,
1749055405543,7,0,0,0.00,0.74,0.78,40,238,-65.00,-65.00,-65.00,-65.00,-65.00,-65.00,16,5,-47.22,6.88,24.00,41.00,0,0,0.00,0.00,0.01,0.01,0.00,0.00,0,0,
1749055406543,7,0,0,0.00,0.74,0.74,40,221,-75.46,-129.00,-65.00,-65.00,-65.00,-64.00,13,5,-57.68,6.54,24.50,44.00,2,0,0.00,0.00,0.01,0.01,0.00,0.00,0,0,
1749055407544,7,0,0,0.00,0.74,0.74,40,206,-66.94,-102.00,-65.00,-65.00,-64.00,-64.00,16,5,-49.16,6.81,23.50,40.00,2,0,0.00,0.00,0.01,0.01,0.00,0.00,0,0,
1749055408544,7,0,0,0.00,0.74,0.74,40,226,-66.81,-102.00,-65.00,-64.50,-64.00,-64.00,16,5,-49.03,6.81,25.00,43.00,2,0,0.00,0.00,0.01,0.01,0.00,0.00,0,0,
1749055409543,7,0,0,0.00,0.74,0.74,40,221,-66.81,-102.00,-65.00,-64.50,-64.00,-64.00,16,5,-49.03,6.81,24.50,40.00,1,0,0.00,0.00,0.01,0.01,0.00,0.00,0,0,
1749055410544,7,3,3,0.00,3.62,3.94,139,409,-64.62,-65.00,-65.00,-65.00,-64.00,-64.00,16,66,-35.64,119.68,20.50,43.00,0,0,0.00,0.00,0.01,0.01,0.00,0.00,0,0,
1749055411544,7,0,0,0.00,0.74,0.78,40,238,-68.50,-129.00,-65.00,-64.50,-64.00,-64.00,16,5,-50.72,6.75,26.00,40.00,0,0,0.00,0.00,0.01,0.01,0.00,0.00,0,0,
1749055412543,7,0,0,0.00,0.74,0.74,40,221,-78.56,-129.00,-80.50,-65.00,-64.00,-64.00,16,5,-60.78,6.46,26.50,42.00,1,0,0.00,0.00,0.01,0.01,0.00,0.00,0,0,
1749055413543,7,0,0,0.00,0.74,0.74,40,226,-72.19,-129.00,-65.00,-64.00,-64.00,-62.00,16,5,-54.41,6.63,25.50,43.00,1,0,0.00,0.00,0.01,0.01,0.00,0.00,0,0,
1749055414543,7,0,0,0.00,0.74,0.74,40,221,-72.19,-129.00,-65.00,-64.00,-64.00,-62.00,16,95,-41.62,164.78,19.00,40.00,1,0,0.00,0.00,0.01,0.01,0.00,0.00,0,0,
1749055415543,7,2,1,0.00,2.95,1.50,112,366,-74.12,-129.00,-80.50,-64.00,-64.00,-62.00,16,5,-56.34,6.58,26.00,40.00,0,0,0.00,0.00,0.01,0.01,0.00,0.00,0,0,
1749055416544,7,0,0,0.00,0.74,0.82,40,214,-73.50,-129.00,-65.00,-64.50,-64.00,-64.00,14,10,-52.71,13.94,29.00,41.00,1,0,0.00,0.00,0.01,0.01,0.00,0.00,0,0,
1749055417543,7,0,0,0.00,0.74,0.78,40,684,-64.33,-65.00,-65.00,-64.00,-64.00,-64.00,9,106,-33.29,204.86,19.00,41.00,1,0,0.00,0.00,0.01,0.01,0.00,0.00,0,0,
1749055418543,7,0,0,0.00,0.74,0.78,40,182,-64.33,-65.00,-65.00,-64.00,-64.00,-64.00,9,5,-46.55,6.91,23.00,36.00,1,0,0.00,0.00,0.01,0.01,0.00,0.00,0,0,
1749055419543,7,0,0,1682.00,0.74,0.78,35,242,-71.44,-129.00,-65.00,-64.00,-64.00,-64.00,9,5,-53.66,6.66,24.50,44.00,1,0,0.00,0.00,0.01,0.01,0.00,0.00,0,0,
1749055420543,7,0,0,0.00,0.74,0.78,40,252,-64.70,-65.00,-65.00,-65.00,-64.00,-64.00,10,5,-46.92,6.89,24.50,42.00,1,0,0.00,0.00,0.01,0.01,0.00,0.00,0,0,
1749055421543,7,0,0,128.00,0.74,0.78,40,252,-68.50,-102.00,-65.00,-65.00,-65.00,-64.00,10,5,-50.72,6.75,22.50,41.00,1,0,0.00,0.00,0.01,0.01,0.00,0.00,0,0,
1749055422543,7,0,0,1585.00,0.74,0.78,40,247,-64.78,-65.00,-65.00,-65.00,-65.00,-64.00,9,5,-47.00,6.89,25.00,41.00,0,0,0.00,0.00,0.01,0.01,0.00,0.00,0,0,
1749055423543,7,0,0,646.00,0.74,0.78,40,272,-64.78,-65.00,-65.00,-65.00,-65.00,-64.00,9,5,-47.00,6.89,25.00,44.00,0,0,0.00,0.00,0.01,0.01,0.00,0.00,0,0,
1749055424544,7,0,0,381.00,0.74,0.78,40,258,-69.29,-97.00,-65.00,-65.00,-64.00,-64.00,7,12,-47.70,17.43,28.00,41.00,0,0,0.00,0.00,0.01,0.01,0.00,0.00,0,0,
1749055425544,7,0,0,288.00,0.74,0.78,80,248,-63.57,-65.00,-65.00,-65.00,-65.00,-45.00,14,5,-45.79,6.94,23.50,44.00,0,0,0.00,0.00,0.01,0.01,0.00,0.00,0,0,
1749055426544,7,0,0,404.00,0.74,0.78,40,258,-76.92,-139.00,-78.00,-65.00,-64.50,-64.00,12,5,-59.14,6.50,24.50,41.00,0,0,0.00,0.00,0.01,0.01,0.00,0.00,0,0,
1749055427544,7,0,0,203.00,0.74,0.78,40,242,-76.92,-139.00,-78.00,-65.00,-64.50,-64.00,12,5,-59.14,6.50,25.00,41.00,1,0,0.00,0.00,0.01,0.01,0.00,0.00,0,0,
1749055428544,7,0,0,1813.00,0.74,0.78,40,243,-68.93,-139.00,-64.00,-64.00,-62.00,-62.00,14,5,-51.15,6.74,25.50,44.00,0,0,0.00,0.00,0.01,0.01,0.00,0.00,0,0,
1749055429544,7,0,0,340.00,0.74,0.78,40,326,-74.64,-139.00,-64.00,-64.00,-64.00,-62.00,14,5,-56.86,6.56,25.50,42.00,0,0,0.00,0.00,0.01,0.01,0.00,0.00,0,0,
1749055430544,7,0,0,449.00,0.74,0.78,40,228,-70.19,-139.00,-64.00,-64.00,-62.00,-62.00,16,5,-52.41,6.70,27.00,41.00,0,0,0.00,0.00,0.01,0.01,0.00,0.00,0,0,
1749055431543,7,0,0,345.00,0.74,0.78,40,248,-64.00,-64.00,-64.00,-64.00,-64.00,-64.00,16,5,-46.22,6.92,26.00,41.00,0,0,0.00,0.00,0.01,0.01,0.00,0.00,0,0,
1749055432544,7,0,0,417.00,0.74,0.78,40,248,-64.00,-64.00,-64.00,-64.00,-64.00,-64.00,16,5,-46.22,6.92,24.50,41.00,0,0,0.00,0.00,0.01,0.01,0.00,0.00,0,0,
1749055433544,7,0,0,209.00,0.74,0.78,40,238,-65.93,-97.00,-64.00,-64.00,-64.00,-62.00,15,11,-44.73,16.22,29.00,41.00,0,0,0.00,0.00,0.01,0.01,0.00,0.00,0,0,
1749055434544,7,0,0,1579.00,0.74,0.78,40,243,-66.73,-111.00,-64.00,-64.00,-62.00,-62.00,15,5,-48.95,6.82,25.50,41.00,1,0,0.00,0.00,0.01,0.01,0.00,0.00,0,0,
1749055435544,7,0,0,0.00,0.00,0.00,5,10,-66.73,-111.00,-64.00,-64.00,-62.00,-62.00,15,5,-48.95,6.82,24.00,41.00,0,0,0.00,0.00,0.01,0.01,0.00,0.00,0,0,
