Time (UNIX ms),UE ID,DRB.PdcpSduVolumeDL (kb),DRB.PdcpSduVolumeUL (kb),DRB.RlcSduDelayDl (μs),DRB.UEThpDl (kbps),DRB.UEThpUl (kbps),RRU.PrbTotDl (PRBs),RRU.PrbTotUl (PRBs),RSRP (dBm),N_RSRP_MEAS,N_PRB,RSSI (dBm),RSRQ (dB),PUSCH_SNR (dB),PUCCH_SNR (dB),DRB.HarqMcsUl,DRB.HarqMcsDl,DRB.HarqBlockErrorRateUl,DRB.HarqBlockErrorRateDl,DRB.MacSduRetransmissionRateUl,DRB.MacSduRetransmissionRateDl,DRB.MacSduErrorRateUl,DRB.MacSduErrorRateDl,CQI_SINGLE_CODEWORD,CQI_DUAL_CODEWORD,
1746812762041,17,0,0,0.00,0.00,0.00,178,1418,-76.67,12,5,-58.89,6.51,18.00,14.00,6,0,0.04,0.07,0.01,0.78,nan,0.00,0,0,
1746812763041,17,0,0,0.00,0.00,0.00,5,50,-76.67,12,5,-58.89,6.51,19.50,18.00,0,0,0.01,0.09,0.01,0.75,nan,0.00,0,0,
1746812764041,17,0,0,0.00,0.00,0.00,5,50,-76.53,15,5,-58.75,6.51,18.50,17.00,0,0,0.00,0.08,0.01,0.73,nan,0.00,0,0,
1746812765041,17,0,0,0.00,0.00,0.00,5,50,-76.56,16,5,-58.78,6.51,18.00,18.00,0,0,0.00,0.07,0.01,0.72,nan,0.00,0,0,
1746812766041,17,0,0,0.00,0.00,0.00,5,50,-76.62,16,5,-58.84,6.51,19.00,17.00,0,0,0.00,0.06,0.01,0.70,nan,0.00,0,0,
1746812767041,17,0,0,0.00,0.00,0.00,5,50,-76.81,16,5,-59.03,6.51,19.00,15.00,0,0,0.00,0.06,0.01,0.68,nan,0.00,0,0,
1746812768041,17,0,0,0.00,0.00,0.00,5,50,-76.81,16,5,-59.03,6.51,20.00,19.00,0,0,0.00,0.05,0.01,0.66,nan,0.00,0,0,
1746812769041,17,0,0,0.00,0.00,0.00,5,50,-76.31,16,5,-58.53,6.52,17.50,14.00,0,0,0.00,0.05,0.01,0.65,nan,0.00,0,0,
1746812770041,17,0,0,0.00,0.00,0.00,5,50,-76.31,16,5,-58.53,6.52,18.00,18.00,0,0,0.00,0.04,0.01,0.63,nan,0.00,0,0,
1746812771041,17,0,0,0.00,0.00,0.00,5,50,-76.50,16,5,-58.72,6.51,17.50,17.00,0,0,0.00,0.04,0.01,0.62,nan,0.00,0,0,
1746812772041,17,0,0,0.00,0.00,0.00,5,50,-76.50,16,5,-58.72,6.51,17.50,15.00,0,0,0.00,0.03,0.01,0.61,nan,0.00,0,0,
1746812773041,17,0,0,0.00,0.00,0.00,5,50,-76.19,16,5,-58.41,6.52,18.50,15.00,0,0,0.00,0.03,0.01,0.59,nan,0.00,0,0,
1746812774041,17,0,0,0.00,0.00,0.00,5,50,-76.19,16,5,-58.41,6.52,17.00,18.00,0,0,0.00,0.03,0.01,0.58,nan,0.00,0,0,
1746812775041,17,0,0,0.00,0.00,0.00,5,50,-76.00,16,5,-58.22,6.53,18.50,15.00,0,0,0.00,0.02,0.01,0.57,nan,0.00,0,0,
1746812776041,17,0,0,0.00,0.00,0.00,5,50,-76.00,16,5,-58.22,6.53,17.00,13.00,0,0,0.00,0.02,0.01,0.56,nan,0.00,0,0,
1746812777041,17,0,0,0.00,0.00,0.00,5,50,-76.00,16,5,-58.22,6.53,19.50,19.00,0,0,0.00,0.02,0.01,0.55,nan,0.00,0,0,
1746812778041,17,0,0,0.00,0.00,0.00,5,50,-76.44,16,5,-58.66,6.52,16.50,13.00,0,0,0.00,0.02,0.01,0.53,nan,0.00,0,0,
1746812779041,17,0,0,0.00,0.00,0.00,5,50,-76.19,16,5,-58.41,6.52,19.00,17.00,0,0,0.00,0.02,0.01,0.52,nan,0.00,0,0,
1746812780041,17,0,0,0.00,0.00,0.00,5,50,-76.62,16,5,-58.84,6.51,17.50,13.00,0,0,0.00,0.01,0.01,0.51,nan,0.00,0,0,
1746812781041,17,0,0,0.00,0.00,0.00,5,50,-76.62,16,5,-58.84,6.51,17.50,16.00,0,0,0.00,0.01,0.01,0.51,nan,0.00,0,0,
1746812782041,17,0,0,0.00,0.00,0.00,5,50,-76.25,16,5,-58.47,6.52,18.50,19.00,0,0,0.00,0.01,0.01,0.50,nan,0.00,0,0,
1746812783041,17,0,0,0.00,0.00,0.00,5,50,-76.25,16,5,-58.47,6.52,18.00,14.00,0,0,0.00,0.01,0.01,0.49,nan,0.00,0,0,
1746812784041,17,0,0,0.00,0.00,0.00,5,50,-76.31,16,5,-58.53,6.52,18.00,21.00,0,0,0.00,0.01,0.01,0.48,nan,0.00,0,0,
1746812785041,17,0,0,0.00,0.00,0.00,5,50,-76.44,16,5,-58.66,6.52,18.50,14.00,0,0,0.00,0.01,0.01,0.47,nan,0.00,0,0,
1746812786041,17,0,0,0.00,0.00,0.00,5,50,-76.44,16,5,-58.66,6.52,17.50,13.00,0,0,0.00,0.01,0.01,0.46,nan,0.00,0,0,
1746812787041,17,0,0,0.00,0.00,0.00,5,50,-76.00,16,5,-58.22,6.53,19.00,17.00,0,0,0.00,0.01,0.01,0.46,nan,0.00,0,0,
1746812788041,17,0,0,0.00,0.00,0.00,5,50,-76.31,16,5,-58.53,6.52,18.00,17.00,0,0,0.00,0.01,0.01,0.45,nan,0.00,0,0,
1746812789041,17,0,0,0.00,0.00,0.00,5,50,-76.38,16,5,-58.59,6.52,19.00,16.00,0,0,0.00,0.01,0.01,0.44,nan,0.00,0,0,
1746812790041,17,0,0,0.00,0.00,0.00,5,50,-76.12,16,5,-58.34,6.52,18.50,18.00,0,0,0.00,0.00,0.01,0.43,nan,0.00,0,0,
1746812791041,17,0,0,0.00,0.00,0.00,5,50,-76.12,16,5,-58.34,6.52,19.00,13.00,0,0,0.00,0.00,0.01,0.43,nan,0.00,0,0,
1746812792041,17,0,0,0.00,0.00,0.00,5,50,-76.38,16,5,-58.59,6.52,18.00,16.00,0,0,0.00,0.00,0.01,0.42,nan,0.00,0,0,
1746812793041,17,0,0,0.00,0.00,0.00,5,50,-76.31,16,5,-58.53,6.52,18.50,15.00,0,0,0.00,0.00,0.01,0.41,nan,0.00,0,0,
1746812794041,17,27,143,0.00,33.18,146.26,1090,5886,-76.44,16,5,-58.66,6.52,18.50,17.00,5,0,0.00,0.00,0.00,0.10,0.00,0.00,0,0,
1746812795041,17,4,215,0.00,5.19,218.68,309,5114,-76.44,16,5,-58.66,6.52,17.50,17.00,6,1,0.18,0.00,0.19,0.08,0.00,0.00,0,0,
1746812796041,17,4,215,0.00,5.14,218.72,299,5666,-76.06,16,5,-58.28,6.53,17.50,15.00,5,0,0.07,0.00,0.13,0.07,0.00,0.00,0,0,
1746812797041,17,4,203,0.00,5.10,206.79,231,5244,-76.31,16,7,-57.07,9.36,17.50,15.00,8,0,0.07,0.00,0.13,0.06,0.00,0.00,0,0,
1746812798041,17,4,215,0.00,5.19,218.51,309,4603,-76.50,16,5,-58.72,6.51,17.50,14.00,7,0,0.10,0.00,0.17,0.05,0.00,0.00,0,0,
1746812799041,17,4,215,0.00,5.18,218.58,312,5421,-76.06,16,27,-50.96,40.30,15.00,16.00,7,0,0.08,0.00,0.16,0.05,0.00,0.00,0,0,
1746812800041,17,4,215,0.00,5.18,218.86,246,5040,-76.06,16,5,-58.28,6.53,18.50,16.00,7,0,0.11,0.00,0.16,0.04,0.00,0.00,0,0,
1746812801041,17,4,215,0.00,5.10,218.68,231,4533,-76.50,16,106,-45.46,178.40,20.50,14.00,8,0,0.05,0.00,0.15,0.04,0.00,0.00,0,0,
1746812802041,17,4,215,0.00,5.17,218.68,304,4939,-76.00,16,5,-58.22,6.53,18.00,14.00,6,0,0.10,0.00,0.16,0.04,0.00,0.00,0,0,
1746812803041,17,4,203,0.00,5.08,206.79,292,4821,-76.19,16,7,-56.94,9.37,18.50,17.00,8,0,0.07,0.00,0.16,0.03,0.00,0.00,0,0,
1746812804041,17,4,215,0.00,5.17,218.49,304,4548,-76.19,16,5,-58.41,6.52,19.50,14.00,6,0,0.09,0.00,0.17,0.03,0.00,0.00,0,0,
1746812805041,17,4,215,0.00,5.10,218.61,297,4811,-76.00,16,106,-44.96,179.20,20.50,18.00,8,0,0.08,0.00,0.17,0.03,0.00,0.00,0,0,
1746812806041,17,4,215,0.00,5.10,218.68,297,4791,-76.31,16,5,-58.53,6.52,19.00,17.00,6,0,0.10,0.00,0.17,0.03,0.00,0.00,0,0,
1746812807041,17,4,215,0.00,5.13,218.68,302,5436,-76.50,16,90,-46.17,149.14,21.00,15.00,7,0,0.05,0.00,0.16,0.03,0.00,0.00,0,0,
1746812808041,17,4,215,0.00,5.13,218.68,302,4826,-76.19,16,5,-58.41,6.52,18.00,16.00,6,0,0.13,0.00,0.17,0.03,0.00,0.00,0,0,
1746812809041,17,4,215,0.00,5.10,218.68,297,5075,-76.19,16,56,-47.91,89.05,22.50,15.00,6,0,0.05,0.00,0.16,0.02,0.00,0.00,0,0,
1746812810041,17,4,203,0.00,5.17,206.65,238,4563,-76.06,16,5,-58.28,6.53,18.00,16.00,8,0,0.14,0.00,0.18,0.02,0.00,0.00,0,0,
1746812811041,17,4,215,0.00,5.13,218.60,236,5406,-76.00,16,5,-58.22,6.53,18.00,17.00,5,0,0.08,0.00,0.17,0.02,0.00,0.00,0,0,
1746812812041,17,4,215,0.00,5.18,218.68,312,5810,-76.25,16,5,-58.47,6.52,17.50,16.00,7,0,0.05,0.00,0.16,0.02,0.00,0.00,0,0,
1746812813041,17,4,215,0.00,5.20,218.86,309,5731,-76.25,16,5,-58.47,6.52,17.50,13.00,7,0,0.06,0.00,0.16,0.02,0.00,0.00,0,0,
1746812814041,17,4,215,0.00,5.24,218.68,319,5749,-76.00,16,106,-44.96,179.20,20.00,16.00,7,0,0.06,0.00,0.16,0.02,0.00,0.00,0,0,
1746812815041,17,4,203,0.00,5.13,210.48,302,5063,-76.00,16,7,-56.76,9.37,16.00,11.00,8,0,0.07,0.00,0.17,0.02,0.00,0.00,0,0,
1746812816041,17,4,215,0.00,5.14,214.80,299,4450,-76.25,16,5,-58.47,6.52,18.50,18.00,6,0,0.10,0.00,0.17,0.02,0.00,0.00,0,0,
1746812817041,17,4,215,0.00,5.10,218.61,231,4869,-76.19,16,106,-45.14,178.90,20.00,12.00,8,0,0.07,0.00,0.17,0.02,0.00,0.00,0,0,
1746812818041,17,4,215,0.00,5.20,218.86,309,5504,-76.19,16,30,-50.62,45.15,16.50,12.00,7,0,0.14,0.00,0.18,0.02,0.00,0.00,0,0,
1746812819041,17,4,215,0.00,5.18,218.86,304,5415,-76.25,16,27,-51.14,40.25,15.50,14.00,7,0,0.09,0.00,0.18,0.02,0.00,0.00,0,0,
1746812820041,17,4,215,0.00,5.22,218.68,317,5152,-76.44,16,5,-58.66,6.52,18.50,13.00,7,1,0.08,0.00,0.17,0.02,0.00,0.00,0,0,
1746812821041,17,4,215,0.00,5.22,218.68,314,5444,-76.19,16,27,-51.08,40.27,15.50,16.00,7,1,0.10,0.00,0.17,0.01,0.00,0.00,0,0,
1746812822041,17,4,203,0.00,5.22,206.62,314,4899,-76.31,16,5,-58.53,6.52,17.50,13.00,7,0,0.09,0.00,0.17,0.01,0.00,0.00,0,0,
1746812823041,17,4,215,0.00,5.15,218.58,241,5248,-76.31,16,90,-45.98,149.38,21.00,15.00,7,0,0.06,0.00,0.17,0.01,0.00,0.00,0,0,
1746812824041,17,4,215,0.00,5.18,218.90,304,5131,-76.38,16,30,-50.81,45.09,17.00,14.00,7,0,0.07,0.00,0.17,0.01,0.00,0.00,0,0,
1746812825041,17,4,215,0.00,5.25,218.68,327,4971,-76.25,16,27,-51.14,40.25,15.50,17.00,7,1,0.13,0.00,0.17,0.01,0.00,0.00,0,0,
1746812826041,17,4,215,0.00,5.22,218.68,317,4843,-76.50,16,5,-58.72,6.51,19.00,18.00,7,1,0.13,0.00,0.17,0.01,0.00,0.00,0,0,
1746812827041,17,4,203,0.00,5.15,215.38,241,4751,-76.50,16,27,-51.39,40.19,16.00,16.00,7,1,0.10,0.00,0.17,0.01,0.00,0.00,0,0,
1746812828041,17,4,215,0.00,5.18,210.10,304,4827,-76.75,16,5,-58.97,6.51,18.00,15.00,7,0,0.11,0.00,0.17,0.01,0.00,0.00,0,0,
1746812829041,17,4,215,0.00,5.15,218.54,307,4933,-76.56,16,5,-58.78,6.51,19.00,18.00,7,0,0.07,0.00,0.17,0.01,0.00,0.00,0,0,
1746812830041,17,4,215,0.00,5.19,218.68,309,4769,-76.44,16,5,-58.66,6.52,19.00,16.00,7,0,0.08,0.00,0.17,0.01,0.00,0.00,0,0,
1746812831041,17,4,215,0.00,5.13,218.68,236,4775,-76.69,16,5,-58.91,6.51,19.00,19.00,7,0,0.06,0.00,0.16,0.01,0.00,0.00,0,0,
1746812832041,17,4,215,0.00,5.14,218.68,299,4405,-76.69,16,5,-58.91,6.51,18.50,16.00,7,0,0.16,0.00,0.17,0.01,0.00,0.00,0,0,
1746812833041,17,4,215,0.00,5.15,218.68,275,4901,-76.38,16,56,-48.10,88.92,22.00,14.00,6,0,0.09,0.00,0.16,0.01,0.00,0.00,0,0,
1746812834041,17,4,203,0.00,5.17,206.62,304,4804,-76.69,16,5,-58.91,6.51,17.00,16.00,7,0,0.07,0.00,0.16,0.01,0.00,0.00,0,0,
1746812835041,17,4,215,0.00,5.18,218.58,246,4856,-76.69,16,5,-58.91,6.51,18.00,16.00,7,0,0.06,0.00,0.16,0.01,0.00,0.00,0,0,
1746812836041,17,4,215,0.00,5.13,218.68,236,4784,-76.69,16,5,-58.91,6.51,18.50,16.00,6,0,0.13,0.00,0.17,0.01,0.00,0.00,0,0,
1746812837041,17,4,215,0.00,5.10,218.68,297,5102,-76.44,16,5,-58.66,6.52,18.00,18.00,6,0,0.06,0.00,0.16,0.01,0.00,0.00,0,0,
1746812838041,17,4,215,0.00,5.10,218.68,297,4465,-76.44,16,106,-45.39,178.50,20.50,18.00,7,0,0.13,0.00,0.17,0.01,0.00,0.00,0,0,
1746812839041,17,4,215,0.00,5.18,218.68,312,4947,-76.44,16,27,-51.33,40.21,16.00,15.00,7,0,0.11,0.00,0.17,0.01,0.00,0.00,0,0,
1746812840041,17,4,203,0.00,5.22,206.62,314,4908,-76.38,16,5,-58.59,6.52,17.50,15.00,7,0,0.08,0.00,0.16,0.01,0.00,0.00,0,0,
1746812841041,17,4,215,0.00,5.20,218.76,309,5403,-76.38,16,5,-58.59,6.52,20.00,20.00,7,0,0.08,0.00,0.16,0.01,0.00,0.00,0,0,
1746812842041,17,4,215,0.00,5.17,218.64,304,4625,-76.75,16,7,-57.51,9.34,16.50,15.00,8,0,0.14,0.00,0.17,0.01,0.00,0.00,0,0,
1746812843041,17,4,215,0.00,5.13,218.72,302,5826,-76.12,16,5,-58.34,6.52,18.50,18.00,5,0,0.08,0.00,0.16,0.01,0.00,0.00,0,0,
1746812844041,17,4,215,0.00,5.14,218.68,299,5051,-76.44,16,106,-45.39,178.50,20.00,19.00,8,0,0.11,0.03,0.17,0.02,0.00,0.00,0,0,
1746812845041,17,4,203,0.00,5.10,215.38,297,4495,-76.44,16,27,-51.33,40.21,15.50,17.00,7,0,0.09,0.01,0.17,0.02,0.00,0.00,0,0,
1746812846041,17,4,215,0.00,5.19,209.93,309,4721,-76.69,16,5,-58.91,6.51,19.00,20.00,7,0,0.09,0.01,0.16,0.02,0.00,0.00,0,0,
1746812847041,17,4,215,0.00,5.15,218.58,241,4946,-76.69,16,5,-58.91,6.51,18.00,14.00,7,0,0.08,0.00,0.16,0.01,0.00,0.00,0,0,
1746812848041,17,4,215,0.00,5.17,218.68,304,4769,-76.44,16,5,-58.66,6.52,17.50,16.00,7,0,0.10,0.00,0.16,0.01,0.00,0.00,0,0,
1746812849041,17,4,215,0.00,5.18,218.68,312,4775,-76.62,16,27,-51.52,40.16,15.50,18.00,7,1,0.09,0.00,0.16,0.01,0.00,0.00,0,0,
1746812850041,17,4,215,0.00,5.22,218.90,314,5464,-76.62,16,5,-58.84,6.51,17.50,14.00,7,0,0.09,0.00,0.16,0.01,0.00,0.00,0,0,
1746812851041,17,4,203,0.00,5.15,215.38,241,4947,-76.44,16,27,-51.33,40.21,15.50,16.00,7,0,0.09,0.00,0.16,0.01,0.00,0.00,0,0,
1746812852041,17,4,215,0.00,5.19,209.93,309,4712,-76.62,16,5,-58.84,6.51,17.50,16.00,7,0,0.08,0.00,0.16,0.01,0.00,0.00,0,0,
1746812853041,17,4,215,0.00,5.15,218.58,241,4759,-76.62,16,5,-58.84,6.51,18.00,14.00,7,0,0.08,0.00,0.16,0.01,0.00,0.00,0,0,
1746812854041,17,4,215,0.00,5.22,218.68,314,5161,-76.38,16,5,-58.59,6.52,19.00,16.00,7,0,0.05,0.00,0.16,0.01,0.00,0.00,0,0,
1746812855041,17,4,215,0.00,5.15,218.68,310,4579,-76.38,16,5,-58.59,6.52,18.50,13.00,7,0,0.09,0.00,0.16,0.01,0.00,0.00,0,0,
1746812856041,17,4,215,0.00,5.26,218.68,324,5226,-76.69,16,27,-51.58,40.14,15.50,18.00,7,0,0.13,0.00,0.16,0.01,0.00,0.00,0,0,
1746812857041,17,4,215,0.00,5.15,218.68,307,4751,-76.44,16,27,-51.33,40.21,15.50,15.00,7,0,0.10,0.00,0.16,0.01,0.00,0.00,0,0,
1746812858041,17,4,203,0.00,5.19,206.62,309,4917,-76.62,16,5,-58.84,6.51,18.00,17.00,7,0,0.11,0.00,0.16,0.01,0.00,0.00,0,0,
1746812859041,17,4,215,0.00,5.18,218.58,312,5142,-76.62,16,5,-58.84,6.51,20.00,20.00,7,0,0.07,0.00,0.16,0.01,0.00,0.00,0,0,
1746812860041,17,4,215,0.00,5.17,218.68,304,4769,-76.62,16,27,-51.52,40.16,16.00,20.00,7,0,0.09,0.00,0.16,0.01,0.00,0.00,0,0,
1746812861041,17,4,215,0.00,5.18,218.68,312,5282,-76.88,16,5,-59.09,6.50,18.50,18.00,7,0,0.08,0.00,0.15,0.01,0.00,0.00,0,0,
1746812862041,17,4,215,0.00,5.22,218.86,314,5024,-76.62,16,106,-45.58,178.20,20.00,18.00,7,1,0.14,0.00,0.16,0.01,0.00,0.00,0,0,
1746812863041,17,4,215,0.00,5.15,218.68,307,5242,-76.69,16,56,-48.41,88.70,22.00,19.00,6,0,0.07,0.00,0.15,0.01,0.00,0.00,0,0,
1746812864041,17,4,203,0.00,5.14,206.62,299,4670,-76.69,16,5,-58.91,6.51,17.50,14.00,7,0,0.05,0.00,0.15,0.01,0.00,0.00,0,0,
1746812865041,17,4,215,0.00,5.13,218.58,302,4798,-76.44,16,5,-58.66,6.52,19.00,16.00,6,0,0.13,0.00,0.15,0.01,0.00,0.00,0,0,
1746812866041,17,4,215,0.00,5.14,218.68,299,5034,-77.00,16,5,-59.22,6.50,18.50,17.00,7,0,0.05,0.00,0.15,0.01,0.00,0.00,0,0,
1746812867041,17,4,215,0.00,5.17,218.68,304,4626,-76.81,16,5,-59.03,6.51,19.00,16.00,7,0,0.12,0.00,0.16,0.01,0.00,0.00,0,0,
1746812868041,17,4,215,0.00,5.22,218.68,314,5339,-76.81,16,5,-59.03,6.51,19.50,14.00,7,0,0.10,0.00,0.16,0.01,0.00,0.00,0,0,
1746812869041,17,4,215,0.00,5.06,218.28,221,4297,-76.25,16,47,-48.74,73.53,21.50,10.00,7,0,0.05,0.34,0.15,0.02,0.00,0.00,0,0,
1746812870041,17,4,203,0.00,5.10,206.38,297,4212,-75.81,16,5,-58.03,6.53,19.50,17.00,7,0,0.16,0.50,0.16,0.03,0.00,0.00,0,0,
1746812871041,17,4,215,0.00,5.15,218.58,307,4750,-77.00,16,5,-59.22,6.50,17.00,11.00,7,0,0.12,0.22,0.16,0.03,0.00,0.00,0,0,
1746812872041,17,4,203,0.00,5.10,206.33,297,4647,-77.06,16,5,-59.28,6.50,17.50,12.00,7,0,0.08,0.18,0.16,0.03,0.00,0.01,0,0,
1746812873041,17,4,227,0.00,5.18,230.89,304,5491,-77.06,16,5,-59.28,6.50,17.50,13.00,7,0,0.11,0.16,0.16,0.03,0.00,0.01,0,0,
1746812874041,17,4,215,0.00,5.06,218.48,279,4746,-77.00,16,5,-59.22,6.50,22.00,23.00,7,0,0.05,0.16,0.15,0.03,0.00,0.01,0,0,
1746812875041,17,4,191,0.00,5.07,194.81,284,3908,-77.44,16,5,-59.66,6.49,15.00,10.00,6,0,0.12,0.17,0.16,0.03,0.00,0.01,0,0,
1746812876041,17,4,227,0.00,5.10,230.02,289,5279,-76.31,16,5,-58.53,6.52,20.50,21.00,7,0,0.05,0.21,0.16,0.03,0.00,0.01,0,0,
1746812877041,17,4,215,0.00,14.55,218.25,578,4428,-76.31,16,106,-45.27,178.70,20.50,13.00,8,0,0.05,0.35,0.16,0.08,0.00,0.01,0,0,
1746812878041,17,4,215,0.00,5.13,218.68,302,5023,-76.75,16,90,-46.42,148.82,21.00,17.00,7,0,0.15,0.13,0.16,0.08,0.00,0.01,0,0,
1746812879041,17,4,215,0.00,5.13,218.56,302,5103,-76.56,16,5,-58.78,6.51,19.00,19.00,6,0,0.07,0.13,0.16,0.09,0.00,0.01,0,0,
1746812880041,17,4,215,0.00,5.19,218.68,309,5184,-76.44,16,106,-45.39,178.50,20.00,14.00,7,1,0.08,0.05,0.16,0.08,0.00,0.01,0,0,
1746812881041,17,4,215,0.00,5.27,218.68,324,6425,-76.06,16,27,-50.96,40.30,16.00,19.00,7,1,0.13,0.02,0.16,0.08,0.00,0.01,0,0,
1746812882041,17,4,203,0.00,5.15,206.80,299,5120,-76.06,16,5,-58.28,6.53,19.50,16.00,7,0,0.08,0.01,0.16,0.08,0.00,0.01,0,0,
1746812883041,17,4,215,0.00,5.15,218.58,241,4946,-76.69,16,27,-51.58,40.14,16.00,20.00,7,0,0.07,0.00,0.16,0.08,0.00,0.01,0,0,
1746812884041,17,4,215,0.00,5.20,218.86,309,5560,-76.56,16,5,-58.78,6.51,18.00,17.00,7,0,0.06,0.00,0.16,0.08,0.00,0.01,0,0,
1746812885041,17,4,215,0.00,5.25,218.86,319,5845,-76.38,16,5,-58.59,6.52,18.50,16.00,7,0,0.11,0.00,0.16,0.08,0.00,0.01,0,0,
1746812886041,17,4,215,0.00,5.22,218.68,314,5143,-76.06,16,106,-45.02,179.10,20.00,16.00,7,1,0.08,0.00,0.16,0.08,0.00,0.01,0,0,
1746812887041,17,4,215,0.00,5.18,218.68,246,5226,-76.06,16,27,-50.96,40.30,15.00,18.00,7,0,0.10,0.00,0.16,0.08,0.00,0.01,0,0,
1746812888041,17,4,215,0.00,5.22,218.52,317,4938,-76.62,16,5,-58.84,6.51,16.50,12.00,7,0,0.05,0.16,0.16,0.08,0.00,0.01,0,0,
1746812889041,17,4,203,0.00,5.13,206.61,302,4914,-76.38,16,15,-53.82,21.29,14.50,13.00,4,0,0.15,0.07,0.16,0.08,0.00,0.01,0,0,
1746812890041,17,4,215,0.00,5.10,219.40,231,7844,-76.00,16,27,-50.89,40.32,15.50,13.00,4,0,0.06,0.03,0.16,0.08,0.00,0.01,0,0,
1746812891041,17,4,215,0.00,5.13,218.72,302,5173,-76.00,16,5,-58.22,6.53,17.50,11.00,7,0,0.16,0.01,0.16,0.08,0.00,0.01,0,0,
1746812892041,17,4,215,0.00,5.22,218.68,314,4947,-76.12,16,5,-58.34,6.52,18.50,15.00,7,1,0.12,0.00,0.16,0.08,0.00,0.01,0,0,
1746812893041,17,4,203,0.00,5.10,206.50,289,5360,-76.31,16,56,-48.04,88.96,22.50,13.00,7,0,0.09,0.15,0.16,0.08,0.00,0.01,0,0,
1746812894041,17,4,215,0.00,5.22,218.87,314,5753,-76.25,16,5,-58.47,6.52,17.50,16.00,7,0,0.10,0.12,0.16,0.08,0.00,0.01,0,0,
1746812895041,17,4,215,0.00,5.22,218.58,261,5836,-76.31,16,5,-58.53,6.52,18.00,14.00,7,0,0.09,0.05,0.16,0.08,0.00,0.01,0,0,
1746812896041,17,4,215,0.00,5.18,218.68,312,5375,-76.31,16,5,-58.53,6.52,16.50,11.00,7,1,0.09,0.02,0.16,0.08,0.00,0.01,0,0,
1746812897041,17,4,215,0.00,5.22,218.68,259,5755,-76.38,16,27,-51.27,40.22,15.00,17.00,7,1,0.11,0.01,0.16,0.07,0.00,0.01,0,0,
1746812898041,17,4,203,0.00,5.15,215.55,299,4875,-76.56,16,5,-58.78,6.51,17.50,11.00,7,0,0.10,0.00,0.16,0.07,0.00,0.01,0,0,
1746812899041,17,4,227,0.00,5.20,221.98,322,5627,-76.19,16,27,-51.08,40.27,16.00,17.00,7,1,0.12,0.02,0.16,0.07,0.00,0.01,0,0,
1746812900041,17,4,203,0.00,5.17,206.62,304,4721,-76.19,16,5,-58.41,6.52,19.50,17.00,7,0,0.08,0.01,0.16,0.07,0.00,0.01,0,0,
1746812901041,17,4,215,0.00,5.25,218.58,322,6113,-76.31,16,5,-58.53,6.52,19.00,16.00,7,1,0.11,0.00,0.16,0.07,0.00,0.01,0,0,
1746812902041,17,4,215,0.00,5.22,218.56,314,5200,-76.50,16,5,-58.72,6.51,17.50,12.00,7,0,0.07,0.06,0.16,0.07,0.00,0.01,0,0,
1746812903041,17,4,215,0.00,5.13,218.68,305,4606,-75.94,16,106,-44.89,179.30,21.00,13.00,8,0,0.13,0.02,0.16,0.07,0.00,0.01,0,0,
1746812904041,17,4,215,0.00,5.03,218.08,216,4861,-76.12,16,47,-48.61,73.60,22.50,10.00,7,0,0.11,0.32,0.16,0.08,0.00,0.02,0,0,
1746812905041,17,4,215,0.00,5.15,218.68,312,4564,-76.12,16,27,-51.02,40.29,17.50,13.00,7,0,0.08,0.15,0.16,0.08,0.00,0.02,0,0,
1746812906041,17,4,203,0.00,9.92,206.24,444,5105,-76.88,16,5,-59.09,6.50,20.00,20.00,7,0,0.09,0.20,0.16,0.10,0.00,0.02,0,0,
1746812907041,17,4,203,0.00,5.08,206.29,284,5111,-77.12,16,47,-49.61,73.06,22.50,10.00,7,0,0.07,0.27,0.16,0.10,0.00,0.02,0,0,
1746812908041,17,4,227,0.00,5.13,230.55,302,5234,-76.62,16,5,-58.84,6.51,17.50,18.00,7,0,0.05,0.23,0.16,0.10,0.00,0.02,0,0,
1746812909041,17,4,215,0.00,5.05,218.10,284,3979,-76.62,16,5,-58.84,6.51,20.50,17.00,7,0,0.13,0.46,0.16,0.11,0.00,0.02,0,0,
1746812910041,17,4,215,0.00,5.17,218.68,304,4555,-76.81,16,5,-59.03,6.51,18.50,20.00,7,0,0.09,0.18,0.16,0.11,0.00,0.02,0,0,
1746812911041,17,4,203,0.00,5.08,206.78,292,4331,-77.69,16,100,-46.90,165.66,19.50,17.00,9,0,0.11,0.08,0.16,0.11,0.00,0.02,0,0,
1746812912041,17,4,215,0.00,5.08,218.30,292,4469,-77.19,16,5,-59.41,6.50,10.00,10.00,4,0,0.15,0.11,0.16,0.11,0.00,0.02,0,0,
1746812913041,17,4,215,0.00,5.08,219.24,226,7562,-78.88,16,15,-56.32,21.01,18.50,21.00,4,0,0.07,0.13,0.16,0.11,0.00,0.02,0,0,
1746812914041,17,4,215,0.00,5.06,218.84,287,5516,-78.88,16,5,-61.09,6.46,18.00,16.00,8,0,0.04,0.13,0.16,0.11,0.00,0.02,0,0,
1746812915041,17,4,215,0.00,5.13,218.68,302,4355,-77.25,16,7,-58.01,9.32,18.50,11.00,8,0,0.11,0.08,0.16,0.11,0.00,0.02,0,0,
1746812916041,17,4,215,0.00,14.70,218.98,589,6351,-78.50,16,25,-53.73,36.53,19.00,23.00,4,0,0.11,0.15,0.16,0.14,0.00,0.02,0,0,
1746812917041,17,4,215,0.00,5.06,219.04,221,6638,-77.94,16,56,-49.66,87.88,23.00,14.00,6,0,0.04,0.11,0.16,0.14,0.00,0.03,0,0,
1746812918041,17,4,203,0.00,5.08,206.45,297,4242,-77.44,16,5,-59.66,6.49,21.00,22.00,8,0,0.10,0.16,0.16,0.14,0.00,0.03,0,0,
1746812919041,17,4,215,0.00,5.01,218.08,277,4636,-77.44,16,5,-59.66,6.49,19.50,16.00,6,0,0.10,0.32,0.16,0.14,0.00,0.03,0,0,
1746812920041,17,4,215,0.00,5.10,218.68,297,5144,-76.56,16,90,-46.23,149.06,21.00,17.00,7,0,0.05,0.12,0.16,0.14,0.00,0.03,0,0,
1746812921041,17,4,215,0.00,5.06,218.20,287,4562,-77.06,16,5,-59.28,6.50,20.50,20.00,6,0,0.16,0.19,0.16,0.14,0.00,0.03,0,0,
1746812922041,17,4,215,0.00,5.10,218.60,297,5067,-77.12,16,5,-59.34,6.50,18.00,11.00,6,0,0.06,0.15,0.16,0.14,0.00,0.03,0,0,
1746812923041,17,4,203,0.00,5.12,206.62,294,4572,-77.12,16,5,-59.34,6.50,20.00,20.00,6,0,0.14,0.09,0.16,0.13,0.00,0.03,0,0,
1746812924041,17,4,215,0.00,5.10,218.20,289,4721,-76.56,16,5,-58.78,6.51,18.00,12.00,5,0,0.05,0.31,0.16,0.14,0.00,0.03,0,0,
1746812925041,17,4,215,0.00,5.15,218.63,312,5004,-76.44,16,27,-51.33,40.21,15.00,16.00,7,0,0.07,0.14,0.16,0.13,0.00,0.03,0,0,
1746812926041,17,4,215,0.00,5.10,218.46,297,4943,-76.56,16,5,-58.78,6.51,19.00,18.00,7,0,0.07,0.24,0.16,0.15,0.00,0.03,0,0,
1746812927041,17,4,215,0.00,5.20,218.68,322,5264,-76.69,16,106,-45.64,178.10,20.00,13.00,7,0,0.12,0.09,0.16,0.15,0.00,0.03,0,0,
1746812928041,17,4,215,0.00,5.20,218.68,317,4956,-76.69,16,5,-58.91,6.51,18.50,17.00,7,0,0.08,0.04,0.16,0.14,0.00,0.03,0,0,
1746812929041,17,4,203,0.00,5.15,206.49,307,4712,-76.19,16,5,-58.41,6.52,16.50,10.00,7,0,0.07,0.07,0.16,0.14,0.00,0.03,0,0,
1746812930041,17,4,215,0.00,5.22,218.70,319,5148,-76.25,16,5,-58.47,6.52,18.50,16.00,7,0,0.06,0.08,0.16,0.14,0.00,0.03,0,0,
1746812931041,17,4,215,0.00,5.20,218.80,309,5520,-76.25,16,5,-58.47,6.52,16.50,11.00,7,0,0.07,0.08,0.16,0.14,0.00,0.03,0,0,
1746812932041,17,4,215,0.00,5.22,218.90,314,5930,-76.25,16,5,-58.47,6.52,17.50,15.00,7,0,0.09,0.06,0.16,0.14,0.00,0.03,0,0,
1746812933041,17,4,215,0.00,5.30,218.90,329,6895,-76.50,16,27,-51.39,40.19,15.00,14.00,7,0,0.12,0.02,0.16,0.14,0.00,0.03,0,0,
1746812934041,17,4,215,0.00,5.22,218.86,314,5444,-76.00,16,5,-58.22,6.53,17.50,15.00,7,0,0.15,0.01,0.16,0.14,0.00,0.03,0,0,
1746812935041,17,4,203,0.00,5.22,206.74,256,5352,-76.31,16,5,-58.53,6.52,18.00,14.00,7,0,0.12,0.00,0.16,0.14,0.00,0.03,0,0,
1746812936041,17,4,215,0.00,5.13,218.40,307,4490,-76.19,16,5,-58.41,6.52,19.50,18.00,7,0,0.08,0.15,0.16,0.14,0.00,0.03,0,0,
1746812937041,17,4,215,0.00,5.25,218.58,266,5142,-76.19,16,5,-58.41,6.52,17.00,11.00,7,0,0.13,0.06,0.16,0.14,0.00,0.03,0,0,
1746812938041,17,4,215,0.00,5.20,218.82,251,5607,-76.50,16,90,-46.17,149.14,20.50,16.00,7,0,0.12,0.05,0.16,0.14,0.00,0.03,0,0,
1746812939041,17,4,215,0.00,5.20,218.68,320,5232,-76.44,16,5,-58.66,6.52,16.50,13.00,7,0,0.09,0.02,0.16,0.14,0.00,0.03,0,0,
1746812940041,17,4,215,0.00,5.30,218.86,329,5985,-76.25,16,5,-58.47,6.52,19.00,16.00,7,1,0.14,0.01,0.16,0.14,0.00,0.03,0,0,
1746812941041,17,4,203,0.00,5.10,206.96,289,5094,-76.25,16,5,-58.47,6.52,19.00,16.00,7,0,0.08,0.00,0.16,0.13,0.00,0.03,0,0,
1746812942041,17,4,215,0.00,5.18,218.52,304,5692,-76.25,16,5,-58.47,6.52,18.00,13.00,7,0,0.08,0.10,0.16,0.13,0.00,0.03,0,0,
1746812943041,17,4,215,0.00,5.25,218.58,266,5617,-76.06,16,5,-58.28,6.53,18.50,14.00,7,0,0.11,0.04,0.16,0.13,0.00,0.03,0,0,
1746812944041,17,4,215,0.00,5.25,218.64,327,5450,-76.12,16,5,-58.34,6.52,17.00,14.00,7,0,0.09,0.09,0.16,0.13,0.00,0.03,0,0,
1746812945041,17,4,215,0.00,5.27,218.90,324,5915,-76.25,16,27,-51.14,40.25,15.00,14.00,7,0,0.14,0.03,0.16,0.13,0.00,0.02,0,0,
1746812946041,17,4,215,0.00,5.10,218.68,297,5046,-76.25,16,5,-58.47,6.52,17.00,15.00,6,0,0.07,0.01,0.16,0.13,0.00,0.02,0,0,
1746812947041,17,4,203,0.00,5.12,206.70,294,4587,-76.00,16,5,-58.22,6.53,18.50,14.00,6,0,0.17,0.01,0.16,0.13,0.00,0.02,0,0,
1746812948041,17,4,215,0.00,5.14,218.55,299,5359,-76.25,16,5,-58.47,6.52,17.00,14.00,5,0,0.07,0.00,0.16,0.13,0.00,0.02,0,0,
1746812949041,17,4,215,0.00,5.10,218.68,297,4818,-76.31,16,106,-45.27,178.70,20.50,14.00,8,0,0.14,0.00,0.16,0.13,0.00,0.02,0,0,
1746812950041,17,4,215,0.00,5.13,218.68,302,5222,-76.12,16,5,-58.34,6.52,17.50,13.00,6,0,0.07,0.00,0.16,0.13,0.00,0.02,0,0,
1746812951041,17,4,215,0.00,5.10,218.68,297,4583,-76.12,16,5,-58.34,6.52,18.00,10.00,7,0,0.16,0.00,0.16,0.13,0.00,0.02,0,0,
1746812952041,17,4,215,0.00,5.18,218.60,312,5049,-76.31,16,5,-58.53,6.52,18.00,16.00,7,0,0.14,0.02,0.16,0.13,0.00,0.02,0,0,
1746812953041,17,4,203,0.00,5.15,206.62,241,5143,-76.50,16,5,-58.72,6.51,18.50,12.00,7,0,0.08,0.20,0.16,0.13,0.00,0.02,0,0,
1746812954041,17,4,215,0.00,5.20,218.60,309,4833,-76.44,16,5,-58.66,6.52,18.50,15.00,7,0,0.11,0.09,0.16,0.13,0.00,0.02,0,0,
1746812955041,17,4,215,0.00,14.65,218.26,579,4444,-76.44,16,5,-58.66,6.52,18.00,16.00,7,0,0.06,0.33,0.16,0.15,0.00,0.03,0,0,
1746812956041,17,4,215,0.00,5.15,218.64,299,4555,-76.25,16,28,-50.99,41.87,21.50,10.00,7,0,0.08,0.13,0.16,0.15,0.00,0.03,0,0,
1746812957041,17,4,215,0.00,5.15,218.66,299,5154,-76.44,16,27,-51.33,40.21,15.00,18.00,7,0,0.08,0.17,0.16,0.15,0.00,0.03,0,0,
1746812958041,17,4,215,0.00,5.15,218.56,307,4934,-76.56,16,5,-58.78,6.51,16.50,12.00,7,0,0.08,0.14,0.16,0.15,0.00,0.03,0,0,
1746812959041,17,4,203,0.00,5.22,206.92,314,5369,-76.25,16,5,-58.47,6.52,18.00,16.00,7,0,0.11,0.06,0.16,0.15,0.00,0.03,0,0,
1746812960041,17,4,215,0.00,5.10,218.26,302,4662,-76.25,16,106,-45.21,178.80,20.00,16.00,7,0,0.05,0.10,0.16,0.15,0.00,0.03,0,0,
1746812961041,17,4,215,0.00,5.22,218.68,256,5147,-76.00,16,5,-58.22,6.53,17.00,12.00,7,0,0.10,0.04,0.16,0.15,0.00,0.03,0,0,
1746812962041,17,4,215,0.00,5.15,218.64,307,4560,-76.31,16,5,-58.53,6.52,19.50,18.00,7,1,0.11,0.04,0.16,0.15,0.00,0.03,0,0,
1746812963041,17,4,215,0.00,5.18,218.60,312,5326,-76.50,16,5,-58.72,6.51,17.50,13.00,6,0,0.08,0.02,0.16,0.15,0.00,0.03,0,0,
1746812964041,17,4,203,0.00,5.08,206.79,292,4696,-76.50,16,5,-58.72,6.51,18.50,17.00,8,0,0.10,0.01,0.16,0.15,0.00,0.03,0,0,
1746812965041,17,4,215,0.00,5.18,218.63,312,5096,-76.38,16,5,-58.59,6.52,18.50,16.00,7,0,0.10,0.00,0.16,0.15,0.00,0.03,0,0,
1746812966041,17,4,215,0.00,5.22,218.68,256,5590,-76.19,16,5,-58.41,6.52,18.00,15.00,7,0,0.10,0.00,0.16,0.14,0.00,0.03,0,0,
1746812967041,17,4,215,0.00,5.25,218.68,261,5645,-76.06,16,27,-50.96,40.30,15.00,15.00,7,0,0.13,0.00,0.16,0.14,0.00,0.03,0,0,
1746812968041,17,4,215,0.00,5.20,218.86,309,5602,-76.25,16,5,-58.47,6.52,19.00,15.00,7,0,0.14,0.00,0.16,0.14,0.00,0.03,0,0,
1746812969041,17,4,203,0.00,5.13,206.53,302,4939,-76.25,16,5,-58.47,6.52,17.50,10.00,6,0,0.09,0.00,0.16,0.14,0.00,0.03,0,0,
1746812970041,17,4,215,0.00,5.06,218.66,287,4987,-76.38,16,5,-58.59,6.52,19.50,18.00,8,0,0.10,0.07,0.16,0.14,0.00,0.03,0,0,
1746812971041,17,4,215,0.00,5.13,218.58,302,5275,-76.56,16,5,-58.78,6.51,18.50,14.00,6,0,0.09,0.12,0.16,0.14,0.00,0.03,0,0,
1746812972041,17,4,215,0.00,5.19,218.51,309,5234,-76.25,16,106,-45.21,178.80,20.00,17.00,7,0,0.07,0.06,0.16,0.14,0.00,0.03,0,0,
1746812973041,17,4,215,0.00,5.20,218.68,317,5230,-76.25,16,27,-51.14,40.25,15.50,19.00,7,0,0.08,0.02,0.16,0.14,0.00,0.03,0,0,
1746812974041,17,4,215,0.00,5.22,218.68,322,5143,-76.19,16,5,-58.41,6.52,17.50,12.00,7,1,0.12,0.03,0.16,0.14,0.00,0.02,0,0,
1746812975041,17,4,215,0.00,5.20,218.68,309,5418,-76.56,16,27,-51.46,40.17,15.00,15.00,7,1,0.12,0.01,0.16,0.14,0.00,0.02,0,0,
1746812976041,17,4,215,0.00,5.18,218.90,304,5464,-76.75,16,5,-58.97,6.51,18.50,16.00,7,0,0.10,0.01,0.16,0.14,0.00,0.02,0,0,
1746812977041,17,4,203,0.00,5.25,206.91,319,6016,-76.56,16,5,-58.78,6.51,18.00,14.00,6,0,0.14,0.00,0.16,0.14,0.00,0.02,0,0,
1746812978041,17,4,215,0.00,5.10,218.51,297,4820,-76.56,16,5,-58.78,6.51,17.50,17.00,6,0,0.06,0.00,0.16,0.14,0.00,0.02,0,0,
1746812979041,17,4,215,0.00,5.10,218.68,297,4565,-76.19,16,5,-58.41,6.52,18.00,16.00,6,0,0.14,0.00,0.16,0.14,0.00,0.02,0,0,
1746812980041,17,4,215,0.00,5.10,218.68,297,5075,-76.44,16,5,-58.66,6.52,17.50,13.00,6,0,0.05,0.00,0.16,0.13,0.00,0.02,0,0,
1746812981041,17,4,215,0.00,5.13,218.68,302,4676,-76.06,16,5,-58.28,6.53,18.50,15.00,5,0,0.14,0.00,0.16,0.13,0.00,0.02,0,0,
1746812982041,17,4,215,0.00,5.10,218.72,297,5700,-76.38,16,5,-58.59,6.52,19.00,15.00,5,0,0.06,0.00,0.16,0.13,0.00,0.02,0,0,
1746812983041,17,4,203,0.00,5.08,206.74,292,4464,-76.38,16,5,-58.59,6.52,17.50,15.00,7,0,0.18,0.00,0.16,0.13,0.00,0.02,0,0,
1746812984041,17,4,215,0.00,5.10,218.50,297,5262,-76.12,16,5,-58.34,6.52,18.00,13.00,5,0,0.07,0.00,0.16,0.13,0.00,0.02,0,0,
1746812985041,17,4,215,0.00,5.15,218.68,312,5763,-76.50,16,5,-58.72,6.51,18.00,16.00,7,0,0.08,0.00,0.16,0.13,0.00,0.02,0,0,
1746812986041,17,4,215,0.00,5.20,218.68,317,4947,-76.12,16,5,-58.34,6.52,18.50,16.00,7,1,0.11,0.00,0.16,0.13,0.00,0.02,0,0,
1746812987041,17,4,215,0.00,5.22,218.68,256,5264,-76.12,16,5,-58.34,6.52,18.00,12.00,7,0,0.12,0.00,0.16,0.13,0.00,0.02,0,0,
1746812988041,17,4,203,0.00,5.25,215.38,319,5845,-76.38,16,5,-58.59,6.52,18.50,16.00,7,1,0.12,0.00,0.16,0.13,0.00,0.02,0,0,
1746812989041,17,4,215,0.00,5.20,210.01,317,5650,-76.31,16,5,-58.53,6.52,18.50,10.00,7,0,0.10,0.00,0.16,0.13,0.00,0.02,0,0,
1746812990041,17,4,215,0.00,5.20,218.46,317,5611,-76.00,16,27,-50.89,40.32,15.50,17.00,7,0,0.10,0.01,0.16,0.13,0.00,0.02,0,0,
1746812991041,17,4,215,0.00,5.22,218.82,314,5249,-76.31,16,27,-51.21,40.24,15.50,13.00,7,0,0.12,0.00,0.16,0.13,0.00,0.02,0,0,
1746812992041,17,184,243,648.00,186.52,246.96,3165,5204,-76.31,16,5,-58.53,6.52,18.00,15.00,7,7,0.11,0.00,0.16,0.12,0.00,0.02,0,0,
1746812993041,17,220,220,182.00,221.82,223.74,1275,5653,-76.06,16,27,-50.96,40.30,15.50,18.00,7,16,0.08,0.00,0.16,0.12,0.00,0.02,0,0,
1746812994041,17,220,220,350.50,221.76,223.74,648,5552,-76.50,16,5,-58.72,6.51,17.50,10.00,7,22,0.11,0.23,0.16,0.12,0.00,0.02,0,0,
1746812995041,17,220,208,928.00,221.73,211.74,702,4903,-76.12,16,5,-58.34,6.52,18.50,17.00,7,13,0.09,0.21,0.16,0.12,0.00,0.02,0,0,
1746812996041,17,220,220,1024.00,221.90,223.68,1427,5630,-76.12,16,99,-45.38,166.08,20.50,12.00,7,10,0.11,0.08,0.16,0.12,0.00,0.02,0,0,
1746812997041,17,208,220,348.00,209.87,223.88,1307,5905,-76.56,16,5,-58.78,6.51,19.00,15.00,7,14,0.12,0.03,0.16,0.12,0.00,0.02,0,0,
1746812998041,17,220,220,328.00,221.66,223.74,895,4819,-76.31,16,5,-58.53,6.52,18.50,15.00,7,17,0.05,0.05,0.16,0.12,0.00,0.02,0,0,
1746812999041,17,220,220,67.50,221.64,223.62,774,4905,-76.19,16,68,-47.07,110.06,22.00,15.00,5,16,0.14,0.06,0.16,0.12,0.00,0.02,0,0,
1746813000041,17,220,220,100.00,221.64,223.15,990,6499,-76.44,16,68,-47.32,109.84,22.00,16.00,5,12,0.05,0.13,0.16,0.13,0.00,0.02,0,0,
1746813001041,17,220,208,770.50,221.76,211.73,1094,6357,-76.44,16,5,-58.66,6.52,17.00,12.00,7,11,0.11,0.05,0.16,0.13,0.00,0.02,0,0,
1746813002041,17,220,220,855.50,221.78,223.55,1339,4604,-76.38,16,5,-58.59,6.52,18.50,16.00,7,10,0.06,0.05,0.16,0.13,0.00,0.02,0,0,
1746813003041,17,208,220,213.00,209.74,223.77,1122,5029,-76.44,16,5,-58.66,6.52,18.50,16.00,7,14,0.08,0.03,0.16,0.13,0.00,0.02,0,0,
1746813004041,17,220,220,267.00,221.80,223.74,789,5657,-76.69,16,5,-58.91,6.51,18.00,14.00,7,21,0.11,0.06,0.16,0.13,0.00,0.02,0,0,
1746813005041,17,220,220,131.00,221.81,223.92,605,6266,-76.69,16,5,-58.91,6.51,18.50,17.00,7,21,0.10,0.06,0.16,0.13,0.00,0.02,0,0,
1746813006041,17,220,220,227.50,221.74,223.86,629,5405,-76.25,16,5,-58.47,6.52,19.50,19.00,7,21,0.12,0.05,0.16,0.13,0.00,0.02,0,0,
1746813007041,17,220,208,624.50,221.74,211.82,629,5915,-76.38,16,5,-58.59,6.52,19.50,16.00,6,21,0.10,0.07,0.16,0.13,0.00,0.02,0,0,
1746813008041,17,220,220,809.00,221.66,223.63,656,5057,-76.00,16,5,-58.22,6.53,20.00,18.00,7,20,0.06,0.09,0.16,0.14,0.00,0.02,0,0,
1746813009041,17,208,220,33.00,209.65,223.74,625,4415,-76.38,16,5,-58.59,6.52,18.50,16.00,7,20,0.13,0.05,0.16,0.14,0.00,0.02,0,0,
1746813010041,17,220,220,127.00,221.71,223.74,709,5434,-76.38,16,5,-58.59,6.52,17.50,17.00,6,18,0.10,0.14,0.16,0.14,0.00,0.02,0,0,
1746813011041,17,220,220,225.50,221.66,223.78,796,5551,-76.31,16,106,-45.27,178.70,20.00,16.00,7,17,0.06,0.11,0.16,0.14,0.00,0.02,0,0,
1746813012041,17,220,220,213.50,221.81,223.74,809,6195,-76.31,16,5,-58.53,6.52,19.50,16.00,7,17,0.12,0.07,0.16,0.14,0.00,0.02,0,0,
1746813013041,17,220,208,744.00,221.71,211.77,844,5616,-76.00,16,5,-58.22,6.53,19.00,18.00,7,16,0.11,0.07,0.16,0.15,0.00,0.02,0,0,
1746813014041,17,220,220,603.50,221.81,223.68,676,5869,-76.44,16,5,-58.66,6.52,17.50,14.00,7,22,0.14,0.03,0.16,0.15,0.00,0.02,0,0,
1746813015041,17,208,220,440.00,221.76,223.77,633,6533,-76.44,16,5,-58.66,6.52,19.00,16.00,6,20,0.12,0.10,0.16,0.15,0.00,0.02,0,0,
1746813016041,17,220,220,128.00,221.64,223.74,647,5213,-76.19,16,5,-58.41,6.52,17.00,14.00,7,19,0.05,0.11,0.16,0.15,0.00,0.02,0,0,
1746813017041,17,220,220,280.00,221.66,223.70,794,4966,-76.19,16,15,-53.63,21.31,14.00,13.00,4,17,0.15,0.08,0.17,0.15,0.00,0.02,0,0,
1746813018041,17,220,220,172.50,221.64,223.90,835,7715,-76.25,16,106,-45.21,178.80,20.50,12.00,4,15,0.06,0.09,0.16,0.15,0.00,0.02,0,0,
1746813019041,17,220,208,643.00,221.71,211.86,935,6478,-76.25,16,5,-58.47,6.52,19.00,16.00,7,15,0.09,0.05,0.16,0.15,0.00,0.02,0,0,
1746813020041,17,220,220,751.50,221.74,223.54,679,5883,-76.38,16,106,-45.33,178.60,20.00,14.00,7,20,0.09,0.03,0.16,0.15,0.00,0.02,0,0,
1746813021041,17,208,220,285.00,209.70,223.88,569,5626,-76.12,16,5,-58.34,6.52,17.00,12.00,6,22,0.11,0.18,0.16,0.15,0.00,0.02,0,0,
1746813022041,17,220,220,456.00,233.71,223.52,844,5144,-76.38,16,90,-46.04,149.30,21.00,17.00,7,13,0.08,0.27,0.16,0.16,0.00,0.02,0,0,
1746813023041,17,220,220,473.67,221.92,223.74,1547,5474,-76.56,16,5,-58.78,6.51,17.50,10.00,7,8,0.10,0.12,0.16,0.16,0.00,0.02,0,0,
1746813024041,17,220,208,27.00,221.92,220.46,1570,6135,-76.56,16,5,-58.78,6.51,18.00,14.00,7,8,0.12,0.06,0.17,0.15,0.00,0.02,0,0,
1746813025041,17,220,220,508.50,221.83,215.07,1279,5526,-76.38,16,5,-58.59,6.52,18.50,14.00,7,15,0.08,0.02,0.16,0.15,0.00,0.02,0,0,
1746813026041,17,220,220,564.50,221.69,223.64,700,5034,-76.00,16,5,-58.22,6.53,17.00,11.00,7,20,0.05,0.05,0.16,0.15,0.00,0.02,0,0,
1746813027041,17,208,220,156.00,209.78,223.92,657,5783,-76.31,16,5,-58.53,6.52,17.50,12.00,7,20,0.11,0.15,0.16,0.16,0.00,0.02,0,0,
1746813028041,17,220,220,280.00,221.76,223.74,650,5720,-76.31,16,5,-58.53,6.52,19.50,15.00,7,18,0.13,0.08,0.17,0.15,0.00,0.02,0,0,
1746813029041,17,220,220,230.50,221.74,223.66,799,6169,-76.00,16,5,-58.22,6.53,18.00,12.00,7,16,0.13,0.20,0.17,0.16,0.00,0.02,0,0,
1746813030041,17,220,208,386.00,221.78,220.62,1043,5892,-76.31,16,5,-58.53,6.52,18.00,10.00,7,12,0.10,0.09,0.17,0.16,0.00,0.02,0,0,
1746813031041,17,220,220,280.50,221.82,215.02,1109,5853,-76.38,16,5,-58.59,6.52,17.50,11.00,7,15,0.08,0.11,0.17,0.16,0.00,0.02,0,0,
1746813032041,17,220,220,479.00,221.82,223.52,1297,5107,-76.25,16,27,-51.14,40.25,14.50,16.00,7,10,0.11,0.11,0.17,0.15,0.00,0.02,0,0,
1746813033041,17,208,220,66.00,209.90,223.84,1305,6085,-76.25,16,28,-50.99,41.87,22.00,11.00,7,10,0.10,0.08,0.17,0.16,0.00,0.02,0,0,
1746813034041,17,220,220,164.00,245.88,223.62,1975,6095,-76.38,16,5,-58.59,6.52,15.50,10.00,7,6,0.12,0.09,0.17,0.16,0.00,0.02,0,0,
1746813035041,17,220,220,225.00,221.88,223.74,2030,5718,-76.38,16,106,-45.33,178.60,20.00,13.00,7,8,0.10,0.04,0.17,0.15,0.00,0.02,0,0,
1746813036041,17,220,220,212.00,221.84,223.74,1145,5521,-76.50,16,5,-58.72,6.51,17.00,12.00,7,17,0.13,0.04,0.17,0.15,0.00,0.02,0,0,
1746813037041,17,220,208,348.50,221.74,211.74,753,5638,-76.50,16,5,-58.72,6.51,19.00,16.00,7,17,0.12,0.09,0.17,0.15,0.00,0.02,0,0,
1746813038041,17,220,220,323.50,221.76,223.72,833,5644,-76.25,16,5,-58.47,6.52,18.50,14.00,7,16,0.10,0.09,0.17,0.16,0.00,0.02,0,0,
1746813039041,17,208,220,1720.00,209.70,223.92,751,5577,-76.00,16,27,-50.89,40.32,15.00,16.00,7,18,0.09,0.04,0.17,0.15,0.00,0.02,0,0,
1746813040041,17,220,220,58.00,221.69,223.74,647,4853,-76.00,16,7,-56.76,9.37,17.00,13.00,8,20,0.05,0.13,0.17,0.16,0.00,0.02,0,0,
1746813041041,17,220,220,89.00,221.66,223.68,690,5682,-76.25,16,68,-47.13,110.01,21.50,13.00,5,19,0.11,0.11,0.17,0.16,0.00,0.02,0,0,
1746813042041,17,220,220,164.50,221.64,223.34,789,6445,-76.25,16,5,-58.47,6.52,18.50,10.00,7,17,0.04,0.10,0.17,0.16,0.00,0.02,0,0,
1746813043041,17,220,208,249.50,221.64,211.58,853,4695,-76.25,16,5,-58.47,6.52,18.50,15.00,5,15,0.15,0.10,0.17,0.16,0.00,0.02,0,0,
1746813044041,17,220,220,393.50,221.64,223.09,994,6675,-76.06,16,68,-46.95,110.18,21.50,14.00,5,13,0.06,0.05,0.17,0.16,0.00,0.02,0,0,
1746813045041,17,208,220,1527.00,209.74,223.62,741,6226,-76.31,16,5,-58.53,6.52,19.00,13.00,7,18,0.08,0.02,0.17,0.16,0.00,0.02,0,0,
1746813046041,17,220,220,1701.00,221.62,223.54,826,4458,-76.25,16,18,-52.91,25.94,15.50,15.00,8,16,0.14,0.14,0.17,0.16,0.00,0.02,0,0,
1746813047041,17,220,220,193.00,221.66,223.38,857,6559,-76.25,16,68,-47.13,110.01,21.50,13.00,5,14,0.08,0.05,0.17,0.16,0.00,0.02,0,0,
1746813048041,17,220,208,548.00,233.68,211.53,1259,5201,-76.81,16,5,-59.03,6.51,18.00,18.00,8,8,0.08,0.18,0.17,0.17,0.00,0.02,0,0,
1746813049041,17,220,220,589.50,222.05,223.70,2102,5146,-76.38,16,5,-58.59,6.52,18.50,14.00,7,5,0.12,0.07,0.17,0.16,0.00,0.02,0,0,
1746813050041,17,220,220,1053.11,235.26,223.38,4918,4831,-76.38,16,5,-58.59,6.52,19.00,17.00,7,0,0.09,0.12,0.17,0.17,0.00,0.02,0,0,
1746813051041,17,208,220,2178.50,224.30,223.46,7346,5085,-76.38,16,5,-58.59,6.52,19.00,18.00,7,0,0.07,0.16,0.17,0.20,0.00,0.02,0,0,
1746813052041,17,220,220,2143.86,224.26,223.74,7298,5958,-76.44,16,5,-58.66,6.52,19.50,15.00,7,0,0.11,0.06,0.17,0.19,0.00,0.02,0,0,
1746813053041,17,220,220,1385.00,223.61,223.61,5899,5305,-76.12,16,27,-51.02,40.29,16.00,18.00,7,1,0.09,0.07,0.17,0.18,0.00,0.02,0,0,
1746813054041,17,220,208,442.00,222.63,211.77,3312,5068,-76.62,16,5,-58.84,6.51,18.00,10.00,7,8,0.09,0.03,0.17,0.18,0.00,0.02,0,0,
1746813055041,17,220,220,878.14,222.46,223.88,3306,4918,-76.38,16,5,-58.59,6.52,18.00,17.00,7,1,0.08,0.15,0.17,0.18,0.00,0.02,0,0,
1746813056041,17,220,220,599.83,223.50,223.54,5670,5172,-76.38,16,27,-51.27,40.22,16.00,13.00,7,1,0.09,0.06,0.17,0.18,0.00,0.02,0,0,
1746813057041,17,208,220,1277.00,210.46,223.88,2739,6285,-76.31,16,5,-58.53,6.52,18.50,14.00,7,9,0.13,0.02,0.17,0.17,0.00,0.02,0,0,
1746813058041,17,220,220,1410.00,221.71,223.74,1044,5220,-76.38,16,90,-46.04,149.30,20.50,19.00,7,18,0.07,0.01,0.17,0.17,0.00,0.02,0,0,
1746813059041,17,220,220,91.00,221.76,223.74,627,5416,-76.44,16,5,-58.66,6.52,18.00,14.00,7,22,0.08,0.04,0.17,0.17,0.00,0.02,0,0,
1746813060041,17,220,208,176.00,221.75,220.46,758,5283,-76.44,16,5,-58.66,6.52,19.00,19.00,7,16,0.07,0.13,0.17,0.17,0.00,0.02,0,0,
1746813061041,17,220,220,444.50,221.69,215.10,860,4968,-76.38,16,5,-58.59,6.52,17.00,15.00,8,14,0.09,0.09,0.17,0.17,0.00,0.02,0,0,
1746813062041,17,220,220,197.50,221.70,223.50,981,4768,-76.12,16,5,-58.34,6.52,18.00,17.00,6,17,0.09,0.04,0.17,0.17,0.00,0.02,0,0,
1746813063041,17,208,220,1186.00,209.61,223.78,741,5088,-76.62,16,106,-45.58,178.20,20.00,17.00,8,19,0.04,0.06,0.17,0.17,0.00,0.02,0,0,
1746813064041,17,220,220,1303.00,221.66,223.74,607,5019,-76.12,16,5,-58.34,6.52,17.50,13.00,6,21,0.12,0.08,0.17,0.17,0.00,0.02,0,0,
1746813065041,17,220,220,323.50,221.69,223.78,686,5535,-76.12,16,106,-45.08,179.00,19.50,16.00,7,20,0.06,0.07,0.17,0.18,0.00,0.02,0,0,
1746813066041,17,220,208,99.50,221.71,220.46,725,5562,-76.38,16,5,-58.59,6.52,19.00,15.00,7,20,0.10,0.08,0.17,0.18,0.00,0.02,0,0,
1746813067041,17,220,220,210.50,221.74,215.05,646,5766,-76.44,16,5,-58.66,6.52,18.00,15.00,7,20,0.11,0.05,0.17,0.18,0.00,0.02,0,0,
1746813068041,17,220,220,274.00,221.71,223.72,562,5279,-76.50,16,99,-45.75,165.53,20.00,16.00,7,20,0.10,0.16,0.17,0.18,0.00,0.02,0,0,
1746813069041,17,208,220,987.00,209.73,223.74,708,5539,-76.50,16,5,-58.72,6.51,18.00,15.00,7,19,0.13,0.10,0.17,0.18,0.00,0.02,0,0,
1746813070041,17,220,220,1110.00,233.78,223.84,752,5302,-76.44,16,5,-58.66,6.52,17.50,13.00,7,19,0.11,0.05,0.17,0.18,0.00,0.02,0,0,
1746813071041,17,220,220,214.50,221.81,223.84,637,5811,-76.06,16,5,-58.28,6.53,18.50,15.00,6,22,0.14,0.06,0.17,0.18,0.00,0.02,0,0,
1746813072041,17,220,220,212.00,221.64,223.78,703,5259,-76.56,16,5,-58.78,6.51,18.00,17.00,6,16,0.05,0.14,0.17,0.18,0.00,0.02,0,0,
1746813073041,17,220,208,310.00,221.71,211.78,871,5660,-76.69,16,5,-58.91,6.51,18.00,14.00,7,15,0.10,0.08,0.17,0.18,0.00,0.02,0,0,
1746813074041,17,220,220,126.50,221.80,223.49,1020,4815,-76.69,16,5,-58.91,6.51,18.00,18.00,7,13,0.10,0.07,0.17,0.18,0.00,0.02,0,0,
1746813075041,17,208,220,900.00,209.74,223.74,1001,4814,-76.31,16,5,-58.53,6.52,19.00,10.00,7,17,0.07,0.03,0.17,0.18,0.00,0.02,0,0,
1746813076041,17,220,220,724.00,221.75,223.89,644,5579,-76.62,16,90,-46.29,148.98,20.50,19.00,7,23,0.09,0.08,0.17,0.18,0.00,0.02,0,0,
1746813077041,17,220,220,275.00,221.71,223.77,670,5218,-76.81,16,27,-51.71,40.11,16.00,14.00,7,18,0.08,0.17,0.17,0.18,0.00,0.02,0,0,
1746813078041,17,220,208,328.50,221.75,220.58,809,5011,-76.50,16,5,-58.72,6.51,18.50,17.00,7,15,0.12,0.07,0.17,0.18,0.00,0.02,0,0,
1746813079041,17,220,220,156.50,221.66,215.06,1029,5163,-76.50,16,5,-58.72,6.51,18.00,15.00,6,15,0.07,0.04,0.17,0.18,0.00,0.02,0,0,
1746813080041,17,220,220,313.50,221.64,223.63,753,4501,-76.38,16,106,-45.33,178.60,20.00,18.00,7,18,0.15,0.05,0.17,0.18,0.00,0.02,0,0,
1746813081041,17,208,220,691.00,209.67,223.78,672,5382,-76.69,16,5,-58.91,6.51,18.50,16.00,6,19,0.08,0.08,0.17,0.18,0.00,0.02,0,0,
1746813082041,17,220,220,479.50,221.70,223.79,742,5223,-76.44,16,19,-52.86,27.48,13.00,10.00,8,19,0.05,0.11,0.17,0.18,0.00,0.02,0,0,
1746813083041,17,220,220,77.00,221.66,223.74,790,5062,-76.44,16,5,-58.66,6.52,18.50,17.00,6,18,0.11,0.11,0.17,0.18,0.00,0.02,0,0,
1746813084041,17,220,208,192.00,221.59,211.76,736,5063,-76.38,16,5,-58.59,6.52,17.50,11.00,8,15,0.04,0.16,0.17,0.18,0.00,0.02,0,0,
1746813085041,17,220,220,309.33,221.72,223.65,1055,4802,-76.44,16,5,-58.66,6.52,17.00,14.00,6,12,0.10,0.07,0.17,0.18,0.00,0.02,0,0,
1746813086041,17,220,220,508.00,221.70,223.63,1049,4999,-76.38,16,106,-45.33,178.60,20.00,15.00,8,16,0.05,0.05,0.17,0.18,0.00,0.02,0,0,
1746813087041,17,208,220,507.00,209.63,223.88,697,4998,-76.50,16,5,-58.72,6.51,16.50,10.00,6,17,0.10,0.05,0.17,0.18,0.00,0.02,0,0,
1746813088041,17,220,220,446.50,221.66,223.73,821,5363,-76.50,16,5,-58.72,6.51,17.50,17.00,7,16,0.06,0.11,0.17,0.18,0.00,0.02,0,0,
1746813089041,17,220,220,1138.00,221.76,223.74,826,6131,-76.31,16,5,-58.53,6.52,18.00,11.00,7,15,0.08,0.06,0.17,0.18,0.00,0.02,0,0,
1746813090041,17,220,220,320.50,221.76,223.80,960,6053,-76.31,16,5,-58.53,6.52,19.00,16.00,7,14,0.11,0.08,0.17,0.18,0.00,0.02,0,0,
1746813091041,17,220,208,193.50,221.78,211.90,883,6271,-76.38,16,5,-58.59,6.52,16.50,13.00,7,18,0.13,0.03,0.17,0.18,0.00,0.02,0,0,
1746813092041,17,220,220,216.00,221.76,223.68,567,4949,-76.38,16,5,-58.59,6.52,17.50,16.00,6,22,0.16,0.17,0.17,0.18,0.00,0.02,0,0,
1746813093041,17,208,220,381.00,209.63,223.82,670,5238,-76.50,16,5,-58.72,6.51,17.50,11.00,6,17,0.06,0.10,0.17,0.18,0.00,0.02,0,0,
1746813094041,17,220,220,381.00,221.78,223.92,893,6144,-76.00,16,5,-58.22,6.53,17.50,17.00,7,17,0.13,0.11,0.17,0.19,0.00,0.02,0,0,
1746813095041,17,220,220,799.00,233.82,223.74,889,5416,-76.44,16,5,-58.66,6.52,17.50,14.00,7,17,0.08,0.07,0.17,0.19,0.00,0.02,0,0,
1746813096041,17,220,220,165.50,221.81,223.74,810,6047,-76.19,16,5,-58.41,6.52,18.00,17.00,7,18,0.12,0.07,0.17,0.19,0.00,0.02,0,0,
1746813097041,17,220,208,316.50,221.71,211.67,810,5460,-76.19,16,5,-58.41,6.52,18.50,15.00,7,17,0.10,0.13,0.17,0.19,0.00,0.02,0,0,
1746813098041,17,220,220,94.00,221.73,223.54,784,4584,-76.19,16,99,-45.44,165.99,20.50,13.00,7,17,0.09,0.08,0.17,0.19,0.00,0.02,0,0,
1746813099041,17,208,220,359.00,209.80,223.74,781,5863,-76.31,16,5,-58.53,6.52,18.00,16.00,7,17,0.12,0.06,0.17,0.19,0.00,0.02,0,0,
1746813100041,17,220,220,339.00,221.76,223.74,909,5861,-76.00,16,5,-58.22,6.53,17.50,17.00,7,16,0.11,0.14,0.17,0.19,0.00,0.02,0,0,
1746813101041,17,220,220,965.00,233.78,223.74,916,5107,-76.00,16,5,-58.22,6.53,17.50,14.00,7,15,0.11,0.06,0.17,0.19,0.00,0.02,0,0,
1746813102041,17,220,208,954.00,221.71,220.58,943,5473,-76.06,16,27,-50.96,40.30,15.50,17.00,7,14,0.10,0.05,0.17,0.19,0.00,0.02,0,0,
1746813103041,17,220,220,248.50,221.76,215.25,742,6088,-76.12,16,5,-58.34,6.52,18.50,14.00,7,19,0.11,0.05,0.17,0.19,0.00,0.02,0,0,
1746813104041,17,220,220,406.00,221.71,223.62,701,5068,-76.12,16,106,-45.08,179.00,20.00,16.00,7,20,0.09,0.09,0.17,0.19,0.00,0.02,0,0,
1746813105041,17,208,220,203.00,209.78,223.86,696,5985,-76.00,16,5,-58.22,6.53,17.50,15.00,7,19,0.08,0.08,0.17,0.19,0.00,0.02,0,0,
1746813106041,17,220,220,1125.50,221.76,223.88,678,5427,-76.00,16,5,-58.22,6.53,18.00,12.00,7,19,0.07,0.07,0.17,0.19,0.00,0.02,0,0,
1746813107041,17,220,220,875.50,221.80,223.77,670,5421,-76.00,16,27,-50.89,40.32,15.50,15.00,7,22,0.12,0.08,0.17,0.19,0.00,0.02,0,0,
1746813108041,17,220,208,888.50,221.76,220.44,765,5825,-76.00,16,27,-50.89,40.32,16.00,16.00,7,17,0.10,0.13,0.17,0.19,0.00,0.02,0,0,
1746813109041,17,220,220,217.50,221.76,215.07,854,6195,-76.00,16,5,-58.22,6.53,17.50,13.00,7,17,0.08,0.10,0.17,0.19,0.00,0.02,0,0,
1746813110041,17,220,220,292.00,221.82,223.54,859,5495,-76.00,16,99,-45.25,166.27,20.50,13.00,7,17,0.12,0.06,0.17,0.19,0.00,0.01,0,0,
1746813111041,17,208,220,450.00,209.73,223.74,740,5929,-76.00,16,5,-58.22,6.53,17.50,12.00,7,16,0.09,0.07,0.17,0.20,0.00,0.01,0,0,
1746813112041,17,220,220,876.00,221.71,223.75,872,5240,-76.00,16,90,-45.67,149.78,20.50,15.00,7,14,0.08,0.07,0.17,0.19,0.00,0.01,0,0,
1746813113041,17,220,220,626.00,233.90,223.92,924,5964,-76.00,16,27,-50.89,40.32,16.00,12.00,7,18,0.09,0.06,0.17,0.19,0.00,0.01,0,0,
1746813114041,17,220,208,852.00,221.66,220.44,709,4641,-76.00,16,27,-50.89,40.32,16.00,16.00,7,18,0.08,0.06,0.17,0.19,0.00,0.01,0,0,
1746813115041,17,220,220,92.50,221.74,215.03,673,5331,-76.00,16,5,-58.22,6.53,17.50,14.00,7,17,0.06,0.22,0.17,0.20,0.00,0.01,0,0,
1746813116041,17,220,220,185.67,221.82,223.54,1059,5877,-76.00,16,27,-50.89,40.32,15.50,13.00,7,12,0.12,0.10,0.17,0.20,0.00,0.01,0,0,
1746813117041,17,208,220,391.00,221.87,223.74,1263,5215,-76.12,16,106,-45.08,179.00,20.00,17.00,7,13,0.07,0.04,0.17,0.19,0.00,0.01,0,0,
1746813118041,17,220,220,758.50,221.76,223.92,718,5833,-76.25,16,90,-45.92,149.46,20.50,13.00,7,21,0.09,0.03,0.17,0.19,0.00,0.01,0,0,
1746813119041,17,220,220,1424.00,221.78,223.74,685,5378,-76.00,16,5,-58.22,6.53,17.50,13.00,7,19,0.08,0.12,0.17,0.20,0.00,0.01,0,0,
1746813120041,17,220,220,670.50,221.74,223.74,720,5282,-76.00,16,27,-50.89,40.32,15.50,14.00,7,18,0.09,0.07,0.17,0.20,0.00,0.01,0,0,
1746813121041,17,220,208,467.50,221.78,211.90,847,5973,-76.00,16,5,-58.22,6.53,18.50,13.00,7,18,0.13,0.07,0.17,0.20,0.00,0.01,0,0,
1746813122041,17,220,220,71.00,221.71,223.55,831,5088,-76.31,16,27,-51.21,40.24,15.50,14.00,7,16,0.10,0.09,0.17,0.20,0.00,0.01,0,0,
1746813123041,17,208,220,219.00,209.75,223.84,750,5898,-76.00,16,5,-58.22,6.53,17.00,12.00,6,16,0.13,0.05,0.17,0.20,0.00,0.01,0,0,
1746813124041,17,220,220,898.50,245.68,223.70,900,5074,-76.00,16,5,-58.22,6.53,18.50,16.00,6,14,0.05,0.11,0.17,0.20,0.00,0.01,0,0,
1746813125041,17,220,220,1292.00,221.69,223.74,1056,4671,-76.31,16,27,-51.21,40.24,15.50,14.00,7,14,0.17,0.06,0.17,0.20,0.00,0.01,0,0,
1746813126041,17,220,208,796.50,221.68,211.26,920,6495,-76.25,16,5,-58.47,6.52,18.00,10.00,5,17,0.08,0.04,0.17,0.20,0.00,0.01,0,0,
1746813127041,17,220,220,404.33,257.76,223.39,1126,4665,-76.25,16,5,-58.47,6.52,18.50,16.00,8,10,0.10,0.27,0.17,0.20,0.00,0.02,0,0,
1746813128041,17,220,220,453.50,222.14,223.32,2074,5758,-76.62,16,68,-47.51,109.68,21.50,12.00,5,5,0.10,0.10,0.17,0.20,0.00,0.02,0,0,
1746813129041,17,208,220,107.00,210.15,223.38,2099,6710,-76.62,16,27,-51.52,40.16,15.00,15.00,7,8,0.06,0.04,0.17,0.20,0.00,0.02,0,0,
1746813130041,17,220,220,618.00,221.84,223.77,1199,6138,-76.44,16,90,-46.10,149.22,20.50,16.00,7,15,0.08,0.06,0.17,0.20,0.00,0.02,0,0,
1746813131041,17,220,220,1107.00,221.92,223.92,763,6288,-76.44,16,106,-45.39,178.50,19.50,14.00,7,21,0.13,0.04,0.17,0.20,0.00,0.02,0,0,
1746813132041,17,220,220,594.00,221.75,223.77,636,6050,-76.06,16,56,-47.79,89.13,22.00,12.00,6,20,0.08,0.09,0.17,0.20,0.00,0.02,0,0,
1746813133041,17,220,208,194.00,221.66,211.67,789,5390,-76.06,16,5,-58.28,6.53,17.00,10.00,7,18,0.05,0.08,0.17,0.20,0.00,0.02,0,0,
1746813134041,17,220,220,296.00,221.74,223.57,907,4970,-76.38,16,5,-58.59,6.52,18.00,13.00,6,13,0.12,0.11,0.17,0.20,0.00,0.02,0,0,
1746813135041,17,208,220,399.00,209.65,223.78,1061,5243,-76.31,16,5,-58.53,6.52,17.00,10.00,6,13,0.05,0.04,0.17,0.20,0.00,0.02,0,0,
1746813136041,17,220,220,859.00,233.88,223.53,1393,5172,-76.50,16,69,-47.32,111.55,21.50,14.00,5,9,0.14,0.10,0.17,0.20,0.00,0.02,0,0,
1746813137041,17,220,220,995.00,221.76,223.18,1491,6969,-76.12,16,68,-47.01,110.12,21.50,10.00,5,11,0.05,0.04,0.17,0.20,0.00,0.02,0,0,
1746813138041,17,220,220,441.00,221.80,223.88,1059,6297,-76.12,16,27,-51.02,40.29,15.50,15.00,7,18,0.10,0.05,0.17,0.20,0.00,0.02,0,0,
1746813139041,17,220,208,120.50,233.79,211.65,798,5437,-76.19,16,5,-58.41,6.52,17.50,13.00,7,19,0.12,0.07,0.17,0.20,0.00,0.02,0,0,
1746813140041,17,220,220,153.50,221.81,223.78,688,6395,-76.00,16,27,-50.89,40.32,15.00,16.00,7,19,0.13,0.06,0.17,0.20,0.00,0.02,0,0,
1746813141041,17,208,220,176.00,209.78,223.88,700,6256,-76.19,16,5,-58.41,6.52,17.00,10.00,7,19,0.13,0.07,0.17,0.20,0.00,0.02,0,0,
1746813142041,17,220,220,664.50,221.76,223.74,841,5430,-76.19,16,90,-45.85,149.54,20.50,15.00,7,17,0.13,0.10,0.17,0.20,0.00,0.02,0,0,
1746813143041,17,220,220,805.00,221.76,223.74,744,5416,-76.19,16,106,-45.14,178.90,20.00,16.00,7,16,0.12,0.05,0.17,0.20,0.00,0.02,0,0,
1746813144041,17,220,220,556.50,221.71,223.74,707,5630,-76.06,16,27,-50.96,40.30,16.00,18.00,7,20,0.10,0.05,0.17,0.20,0.00,0.02,0,0,
1746813145041,17,220,208,223.00,233.83,211.61,669,5980,-76.12,16,5,-58.34,6.52,18.50,15.00,7,18,0.09,0.14,0.17,0.20,0.00,0.02,0,0,
1746813146041,17,220,220,301.50,221.76,223.66,844,5877,-76.00,16,5,-58.22,6.53,18.50,17.00,7,16,0.09,0.08,0.17,0.20,0.00,0.02,0,0,
1746813147041,17,208,220,31.00,209.66,223.74,830,4774,-76.00,16,5,-58.22,6.53,20.00,18.00,7,15,0.11,0.07,0.17,0.20,0.00,0.01,0,0,
1746813148041,17,220,220,522.00,238.42,223.39,1087,5822,-76.38,16,90,-46.04,149.30,21.00,17.00,7,10,0.08,0.22,0.17,0.21,0.00,0.02,0,0,
1746813149041,17,220,220,878.50,222.10,223.74,1951,5220,-76.31,16,106,-45.27,178.70,20.00,17.00,7,5,0.10,0.08,0.17,0.21,0.00,0.02,0,0,
1746813150041,17,220,208,1260.00,222.64,220.34,2835,6120,-76.00,16,27,-50.89,40.32,16.50,16.00,7,2,0.12,0.16,0.17,0.21,0.00,0.02,0,0,
1746813151041,17,220,220,2198.12,235.60,214.81,5488,5195,-76.31,16,5,-58.53,6.52,17.50,14.00,7,0,0.09,0.18,0.17,0.21,0.00,0.02,0,0,
1746813152041,17,220,220,1853.33,224.26,223.80,7344,5786,-76.31,16,5,-58.53,6.52,18.50,17.00,7,0,0.10,0.07,0.17,0.20,0.00,0.02,0,0,
1746813153041,17,208,220,425.00,211.14,223.74,4550,5807,-76.00,16,106,-44.96,179.20,20.00,16.00,7,6,0.07,0.03,0.17,0.20,0.00,0.02,0,0,
1746813154041,17,220,220,335.00,221.89,223.84,1327,6698,-76.12,16,90,-45.79,149.62,20.50,11.00,7,13,0.10,0.07,0.17,0.20,0.00,0.02,0,0,
1746813155041,17,220,220,510.00,221.78,223.74,1012,5958,-76.00,16,27,-50.89,40.32,15.50,15.00,7,15,0.10,0.03,0.17,0.20,0.00,0.02,0,0,
1746813156041,17,220,220,228.50,233.79,223.62,798,6010,-76.00,16,27,-50.89,40.32,16.00,12.00,7,19,0.11,0.13,0.17,0.20,0.00,0.02,0,0,
1746813157041,17,220,208,848.50,233.90,211.78,734,5587,-76.00,16,5,-58.22,6.53,18.00,12.00,6,19,0.14,0.06,0.17,0.20,0.00,0.02,0,0,
1746813158041,17,220,220,924.50,221.64,223.73,725,5251,-76.00,16,5,-58.22,6.53,19.00,16.00,6,19,0.06,0.05,0.17,0.20,0.00,0.02,0,0,
1746813159041,17,208,220,245.00,209.75,223.76,624,6773,-76.38,16,90,-46.04,149.30,12.50,11.00,7,20,0.12,0.06,0.17,0.20,0.00,0.02,0,0,
1746813160041,17,220,220,470.50,221.86,223.83,727,6018,-76.06,16,5,-58.28,6.53,17.50,18.00,6,19,0.16,0.09,0.17,0.20,0.00,0.02,0,0,
1746813161041,17,220,220,411.50,221.64,223.77,744,5250,-76.06,16,5,-58.28,6.53,17.00,11.00,6,18,0.06,0.10,0.17,0.20,0.00,0.02,0,0,
1746813162041,17,220,208,994.50,221.76,220.54,804,5801,-76.38,16,27,-51.27,40.22,15.00,16.00,7,17,0.13,0.09,0.17,0.20,0.00,0.02,0,0,
1746813163041,17,220,220,674.50,233.74,214.99,879,5312,-76.31,16,5,-58.53,6.52,18.00,16.00,6,16,0.08,0.13,0.17,0.20,0.00,0.02,0,0,
1746813164041,17,220,220,793.50,221.71,223.86,905,5998,-76.00,16,106,-44.96,179.20,12.00,13.00,7,15,0.10,0.10,0.17,0.20,0.00,0.02,0,0,
1746813165041,17,208,220,290.00,209.80,223.88,813,6609,-76.00,16,106,-44.96,179.20,12.00,13.00,7,15,0.13,0.07,0.17,0.20,0.00,0.02,0,0,
1746813166041,17,220,220,284.50,221.73,223.78,898,5016,-76.00,16,5,-58.22,6.53,17.50,12.00,6,14,0.08,0.06,0.17,0.20,0.00,0.02,0,0,
1746813167041,17,220,220,281.50,221.71,223.78,911,5550,-76.06,16,27,-50.96,40.30,15.00,16.00,7,16,0.11,0.06,0.17,0.20,0.00,0.02,0,0,
1746813168041,17,220,220,854.50,245.75,223.50,808,5613,-76.38,16,106,-45.33,178.60,12.50,10.00,7,17,0.13,0.22,0.17,0.21,0.00,0.02,0,0,
1746813169041,17,220,208,1485.00,221.77,211.67,1125,5572,-76.00,16,5,-58.22,6.53,18.00,15.00,6,10,0.08,0.13,0.17,0.20,0.00,0.02,0,0,
1746813170041,17,220,220,779.50,221.82,223.67,1496,6317,-76.00,16,106,-44.96,179.20,7.50,10.00,6,8,0.07,0.11,0.17,0.20,0.00,0.02,0,0,
1746813171041,17,208,220,793.00,209.86,223.79,1815,6133,-76.00,6,106,-44.96,179.20,8.00,12.00,6,6,0.07,0.07,0.17,0.20,0.00,0.02,0,0,
1746813172041,17,220,220,187.50,221.94,223.74,2012,6330,-76.57,7,5,-58.79,6.51,17.50,15.00,6,7,0.09,0.05,0.17,0.20,0.00,0.02,0,0,
1746813173041,17,220,220,234.50,221.79,223.78,1387,5929,-76.29,14,106,-45.24,178.74,7.50,10.00,6,12,0.07,0.02,0.17,0.20,0.00,0.02,0,0,
1746813174041,17,220,220,941.00,233.76,223.22,1236,7339,-76.50,8,105,-45.50,176.55,8.00,13.00,5,10,0.08,0.09,0.17,0.20,0.00,0.02,0,0,
1746813175041,17,220,208,1557.75,245.98,211.39,2165,5254,-76.50,8,5,-58.72,6.51,17.50,14.00,7,3,0.14,0.18,0.17,0.21,0.00,0.02,0,0,
1746813176041,17,220,220,1495.67,223.30,223.34,5484,6027,-76.00,7,5,-58.22,6.53,19.50,11.00,3,1,0.10,0.07,0.17,0.20,0.00,0.02,0,0,
1746813177041,17,208,220,1726.20,211.89,223.32,6543,5926,-76.00,12,5,-58.22,6.53,17.50,16.00,6,0,0.04,0.14,0.17,0.20,0.00,0.02,0,0,
1746813178041,,,,,,,,,,,,,,,,,,,,,,,,,,
1746813179041,,,,,,,,,,,,,,,,,,,,,,,,,,
1746813180041,17,220,220,1050.00,222.28,223.49,2564,5576,-76.00,5,62,-47.28,99.65,20.00,13.00,3,4,0.13,0.12,0.17,0.20,0.00,0.02,0,0,
1746813181041,17,220,208,1437.25,222.42,211.03,2848,5262,-76.00,12,5,-58.22,6.53,17.00,13.00,3,4,0.05,0.07,0.17,0.20,0.00,0.02,0,0,
1746813182041,17,220,220,1727.25,235.05,223.46,4536,5743,-76.00,16,106,-44.96,179.20,18.50,14.00,8,0,0.15,0.18,0.17,0.20,0.00,0.02,0,0,
1746813183041,17,208,220,1692.20,212.03,223.78,6914,5285,-76.00,16,5,-58.22,6.53,17.00,14.00,6,0,0.08,0.07,0.17,0.20,0.00,0.02,0,0,
1746813184041,17,220,220,652.25,223.40,223.73,5278,4855,-76.00,16,106,-44.96,179.20,18.00,11.00,8,5,0.11,0.08,0.17,0.19,0.00,0.02,0,0,
1746813185041,17,220,220,259.00,222.10,223.74,2154,5186,-76.00,16,5,-58.22,6.53,16.50,13.00,6,9,0.08,0.03,0.17,0.19,0.00,0.02,0,0,
1746813186041,17,220,220,744.50,233.79,223.48,1430,4938,-76.19,16,27,-51.08,40.27,16.00,13.00,7,7,0.08,0.17,0.17,0.19,0.00,0.02,0,0,
1746813187041,17,220,208,1258.50,222.10,211.65,2219,4575,-76.00,16,5,-58.22,6.53,17.50,14.00,7,5,0.08,0.06,0.17,0.19,0.00,0.02,0,0,
1746813188041,17,220,220,1699.88,227.70,223.46,4361,4507,-76.00,16,106,-44.96,179.20,18.00,12.00,8,0,0.12,0.16,0.17,0.20,0.00,0.02,0,0,
1746813189041,17,208,220,1380.00,212.01,223.77,6909,5066,-76.00,16,5,-58.22,6.53,18.50,16.00,6,0,0.09,0.11,0.17,0.19,0.00,0.02,0,0,
1746813190041,17,220,220,778.00,224.05,223.78,7049,5836,-76.00,16,5,-58.22,6.53,17.50,14.00,7,2,0.08,0.04,0.17,0.19,0.00,0.02,0,0,
1746813191041,17,220,220,389.50,222.10,223.80,2136,5350,-76.00,16,5,-58.22,6.53,19.00,15.00,7,11,0.09,0.02,0.17,0.19,0.00,0.02,0,0,
1746813192041,17,220,208,989.50,221.78,211.53,978,4957,-76.00,16,28,-50.74,41.94,17.00,11.00,7,17,0.11,0.12,0.17,0.19,0.00,0.02,0,0,
1746813193041,17,220,220,897.50,233.76,223.57,1120,5210,-76.00,16,5,-58.22,6.53,18.50,16.00,7,8,0.09,0.20,0.17,0.19,0.00,0.02,0,0,
1746813194041,17,220,220,625.75,222.14,223.62,2313,5738,-76.12,16,5,-58.34,6.52,17.00,11.00,7,4,0.11,0.11,0.17,0.19,0.00,0.02,0,0,
1746813195041,17,208,220,1867.80,211.74,223.57,5839,5381,-76.00,16,5,-58.22,6.53,19.50,18.00,7,0,0.10,0.13,0.17,0.19,0.00,0.02,0,0,
1746813196041,17,220,220,1238.90,224.29,223.66,7482,5075,-76.38,16,106,-45.33,178.60,18.50,11.00,7,0,0.08,0.10,0.17,0.19,0.00,0.02,0,0,
1746813197041,17,220,220,1066.67,224.22,223.82,7280,5876,-76.38,16,5,-58.59,6.52,18.00,16.00,6,0,0.10,0.07,0.17,0.19,0.00,0.02,0,0,
1746813198041,17,220,208,667.00,223.14,211.86,4839,4987,-76.38,16,7,-57.13,9.36,19.00,14.00,8,6,0.07,0.03,0.17,0.19,0.00,0.02,0,0,
1746813199041,17,220,220,807.50,221.74,223.55,1473,4812,-76.00,16,5,-58.22,6.53,18.00,13.00,6,11,0.09,0.01,0.17,0.19,0.00,0.02,0,0,
1746813200041,17,220,220,535.00,221.64,223.73,947,4948,-76.19,16,106,-45.14,178.90,18.50,13.00,8,16,0.11,0.03,0.17,0.19,0.00,0.02,0,0,
1746813201041,17,208,220,52.00,209.63,223.74,630,5065,-76.00,16,5,-58.22,6.53,17.50,16.00,6,21,0.10,0.05,0.17,0.19,0.00,0.02,0,0,
1746813202041,17,220,220,101.00,221.64,223.78,690,4901,-76.00,16,18,-52.66,25.98,13.50,12.00,8,15,0.07,0.16,0.17,0.19,0.00,0.02,0,0,
1746813203041,17,220,220,192.00,221.70,223.74,992,4790,-76.00,16,5,-58.22,6.53,18.00,14.00,6,13,0.10,0.08,0.17,0.19,0.00,0.02,0,0,
1746813204041,17,220,208,494.00,233.76,211.55,1474,4554,-76.00,16,7,-56.76,9.37,17.50,17.00,8,6,0.07,0.20,0.17,0.19,0.00,0.02,0,0,
1746813205041,17,220,208,1156.75,246.52,211.30,3132,4937,-76.19,16,64,-47.33,103.01,19.50,10.00,5,3,0.13,0.23,0.17,0.19,0.00,0.02,0,0,
1746813206041,17,220,232,1537.50,236.09,235.28,7079,6641,-76.06,16,68,-46.95,110.18,19.50,18.00,5,0,0.05,0.18,0.17,0.20,0.00,0.02,0,0,
1746813207041,17,208,208,2064.25,232.66,211.38,7618,4234,-76.06,16,47,-48.55,73.63,20.50,10.00,7,0,0.13,0.21,0.17,0.20,0.00,0.02,0,0,
1746813208041,17,220,232,1292.30,252.66,235.70,8340,5909,-76.12,16,90,-45.79,149.62,18.50,17.00,7,0,0.13,0.16,0.17,0.21,0.00,0.02,0,0,
1746813209041,17,220,220,1237.44,224.17,223.73,7208,4824,-76.38,16,106,-45.33,178.60,18.50,11.00,7,0,0.10,0.11,0.17,0.21,0.00,0.02,0,0,
1746813210041,17,220,220,1170.89,224.37,223.74,7373,5407,-76.25,16,27,-51.14,40.25,15.50,16.00,7,0,0.14,0.06,0.17,0.21,0.00,0.02,0,0,
1746813211041,17,220,208,532.00,222.72,211.65,3509,5555,-76.25,16,5,-58.47,6.52,17.50,13.00,7,8,0.11,0.02,0.17,0.21,0.00,0.02,0,0,
1746813212041,17,220,220,277.00,233.89,223.66,1307,5542,-76.00,16,5,-58.22,6.53,18.00,13.00,7,15,0.11,0.02,0.17,0.20,0.00,0.02,0,0,
1746813213041,17,208,220,225.00,209.78,223.77,687,5479,-76.12,16,5,-58.34,6.52,18.50,12.00,7,22,0.11,0.02,0.17,0.21,0.00,0.02,0,0,
1746813214041,17,220,220,283.50,221.83,223.88,636,6263,-76.31,16,5,-58.53,6.52,17.50,16.00,7,21,0.10,0.11,0.17,0.21,0.00,0.02,0,0,
1746813215041,17,220,220,294.00,233.74,223.70,647,5426,-76.06,16,5,-58.28,6.53,18.50,13.00,7,20,0.11,0.06,0.17,0.21,0.00,0.02,0,0,
1746813216041,17,220,220,445.50,221.82,223.73,698,5919,-76.06,16,27,-50.96,40.30,15.00,17.00,7,18,0.11,0.10,0.17,0.21,0.00,0.02,0,0,
1746813217041,17,220,208,317.50,221.76,211.76,790,5956,-76.44,16,5,-58.66,6.52,18.50,12.00,6,18,0.14,0.08,0.17,0.21,0.00,0.02,0,0,
1746813218041,17,220,220,936.00,221.64,223.73,747,5249,-76.00,16,5,-58.22,6.53,18.50,17.00,6,17,0.05,0.07,0.17,0.21,0.00,0.02,0,0,
1746813219041,17,208,220,94.00,221.82,223.88,828,6774,-76.25,16,106,-45.21,178.80,13.00,15.00,7,19,0.13,0.04,0.17,0.21,0.00,0.02,0,0,
1746813220041,17,220,220,188.50,221.71,223.46,751,6240,-76.25,16,69,-47.07,111.78,13.00,16.00,5,18,0.08,0.07,0.17,0.21,0.00,0.02,0,0,
1746813221041,17,220,220,225.50,221.71,223.50,779,6490,-76.50,16,5,-58.72,6.51,17.00,13.00,7,16,0.10,0.06,0.17,0.21,0.00,0.02,0,0,
1746813222041,17,220,220,292.00,221.81,223.74,783,6000,-76.06,16,56,-47.79,89.13,14.50,17.00,6,16,0.13,0.05,0.17,0.21,0.00,0.02,0,0,
1746813223041,17,220,208,404.00,221.62,211.69,851,4968,-76.19,16,5,-58.41,6.52,17.50,13.00,7,15,0.05,0.07,0.17,0.21,0.00,0.02,0,0,
1746813224041,17,220,220,855.50,221.70,223.49,942,4950,-76.38,16,68,-47.26,109.90,13.50,19.00,5,13,0.17,0.06,0.17,0.21,0.00,0.02,0,0,
1746813225041,17,208,220,1712.00,209.73,223.98,945,7935,-76.38,16,15,-53.82,21.29,14.50,13.00,4,15,0.07,0.10,0.17,0.21,0.00,0.02,0,0,
1746813226041,17,220,220,217.00,221.71,223.66,891,6368,-76.25,16,90,-45.92,149.46,13.00,17.00,7,14,0.09,0.06,0.17,0.21,0.00,0.02,0,0,
1746813227041,17,220,220,263.50,221.81,223.74,832,6191,-76.25,16,106,-45.21,178.80,13.00,16.00,7,18,0.12,0.06,0.17,0.21,0.00,0.02,0,0,
1746813228041,17,220,220,119.50,221.71,223.74,819,5973,-76.19,16,56,-47.91,89.05,14.50,13.00,6,17,0.08,0.08,0.17,0.21,0.00,0.02,0,0,
1746813229041,17,220,208,295.50,221.71,211.69,868,6000,-76.19,16,5,-58.41,6.52,19.00,19.00,7,15,0.10,0.08,0.17,0.21,0.00,0.02,0,0,
1746813230041,17,220,220,892.00,221.81,223.80,774,6693,-76.19,16,106,-45.14,178.90,12.00,13.00,7,17,0.12,0.04,0.17,0.21,0.00,0.02,0,0,
1746813231041,17,208,220,1563.00,209.70,223.74,725,6021,-76.19,16,5,-58.41,6.52,19.50,16.00,6,20,0.09,0.06,0.17,0.21,0.00,0.02,0,0,
1746813232041,17,220,220,313.50,221.71,223.78,631,5867,-76.00,16,90,-45.67,149.78,13.50,16.00,7,20,0.06,0.07,0.17,0.21,0.00,0.02,0,0,
1746813233041,17,220,220,380.00,221.78,223.82,660,6109,-76.00,16,5,-58.22,6.53,18.50,16.00,6,22,0.12,0.08,0.17,0.21,0.00,0.02,0,0,
1746813234041,17,220,220,289.00,221.64,223.81,684,5233,-76.00,16,27,-50.89,40.32,16.00,15.00,7,17,0.05,0.13,0.17,0.21,0.00,0.02,0,0,
1746813235041,17,220,208,144.50,221.76,211.65,854,5024,-76.00,16,5,-58.22,6.53,18.50,14.00,7,17,0.10,0.09,0.17,0.21,0.00,0.02,0,0,
1746813236041,17,220,220,727.50,221.71,223.66,789,5219,-76.00,16,5,-58.22,6.53,17.50,18.00,7,16,0.06,0.07,0.17,0.21,0.00,0.02,0,0,
1746813237041,17,208,220,1584.00,209.70,223.74,790,5219,-76.19,16,5,-58.41,6.52,17.00,11.00,7,16,0.09,0.07,0.17,0.21,0.00,0.02,0,0,
1746813238041,17,220,220,212.50,221.71,223.74,789,5308,-76.00,11,5,-58.22,6.53,18.00,15.00,6,16,0.16,0.06,0.17,0.21,0.00,0.02,0,0,
1746813239041,17,220,220,222.00,221.64,223.26,829,6722,-76.00,11,5,-58.22,6.53,18.50,15.00,5,16,0.07,0.05,0.17,0.21,0.00,0.02,0,0,
1746813240041,17,220,220,389.50,221.68,223.65,774,5469,-76.00,12,56,-47.73,89.18,9.50,11.00,6,16,0.15,0.09,0.17,0.21,0.00,0.02,0,0,
1746813241041,17,220,208,217.00,221.64,211.76,872,6971,-76.00,9,5,-58.22,6.53,16.50,10.00,4,14,0.08,0.21,0.17,0.21,0.00,0.02,0,0,
1746813242041,17,220,220,576.00,221.76,223.72,1369,6456,-76.00,7,106,-44.96,179.20,9.00,12.00,7,9,0.10,0.09,0.17,0.21,0.00,0.02,0,0,
1746813243041,17,208,220,1279.00,209.78,223.70,1340,5622,-76.00,7,5,-58.22,6.53,18.00,14.00,6,8,0.09,0.08,0.17,0.21,0.00,0.02,0,0,
1746813244041,17,220,220,449.33,221.87,223.78,1548,6063,-76.00,10,90,-45.67,149.78,13.00,13.00,7,13,0.09,0.03,0.17,0.21,0.00,0.02,0,0,
1746813245041,17,220,220,90.50,221.76,223.74,915,6130,-76.00,16,5,-58.22,6.53,18.00,13.00,6,17,0.10,0.06,0.17,0.21,0.00,0.02,0,0,
1746813246041,17,220,208,274.50,221.73,220.48,784,5860,-76.00,16,27,-50.89,40.32,16.00,12.00,7,16,0.09,0.07,0.17,0.21,0.00,0.02,0,0,
1746813247041,17,220,220,369.00,221.81,215.05,788,6403,-76.12,16,5,-58.34,6.52,19.00,17.00,7,16,0.14,0.05,0.17,0.21,0.00,0.02,0,0,
1746813248041,17,220,220,706.00,221.66,223.50,869,5171,-76.12,16,5,-58.34,6.52,18.00,10.00,6,14,0.07,0.20,0.17,0.21,0.00,0.02,0,0,
1746813249041,17,208,220,1185.00,209.85,223.88,1222,5794,-76.19,16,5,-58.41,6.52,17.50,16.00,7,10,0.12,0.09,0.17,0.21,0.00,0.02,0,0,
1746813250041,17,220,220,470.33,221.86,223.74,1359,5416,-76.12,16,106,-45.08,179.00,20.00,16.00,7,14,0.09,0.03,0.17,0.21,0.00,0.02,0,0,
1746813251041,17,220,220,289.50,221.83,223.74,730,6551,-76.06,16,5,-58.28,6.53,18.00,13.00,7,21,0.14,0.04,0.17,0.21,0.00,0.02,0,0,
1746813252041,17,220,220,60.00,221.81,223.92,625,5885,-76.06,16,56,-47.79,89.13,22.00,15.00,6,19,0.16,0.13,0.17,0.21,0.00,0.02,0,0,
1746813253041,17,220,208,197.50,221.66,211.70,752,4979,-76.00,16,5,-58.22,6.53,17.50,16.00,6,18,0.06,0.10,0.17,0.21,0.00,0.02,0,0,
1746813254041,17,220,220,545.00,221.64,223.73,871,4746,-76.00,16,5,-58.22,6.53,18.00,16.00,7,16,0.16,0.11,0.17,0.21,0.00,0.02,0,0,
1746813255041,17,208,220,1009.00,209.70,223.86,720,5670,-76.12,16,5,-58.34,6.52,19.00,14.00,7,15,0.09,0.07,0.17,0.21,0.00,0.02,0,0,
1746813256041,17,220,220,257.00,221.76,223.74,901,5646,-76.00,16,5,-58.22,6.53,17.50,14.00,7,16,0.12,0.06,0.17,0.21,0.00,0.02,0,0,
1746813257041,17,220,220,317.67,221.78,223.70,849,5020,-76.00,16,5,-58.22,6.53,17.00,14.00,7,16,0.11,0.09,0.17,0.21,0.00,0.02,0,0,
1746813258041,17,220,220,359.50,221.81,223.88,898,6512,-76.00,16,56,-47.73,89.18,22.50,16.00,6,16,0.15,0.07,0.17,0.21,0.00,0.02,0,0,
1746813259041,17,220,208,300.00,233.66,211.42,1016,4934,-76.00,16,5,-58.22,6.53,18.00,16.00,6,11,0.06,0.14,0.17,0.21,0.00,0.02,0,0,
1746813260041,17,220,220,447.50,221.86,223.80,1241,5939,-76.06,16,27,-50.96,40.30,16.00,14.00,7,11,0.09,0.10,0.17,0.21,0.00,0.02,0,0,
1746813261041,17,208,220,946.00,209.74,223.64,1258,5597,-76.06,16,90,-45.73,149.70,20.50,17.00,7,10,0.07,0.06,0.17,0.21,0.00,0.02,0,0,
1746813262041,17,220,220,180.33,245.95,223.58,1426,5422,-76.12,16,5,-58.34,6.52,15.50,10.00,7,10,0.07,0.27,0.17,0.21,0.00,0.02,0,0,
1746813263041,17,220,220,872.80,222.32,223.90,2426,5703,-76.19,16,5,-58.41,6.52,17.50,16.00,7,3,0.12,0.13,0.17,0.21,0.00,0.02,0,0,
1746813264041,17,220,208,1239.70,235.22,220.26,4935,5876,-76.19,16,27,-51.08,40.27,16.00,15.00,7,0,0.11,0.19,0.17,0.21,0.00,0.02,0,0,
1746813265041,17,220,220,1416.00,224.30,215.09,7358,5844,-76.25,16,5,-58.47,6.52,17.50,10.00,7,0,0.13,0.07,0.17,0.21,0.00,0.02,0,0,
1746813266041,17,220,220,1198.25,236.35,223.54,7693,4784,-76.25,16,27,-51.14,40.25,15.00,16.00,7,0,0.09,0.14,0.17,0.22,0.00,0.02,0,0,
1746813267041,17,208,208,3132.83,257.39,211.16,8530,4584,-76.06,16,5,-58.28,6.53,16.50,10.00,6,0,0.08,0.36,0.17,0.24,0.00,0.02,0,0,
1746813268041,17,220,232,1868.00,227.91,235.88,7327,5672,-76.19,16,106,-45.14,178.90,19.50,15.00,7,0,0.07,0.17,0.17,0.23,0.00,0.02,0,0,
1746813269041,17,220,220,1533.33,224.30,223.68,7302,5800,-76.25,16,28,-50.99,41.87,16.00,10.00,7,0,0.05,0.19,0.17,0.24,0.00,0.02,0,0,
1746813270041,17,220,220,1094.70,224.29,223.77,7421,5066,-76.25,16,27,-51.14,40.25,15.50,14.00,7,0,0.13,0.11,0.17,0.23,0.00,0.02,0,0,
1746813271041,17,220,208,1263.30,224.20,211.58,7409,4987,-76.25,16,5,-58.47,6.52,17.50,11.00,7,0,0.06,0.09,0.17,0.23,0.00,0.02,0,0,
1746813272041,17,220,220,634.75,223.68,223.66,5913,5219,-76.00,16,5,-58.22,6.53,18.50,17.00,7,4,0.06,0.04,0.17,0.23,0.00,0.02,0,0,
1746813273041,17,208,220,546.00,221.91,223.74,1604,5469,-76.00,16,5,-58.22,6.53,18.50,14.00,7,13,0.06,0.03,0.17,0.23,0.00,0.02,0,0,
1746813274041,17,220,220,850.00,233.88,223.74,865,6675,-76.00,16,27,-50.89,40.32,16.00,16.00,7,21,0.11,0.04,0.17,0.23,0.00,0.02,0,0,
1746813275041,17,220,220,238.50,245.73,223.61,781,5222,-76.00,16,5,-58.22,6.53,19.00,18.00,6,16,0.06,0.20,0.17,0.23,0.00,0.02,0,0,
1746813276041,17,220,208,126.00,221.68,211.80,1173,4909,-76.06,16,7,-56.82,9.37,17.00,12.00,8,8,0.13,0.18,0.17,0.23,0.00,0.02,0,0,
1746813277041,17,220,220,86.50,221.72,223.59,1934,4881,-76.06,16,5,-58.28,6.53,18.50,13.00,6,6,0.07,0.06,0.17,0.23,0.00,0.02,0,0,
1746813278041,17,220,220,246.50,221.80,223.71,1643,4809,-76.00,16,106,-44.96,179.20,20.00,10.00,8,10,0.13,0.06,0.17,0.23,0.00,0.02,0,0,
1746813279041,17,208,220,407.00,209.71,223.78,1122,5392,-76.00,16,5,-58.22,6.53,17.50,11.00,6,16,0.07,0.05,0.17,0.23,0.00,0.02,0,0,
1746813280041,17,220,220,913.00,221.70,223.69,911,5120,-76.00,16,106,-44.96,179.20,20.00,13.00,7,14,0.16,0.12,0.18,0.23,0.00,0.02,0,0,
1746813281041,17,220,220,803.33,221.74,223.26,1183,6743,-76.00,16,68,-46.88,110.23,21.50,13.00,5,12,0.07,0.05,0.17,0.23,0.00,0.02,0,0,
1746813282041,17,220,208,246.50,221.66,211.66,958,5320,-76.00,16,7,-56.76,9.37,18.00,15.00,8,13,0.13,0.05,0.17,0.23,0.00,0.02,0,0,
1746813283041,17,220,220,498.00,221.66,223.59,1062,5320,-76.38,16,5,-58.59,6.52,17.00,12.00,6,14,0.08,0.05,0.17,0.23,0.00,0.02,0,0,
1746813284041,17,220,220,186.50,221.74,223.86,834,5565,-76.38,16,27,-51.27,40.22,15.00,13.00,7,16,0.07,0.07,0.17,0.23,0.00,0.02,0,0,
1746813285041,17,208,220,246.00,209.73,223.74,920,5621,-76.00,16,5,-58.22,6.53,18.50,13.00,7,15,0.12,0.08,0.17,0.23,0.00,0.02,0,0,
1746813286041,17,220,220,866.50,233.83,223.69,901,5643,-76.00,16,5,-58.22,6.53,18.50,18.00,7,15,0.10,0.08,0.17,0.23,0.00,0.02,0,0,
1746813287041,17,220,208,848.00,221.78,220.44,979,5852,-76.12,16,5,-58.34,6.52,18.50,14.00,7,15,0.09,0.09,0.17,0.23,0.00,0.02,0,0,
1746813288041,17,220,232,306.50,221.76,227.05,916,6096,-76.00,16,27,-50.89,40.32,16.50,14.00,7,15,0.08,0.09,0.17,0.23,0.00,0.02,0,0,
1746813289041,17,220,208,333.50,221.71,211.76,882,5467,-76.00,16,5,-58.22,6.53,18.50,16.00,7,15,0.10,0.06,0.18,0.23,0.00,0.02,0,0,
1746813290041,17,220,220,409.00,221.73,223.53,991,4995,-76.00,16,5,-58.22,6.53,18.00,15.00,7,12,0.07,0.15,0.17,0.23,0.00,0.02,0,0,
1746813291041,17,208,220,108.00,209.74,223.74,1079,5861,-76.00,16,90,-45.67,149.78,20.50,16.00,7,12,0.10,0.06,0.17,0.23,0.00,0.02,0,0,
1746813292041,17,220,220,645.00,221.82,223.74,938,5567,-76.00,16,27,-50.89,40.32,16.00,15.00,7,20,0.12,0.05,0.18,0.23,0.00,0.02,0,0,
1746813293041,17,220,208,784.50,233.72,220.32,710,5375,-76.00,16,5,-58.22,6.53,17.50,12.00,7,16,0.10,0.17,0.18,0.23,0.00,0.02,0,0,
1746813294041,17,220,220,163.50,221.82,223.77,1114,5417,-76.00,16,27,-50.89,40.32,16.00,16.00,7,12,0.11,0.09,0.18,0.23,0.00,0.02,0,0,
1746813295041,17,220,220,375.50,257.90,214.60,1561,5137,-76.00,16,5,-58.22,6.53,17.50,15.00,7,7,0.09,0.29,0.18,0.23,0.00,0.02,0,0,
1746813296041,17,220,220,728.17,221.79,223.66,4219,6047,-76.12,16,5,-58.34,6.52,18.00,14.00,7,1,0.13,0.11,0.18,0.23,0.00,0.02,0,0,
1746813297041,17,208,220,759.25,281.92,223.21,8389,4969,-76.00,16,5,-58.22,6.53,17.50,13.00,7,0,0.05,0.38,0.17,0.25,0.00,0.03,0,0,
1746813298041,17,220,220,2009.75,224.25,223.88,7228,6201,-76.00,16,5,-58.22,6.53,17.50,11.00,7,0,0.09,0.15,0.18,0.25,0.00,0.03,0,0,
1746813299041,17,220,208,1742.25,224.33,220.44,7239,6698,-76.00,16,5,-58.22,6.53,17.50,13.00,7,0,0.11,0.06,0.18,0.25,0.00,0.03,0,0,
1746813300041,17,220,220,457.00,222.89,223.88,3939,6292,-76.00,16,27,-50.89,40.32,16.00,14.00,7,8,0.14,0.02,0.18,0.25,0.00,0.03,0,0,
1746813301041,17,220,220,271.33,270.04,214.61,1500,5596,-76.00,16,56,-47.73,89.18,22.00,10.00,7,12,0.11,0.20,0.18,0.25,0.00,0.03,0,0,
1746813302041,17,220,220,417.25,234.10,223.58,1775,6162,-76.06,16,27,-50.96,40.30,15.00,14.00,7,5,0.14,0.13,0.18,0.25,0.00,0.03,0,0,
1746813303041,17,208,220,1091.00,234.54,223.48,2667,5173,-76.06,16,103,-45.14,173.55,20.00,10.00,6,3,0.07,0.26,0.18,0.25,0.00,0.03,0,0,
1746813304041,17,220,220,1795.12,236.02,223.62,6821,5223,-75.94,16,27,-50.83,40.34,15.50,13.00,7,0,0.08,0.18,0.18,0.25,0.00,0.03,0,0,
1746813305041,17,220,220,1960.00,236.32,223.50,7578,5271,-76.38,16,5,-58.59,6.52,17.50,12.00,7,0,0.07,0.17,0.18,0.25,0.00,0.03,0,0,
1746813306041,17,220,208,1695.56,224.19,211.57,7288,5001,-76.38,16,5,-58.59,6.52,17.50,10.00,7,0,0.12,0.07,0.18,0.25,0.00,0.03,0,0,
1746813307041,17,220,220,1826.44,260.77,223.25,8285,5155,-76.38,16,5,-58.59,6.52,17.50,15.00,7,0,0.07,0.25,0.18,0.27,0.00,0.03,0,0,
1746813308041,17,220,220,886.43,217.11,223.78,7156,6118,-76.00,16,5,-58.22,6.53,18.50,12.00,6,0,0.16,0.10,0.18,0.26,0.00,0.03,0,0,
1746813309041,17,208,220,1003.75,255.80,223.46,8266,5171,-76.25,16,5,-58.47,6.52,19.00,15.00,6,0,0.06,0.21,0.18,0.27,0.00,0.03,0,0,
1746813310041,17,220,220,1691.38,224.29,223.88,7230,5464,-76.19,16,28,-50.92,41.89,22.00,11.00,7,0,0.13,0.09,0.18,0.27,0.00,0.03,0,0,
1746813311041,17,220,220,1897.75,260.93,223.17,8563,4907,-76.12,16,5,-58.34,6.52,20.50,19.00,7,0,0.09,0.28,0.18,0.29,0.00,0.03,0,0,
1746813312041,17,220,220,1618.22,224.26,223.74,7295,5629,-76.12,16,28,-50.86,41.91,17.50,10.00,7,0,0.12,0.31,0.18,0.29,0.00,0.03,0,0,
1746813313041,17,220,208,1748.22,248.68,211.52,8190,4619,-76.19,16,5,-58.41,6.52,20.00,19.00,7,0,0.10,0.26,0.18,0.30,0.00,0.04,0,0,
1746813314041,17,220,220,1051.00,276.69,223.02,9083,4705,-76.44,16,5,-58.66,6.52,17.00,13.00,6,0,0.08,0.45,0.18,0.32,0.00,0.04,0,0,
1746813315041,17,208,220,828.75,219.29,223.78,7076,5847,-76.31,16,90,-45.98,149.38,21.00,14.00,7,0,0.11,0.17,0.18,0.31,0.00,0.04,0,0,
1746813316041,17,220,220,1640.75,297.81,223.23,9671,4650,-76.31,16,27,-51.21,40.24,15.50,18.00,7,0,0.08,0.32,0.18,0.33,0.00,0.04,0,0,
1746813317041,17,220,208,2033.00,236.48,211.41,7717,5058,-76.06,16,5,-58.28,6.53,16.00,10.00,6,0,0.10,0.22,0.18,0.34,0.00,0.04,0,0,
1746813318041,17,220,220,1422.44,310.51,223.43,10180,5053,-76.19,16,5,-58.41,6.52,19.50,19.00,7,0,0.07,0.32,0.17,0.35,0.00,0.05,0,0,
1746813319041,17,220,208,1584.56,339.62,231.58,11120,5093,-76.56,16,106,-45.52,178.30,20.00,10.00,7,0,0.06,0.52,0.17,0.38,0.00,0.05,0,0,
1746813320041,17,220,232,936.00,217.10,215.06,7214,6070,-76.12,16,5,-58.34,6.52,18.50,18.00,7,0,0.13,0.23,0.18,0.38,0.00,0.05,0,0,
1746813321041,17,208,220,1365.80,292.82,223.13,9528,4818,-76.12,16,90,-45.79,149.62,20.50,16.00,7,0,0.07,0.46,0.18,0.40,0.00,0.05,0,0,
1746813322041,17,220,220,1936.38,224.21,223.74,7280,5299,-76.06,16,5,-58.28,6.53,17.50,10.00,7,0,0.11,0.18,0.18,0.39,0.00,0.05,0,0,
1746813323041,17,220,208,1649.50,248.83,220.29,8218,6080,-76.25,16,5,-58.47,6.52,18.50,17.00,7,0,0.12,0.35,0.18,0.40,0.00,0.05,0,0,
1746813324041,17,220,220,3237.88,297.76,214.44,9788,4469,-76.31,16,47,-48.80,73.50,21.50,11.00,7,0,0.08,0.39,0.18,0.42,0.00,0.06,0,0,
1746813325041,17,220,220,1861.22,248.82,223.48,8151,5335,-76.31,16,5,-58.53,6.52,18.50,17.00,7,0,0.14,0.29,0.18,0.42,0.00,0.06,0,0,
1746813326041,17,220,220,806.29,253.70,223.35,8419,5318,-76.25,16,68,-47.13,110.01,21.50,14.00,5,0,0.07,0.37,0.18,0.43,0.00,0.06,0,0,
1746813327041,17,208,220,1157.20,219.30,223.54,7139,6104,-75.94,16,5,-58.16,6.53,17.50,13.00,7,0,0.07,0.14,0.17,0.42,0.00,0.06,0,0,
1746813328041,17,220,220,1693.25,224.33,223.74,7305,5949,-76.31,16,5,-58.53,6.52,18.00,15.00,7,0,0.09,0.06,0.17,0.42,0.00,0.06,0,0,
1746813329041,17,220,208,1209.50,222.62,220.58,3245,6010,-76.00,16,5,-58.22,6.53,19.00,17.00,7,9,0.09,0.02,0.17,0.42,0.00,0.06,0,0,
1746813330041,17,220,220,858.00,221.80,215.07,1099,5690,-76.00,16,5,-58.22,6.53,18.00,15.00,7,18,0.15,0.01,0.18,0.42,0.00,0.06,0,0,
1746813331041,17,220,220,1075.50,221.66,223.62,686,5168,-76.19,16,5,-58.41,6.52,17.00,13.00,6,22,0.07,0.07,0.17,0.42,0.00,0.06,0,0,
1746813332041,17,220,220,105.00,221.64,223.73,600,4794,-76.00,16,106,-44.96,179.20,20.00,15.00,8,20,0.13,0.11,0.18,0.42,0.00,0.06,0,0,
1746813333041,17,208,220,83.00,209.63,223.78,605,5383,-76.06,16,5,-58.28,6.53,18.50,16.00,6,20,0.07,0.08,0.18,0.42,0.00,0.06,0,0,
1746813334041,17,220,220,737.50,233.81,223.78,708,6019,-76.00,16,5,-58.22,6.53,18.00,14.00,7,19,0.10,0.07,0.18,0.42,0.00,0.06,0,0,
1746813335041,17,220,220,938.00,221.78,223.88,769,6037,-76.00,16,5,-58.22,6.53,18.00,15.00,7,18,0.11,0.07,0.18,0.42,0.00,0.06,0,0,
1746813336041,17,220,208,891.00,233.86,211.90,765,6057,-76.00,16,5,-58.22,6.53,18.00,15.00,7,21,0.09,0.04,0.18,0.42,0.00,0.06,0,0,
1746813337041,17,220,220,964.50,233.79,223.54,712,5787,-76.00,16,5,-58.22,6.53,19.00,17.00,7,20,0.11,0.12,0.18,0.42,0.00,0.06,0,0,
1746813338041,17,220,220,209.00,221.76,223.72,700,5445,-76.31,16,5,-58.53,6.52,17.50,16.00,7,19,0.08,0.11,0.18,0.42,0.00,0.06,0,0,
1746813339041,17,208,220,462.00,209.75,223.92,726,5771,-76.31,16,90,-45.98,149.38,20.50,14.00,7,18,0.12,0.09,0.18,0.42,0.00,0.06,0,0,
1746813340041,17,220,220,610.50,250.43,223.43,935,4998,-76.12,16,27,-51.02,40.29,15.50,17.00,7,13,0.10,0.25,0.18,0.42,0.00,0.06,0,0,
1746813341041,17,220,208,772.50,221.86,220.44,1433,5656,-76.06,16,5,-58.28,6.53,18.50,15.00,7,8,0.09,0.10,0.18,0.42,0.00,0.06,0,0,
1746813342041,17,220,220,712.50,221.78,214.98,1637,5644,-76.00,16,5,-58.22,6.53,19.00,18.00,7,7,0.10,0.05,0.18,0.42,0.00,0.06,0,0,
1746813343041,17,220,220,1040.75,238.55,223.46,1875,4664,-76.31,16,5,-58.53,6.52,17.50,13.00,6,4,0.08,0.24,0.18,0.42,0.00,0.06,0,0,
1746813344041,17,220,220,1094.60,211.67,223.92,5803,5383,-76.31,16,27,-51.21,40.24,15.50,19.00,7,0,0.13,0.10,0.18,0.42,0.00,0.06,0,0,
1746813345041,17,208,220,1221.20,224.14,223.66,7273,5195,-76.44,16,5,-58.66,6.52,19.50,15.00,6,0,0.07,0.11,0.18,0.41,0.00,0.06,0,0,
1746813346041,17,220,220,1242.00,224.10,223.78,6858,5818,-76.06,16,27,-50.96,40.30,15.00,15.00,7,2,0.12,0.04,0.18,0.41,0.00,0.06,0,0,
1746813347041,17,220,220,648.50,222.06,223.74,2178,5870,-76.00,16,5,-58.22,6.53,18.50,16.00,7,9,0.09,0.03,0.18,0.41,0.00,0.06,0,0,
1746813348041,17,220,208,844.50,221.78,211.77,1098,5010,-76.00,16,5,-58.22,6.53,18.00,13.00,7,16,0.10,0.04,0.18,0.41,0.00,0.06,0,0,
1746813349041,17,220,220,667.50,221.76,223.54,900,5377,-76.06,16,5,-58.28,6.53,18.00,17.00,7,16,0.11,0.05,0.18,0.41,0.00,0.06,0,0,
1746813350041,17,208,220,49.00,233.83,223.74,811,6452,-76.12,16,5,-58.34,6.52,17.00,10.00,7,16,0.12,0.17,0.18,0.41,0.00,0.06,0,0,
1746813351041,17,220,220,183.00,221.78,223.78,1107,6157,-76.06,16,5,-58.28,6.53,18.00,15.00,6,11,0.12,0.10,0.18,0.41,0.00,0.06,0,0,
1746813352041,17,220,220,627.50,269.94,223.38,1665,5147,-76.19,16,5,-58.41,6.52,17.00,10.00,6,8,0.06,0.34,0.18,0.41,0.00,0.06,0,0,
1746813353041,17,220,220,1276.75,222.76,223.74,3690,5580,-76.19,16,5,-58.41,6.52,16.50,10.00,7,0,0.14,0.14,0.18,0.41,0.00,0.06,0,0,
1746813354041,17,220,208,1959.38,236.60,211.85,7659,6460,-76.44,16,5,-58.66,6.52,17.50,14.00,7,0,0.14,0.11,0.18,0.41,0.00,0.06,0,0,
1746813355041,17,220,220,2208.38,236.49,223.38,7706,5135,-76.25,16,103,-45.33,173.26,20.50,11.00,6,0,0.07,0.19,0.18,0.41,0.00,0.06,0,0,
1746813356041,17,208,220,1489.60,212.07,223.59,7053,4795,-76.12,16,27,-51.02,40.29,15.00,15.00,7,0,0.06,0.21,0.18,0.41,0.00,0.06,0,0,
1746813357041,17,220,220,3969.25,261.02,223.42,8449,5584,-76.12,16,47,-48.61,73.60,21.50,10.00,7,0,0.09,0.32,0.18,0.42,0.00,0.06,0,0,
1746813358041,17,220,220,1264.11,236.54,223.73,7794,6147,-76.19,16,5,-58.41,6.52,17.50,15.00,6,0,0.16,0.18,0.18,0.42,0.00,0.06,0,0,
1746813359041,17,220,220,1316.00,236.37,223.49,7629,5020,-76.00,16,5,-58.22,6.53,18.50,16.00,6,0,0.06,0.20,0.18,0.42,0.00,0.06,0,0,
1746813360041,17,220,220,2841.67,236.54,223.48,7730,5379,-76.38,16,76,-46.78,124.09,21.50,10.00,7,0,0.12,0.21,0.18,0.42,0.00,0.06,0,0,
1746813361041,17,220,208,1995.62,248.50,211.36,7938,5680,-76.12,16,27,-51.02,40.29,15.00,17.00,7,0,0.15,0.26,0.18,0.43,0.00,0.06,0,0,
1746813362041,17,208,220,1670.60,248.68,223.36,8137,5123,-76.12,16,5,-58.34,6.52,17.50,10.00,6,0,0.08,0.34,0.18,0.43,0.00,0.06,0,0,
1746813363041,17,220,220,1467.20,224.22,223.74,7293,6035,-76.25,16,90,-45.92,149.46,21.00,15.00,7,0,0.11,0.19,0.18,0.43,0.00,0.06,0,0,
1746813364041,17,220,220,1132.00,236.62,223.74,7797,6055,-76.50,16,27,-51.39,40.19,15.50,14.00,7,0,0.11,0.18,0.18,0.43,0.00,0.06,0,0,
1746813365041,17,220,220,1230.75,224.22,223.74,7293,5786,-76.38,16,5,-58.59,6.52,16.50,10.00,6,0,0.09,0.07,0.18,0.43,0.00,0.06,0,0,
1746813366041,17,220,208,1682.38,260.99,211.42,8371,5016,-76.25,16,5,-58.47,6.52,18.50,17.00,7,0,0.11,0.21,0.18,0.44,0.00,0.06,0,0,
1746813367041,17,220,220,1787.75,224.15,223.38,7215,5123,-76.25,16,5,-58.47,6.52,17.00,10.00,6,0,0.09,0.14,0.18,0.43,0.00,0.06,0,0,
1746813368041,17,208,220,1188.20,211.99,223.78,6917,5201,-76.31,16,27,-51.21,40.24,15.50,16.00,7,0,0.05,0.06,0.18,0.43,0.00,0.06,0,0,
1746813369041,17,220,220,1347.80,223.68,223.70,5580,6119,-76.62,16,5,-58.84,6.51,18.50,13.00,7,0,0.14,0.14,0.18,0.43,0.00,0.06,0,0,
1746813370041,17,220,220,1197.44,224.27,223.78,7353,5319,-76.50,16,5,-58.72,6.51,18.50,10.00,6,0,0.08,0.06,0.18,0.43,0.00,0.06,0,0,
1746813371041,17,220,208,581.00,222.79,220.48,3882,5167,-76.50,16,5,-58.72,6.51,18.00,14.00,7,8,0.11,0.02,0.18,0.43,0.00,0.06,0,0,
1746813372041,17,220,220,434.00,221.95,215.02,1132,6125,-76.00,16,5,-58.22,6.53,18.50,15.00,6,17,0.16,0.01,0.18,0.42,0.00,0.06,0,0,
1746813373041,17,220,220,432.50,221.68,223.66,712,4996,-76.06,16,5,-58.28,6.53,19.50,15.00,6,24,0.06,0.11,0.18,0.42,0.00,0.06,0,0,
1746813374041,17,208,220,13.00,209.58,223.58,657,4713,-76.44,16,27,-51.33,40.21,16.00,15.00,7,16,0.17,0.28,0.18,0.43,0.00,0.06,0,0,
1746813375041,17,220,220,98.00,221.74,223.30,1159,6596,-76.25,16,68,-47.13,110.01,22.00,14.00,5,10,0.08,0.12,0.18,0.42,0.00,0.06,0,0,
1746813376041,17,220,220,538.75,233.94,223.41,1837,6413,-76.25,16,27,-51.14,40.25,15.50,17.00,7,4,0.08,0.22,0.18,0.43,0.00,0.06,0,0,
1746813377041,17,220,220,951.17,223.46,223.88,5362,5498,-76.44,16,5,-58.66,6.52,17.50,12.00,6,1,0.12,0.08,0.18,0.42,0.00,0.06,0,0,
1746813378041,17,220,208,1508.33,223.44,211.79,5713,5184,-76.19,16,5,-58.41,6.52,19.00,17.00,7,1,0.05,0.06,0.18,0.42,0.00,0.06,0,0,
1746813379041,17,220,220,1979.62,259.78,223.20,7035,5782,-76.44,16,106,-45.39,178.50,20.00,15.00,7,0,0.10,0.23,0.18,0.43,0.00,0.06,0,0,
1746813380041,17,208,220,1131.25,212.02,223.74,6851,5547,-76.44,16,5,-58.66,6.52,18.50,17.00,6,0,0.10,0.09,0.18,0.42,0.00,0.06,0,0,
1746813381041,17,220,220,1272.33,252.36,223.48,8306,5023,-76.62,16,5,-58.84,6.51,19.50,18.00,7,0,0.08,0.27,0.18,0.43,0.00,0.06,0,0,
1746813382041,17,220,220,1057.44,224.37,223.92,7365,5502,-76.38,16,5,-58.59,6.52,18.50,13.00,6,0,0.15,0.10,0.18,0.43,0.00,0.06,0,0,
1746813383041,17,220,220,1141.67,236.47,223.73,7775,5259,-76.12,16,5,-58.34,6.52,19.00,16.00,6,0,0.05,0.11,0.18,0.43,0.00,0.06,0,0,
1746813384041,17,220,208,1717.38,236.62,211.59,7724,5662,-76.31,16,5,-58.53,6.52,18.50,13.00,7,0,0.09,0.16,0.18,0.42,0.00,0.06,0,0,
1746813385041,17,220,220,1854.12,224.33,223.72,7305,6570,-76.31,16,5,-58.53,6.52,18.50,16.00,6,0,0.12,0.06,0.18,0.42,0.00,0.06,0,0,
1746813386041,17,208,220,1799.75,211.61,223.73,5927,5241,-76.31,16,5,-58.53,6.52,18.50,15.00,6,0,0.05,0.13,0.18,0.42,0.00,0.06,0,0,
1746813387041,17,220,220,1147.50,224.29,223.88,7201,6446,-76.44,16,90,-46.10,149.22,21.00,15.00,7,1,0.13,0.05,0.18,0.42,0.00,0.06,0,0,
1746813388041,17,220,220,622.80,222.86,223.65,3771,5639,-76.12,16,5,-58.34,6.52,19.50,18.00,7,3,0.13,0.08,0.18,0.42,0.00,0.06,0,0,
1746813389041,17,220,220,157.50,222.32,223.74,2722,5867,-76.12,16,5,-58.34,6.52,18.50,16.00,6,8,0.11,0.03,0.18,0.41,0.00,0.06,0,0,
1746813390041,17,220,208,809.00,221.74,211.78,1362,5342,-76.31,16,5,-58.53,6.52,19.00,16.00,7,10,0.07,0.10,0.18,0.41,0.00,0.06,0,0,
1746813391041,17,220,220,941.00,233.85,223.44,1428,5203,-76.19,16,5,-58.41,6.52,17.00,11.00,7,8,0.11,0.24,0.18,0.42,0.00,0.06,0,0,
1746813392041,17,208,220,1123.67,210.62,223.77,3189,6367,-76.12,16,5,-58.34,6.52,17.50,14.00,6,2,0.11,0.13,0.18,0.41,0.00,0.06,0,0,
1746813393041,17,220,220,498.67,223.21,223.78,4695,5526,-76.12,16,5,-58.34,6.52,17.50,13.00,7,2,0.06,0.07,0.18,0.41,0.00,0.06,0,0,
1746813394041,17,220,220,353.50,222.70,223.92,3387,6801,-76.12,16,106,-45.08,179.00,20.00,14.00,7,8,0.13,0.03,0.18,0.41,0.00,0.06,0,0,
1746813395041,17,220,220,241.50,257.90,223.38,1256,5853,-76.00,16,57,-47.65,90.91,22.00,10.00,6,14,0.10,0.22,0.18,0.41,0.00,0.06,0,0,
1746813396041,17,220,208,553.00,221.74,211.79,1335,5064,-76.00,16,5,-58.22,6.53,16.50,10.00,7,8,0.07,0.11,0.18,0.41,0.00,0.06,0,0,
1746813397041,17,220,220,789.50,221.84,223.54,1531,6208,-76.00,16,5,-58.22,6.53,16.50,14.00,6,10,0.13,0.04,0.18,0.41,0.00,0.06,0,0,
1746813398041,17,208,220,35.00,209.65,223.78,964,5250,-76.00,16,5,-58.22,6.53,17.00,13.00,6,18,0.07,0.02,0.18,0.41,0.00,0.06,0,0,
1746813399041,17,220,220,246.00,221.81,223.88,640,6508,-76.00,16,90,-45.67,149.78,20.50,12.00,7,22,0.15,0.12,0.18,0.41,0.00,0.06,0,0,
1746813400041,17,220,220,200.50,221.64,223.78,712,5248,-76.19,16,5,-58.41,6.52,18.50,16.00,6,15,0.07,0.15,0.18,0.41,0.00,0.06,0,0,
1746813401041,17,220,220,295.00,221.76,223.78,923,6119,-76.12,16,5,-58.34,6.52,18.00,12.00,7,13,0.11,0.09,0.18,0.41,0.00,0.06,0,0,
1746813402041,17,220,208,740.50,221.75,211.72,1045,5472,-76.06,16,5,-58.28,6.53,18.50,17.00,6,15,0.15,0.03,0.18,0.41,0.00,0.06,0,0,
1746813403041,17,220,220,617.50,221.64,223.63,764,4986,-76.06,16,5,-58.28,6.53,19.50,14.00,6,18,0.06,0.05,0.18,0.41,0.00,0.06,0,0,
1746813404041,17,208,220,448.00,209.75,223.92,649,6030,-76.31,16,5,-58.53,6.52,17.50,14.00,6,22,0.15,0.10,0.18,0.41,0.00,0.06,0,0,
1746813405041,17,220,220,64.00,221.64,223.78,651,5251,-76.38,16,5,-58.59,6.52,19.50,18.00,6,19,0.06,0.11,0.18,0.41,0.00,0.06,0,0,
1746813406041,17,220,220,153.00,221.76,223.74,673,6212,-76.25,16,27,-51.14,40.25,16.00,13.00,7,19,0.09,0.08,0.18,0.41,0.00,0.06,0,0,
1746813407041,17,220,220,154.00,221.76,223.92,725,5949,-76.19,16,5,-58.41,6.52,17.50,18.00,6,19,0.13,0.08,0.18,0.41,0.00,0.06,0,0,
1746813408041,17,220,208,577.50,221.64,211.77,811,5376,-76.19,16,5,-58.41,6.52,18.50,14.00,7,18,0.05,0.10,0.18,0.41,0.00,0.06,0,0,
1746813409041,17,220,220,541.00,221.78,223.54,738,6423,-76.31,16,5,-58.53,6.52,17.00,16.00,6,18,0.13,0.07,0.18,0.41,0.00,0.06,0,0,
1746813410041,17,208,220,315.00,209.61,223.78,779,5241,-76.31,16,5,-58.53,6.52,19.50,18.00,6,17,0.06,0.06,0.18,0.41,0.00,0.06,0,0,
1746813411041,17,220,220,406.00,221.74,223.74,794,6001,-76.38,16,90,-46.04,149.30,20.50,13.00,7,16,0.07,0.07,0.18,0.41,0.00,0.06,0,0,
1746813412041,17,220,220,255.00,221.86,223.72,797,6249,-76.38,16,27,-51.27,40.22,15.50,16.00,7,19,0.15,0.04,0.18,0.41,0.00,0.06,0,0,
1746813413041,17,220,220,327.00,221.64,223.81,649,5245,-76.00,16,5,-58.22,6.53,19.00,17.00,6,19,0.07,0.07,0.18,0.41,0.00,0.06,0,0,
1746813414041,17,220,208,419.50,221.80,211.81,738,5724,-76.12,16,5,-58.34,6.52,18.00,15.00,7,17,0.13,0.06,0.18,0.41,0.00,0.06,0,0,
1746813415041,17,220,220,671.00,221.74,223.54,707,5777,-76.00,16,5,-58.22,6.53,16.50,13.00,6,20,0.09,0.06,0.18,0.41,0.00,0.06,0,0,
1746813416041,17,208,220,325.00,209.66,223.78,763,5331,-76.00,16,30,-50.44,45.20,17.00,17.00,7,18,0.07,0.09,0.18,0.41,0.00,0.06,0,0,
1746813417041,17,220,220,311.00,221.81,223.90,817,6221,-76.00,16,5,-58.22,6.53,18.00,10.00,7,17,0.13,0.09,0.18,0.41,0.00,0.06,0,0,
1746813418041,17,220,220,260.50,221.81,223.74,864,5748,-76.25,16,5,-58.47,6.52,17.50,12.00,7,17,0.15,0.06,0.18,0.41,0.00,0.06,0,0,
1746813419041,17,220,220,416.00,245.79,223.32,1025,5880,-76.06,16,5,-58.28,6.53,17.50,15.00,6,10,0.15,0.23,0.18,0.41,0.00,0.06,0,0,
1746813420041,17,220,220,955.67,245.84,223.44,1938,5166,-76.06,16,106,-45.02,179.10,20.00,10.00,6,5,0.06,0.28,0.18,0.41,0.00,0.06,0,0,
1746813421041,17,220,208,1132.62,247.78,211.57,5823,5279,-76.06,16,27,-50.96,40.30,15.50,17.00,7,0,0.13,0.19,0.18,0.41,0.00,0.06,0,0,
1746813422041,17,208,220,1754.75,212.08,223.79,6858,5331,-76.00,16,5,-58.22,6.53,18.00,10.00,6,0,0.09,0.21,0.18,0.41,0.00,0.06,0,0,
1746813423041,17,220,220,1990.43,224.27,223.78,7419,5998,-76.00,16,90,-45.67,149.78,21.00,12.00,7,0,0.09,0.09,0.18,0.41,0.00,0.06,0,0,
1746813424041,17,220,220,1040.00,224.27,223.50,7388,6432,-76.00,16,106,-44.96,179.20,20.00,14.00,7,0,0.12,0.26,0.18,0.41,0.00,0.06,0,0,
1746813425041,17,220,220,1384.20,224.32,223.70,7429,5871,-76.00,16,57,-47.65,90.91,22.50,10.00,6,0,0.10,0.10,0.18,0.41,0.00,0.06,0,0,
1746813426041,17,220,208,1207.33,236.26,211.68,7626,5039,-76.00,16,5,-58.22,6.53,16.50,12.00,8,0,0.04,0.13,0.18,0.41,0.00,0.06,0,0,
1746813427041,17,220,208,2402.12,248.60,211.19,8057,4717,-76.00,16,103,-45.08,173.65,20.00,10.00,6,0,0.12,0.20,0.18,0.41,0.00,0.06,0,0,
1746813428041,17,208,232,2470.00,224.30,235.72,7344,5480,-76.00,16,5,-58.22,6.53,17.50,15.00,6,0,0.05,0.16,0.18,0.41,0.00,0.06,0,0,
1746813429041,17,220,220,1866.86,260.96,223.34,8503,4928,-76.00,16,5,-58.22,6.53,16.50,12.00,7,0,0.06,0.23,0.18,0.42,0.00,0.06,0,0,
1746813430041,17,220,208,1430.33,224.34,211.57,7373,6169,-76.00,16,5,-58.22,6.53,17.00,10.00,6,0,0.14,0.10,0.18,0.41,0.00,0.06,0,0,
1746813431041,17,220,232,1116.80,236.43,235.76,7845,5491,-76.00,16,5,-58.22,6.53,17.50,13.00,6,0,0.05,0.13,0.18,0.41,0.00,0.06,0,0,
1746813432041,17,220,208,998.67,224.39,211.82,7375,6165,-76.00,16,5,-58.22,6.53,17.50,14.00,6,0,0.16,0.12,0.18,0.41,0.00,0.06,0,0,
1746813433041,17,220,220,1305.67,224.20,223.58,7409,4973,-76.00,16,5,-58.22,6.53,18.00,13.00,6,0,0.06,0.11,0.18,0.41,0.00,0.06,0,0,
1746813434041,17,208,220,2157.00,212.02,223.88,6695,5642,-76.06,16,30,-50.50,45.19,17.00,16.00,7,1,0.11,0.05,0.18,0.41,0.00,0.06,0,0,
1746813435041,17,220,220,1748.00,222.42,223.74,2665,6253,-76.06,16,90,-45.73,149.70,21.00,14.00,7,9,0.12,0.03,0.18,0.41,0.00,0.06,0,0,
1746813436041,17,220,220,212.50,221.71,223.78,1033,5334,-76.12,16,5,-58.34,6.52,18.00,15.00,6,16,0.09,0.01,0.18,0.41,0.00,0.06,0,0,
1746813437041,17,220,208,212.00,245.77,220.14,904,5379,-76.25,16,5,-58.47,6.52,19.00,15.00,7,13,0.09,0.23,0.18,0.41,0.00,0.06,0,0,
1746813438041,17,220,220,244.00,221.83,215.20,1399,5291,-76.06,16,5,-58.28,6.53,17.00,11.00,6,8,0.10,0.09,0.18,0.41,0.00,0.06,0,0,
1746813439041,17,220,220,705.33,234.17,223.26,2508,4471,-76.00,16,5,-58.22,6.53,17.50,15.00,7,2,0.08,0.20,0.18,0.41,0.00,0.06,0,0,
1746813440041,17,208,220,2302.00,212.09,223.62,6775,5709,-76.00,16,5,-58.22,6.53,17.50,11.00,7,0,0.13,0.17,0.18,0.41,0.00,0.06,0,0,
1746813441041,17,220,220,2076.14,224.22,223.84,7280,5668,-76.00,16,5,-58.22,6.53,18.00,16.00,6,0,0.14,0.07,0.18,0.41,0.00,0.06,0,0,
1746813442041,17,220,220,1013.71,235.47,223.79,5530,5260,-76.00,16,5,-58.22,6.53,17.50,10.00,6,1,0.06,0.21,0.18,0.41,0.00,0.06,0,0,
1746813443041,17,220,220,1396.40,224.30,223.73,7346,6575,-76.00,16,28,-50.74,41.94,16.00,10.00,7,0,0.11,0.11,0.18,0.40,0.00,0.06,0,0,
1746813444041,17,220,208,1151.80,248.88,211.48,8222,6443,-76.00,16,5,-58.22,6.53,17.50,12.00,6,0,0.14,0.25,0.18,0.41,0.00,0.06,0,0,
1746813445041,17,220,220,1210.89,224.12,223.63,7268,4977,-76.00,16,5,-58.22,6.53,18.00,13.00,6,0,0.05,0.10,0.18,0.40,0.00,0.06,0,0,
1746813446041,17,208,220,4829.33,248.98,223.50,8156,5803,-76.00,16,99,-45.25,166.27,20.50,11.00,7,0,0.09,0.15,0.18,0.41,0.00,0.06,0,0,
1746813447041,17,220,220,1940.29,236.54,223.54,7595,5575,-76.25,16,5,-58.47,6.52,18.00,10.00,6,0,0.14,0.18,0.18,0.41,0.00,0.06,0,0,
1746813448041,17,220,208,2440.67,260.94,211.30,8427,4898,-76.06,16,103,-45.14,173.55,20.50,10.00,6,0,0.06,0.23,0.18,0.41,0.00,0.07,0,0,
1746813449041,17,220,232,1271.80,261.44,235.66,8610,6683,-76.06,16,5,-58.28,6.53,17.50,11.00,7,0,0.14,0.19,0.18,0.41,0.00,0.07,0,0,
1746813450041,17,220,208,1201.00,224.31,211.71,7355,4899,-76.25,16,5,-58.47,6.52,18.50,14.00,7,0,0.09,0.14,0.18,0.41,0.00,0.07,0,0,
1746813451041,17,220,220,1566.60,236.58,223.45,7775,5601,-76.12,16,5,-58.34,6.52,17.00,10.00,6,0,0.13,0.12,0.18,0.41,0.00,0.07,0,0,
1746813452041,17,208,220,1852.00,224.38,223.22,7409,5978,-76.06,16,5,-58.28,6.53,18.50,17.00,6,0,0.05,0.20,0.18,0.41,0.00,0.07,0,0,
1746813453041,17,220,220,1759.29,224.21,223.88,7159,6222,-76.06,16,5,-58.28,6.53,17.00,11.00,7,0,0.09,0.09,0.18,0.41,0.00,0.07,0,0,
1746813454041,17,220,220,941.17,223.92,223.92,6198,5895,-76.25,16,106,-45.21,178.80,20.00,15.00,7,4,0.12,0.03,0.18,0.41,0.00,0.07,0,0,
1746813455041,17,220,220,131.00,221.99,223.78,1723,5339,-76.12,16,5,-58.34,6.52,18.50,11.00,6,13,0.08,0.01,0.18,0.41,0.00,0.07,0,0,
1746813456041,17,220,208,89.50,221.66,211.81,875,5647,-76.00,16,5,-58.22,6.53,17.00,12.00,7,15,0.09,0.07,0.18,0.41,0.00,0.07,0,0,
1746813457041,17,220,220,322.50,221.78,223.65,807,5200,-76.19,16,5,-58.41,6.52,18.00,11.00,6,16,0.12,0.08,0.18,0.41,0.00,0.06,0,0,
1746813458041,17,208,208,1130.00,233.65,212.06,903,4945,-76.19,16,5,-58.41,6.52,15.50,10.00,6,14,0.05,0.21,0.18,0.41,0.00,0.07,0,0,
1746813459041,17,220,232,794.00,221.85,235.17,1405,6553,-76.06,16,27,-50.96,40.30,15.00,11.00,7,6,0.13,0.17,0.18,0.41,0.00,0.06,0,0,
1746813460041,17,220,220,1223.67,246.82,223.44,3444,5862,-76.25,16,106,-45.21,178.80,20.50,10.00,7,3,0.12,0.19,0.18,0.41,0.00,0.07,0,0,
1746813461041,17,220,220,1324.22,224.12,223.73,6859,6654,-76.38,16,56,-48.10,88.92,22.00,10.00,6,0,0.13,0.15,0.18,0.41,0.00,0.07,0,0,
1746813462041,17,220,208,3163.67,248.58,211.41,8126,4917,-76.25,16,103,-45.33,173.26,20.00,11.00,6,0,0.06,0.18,0.18,0.41,0.00,0.07,0,0,
1746813463041,17,220,232,1092.11,260.74,235.67,8628,4697,-76.25,16,90,-45.92,149.46,20.50,10.00,7,0,0.15,0.22,0.18,0.42,0.00,0.07,0,0,
1746813464041,17,208,208,4927.50,232.76,211.54,7655,5029,-76.31,16,103,-45.39,173.16,20.00,10.00,6,0,0.09,0.19,0.18,0.42,0.00,0.07,0,0,
1746813465041,17,220,220,1687.62,252.50,223.52,8121,5572,-76.25,16,27,-51.14,40.25,15.00,14.00,7,0,0.10,0.19,0.18,0.42,0.00,0.07,0,0,
1746813466041,17,220,220,1690.89,224.30,223.88,7292,5827,-76.31,16,27,-51.21,40.24,15.50,13.00,7,0,0.12,0.08,0.18,0.42,0.00,0.07,0,0,
1746813467041,17,220,220,393.00,223.18,223.74,4773,5786,-76.31,16,5,-58.53,6.52,18.50,17.00,6,6,0.09,0.03,0.18,0.42,0.00,0.07,0,0,
1746813468041,17,220,208,417.33,245.80,211.71,1751,5219,-76.44,16,5,-58.66,6.52,18.00,13.00,8,8,0.05,0.10,0.18,0.42,0.00,0.07,0,0,
1746813469041,17,220,220,249.50,221.78,223.67,1535,4845,-76.12,16,5,-58.34,6.52,18.00,12.00,6,10,0.11,0.04,0.18,0.42,0.00,0.07,0,0,
1746813470041,17,208,220,678.00,209.73,223.74,1440,5242,-76.25,16,5,-58.47,6.52,19.50,17.00,6,7,0.05,0.12,0.18,0.42,0.00,0.07,0,0,
1746813471041,17,220,220,504.50,221.98,223.90,1794,6839,-76.19,16,28,-50.92,41.89,22.00,10.00,7,7,0.11,0.06,0.18,0.41,0.00,0.07,0,0,
1746813472041,17,220,220,1370.62,234.85,223.64,3923,5570,-76.19,16,5,-58.41,6.52,17.50,14.00,6,1,0.15,0.13,0.18,0.41,0.00,0.07,0,0,
1746813473041,17,220,220,1157.57,223.32,223.78,5653,5259,-76.19,16,5,-58.41,6.52,16.00,12.00,6,1,0.06,0.05,0.18,0.41,0.00,0.07,0,0,
1746813474041,17,220,208,342.67,222.34,211.53,2570,5730,-76.19,16,28,-50.92,41.89,22.00,10.00,7,8,0.11,0.02,0.18,0.41,0.00,0.07,0,0,
1746813475041,17,220,220,1180.56,258.74,223.43,3726,5193,-76.25,16,5,-58.47,6.52,17.50,15.00,6,0,0.16,0.18,0.18,0.41,0.00,0.07,0,0,
1746813476041,17,208,220,1290.75,212.01,223.77,6914,5247,-76.25,16,5,-58.47,6.52,16.50,10.00,6,0,0.07,0.08,0.18,0.41,0.00,0.07,0,0,
1746813477041,17,220,220,1292.29,224.21,223.96,7148,6426,-76.00,16,90,-45.67,149.78,21.00,15.00,7,1,0.14,0.05,0.18,0.41,0.00,0.07,0,0,
1746813478041,17,220,220,2108.11,223.82,223.83,6303,5441,-76.25,16,5,-58.47,6.52,18.00,16.00,6,0,0.07,0.11,0.18,0.41,0.00,0.07,0,0,
1746813479041,17,220,208,1010.71,224.14,220.48,7051,5937,-76.00,16,5,-58.22,6.53,17.50,13.00,7,2,0.13,0.04,0.18,0.41,0.00,0.07,0,0,
1746813480041,17,220,220,131.67,222.12,214.94,2252,5858,-76.00,16,5,-58.22,6.53,19.00,16.00,6,11,0.16,0.02,0.18,0.41,0.00,0.07,0,0,
1746813481041,17,220,220,175.50,221.64,223.66,1010,4973,-76.00,16,5,-58.22,6.53,18.00,15.00,6,14,0.06,0.05,0.18,0.41,0.00,0.07,0,0,
1746813482041,17,208,220,430.00,209.70,223.52,832,5384,-76.06,16,106,-45.02,179.10,20.00,15.00,7,14,0.09,0.11,0.18,0.41,0.00,0.07,0,0,
1746813483041,17,220,220,398.00,221.83,223.90,1060,6615,-76.00,16,90,-45.67,149.78,20.50,17.00,7,14,0.12,0.08,0.18,0.41,0.00,0.07,0,0,
1746813484041,17,220,220,1041.00,245.83,223.52,1010,5670,-76.00,16,5,-58.22,6.53,17.00,12.00,6,15,0.09,0.18,0.18,0.41,0.00,0.07,0,0,
1746813485041,17,220,220,885.67,221.79,223.78,1173,5615,-76.00,16,27,-50.89,40.32,15.50,15.00,7,12,0.09,0.07,0.18,0.41,0.00,0.07,0,0,
1746813486041,17,220,208,317.00,250.53,211.44,1483,5621,-76.25,16,5,-58.47,6.52,18.00,16.00,7,7,0.11,0.30,0.18,0.41,0.00,0.07,0,0,
1746813487041,17,220,220,624.57,223.02,223.64,4189,5175,-76.00,16,5,-58.22,6.53,18.00,13.00,6,1,0.12,0.12,0.18,0.40,0.00,0.07,0,0,
1746813488041,17,208,220,941.00,223.90,223.48,6525,5159,-76.00,16,5,-58.22,6.53,18.50,17.00,6,0,0.06,0.23,0.18,0.41,0.00,0.07,0,0,
1746813489041,17,220,220,1481.88,271.67,223.42,8890,5709,-76.31,16,5,-58.53,6.52,17.00,13.00,7,0,0.09,0.38,0.18,0.41,0.00,0.07,0,0,
1746813490041,17,220,220,2182.62,224.34,223.74,7203,5967,-76.31,16,27,-51.21,40.24,15.50,17.00,7,0,0.12,0.15,0.18,0.41,0.00,0.07,0,0,
1746813491041,17,220,220,1760.78,297.47,223.23,9660,5015,-76.19,16,27,-51.08,40.27,16.50,14.00,7,0,0.08,0.37,0.18,0.42,0.00,0.07,0,0,
1746813492041,17,220,208,1245.56,224.28,211.79,7287,5760,-76.44,16,5,-58.66,6.52,18.50,10.00,7,0,0.08,0.30,0.18,0.42,0.00,0.07,0,0,
1746813493041,17,220,220,1544.60,224.34,223.64,7422,5779,-76.06,16,5,-58.28,6.53,18.50,15.00,6,0,0.15,0.13,0.18,0.42,0.00,0.07,0,0,
1746813494041,17,208,208,1769.60,260.96,211.14,8556,4851,-76.19,16,103,-45.27,173.35,20.00,10.00,6,0,0.08,0.33,0.18,0.42,0.00,0.07,0,0,
1746813495041,17,220,232,1739.62,224.15,235.80,7215,5839,-76.19,16,5,-58.41,6.52,17.00,10.00,7,0,0.12,0.15,0.18,0.42,0.00,0.07,0,0,
1746813496041,17,220,220,2064.25,248.84,223.44,8292,6194,-76.38,16,27,-51.27,40.22,14.50,13.00,7,0,0.15,0.29,0.18,0.43,0.00,0.07,0,0,
1746813497041,17,220,220,3040.88,260.81,223.18,8495,5652,-76.31,16,64,-47.46,102.91,22.00,10.00,5,0,0.08,0.39,0.18,0.43,0.00,0.07,0,0,
1746813498041,17,220,208,1543.89,236.39,211.37,7640,5367,-76.12,16,5,-58.34,6.52,17.00,14.00,7,0,0.11,0.25,0.18,0.43,0.00,0.07,0,0,
1746813499041,17,220,220,1478.40,273.62,223.42,8960,6283,-76.12,16,5,-58.34,6.52,18.00,10.00,7,0,0.14,0.42,0.18,0.43,0.00,0.07,0,0,
1746813500041,17,208,220,788.50,212.08,223.71,6858,5600,-76.00,16,5,-58.22,6.53,17.00,10.00,6,0,0.09,0.24,0.18,0.43,0.00,0.07,0,0,
1746813501041,17,220,220,1585.88,248.78,223.63,8165,5385,-76.31,16,27,-51.21,40.24,14.50,15.00,7,0,0.11,0.25,0.18,0.44,0.00,0.07,0,0,
1746813502041,17,220,208,2967.00,273.50,211.48,8869,5072,-76.31,16,103,-45.39,173.16,20.00,11.00,6,0,0.13,0.28,0.18,0.44,0.00,0.07,0,0,
1746813503041,17,220,232,1635.50,239.90,235.64,7606,5202,-76.19,16,56,-47.91,89.05,22.00,16.00,6,0,0.05,0.29,0.18,0.44,0.00,0.08,0,0,
1746813504041,17,220,208,1296.00,261.07,211.36,8574,5488,-76.19,16,5,-58.41,6.52,17.50,13.00,6,0,0.05,0.43,0.18,0.45,0.00,0.08,0,0,
1746813505041,17,220,208,1409.20,236.46,211.40,7716,5174,-76.00,16,90,-45.67,149.78,20.50,11.00,7,0,0.11,0.22,0.18,0.45,0.00,0.08,0,0,
1746813506041,17,208,232,1335.80,248.57,235.22,8006,5167,-76.31,16,106,-45.27,178.70,20.00,17.00,7,0,0.13,0.36,0.18,0.45,0.00,0.08,0,0,
1746813507041,17,220,208,1669.88,236.29,211.34,7564,4685,-76.12,16,5,-58.34,6.52,16.00,10.00,6,0,0.08,0.34,0.18,0.46,0.00,0.08,0,0,
1746813508041,17,220,232,2120.75,263.86,235.66,8409,5733,-76.12,16,27,-51.02,40.29,15.50,15.00,7,0,0.08,0.33,0.18,0.46,0.00,0.08,0,0,
1746813509041,17,220,220,1540.25,260.92,223.26,8569,5015,-76.31,16,27,-51.21,40.24,15.50,13.00,7,0,0.09,0.40,0.18,0.46,0.00,0.08,0,0,
1746813510041,17,220,208,1553.89,224.34,211.53,7360,5981,-76.00,16,99,-45.25,166.27,20.50,10.00,7,0,0.14,0.19,0.18,0.46,0.00,0.08,0,0,
1746813511041,17,220,220,1200.89,273.19,223.30,8934,4491,-76.25,16,27,-51.14,40.25,15.00,15.00,7,0,0.14,0.26,0.18,0.47,0.00,0.08,0,0,
1746813512041,17,208,220,1105.80,212.06,223.77,6919,5261,-76.12,16,5,-58.34,6.52,17.50,11.00,6,0,0.09,0.11,0.18,0.46,0.00,0.08,0,0,
1746813513041,17,220,220,1552.00,260.99,223.45,8502,5249,-76.12,16,27,-51.02,40.29,15.00,16.00,7,0,0.08,0.19,0.18,0.47,0.00,0.08,0,0,
1746813514041,17,220,220,2037.25,224.31,223.92,7300,5994,-76.12,16,5,-58.34,6.52,17.50,11.00,6,0,0.12,0.07,0.18,0.46,0.00,0.08,0,0,
1746813515041,17,220,208,1450.00,248.70,220.28,8074,5176,-76.00,16,27,-50.89,40.32,15.00,15.00,7,0,0.05,0.14,0.18,0.47,0.00,0.08,0,0,
1746813516041,17,220,220,1813.56,224.23,214.91,7287,5240,-76.12,16,28,-50.86,41.91,17.00,10.00,7,0,0.08,0.15,0.18,0.47,0.00,0.08,0,0,
1746813517041,17,220,220,1674.56,224.34,223.67,7356,6158,-76.12,16,5,-58.34,6.52,17.50,13.00,6,0,0.14,0.12,0.18,0.46,0.00,0.08,0,0,
1746813518041,17,208,220,1039.60,236.44,223.34,7690,4976,-76.38,16,5,-58.59,6.52,17.50,15.00,6,0,0.06,0.26,0.18,0.47,0.00,0.08,0,0,
1746813519041,17,220,208,1876.44,224.26,211.53,7356,5791,-76.00,16,106,-44.96,179.20,20.00,10.00,7,0,0.12,0.13,0.18,0.47,0.00,0.08,0,0,
1746813520041,17,220,232,1830.62,273.44,235.56,8963,6253,-76.12,16,5,-58.34,6.52,19.00,17.00,6,0,0.13,0.25,0.18,0.47,0.00,0.08,0,0,
1746813521041,17,220,208,2011.50,248.55,211.34,7994,4899,-76.31,16,103,-45.39,173.16,20.50,11.00,6,0,0.06,0.29,0.18,0.47,0.00,0.08,0,0,
1746813522041,17,220,220,1658.78,224.34,223.65,7360,5830,-76.31,16,5,-58.53,6.52,18.50,16.00,5,0,0.14,0.17,0.18,0.47,0.00,0.08,0,0,
1746813523041,17,220,220,1505.78,248.74,223.04,8063,5890,-76.25,16,68,-47.13,110.01,22.00,12.00,5,0,0.05,0.30,0.18,0.47,0.00,0.08,0,0,
1746813524041,17,208,220,1223.00,212.18,223.66,6941,5976,-76.00,16,5,-58.22,6.53,18.50,16.00,6,0,0.15,0.12,0.18,0.47,0.00,0.08,0,0,
1746813525041,17,220,220,1583.33,253.39,223.42,8331,5168,-76.12,16,5,-58.34,6.52,18.50,14.00,6,0,0.06,0.30,0.18,0.48,0.00,0.08,0,0,
1746813526041,17,220,220,1712.50,224.32,223.74,7302,6446,-76.06,16,106,-45.02,179.10,20.00,14.00,7,0,0.10,0.13,0.18,0.47,0.00,0.08,0,0,
1746813527041,17,220,208,1480.88,224.22,220.42,7230,6938,-76.06,16,27,-50.96,40.30,15.50,13.00,7,0,0.12,0.09,0.18,0.47,0.00,0.08,0,0,
1746813528041,17,220,220,1028.60,223.81,214.97,6130,5077,-76.00,16,5,-58.22,6.53,17.50,12.00,6,4,0.07,0.04,0.18,0.47,0.00,0.08,0,0,
1746813529041,17,220,220,186.00,233.85,223.38,1805,4737,-76.00,16,27,-50.89,40.32,15.50,14.00,6,8,0.17,0.14,0.18,0.47,0.00,0.08,0,0,
1746813530041,17,208,208,481.50,233.78,211.13,1918,5999,-76.25,16,94,-45.73,156.75,21.00,11.00,4,5,0.07,0.20,0.18,0.47,0.00,0.08,0,0,
1746813531041,17,220,232,1469.22,235.66,235.82,5806,6179,-76.25,16,27,-51.14,40.25,15.00,17.00,7,0,0.09,0.17,0.18,0.47,0.00,0.08,0,0,
1746813532041,17,220,220,1537.50,224.26,223.93,7290,5928,-76.00,16,27,-50.89,40.32,15.50,11.00,7,0,0.10,0.17,0.18,0.47,0.00,0.08,0,0,
1746813533041,17,220,220,1859.25,224.26,223.84,7290,6018,-76.00,16,56,-47.73,89.18,22.00,13.00,6,0,0.12,0.11,0.18,0.47,0.00,0.08,0,0,
1746813534041,17,220,208,2353.62,261.04,211.22,8499,4696,-76.06,16,5,-58.28,6.53,19.00,13.00,6,0,0.05,0.19,0.18,0.47,0.00,0.08,0,0,
1746813535041,17,220,220,1280.78,224.30,223.69,7362,5671,-76.00,16,27,-50.89,40.32,15.50,11.00,7,0,0.13,0.08,0.18,0.47,0.00,0.08,0,0,
1746813536041,17,208,220,980.40,212.08,223.66,6924,5723,-76.00,16,5,-58.22,6.53,18.50,12.00,6,0,0.09,0.07,0.18,0.47,0.00,0.08,0,0,
1746813537041,17,220,220,840.33,223.47,223.74,5389,5444,-76.00,16,28,-50.74,41.94,16.00,11.00,7,6,0.09,0.03,0.18,0.47,0.00,0.08,0,0,
1746813538041,17,220,220,688.00,221.91,223.73,1867,6258,-76.00,16,27,-50.89,40.32,15.50,14.00,7,10,0.14,0.04,0.18,0.47,0.00,0.08,0,0,
1746813539041,17,220,220,340.00,233.83,223.65,1551,5219,-76.12,16,56,-47.85,89.09,22.00,16.00,6,9,0.07,0.10,0.18,0.47,0.00,0.08,0,0,
1746813540041,17,220,208,946.50,221.83,211.69,1433,5205,-76.12,16,5,-58.34,6.52,17.00,10.00,7,12,0.08,0.04,0.18,0.47,0.00,0.08,0,0,
1746813541041,17,220,220,1153.50,234.04,223.42,1973,5423,-76.00,16,5,-58.22,6.53,19.00,17.00,6,4,0.15,0.14,0.18,0.47,0.00,0.08,0,0,
1746813542041,17,208,220,367.00,210.33,223.81,2712,5268,-76.19,16,5,-58.41,6.52,17.50,14.00,6,4,0.06,0.07,0.18,0.47,0.00,0.08,0,0,
1746813543041,17,220,220,399.00,222.25,223.74,2092,5668,-76.06,16,5,-58.28,6.53,19.00,14.00,6,10,0.15,0.03,0.18,0.47,0.00,0.08,0,0,
1746813544041,17,220,220,504.00,233.70,223.52,1281,5021,-76.12,16,5,-58.34,6.52,18.00,17.00,6,9,0.06,0.15,0.18,0.47,0.00,0.08,0,0,
1746813545041,17,220,208,238.50,221.93,220.62,1438,6384,-76.12,16,27,-51.02,40.29,16.00,13.00,7,9,0.14,0.06,0.18,0.47,0.00,0.08,0,0,
1746813546041,17,220,220,842.50,233.77,214.75,1768,4760,-76.00,16,5,-58.22,6.53,17.50,16.00,6,6,0.07,0.11,0.18,0.47,0.00,0.08,0,0,
1746813547041,17,220,220,719.00,222.22,223.73,2310,5894,-76.25,16,27,-51.14,40.25,16.00,12.00,7,7,0.09,0.04,0.18,0.47,0.00,0.08,0,0,
1746813548041,17,208,220,274.00,209.90,223.88,1287,5389,-76.06,16,5,-58.28,6.53,18.00,14.00,7,14,0.14,0.02,0.18,0.47,0.00,0.08,0,0,
1746813549041,17,220,220,570.50,221.75,223.61,802,5542,-76.06,16,5,-58.28,6.53,19.50,18.00,6,17,0.08,0.05,0.18,0.46,0.00,0.08,0,0,
1746813550041,17,220,220,445.00,221.69,223.77,839,5647,-76.25,16,106,-45.21,178.80,20.00,13.00,7,17,0.07,0.08,0.18,0.46,0.00,0.08,0,0,
1746813551041,17,220,220,981.00,221.81,223.84,788,6490,-76.12,16,56,-47.85,89.09,22.00,17.00,6,17,0.12,0.06,0.18,0.46,0.00,0.08,0,0,
1746813552041,17,220,208,724.50,233.69,211.62,839,4966,-76.25,16,5,-58.47,6.52,17.50,12.00,7,18,0.05,0.12,0.18,0.46,0.00,0.08,0,0,
1746813553041,17,220,220,861.50,221.81,223.66,872,5833,-76.12,16,106,-45.08,179.00,20.00,14.00,7,18,0.11,0.11,0.18,0.46,0.00,0.08,0,0,
1746813554041,17,208,220,148.00,209.78,223.66,770,6160,-76.12,16,5,-58.34,6.52,17.50,14.00,6,15,0.14,0.13,0.18,0.46,0.00,0.08,0,0,
1746813555041,17,220,220,420.50,221.68,223.78,868,5103,-76.00,16,5,-58.22,6.53,18.00,10.00,6,14,0.06,0.06,0.18,0.46,0.00,0.08,0,0,
1746813556041,17,220,220,571.00,233.83,223.62,1143,6170,-76.00,16,27,-50.89,40.32,15.50,17.00,7,10,0.11,0.18,0.18,0.46,0.00,0.08,0,0,
1746813557041,17,220,220,853.50,221.79,223.78,1393,5163,-76.12,16,56,-47.85,89.09,22.00,11.00,6,9,0.07,0.07,0.18,0.46,0.00,0.08,0,0,
1746813558041,17,220,208,1473.50,221.87,211.69,1600,5341,-76.00,16,5,-58.22,6.53,19.00,15.00,7,7,0.12,0.09,0.18,0.46,0.00,0.08,0,0,
1746813559041,17,220,220,713.50,245.90,233.82,1955,5317,-76.00,16,57,-47.65,90.91,22.00,10.00,6,6,0.07,0.21,0.18,0.46,0.00,0.08,0,0,
1746813560041,17,208,220,1773.20,211.01,213.62,4017,5454,-76.00,16,30,-50.44,45.20,17.00,15.00,7,1,0.14,0.11,0.18,0.46,0.00,0.08,0,0,
1746813561041,17,220,220,1046.44,273.06,223.38,7886,5140,-76.00,16,5,-58.22,6.53,18.00,10.00,6,0,0.07,0.30,0.18,0.47,0.00,0.08,0,0,
1746813562041,17,220,220,1284.33,224.30,223.78,7358,6363,-76.00,16,5,-58.22,6.53,19.00,14.00,6,0,0.15,0.13,0.18,0.47,0.00,0.08,0,0,
1746813563041,17,220,220,1706.75,224.06,223.75,7195,5071,-76.00,16,56,-47.73,89.18,22.00,11.00,6,0,0.06,0.27,0.18,0.47,0.00,0.08,0,0,
1746813564041,17,220,208,2049.00,224.30,211.65,7292,5365,-76.00,16,5,-58.22,6.53,18.00,12.00,7,0,0.12,0.13,0.18,0.46,0.00,0.08,0,0,
1746813565041,17,220,220,1873.62,224.24,223.77,7285,6292,-76.19,16,5,-58.41,6.52,17.50,16.00,6,0,0.12,0.08,0.18,0.46,0.00,0.08,0,0,
1746813566041,17,208,220,668.67,211.43,223.78,5354,5396,-76.00,16,30,-50.44,45.20,17.00,13.00,7,5,0.05,0.03,0.18,0.46,0.00,0.08,0,0,
1746813567041,17,220,220,11.00,221.99,223.88,1444,6348,-76.00,16,90,-45.67,149.78,20.50,12.00,7,14,0.15,0.01,0.18,0.46,0.00,0.08,0,0,
1746813568041,17,220,220,223.00,221.64,223.78,755,5254,-76.00,16,5,-58.22,6.53,17.50,15.00,6,20,0.07,0.04,0.18,0.46,0.00,0.08,0,0,
1746813569041,17,220,208,826.50,221.74,220.48,662,5237,-76.00,16,27,-50.89,40.32,15.50,13.00,7,17,0.13,0.15,0.18,0.46,0.00,0.08,0,0,
1746813570041,17,220,220,1184.50,221.66,214.97,889,5106,-76.00,16,5,-58.22,6.53,18.00,12.00,6,16,0.08,0.13,0.18,0.46,0.00,0.08,0,0,
1746813571041,17,220,220,690.00,233.78,223.69,904,5867,-76.00,16,5,-58.22,6.53,18.50,13.00,7,15,0.09,0.08,0.18,0.46,0.00,0.08,0,0,
1746813572041,17,208,220,238.00,209.75,223.88,877,6251,-76.00,16,5,-58.22,6.53,18.50,14.00,6,15,0.12,0.05,0.18,0.46,0.00,0.08,0,0,
1746813573041,17,220,220,330.00,221.68,223.78,804,5230,-76.00,16,5,-58.22,6.53,18.50,15.00,7,17,0.05,0.04,0.18,0.46,0.00,0.08,0,0,
1746813574041,17,220,220,68.50,245.82,223.99,711,5750,-76.00,16,27,-50.89,40.32,15.50,16.00,7,17,0.11,0.19,0.18,0.46,0.00,0.08,0,0,
1746813575041,17,220,220,651.00,221.75,223.74,1041,5107,-76.19,16,56,-47.91,89.05,22.00,12.00,6,12,0.10,0.10,0.18,0.46,0.00,0.08,0,0,
1746813576041,17,220,208,1008.50,221.80,211.69,1257,5019,-76.00,16,5,-58.22,6.53,18.50,17.00,7,13,0.07,0.04,0.18,0.46,0.00,0.08,0,0,
1746813577041,17,220,220,603.50,233.90,223.80,838,5714,-76.00,16,5,-58.22,6.53,18.00,13.00,6,18,0.16,0.10,0.18,0.46,0.00,0.08,0,0,
1746813578041,17,208,220,203.00,233.66,223.42,892,5178,-76.00,16,5,-58.22,6.53,18.00,11.00,6,13,0.06,0.33,0.18,0.46,0.00,0.08,0,0,
1746813579041,17,220,220,330.00,221.86,223.74,1565,5835,-76.12,16,27,-51.02,40.29,15.00,14.00,7,6,0.14,0.13,0.18,0.46,0.00,0.08,0,0,
1746813580041,17,220,220,398.00,222.21,223.74,2236,5016,-76.00,16,5,-58.22,6.53,18.00,12.00,6,6,0.09,0.05,0.18,0.46,0.00,0.08,0,0,
1746813581041,17,220,208,995.00,245.94,220.18,1858,5010,-76.00,16,27,-50.89,40.32,15.50,15.00,7,4,0.08,0.24,0.18,0.46,0.00,0.08,0,0,
1746813582041,17,220,220,1604.88,223.78,215.05,6122,6127,-76.12,16,5,-58.34,6.52,17.50,13.00,6,0,0.13,0.14,0.18,0.46,0.00,0.08,0,0,
1746813583041,17,220,220,1486.25,224.12,223.73,7268,5407,-76.00,16,106,-44.96,179.20,20.00,15.00,7,0,0.05,0.05,0.18,0.46,0.00,0.08,0,0,
1746813584041,17,208,220,337.50,210.90,223.95,3380,6307,-76.00,16,5,-58.22,6.53,18.00,10.00,7,5,0.12,0.05,0.18,0.46,0.00,0.08,0,0,
1746813585041,17,220,220,113.50,222.23,223.74,2181,5751,-76.00,16,5,-58.22,6.53,20.00,17.00,6,8,0.10,0.04,0.18,0.46,0.00,0.08,0,0,
1746813586041,17,220,220,519.00,245.86,223.46,1726,5442,-76.00,16,106,-44.96,179.20,20.00,16.00,7,5,0.07,0.22,0.18,0.46,0.00,0.08,0,0,
1746813587041,17,220,220,1425.78,235.77,224.02,5975,5930,-76.06,16,56,-47.79,89.13,22.50,13.00,6,0,0.08,0.26,0.18,0.46,0.00,0.08,0,0,
1746813588041,17,220,208,1517.50,224.19,211.69,7222,6000,-76.06,16,5,-58.28,6.53,17.00,13.00,7,0,0.12,0.10,0.18,0.46,0.00,0.08,0,0,
1746813589041,17,220,220,1072.17,248.45,223.58,7377,5883,-76.00,16,5,-58.22,6.53,17.00,12.00,6,1,0.12,0.11,0.18,0.46,0.00,0.08,0,0,
1746813590041,17,208,220,2241.25,216.48,223.58,6311,5173,-76.00,16,30,-50.44,45.20,17.50,13.00,7,0,0.05,0.15,0.18,0.46,0.00,0.08,0,0,
1746813591041,17,220,220,1199.90,224.39,223.86,7436,6074,-76.00,16,5,-58.22,6.53,17.50,10.00,6,0,0.16,0.13,0.18,0.45,0.00,0.08,0,0,
1746813592041,17,220,220,948.22,260.98,223.34,8557,4979,-76.00,16,5,-58.22,6.53,17.00,15.00,6,0,0.06,0.24,0.18,0.46,0.00,0.08,0,0,
1746813593041,17,220,220,2183.50,236.59,223.54,7655,5962,-76.00,16,106,-44.96,179.20,20.50,10.00,7,0,0.13,0.22,0.18,0.46,0.00,0.08,0,0,
1746813594041,17,220,208,1405.00,236.50,211.53,7716,5299,-76.00,16,5,-58.22,6.53,19.00,13.00,6,0,0.08,0.13,0.18,0.46,0.00,0.08,0,0,
1746813595041,17,220,220,1591.75,224.15,223.69,7221,5648,-76.00,16,106,-44.96,179.20,20.00,13.00,7,0,0.07,0.09,0.18,0.46,0.00,0.08,0,0,
1746813596041,17,208,220,1249.00,211.73,223.87,5865,6118,-76.00,16,5,-58.22,6.53,19.00,11.00,6,4,0.10,0.03,0.18,0.45,0.00,0.08,0,0,
1746813597041,17,220,220,357.00,221.94,223.78,1773,5206,-76.00,16,27,-50.89,40.32,15.50,13.00,7,13,0.05,0.01,0.18,0.45,0.00,0.08,0,0,
1746813598041,17,220,208,229.00,221.86,220.56,770,6740,-76.00,16,5,-58.22,6.53,17.00,10.00,7,19,0.15,0.15,0.18,0.45,0.00,0.08,0,0,
1746813599041,17,220,232,323.50,221.66,227.03,977,5273,-76.12,16,56,-47.85,89.09,22.00,10.00,6,11,0.07,0.15,0.18,0.45,0.00,0.08,0,0,
1746813600041,17,220,208,709.75,222.06,211.62,1986,5678,-76.12,16,5,-58.34,6.52,18.50,14.00,7,4,0.12,0.13,0.18,0.45,0.00,0.08,0,0,
1746813601041,17,220,220,1284.50,222.48,223.80,2878,5455,-76.00,16,5,-58.22,6.53,17.50,10.00,6,4,0.13,0.05,0.18,0.45,0.00,0.08,0,0,
1746813602041,17,208,220,1805.50,223.36,223.67,5266,5222,-76.00,16,30,-50.44,45.20,16.50,14.00,7,0,0.05,0.11,0.18,0.45,0.00,0.08,0,0,
1746813603041,17,220,208,1546.88,236.25,220.22,7381,5986,-76.00,16,28,-50.74,41.94,22.50,10.00,7,0,0.08,0.22,0.18,0.45,0.00,0.08,0,0,
1746813604041,17,220,232,1330.40,224.37,227.22,7373,6115,-76.00,16,5,-58.22,6.53,18.00,11.00,6,0,0.13,0.09,0.18,0.45,0.00,0.08,0,0,
1746813605041,17,220,220,1243.44,236.37,223.53,7695,5025,-76.12,16,56,-47.85,89.09,22.50,12.00,6,0,0.05,0.15,0.18,0.45,0.00,0.08,0,0,
1746813606041,17,220,208,1174.62,224.31,211.83,7300,5954,-76.00,16,5,-58.22,6.53,17.50,10.00,7,0,0.14,0.08,0.18,0.45,0.00,0.08,0,0,
1746813607041,17,220,220,1648.75,236.42,223.62,7651,6645,-76.19,16,5,-58.41,6.52,17.00,12.00,7,0,0.14,0.12,0.18,0.45,0.00,0.08,0,0,
1746813608041,17,208,220,1792.25,212.10,223.78,6954,5730,-76.00,16,5,-58.22,6.53,16.50,14.00,6,0,0.08,0.05,0.18,0.45,0.00,0.08,0,0,
1746813609041,17,220,220,694.83,223.08,223.70,4631,5192,-76.00,16,27,-50.89,40.32,15.00,15.00,7,2,0.07,0.08,0.18,0.45,0.00,0.08,0,0,
1746813610041,17,220,220,144.00,222.78,223.74,3496,5220,-76.00,16,5,-58.22,6.53,17.50,13.00,7,7,0.11,0.03,0.18,0.45,0.00,0.08,0,0,
1746813611041,17,220,208,269.50,221.86,220.44,1199,5948,-76.00,16,27,-50.89,40.32,15.50,12.00,7,14,0.14,0.01,0.18,0.45,0.00,0.08,0,0,
1746813612041,17,220,220,452.50,221.64,214.97,893,5144,-76.00,16,5,-58.22,6.53,19.00,16.00,6,16,0.07,0.08,0.18,0.45,0.00,0.08,0,0,
1746813613041,17,220,220,818.00,233.76,223.49,1008,6348,-76.00,16,5,-58.22,6.53,18.00,14.00,7,10,0.09,0.23,0.18,0.45,0.00,0.08,0,0,
1746813614041,17,208,220,1958.00,210.20,223.78,1961,6331,-76.12,16,5,-58.34,6.52,18.50,15.00,6,5,0.14,0.12,0.18,0.45,0.00,0.08,0,0,
1746813615041,17,220,220,829.17,222.52,223.65,2975,5245,-76.00,16,5,-58.22,6.53,19.00,14.00,6,1,0.06,0.16,0.18,0.45,0.00,0.08,0,0,
1746813616041,17,220,220,1500.67,223.69,223.84,5776,5847,-76.00,16,27,-50.89,40.32,15.50,14.00,7,1,0.12,0.08,0.18,0.45,0.00,0.08,0,0,
1746813617041,17,220,220,728.71,223.51,223.73,5803,5768,-76.00,16,56,-47.73,89.18,22.00,17.00,6,1,0.09,0.10,0.18,0.45,0.00,0.08,0,0,
1746813618041,17,220,208,1214.33,248.18,211.45,7122,4755,-76.00,16,5,-58.22,6.53,19.50,16.00,7,0,0.08,0.28,0.18,0.45,0.00,0.08,0,0,
1746813619041,17,220,220,1663.50,224.27,223.84,7232,6375,-76.12,16,106,-45.08,179.00,20.00,14.00,7,0,0.13,0.11,0.18,0.45,0.00,0.08,0,0,
1746813620041,17,208,220,2343.75,212.12,223.74,6922,5312,-76.12,16,5,-58.34,6.52,19.50,17.00,6,0,0.10,0.05,0.18,0.45,0.00,0.08,0,0,
1746813621041,17,220,220,369.50,222.50,223.74,3366,5255,-76.06,16,90,-45.73,149.70,20.50,12.00,7,6,0.05,0.07,0.18,0.44,0.00,0.08,0,0,
1746813622041,17,220,220,416.00,221.97,223.74,1806,5808,-76.00,16,106,-44.96,179.20,20.00,15.00,7,11,0.10,0.03,0.18,0.44,0.00,0.08,0,0,
1746813623041,17,220,220,86.50,221.74,223.74,937,6169,-76.00,16,56,-47.73,89.18,22.00,14.00,6,18,0.09,0.04,0.18,0.44,0.00,0.08,0,0,
1746813624041,17,220,208,150.00,221.69,211.69,654,5391,-76.00,16,5,-58.22,6.53,18.50,14.00,7,19,0.11,0.07,0.18,0.44,0.00,0.08,0,0,
1746813625041,17,220,220,739.00,233.77,223.40,796,6281,-76.00,16,90,-45.67,149.78,21.00,10.00,7,15,0.13,0.29,0.18,0.44,0.00,0.08,0,0,
1746813626041,17,208,220,1371.00,209.82,223.88,1399,5709,-76.00,16,5,-58.22,6.53,17.50,13.00,6,8,0.08,0.13,0.18,0.44,0.00,0.08,0,0,
1746813627041,17,220,220,236.00,221.74,223.78,1798,5373,-76.00,16,27,-50.89,40.32,16.00,15.00,7,6,0.07,0.08,0.18,0.44,0.00,0.08,0,0,
1746813628041,17,220,220,258.67,221.93,223.74,1934,6532,-76.00,16,27,-50.89,40.32,15.50,15.00,7,9,0.13,0.03,0.18,0.44,0.00,0.08,0,0,
1746813629041,17,220,220,602.75,246.06,223.98,1691,6746,-76.25,16,56,-47.98,89.00,22.50,15.00,6,5,0.16,0.27,0.18,0.44,0.00,0.08,0,0,
1746813630041,17,220,208,1113.56,223.58,211.66,5962,4977,-76.12,16,5,-58.34,6.52,18.00,12.00,6,0,0.06,0.10,0.18,0.44,0.00,0.08,0,0,
1746813631041,17,220,220,1643.33,248.62,223.32,8062,4790,-76.19,16,27,-51.08,40.27,15.00,16.00,7,0,0.17,0.16,0.18,0.44,0.00,0.08,0,0,
1746813632041,17,208,220,2005.25,212.07,223.78,6916,5258,-76.19,16,5,-58.41,6.52,17.50,14.00,6,0,0.07,0.07,0.18,0.44,0.00,0.08,0,0,
1746813633041,17,220,220,761.17,224.02,223.78,6856,6149,-76.00,16,90,-45.67,149.78,20.50,16.00,7,2,0.11,0.04,0.18,0.44,0.00,0.08,0,0,
1746813634041,17,220,220,364.00,222.35,223.77,2556,5170,-76.19,16,5,-58.41,6.52,18.00,17.00,6,5,0.09,0.06,0.18,0.44,0.00,0.08,0,0,
1746813635041,17,220,220,268.00,221.89,223.78,1529,5597,-76.25,16,27,-51.14,40.25,15.50,16.00,7,13,0.08,0.02,0.18,0.44,0.00,0.08,0,0,
1746813636041,17,220,208,274.50,221.81,211.65,815,6043,-76.25,16,5,-58.47,6.52,17.50,13.00,7,19,0.14,0.03,0.18,0.44,0.00,0.08,0,0,
1746813637041,17,220,220,710.50,233.79,223.68,667,6037,-76.25,16,5,-58.47,6.52,18.50,16.00,6,21,0.11,0.11,0.18,0.44,0.00,0.08,0,0,
1746813638041,17,208,220,1220.00,209.66,223.78,619,5544,-76.31,16,90,-45.98,149.38,20.50,14.00,7,19,0.08,0.08,0.18,0.44,0.00,0.08,0,0,
1746813639041,17,220,220,203.50,221.81,223.66,768,5815,-76.06,16,106,-45.02,179.10,20.00,13.00,7,17,0.13,0.12,0.18,0.44,0.00,0.08,0,0,
1746813640041,17,220,220,364.67,221.75,223.78,871,5713,-76.19,16,5,-58.41,6.52,18.50,16.00,6,15,0.09,0.10,0.18,0.44,0.00,0.08,0,0,
1746813641041,17,220,220,435.00,221.75,223.78,1017,5009,-76.19,16,27,-51.08,40.27,15.50,19.00,7,13,0.10,0.05,0.18,0.44,0.00,0.08,0,0,
1746813642041,17,220,208,188.50,221.76,211.67,880,5625,-76.38,16,5,-58.59,6.52,19.00,17.00,7,15,0.14,0.13,0.18,0.44,0.00,0.08,0,0,
1746813643041,17,220,220,601.00,221.73,223.70,1070,5349,-76.00,16,5,-58.22,6.53,19.00,17.00,6,13,0.07,0.07,0.18,0.44,0.00,0.08,0,0,
1746813644041,17,208,220,964.00,221.62,223.54,1178,4639,-76.00,16,5,-58.22,6.53,18.00,17.00,6,7,0.17,0.21,0.18,0.44,0.00,0.08,0,0,
1746813645041,17,220,220,740.25,222.36,223.18,2793,6980,-76.00,16,68,-46.88,110.23,21.50,14.00,5,4,0.07,0.08,0.18,0.44,0.00,0.08,0,0,
1746813646041,17,220,220,935.00,222.52,223.62,2893,5937,-76.31,16,5,-58.53,6.52,18.50,17.00,7,5,0.11,0.05,0.18,0.44,0.00,0.08,0,0,
1746813647041,17,220,220,464.00,221.90,223.74,1555,5601,-76.38,16,56,-48.10,88.92,22.00,16.00,6,14,0.09,0.02,0.18,0.44,0.00,0.08,0,0,
1746813648041,17,220,208,212.50,221.69,211.69,839,5019,-76.19,16,5,-58.41,6.52,19.50,16.00,7,18,0.08,0.05,0.18,0.44,0.00,0.08,0,0,
1746813649041,17,220,220,419.50,221.76,223.76,593,5352,-76.19,16,5,-58.41,6.52,19.00,18.00,6,22,0.11,0.12,0.18,0.44,0.00,0.08,0,0,
1746813650041,17,208,220,926.00,209.63,223.78,596,5413,-76.19,16,5,-58.41,6.52,18.50,16.00,7,19,0.05,0.14,0.18,0.44,0.00,0.08,0,0,
1746813651041,17,220,220,163.50,233.79,223.58,865,5843,-76.38,16,27,-51.27,40.22,16.00,15.00,7,15,0.10,0.19,0.18,0.44,0.00,0.08,0,0,
1746813652041,17,220,220,242.00,221.84,223.74,1090,5262,-76.06,16,5,-58.28,6.53,20.00,18.00,6,12,0.11,0.07,0.18,0.44,0.00,0.08,0,0,
1746813653041,17,220,208,265.00,233.75,220.48,1210,5208,-76.31,16,27,-51.21,40.24,16.50,15.00,7,14,0.05,0.04,0.18,0.44,0.00,0.08,0,0,
1746813654041,17,220,220,406.00,221.78,215.02,844,5322,-76.25,16,5,-58.47,6.52,18.50,16.00,6,17,0.12,0.06,0.18,0.44,0.00,0.08,0,0,
1746813655041,17,220,220,517.00,221.66,223.77,716,5242,-76.25,16,5,-58.47,6.52,18.50,16.00,6,18,0.05,0.05,0.18,0.44,0.00,0.08,0,0,
1746813656041,17,208,220,684.00,209.82,223.80,677,6927,-76.06,16,5,-58.28,6.53,17.00,13.00,7,21,0.12,0.06,0.18,0.44,0.00,0.08,0,0,
1746813657041,17,220,220,989.00,221.76,223.84,634,5487,-76.00,16,5,-58.22,6.53,18.50,14.00,6,21,0.13,0.07,0.18,0.44,0.00,0.08,0,0,
1746813658041,17,220,220,129.50,221.66,223.76,608,5379,-76.00,16,27,-50.89,40.32,15.50,13.00,7,20,0.05,0.06,0.18,0.44,0.00,0.08,0,0,
1746813659041,17,220,220,142.00,233.79,223.60,653,5881,-76.00,16,5,-58.22,6.53,16.50,11.00,6,21,0.13,0.22,0.18,0.44,0.00,0.08,0,0,
1746813660041,17,220,208,182.50,221.62,211.69,791,4996,-76.31,16,5,-58.53,6.52,18.00,15.00,6,12,0.05,0.16,0.18,0.44,0.00,0.08,0,0,
1746813661041,17,220,220,465.00,233.89,223.75,1155,5310,-76.12,16,5,-58.34,6.52,17.50,10.00,7,11,0.11,0.18,0.18,0.44,0.00,0.08,0,0,
1746813662041,17,208,220,755.50,234.13,223.71,2046,6021,-76.12,16,5,-58.34,6.52,18.00,13.00,6,3,0.15,0.16,0.18,0.44,0.00,0.08,0,0,
1746813663041,17,220,220,1093.00,222.56,223.78,3573,5255,-76.00,16,5,-58.22,6.53,17.00,12.00,6,3,0.07,0.06,0.18,0.44,0.00,0.08,0,0,
1746813664041,17,220,220,316.00,222.20,223.66,2183,5563,-76.00,16,28,-50.74,41.94,22.00,10.00,7,9,0.13,0.02,0.18,0.44,0.00,0.08,0,0,
1746813665041,17,220,220,720.88,234.54,223.74,3174,5569,-76.12,16,56,-47.85,89.09,22.50,16.00,6,1,0.11,0.14,0.18,0.44,0.00,0.08,0,0,
1746813666041,17,220,208,977.88,223.56,211.69,5795,5291,-76.00,16,5,-58.22,6.53,17.50,11.00,7,1,0.07,0.06,0.18,0.44,0.00,0.08,0,0,
1746813667041,17,220,220,288.00,222.59,223.66,3149,6317,-76.00,16,27,-50.89,40.32,16.00,14.00,7,9,0.13,0.02,0.18,0.44,0.00,0.08,0,0,
1746813668041,17,208,220,457.00,221.96,223.82,1266,6014,-76.00,16,5,-58.22,6.53,17.50,16.00,6,14,0.14,0.05,0.18,0.44,0.00,0.08,0,0,
1746813669041,17,220,220,955.50,233.71,223.78,811,5255,-76.00,16,5,-58.22,6.53,18.00,16.00,6,19,0.06,0.03,0.18,0.44,0.00,0.08,0,0,
1746813670041,17,220,208,946.00,233.79,220.44,650,6130,-76.00,16,5,-58.22,6.53,17.50,14.00,7,21,0.13,0.11,0.18,0.44,0.00,0.08,0,0,
1746813671041,17,220,232,39.00,221.66,227.09,642,5394,-76.12,16,56,-47.85,89.09,22.50,14.00,6,19,0.07,0.12,0.18,0.44,0.00,0.08,0,0,
1746813672041,17,220,208,72.50,221.74,211.69,776,5928,-76.00,16,5,-58.22,6.53,18.00,13.00,7,17,0.11,0.10,0.18,0.44,0.00,0.08,0,0,
1746813673041,17,220,220,120.00,221.74,223.66,823,5346,-76.00,16,5,-58.22,6.53,17.50,15.00,6,17,0.11,0.09,0.18,0.44,0.00,0.08,0,0,
1746813674041,17,208,220,432.00,209.63,223.78,801,5368,-76.00,16,90,-45.67,149.78,21.00,14.00,7,16,0.07,0.09,0.18,0.44,0.00,0.08,0,0,
1746813675041,17,220,220,779.00,233.88,223.74,852,5890,-76.06,16,5,-58.28,6.53,17.50,11.00,6,18,0.12,0.04,0.18,0.44,0.00,0.08,0,0,
1746813676041,17,220,220,805.00,221.64,223.78,762,5222,-76.06,16,5,-58.28,6.53,19.50,17.00,7,18,0.05,0.07,0.18,0.44,0.00,0.08,0,0,
1746813677041,17,220,220,335.00,221.81,223.74,768,6022,-76.06,16,56,-47.79,89.13,22.00,14.00,6,18,0.14,0.05,0.18,0.44,0.00,0.08,0,0,
1746813678041,17,220,208,337.00,221.62,211.68,688,4996,-76.31,16,5,-58.53,6.52,18.50,17.00,6,20,0.05,0.05,0.18,0.44,0.00,0.08,0,0,
1746813679041,17,220,220,492.00,233.82,223.67,707,5861,-76.31,16,27,-51.21,40.24,16.00,17.00,7,19,0.10,0.08,0.18,0.44,0.00,0.08,0,0,
1746813680041,17,208,220,68.00,209.75,223.86,731,6262,-76.00,16,5,-58.22,6.53,19.00,16.00,6,18,0.11,0.09,0.18,0.44,0.00,0.08,0,0,
1746813681041,17,220,220,912.00,221.63,223.50,876,4914,-76.31,16,5,-58.53,6.52,19.50,19.00,7,12,0.05,0.18,0.18,0.44,0.00,0.08,0,0,
1746813682041,17,220,220,803.00,221.88,223.74,1356,5255,-76.31,16,5,-58.53,6.52,19.00,12.00,7,11,0.10,0.07,0.18,0.43,0.00,0.08,0,0,
1746813683041,17,220,208,179.50,221.78,220.40,1088,5416,-76.25,16,27,-51.14,40.25,16.00,19.00,7,17,0.12,0.04,0.18,0.43,0.00,0.08,0,0,
1746813684041,17,220,220,195.00,281.86,214.47,922,5149,-76.38,16,5,-58.59,6.52,18.50,13.00,6,15,0.08,0.36,0.18,0.44,0.00,0.08,0,0,
1746813685041,17,220,220,377.00,221.77,223.71,1372,5569,-76.00,16,106,-44.96,179.20,20.00,15.00,7,6,0.09,0.15,0.18,0.43,0.00,0.08,0,0,
1746813686041,17,208,220,534.67,234.49,223.38,2909,6139,-76.00,16,5,-58.22,6.53,17.50,15.00,7,2,0.11,0.34,0.18,0.44,0.00,0.08,0,0,
1746813687041,17,220,208,4156.67,236.45,223.53,7553,5617,-76.00,16,106,-44.96,179.20,20.00,10.00,5,0,0.12,0.24,0.18,0.44,0.00,0.08,0,0,
1746813688041,17,220,232,2186.88,236.35,223.40,7572,6039,-76.19,16,5,-58.41,6.52,16.50,15.00,6,0,0.05,0.25,0.18,0.44,0.00,0.08,0,0,
1746813689041,17,220,220,1463.33,273.32,223.26,8948,6265,-76.00,16,47,-48.49,73.67,22.00,10.00,6,0,0.09,0.34,0.18,0.44,0.00,0.08,0,0,
1746813690041,17,220,208,1441.10,224.34,211.60,7360,5218,-76.00,16,5,-58.22,6.53,18.00,11.00,7,0,0.12,0.27,0.18,0.44,0.00,0.08,0,0,
1746813691041,17,220,220,918.88,220.63,223.63,7313,5420,-76.00,16,5,-58.22,6.53,16.50,11.00,6,0,0.09,0.11,0.18,0.44,0.00,0.08,0,0,
1746813692041,17,208,220,1174.50,215.63,223.62,7018,5254,-76.00,16,90,-45.67,149.78,21.00,12.00,7,0,0.08,0.19,0.18,0.44,0.00,0.08,0,0,
1746813693041,17,220,220,1830.25,236.55,223.57,7792,5132,-76.00,16,5,-58.22,6.53,18.50,14.00,6,0,0.13,0.19,0.18,0.44,0.00,0.08,0,0,
1746813694041,17,220,220,2021.88,224.12,223.54,7268,5199,-76.00,16,57,-47.65,90.91,22.50,13.00,6,0,0.06,0.22,0.18,0.44,0.00,0.08,0,0,
1746813695041,17,220,208,1377.11,224.24,211.72,7293,6040,-76.00,16,5,-58.22,6.53,17.50,12.00,6,0,0.14,0.09,0.18,0.44,0.00,0.08,0,0,
1746813696041,17,220,220,1717.10,224.20,223.62,7272,4982,-76.00,16,5,-58.22,6.53,17.50,11.00,6,0,0.05,0.07,0.18,0.44,0.00,0.08,0,0,
1746813697041,17,220,232,1283.17,246.58,235.42,6182,6002,-76.00,16,90,-45.67,149.78,20.50,10.00,7,1,0.09,0.30,0.18,0.44,0.00,0.08,0,0,
1746813698041,17,208,208,925.25,225.34,211.73,7079,5124,-76.00,16,5,-58.22,6.53,18.00,11.00,7,0,0.12,0.14,0.18,0.44,0.00,0.08,0,0,
1746813699041,17,220,220,1744.88,224.30,223.86,7292,5881,-76.00,16,5,-58.22,6.53,17.00,12.00,6,0,0.14,0.08,0.18,0.44,0.00,0.08,0,0,
1746813700041,17,220,220,1914.50,224.08,223.77,7200,5246,-76.00,16,5,-58.22,6.53,16.50,12.00,6,0,0.05,0.07,0.18,0.44,0.00,0.08,0,0,
1746813701041,17,220,208,796.75,223.33,211.57,4769,5677,-76.00,16,28,-50.74,41.94,22.00,10.00,7,5,0.14,0.11,0.18,0.44,0.00,0.08,0,0,
1746813702041,17,220,220,1734.56,223.81,223.64,6066,5485,-76.00,16,5,-58.22,6.53,18.50,14.00,6,0,0.11,0.13,0.18,0.43,0.00,0.08,0,0,
1746813703041,17,220,208,1115.86,241.35,211.39,7911,4863,-76.00,16,47,-48.49,73.67,21.50,12.00,7,0,0.05,0.18,0.18,0.44,0.00,0.08,0,0,
1746813704041,17,208,232,957.25,219.26,235.48,7129,5852,-76.00,16,74,-46.52,120.90,21.50,13.00,5,0,0.13,0.14,0.18,0.44,0.00,0.08,0,0,
1746813705041,17,220,220,1593.25,224.20,223.29,7272,6574,-76.00,16,5,-58.22,6.53,18.00,16.00,6,0,0.05,0.12,0.18,0.43,0.00,0.08,0,0,
1746813706041,17,220,220,1677.75,224.31,223.84,7300,6357,-76.00,16,27,-50.89,40.32,16.00,12.00,7,0,0.10,0.07,0.18,0.43,0.00,0.08,0,0,
1746813707041,17,220,208,598.60,223.80,211.77,6190,5894,-76.00,16,5,-58.22,6.53,18.00,13.00,7,4,0.15,0.04,0.18,0.43,0.00,0.08,0,0,
1746813708041,17,220,232,209.00,282.12,235.29,2104,5420,-76.00,16,106,-44.96,179.20,20.00,10.00,6,8,0.08,0.27,0.18,0.43,0.00,0.08,0,0,
1746813709041,17,220,196,966.14,239.85,199.30,4343,4452,-76.00,16,106,-44.96,179.20,20.00,10.00,8,0,0.09,0.32,0.18,0.43,0.00,0.08,0,0,
1746813710041,17,208,232,1417.20,231.38,235.50,7548,6327,-76.00,16,5,-58.22,6.53,17.00,10.00,3,0,0.10,0.38,0.18,0.44,0.00,0.08,0,0,
1746813711041,17,220,208,3518.25,236.34,211.27,7564,6015,-76.00,16,106,-44.96,179.20,20.50,10.00,4,0,0.04,0.26,0.18,0.44,0.00,0.08,0,0,
1746813712041,17,220,232,3045.88,261.02,235.54,8448,5478,-76.00,16,90,-45.67,149.78,21.00,10.00,7,0,0.15,0.32,0.18,0.44,0.00,0.08,0,0,
1746813713041,17,220,220,3254.88,236.30,223.44,7573,5500,-76.00,16,106,-44.96,179.20,20.50,10.00,6,0,0.10,0.24,0.18,0.44,0.00,0.08,0,0,
1746813714041,17,220,196,2055.33,260.90,203.71,8549,4771,-76.00,16,106,-44.96,179.20,20.00,10.00,8,0,0.07,0.34,0.18,0.44,0.00,0.08,0,0,
1746813715041,17,220,232,902.17,239.93,231.19,7876,4432,-76.00,16,5,-58.22,6.53,17.00,14.00,6,0,0.12,0.23,0.18,0.44,0.00,0.08,0,0,
1746813716041,17,208,220,1267.80,257.29,223.28,8448,5055,-76.00,16,99,-45.25,166.27,20.50,11.00,7,0,0.05,0.33,0.18,0.45,0.00,0.08,0,0,
1746813717041,17,220,196,2357.90,248.79,199.91,8157,5350,-75.94,16,5,-58.16,6.53,16.00,11.00,7,0,0.11,0.30,0.18,0.45,0.00,0.08,0,0,
1746813718041,17,220,232,1573.62,236.62,243.94,7731,6721,-75.75,16,5,-57.97,6.53,17.00,13.00,7,0,0.10,0.29,0.18,0.45,0.00,0.08,0,0,
1746813719041,17,220,220,2809.78,272.92,214.54,8801,5685,-75.75,16,56,-47.48,89.35,22.00,10.00,7,0,0.10,0.32,0.18,0.45,0.00,0.08,0,0,
1746813720041,17,220,220,2053.78,248.64,223.66,8140,5720,-75.94,16,90,-45.60,149.87,20.50,11.00,7,0,0.14,0.23,0.18,0.45,0.00,0.08,0,0,
1746813721041,17,220,220,878.50,252.53,223.42,8388,5695,-76.00,16,57,-47.65,90.91,22.50,10.00,6,0,0.10,0.26,0.18,0.45,0.00,0.08,0,0,
1746813722041,17,208,220,1019.80,220.52,223.74,7162,5068,-76.00,16,5,-58.22,6.53,19.00,13.00,7,0,0.06,0.13,0.18,0.45,0.00,0.08,0,0,
1746813723041,17,220,220,1484.29,224.31,223.74,7222,6436,-76.00,16,106,-44.96,179.20,20.00,15.00,7,1,0.14,0.05,0.18,0.45,0.00,0.08,0,0,
1746813724041,17,220,220,1031.00,222.28,223.78,2757,5241,-76.00,16,5,-58.22,6.53,18.50,14.00,6,10,0.07,0.02,0.18,0.45,0.00,0.08,0,0,
1746813725041,17,220,208,946.00,221.75,211.90,984,5249,-76.00,16,5,-58.22,6.53,18.00,16.00,7,19,0.09,0.02,0.18,0.45,0.00,0.08,0,0,
1746813726041,17,220,220,881.50,233.74,223.35,666,5324,-76.00,16,106,-44.96,179.20,20.00,15.00,7,20,0.09,0.13,0.18,0.45,0.00,0.08,0,0,
1746813727041,17,220,220,316.00,221.86,223.80,655,6862,-76.00,16,27,-50.89,40.32,15.50,14.00,7,20,0.13,0.08,0.18,0.45,0.00,0.08,0,0,
1746813728041,17,208,220,483.00,245.73,223.78,725,5415,-76.00,16,5,-58.22,6.53,17.50,13.00,6,20,0.07,0.09,0.18,0.45,0.00,0.08,0,0,
1746813729041,17,220,220,605.50,233.77,223.78,686,5548,-76.00,16,27,-50.89,40.32,16.00,15.00,7,19,0.11,0.07,0.18,0.45,0.00,0.08,0,0,
1746813730041,17,220,220,931.50,221.76,223.66,708,5763,-76.00,16,5,-58.22,6.53,18.00,17.00,6,17,0.10,0.14,0.18,0.45,0.00,0.08,0,0,
1746813731041,17,220,208,770.50,233.74,211.81,848,5497,-76.00,16,5,-58.22,6.53,18.50,15.00,7,15,0.08,0.06,0.18,0.45,0.00,0.08,0,0,
1746813732041,17,220,220,929.50,226.46,223.30,1093,5265,-76.00,16,106,-44.96,179.20,20.00,16.00,7,9,0.12,0.16,0.18,0.45,0.00,0.08,0,0,
1746813733041,17,220,220,665.00,250.74,223.46,2270,5401,-76.25,16,5,-58.47,6.52,18.50,15.00,6,3,0.10,0.32,0.18,0.45,0.00,0.08,0,0,
1746813734041,17,208,220,1257.40,223.91,223.78,6597,5664,-76.12,16,5,-58.34,6.52,18.00,17.00,7,0,0.09,0.12,0.18,0.45,0.00,0.08,0,0,
1746813735041,17,220,220,1575.67,224.41,223.73,7441,5724,-76.00,16,106,-44.96,179.20,19.50,16.00,7,0,0.09,0.08,0.18,0.45,0.00,0.08,0,0,
1746813736041,17,220,220,889.00,223.59,223.42,5719,6572,-76.00,16,68,-46.88,110.23,21.50,15.00,5,5,0.10,0.03,0.18,0.45,0.00,0.08,0,0,
1746813737041,17,220,208,1424.00,246.24,211.39,2390,6005,-76.00,16,5,-58.22,6.53,19.00,17.00,7,5,0.06,0.11,0.18,0.45,0.00,0.08,0,0,
1746813738041,17,220,220,727.00,222.32,223.64,2264,5707,-76.19,16,5,-58.41,6.52,16.00,12.00,6,7,0.11,0.04,0.18,0.45,0.00,0.08,0,0,
1746813739041,17,208,220,19.00,209.69,223.78,1304,5214,-76.12,16,27,-51.02,40.29,15.50,16.00,7,12,0.05,0.02,0.18,0.45,0.00,0.08,0,0,
1746813740041,17,220,220,213.00,221.81,223.69,877,6244,-76.19,16,90,-45.85,149.54,20.50,13.00,7,16,0.15,0.11,0.18,0.45,0.00,0.08,0,0,
1746813741041,17,220,220,641.00,221.66,223.78,931,5217,-76.19,16,5,-58.41,6.52,18.00,17.00,6,15,0.08,0.09,0.18,0.45,0.00,0.08,0,0,
1746813742041,17,220,220,580.50,281.83,223.28,1189,4574,-76.00,16,5,-58.22,6.53,17.50,13.00,6,9,0.16,0.35,0.18,0.45,0.00,0.08,0,0,
1746813743041,17,220,220,1805.86,222.52,223.75,3222,5089,-76.12,16,5,-58.34,6.52,17.50,10.00,6,0,0.06,0.20,0.18,0.45,0.00,0.08,0,0,
1746813744041,17,220,208,1774.50,224.28,211.71,7287,5933,-76.25,16,27,-51.14,40.25,15.50,18.00,6,0,0.16,0.17,0.18,0.45,0.00,0.08,0,0,
1746813745041,17,208,220,1503.80,212.01,223.71,6980,5063,-76.38,16,5,-58.59,6.52,17.50,10.00,6,0,0.07,0.22,0.18,0.45,0.00,0.08,0,0,
1746813746041,17,220,220,967.60,224.22,223.94,7222,6054,-76.38,16,90,-46.04,149.30,20.50,13.00,7,0,0.14,0.13,0.18,0.45,0.00,0.08,0,0,
1746813747041,17,220,220,1335.44,224.20,223.74,7277,5237,-76.19,16,5,-58.41,6.52,18.00,16.00,6,0,0.08,0.06,0.18,0.45,0.00,0.08,0,0,
1746813748041,17,220,208,633.00,222.63,220.44,3495,6021,-76.06,16,5,-58.28,6.53,17.50,12.00,7,8,0.10,0.02,0.18,0.44,0.00,0.08,0,0,
1746813749041,17,220,220,542.50,221.80,215.16,1160,6091,-76.06,16,5,-58.28,6.53,17.50,14.00,6,17,0.12,0.03,0.18,0.44,0.00,0.08,0,0,
1746813750041,17,220,220,743.50,245.70,223.42,799,4778,-76.12,16,5,-58.34,6.52,17.50,11.00,7,17,0.05,0.26,0.18,0.44,0.00,0.08,0,0,
1746813751041,17,208,220,356.00,209.88,223.74,1151,6380,-76.12,16,5,-58.34,6.52,17.50,13.00,6,11,0.16,0.11,0.18,0.44,0.00,0.08,0,0,
1746813752041,17,220,220,405.00,221.76,223.78,1379,5241,-76.31,16,5,-58.53,6.52,18.50,12.00,6,12,0.06,0.04,0.18,0.44,0.00,0.08,0,0,
1746813753041,17,220,220,352.50,221.78,223.80,806,6086,-76.25,16,27,-51.14,40.25,16.00,11.00,7,21,0.14,0.04,0.18,0.44,0.00,0.08,0,0,
1746813754041,17,220,220,471.00,221.66,223.83,617,5275,-76.06,16,5,-58.28,6.53,18.50,16.00,6,20,0.07,0.09,0.18,0.44,0.00,0.08,0,0,
1746813755041,17,220,208,410.00,233.79,211.77,677,5859,-76.06,16,5,-58.28,6.53,18.00,11.00,7,20,0.13,0.06,0.18,0.44,0.00,0.08,0,0,
1746813756041,17,220,220,542.50,233.81,223.57,691,5518,-76.19,16,5,-58.41,6.52,18.50,17.00,6,21,0.09,0.09,0.18,0.44,0.00,0.08,0,0,
1746813757041,17,208,220,182.00,209.63,223.74,748,5721,-76.00,16,90,-45.67,149.78,20.50,14.00,7,17,0.06,0.13,0.18,0.44,0.00,0.08,0,0,
1746813758041,17,220,220,296.00,221.81,223.74,838,5531,-76.19,16,5,-58.41,6.52,18.00,14.00,6,17,0.14,0.11,0.18,0.44,0.00,0.08,0,0,
1746813759041,17,220,220,405.00,221.64,223.78,829,5094,-76.31,16,5,-58.53,6.52,19.00,18.00,6,16,0.06,0.09,0.18,0.44,0.00,0.08,0,0,
1746813760041,17,220,208,319.00,221.78,220.40,869,6336,-76.31,16,5,-58.53,6.52,18.00,13.00,7,15,0.13,0.06,0.18,0.44,0.00,0.08,0,0,
1746813761041,17,220,220,1166.00,221.66,215.06,801,5555,-76.38,16,5,-58.59,6.52,20.00,18.00,6,18,0.08,0.04,0.18,0.44,0.00,0.08,0,0,
1746813762041,17,220,220,461.50,233.78,223.56,807,5988,-76.31,16,106,-45.27,178.70,20.00,17.00,7,18,0.10,0.10,0.18,0.44,0.00,0.08,0,0,
1746813763041,17,208,220,256.00,221.71,223.72,758,5036,-76.50,16,5,-58.72,6.51,18.00,10.00,6,16,0.12,0.21,0.18,0.44,0.00,0.08,0,0,
1746813764041,17,220,220,143.00,221.72,223.78,1111,5183,-76.50,16,27,-51.39,40.19,15.50,19.00,7,11,0.05,0.10,0.18,0.44,0.00,0.08,0,0,
1746813765041,17,220,220,213.00,221.88,223.70,1312,5810,-76.38,16,27,-51.27,40.22,15.50,14.00,7,11,0.08,0.05,0.18,0.44,0.00,0.08,0,0,
1746813766041,17,220,220,379.00,221.87,223.74,1051,6188,-76.25,16,5,-58.47,6.52,18.00,15.00,6,16,0.17,0.06,0.18,0.44,0.00,0.08,0,0,
1746813767041,17,220,208,1094.50,221.62,211.76,744,5250,-76.25,16,5,-58.47,6.52,18.00,16.00,6,17,0.06,0.06,0.18,0.44,0.00,0.08,0,0,
1746813768041,17,220,220,1149.00,221.76,223.73,833,5989,-76.56,16,106,-45.52,178.30,20.00,12.00,7,17,0.13,0.07,0.18,0.44,0.00,0.08,0,0,
1746813769041,17,208,220,125.00,209.80,223.74,746,5986,-76.56,16,5,-58.78,6.51,19.50,17.00,6,17,0.14,0.10,0.18,0.44,0.00,0.08,0,0,
1746813770041,17,220,220,490.00,221.64,223.78,856,5241,-76.19,16,5,-58.41,6.52,18.00,11.00,6,15,0.06,0.06,0.18,0.44,0.00,0.08,0,0,
1746813771041,17,220,220,138.00,221.78,223.88,769,5977,-76.00,16,5,-58.22,6.53,19.00,16.00,7,17,0.11,0.04,0.18,0.44,0.00,0.08,0,0,
1746813772041,17,220,208,345.50,221.78,220.30,834,5397,-76.25,16,5,-58.47,6.52,18.00,17.00,7,16,0.14,0.13,0.18,0.44,0.00,0.08,0,0,
1746813773041,17,220,220,864.00,221.70,215.06,796,5388,-76.25,16,5,-58.47,6.52,18.00,12.00,6,14,0.08,0.05,0.18,0.44,0.00,0.08,0,0,
1746813774041,17,220,220,1058.00,221.71,223.63,1008,5341,-76.62,16,27,-51.52,40.16,15.50,18.00,7,14,0.10,0.06,0.18,0.44,0.00,0.08,0,0,
1746813775041,17,208,220,399.00,221.75,223.74,911,5380,-76.44,16,5,-58.66,6.52,19.50,15.00,6,15,0.09,0.05,0.18,0.44,0.00,0.08,0,0,
1746813776041,17,220,220,345.00,221.69,223.78,897,5430,-76.00,16,90,-45.67,149.78,20.50,13.00,7,16,0.10,0.05,0.18,0.44,0.00,0.08,0,0,
1746813777041,17,220,220,276.00,221.83,223.74,793,5881,-76.06,16,5,-58.28,6.53,18.00,17.00,6,17,0.13,0.06,0.18,0.44,0.00,0.08,0,0,
1746813778041,17,220,220,349.00,221.64,223.78,818,5103,-76.06,16,5,-58.28,6.53,18.00,16.00,6,17,0.05,0.07,0.18,0.44,0.00,0.08,0,0,
1746813779041,17,220,208,773.50,221.78,211.72,833,6633,-76.00,16,5,-58.22,6.53,20.00,15.00,6,17,0.14,0.07,0.18,0.44,0.00,0.08,0,0,
1746813780041,17,220,220,893.00,221.64,223.63,884,4986,-76.00,16,5,-58.22,6.53,18.00,18.00,6,16,0.05,0.10,0.18,0.44,0.00,0.08,0,0,
1746813781041,17,208,220,160.00,209.82,223.74,786,6795,-76.19,16,106,-45.14,178.90,20.00,17.00,7,15,0.14,0.07,0.18,0.44,0.00,0.08,0,0,
1746813782041,17,220,220,237.00,221.73,223.78,901,5379,-76.12,16,5,-58.34,6.52,19.00,14.00,6,15,0.07,0.06,0.18,0.44,0.00,0.08,0,0,
1746813783041,17,220,220,122.50,221.76,223.88,873,5686,-76.12,16,5,-58.34,6.52,18.50,16.00,7,16,0.11,0.04,0.18,0.44,0.00,0.08,0,0,
1746813784041,17,220,220,249.50,233.81,223.81,767,5509,-76.12,16,5,-58.34,6.52,18.50,16.00,6,19,0.09,0.06,0.18,0.44,0.00,0.08,0,0,
1746813785041,17,220,208,689.50,221.66,211.81,789,5870,-76.00,16,5,-58.22,6.53,18.50,14.00,7,17,0.08,0.07,0.18,0.44,0.00,0.08,0,0,
1746813786041,17,220,220,848.50,221.81,223.72,758,6576,-76.00,16,5,-58.22,6.53,18.00,11.00,6,18,0.11,0.06,0.18,0.44,0.00,0.08,0,0,
1746813787041,17,208,220,62.00,221.68,223.81,831,5210,-76.00,16,27,-50.89,40.32,16.00,15.00,7,17,0.05,0.07,0.18,0.44,0.00,0.08,0,0,
1746813788041,17,220,220,88.00,221.81,223.74,893,6234,-76.00,16,90,-45.67,149.78,20.50,11.00,7,17,0.14,0.14,0.18,0.44,0.00,0.08,0,0,
1746813789041,17,220,208,442.00,233.65,211.46,750,4841,-76.06,16,103,-45.14,173.55,20.00,10.00,6,15,0.08,0.18,0.18,0.44,0.00,0.08,0,0,
1746813790041,17,220,220,312.00,245.83,232.39,1352,5853,-76.12,16,5,-58.34,6.52,18.00,13.00,7,7,0.09,0.15,0.18,0.44,0.00,0.08,0,0,
1746813791041,17,220,232,538.33,221.96,226.91,1887,5486,-76.00,16,28,-50.74,41.94,16.00,10.00,7,5,0.11,0.25,0.18,0.44,0.00,0.08,0,0,
1746813792041,17,220,208,1530.25,223.50,211.71,5453,6027,-76.00,16,5,-58.22,6.53,18.00,11.00,6,0,0.10,0.12,0.18,0.44,0.00,0.08,0,0,
1746813793041,17,208,220,2186.00,216.68,223.45,7107,5332,-76.12,16,90,-45.79,149.62,21.00,12.00,7,0,0.05,0.27,0.18,0.44,0.00,0.08,0,0,
1746813794041,17,220,220,1561.20,236.55,223.70,7786,6114,-76.19,16,66,-47.20,106.53,21.50,10.00,6,0,0.10,0.31,0.18,0.44,0.00,0.08,0,0,
1746813795041,17,220,220,1301.60,236.35,223.54,7699,4955,-76.00,16,27,-50.89,40.32,14.50,15.00,7,0,0.06,0.27,0.18,0.45,0.00,0.08,0,0,
1746813796041,17,220,208,2006.22,273.31,211.23,8877,5886,-76.00,16,103,-45.08,173.65,20.50,10.00,6,0,0.11,0.44,0.18,0.45,0.00,0.08,0,0,
1746813797041,17,220,220,1314.22,272.86,223.72,8926,5408,-76.25,16,5,-58.47,6.52,18.50,17.00,7,0,0.05,0.25,0.18,0.45,0.00,0.08,0,0,
1746813798041,17,220,232,2076.78,285.22,235.68,9218,4809,-76.38,16,56,-48.10,88.92,22.50,13.00,6,0,0.07,0.52,0.18,0.45,0.00,0.08,0,0,
1746813799041,17,208,208,2049.00,212.00,211.69,6798,4940,-76.00,16,106,-44.96,179.20,20.00,15.00,7,0,0.11,0.22,0.18,0.45,0.00,0.08,0,0,
1746813800041,17,220,220,1935.86,236.64,223.72,7662,6798,-76.19,16,5,-58.41,6.52,18.50,16.00,6,0,0.14,0.19,0.18,0.45,0.00,0.08,0,0,
1746813801041,17,220,220,1809.20,231.39,223.58,7552,5035,-76.19,16,103,-45.27,173.35,20.50,10.00,6,0,0.06,0.20,0.18,0.45,0.00,0.08,0,0,
1746813802041,17,220,220,1707.56,252.23,223.46,8120,5501,-76.50,16,5,-58.72,6.51,19.00,17.00,6,0,0.13,0.21,0.18,0.46,0.00,0.08,0,0,
1746813803041,17,220,208,1238.22,241.14,211.43,7981,5002,-76.25,16,5,-58.47,6.52,19.00,14.00,6,0,0.06,0.30,0.18,0.46,0.00,0.08,0,0,
1746813804041,17,220,220,1144.25,224.20,223.59,7160,5257,-76.38,16,5,-58.59,6.52,18.00,13.00,6,0,0.14,0.12,0.18,0.46,0.00,0.08,0,0,
1746813805041,17,208,220,1880.75,212.01,223.78,6977,5234,-76.38,16,5,-58.59,6.52,19.00,16.00,6,0,0.06,0.05,0.18,0.46,0.00,0.08,0,0,
1746813806041,17,220,220,1939.50,234.52,223.53,3213,5354,-76.00,16,90,-45.67,149.78,20.50,14.00,7,4,0.06,0.19,0.18,0.45,0.00,0.08,0,0,
1746813807041,17,220,220,728.00,223.17,223.92,4570,6295,-76.31,16,5,-58.53,6.52,17.50,14.00,6,2,0.14,0.07,0.18,0.45,0.00,0.08,0,0,
1746813808041,17,220,220,629.50,222.52,223.78,3044,5259,-76.00,16,5,-58.22,6.53,18.00,15.00,6,8,0.06,0.03,0.18,0.45,0.00,0.08,0,0,
1746813809041,17,220,208,30.00,221.90,211.60,1111,5544,-76.00,16,5,-58.22,6.53,18.50,14.00,7,13,0.13,0.11,0.18,0.45,0.00,0.08,0,0,
1746813810041,17,220,220,752.50,221.91,223.53,1216,5667,-76.00,16,5,-58.22,6.53,17.00,13.00,6,11,0.16,0.08,0.18,0.45,0.00,0.08,0,0,
1746813811041,17,208,220,1335.00,209.73,223.75,1374,5241,-76.25,16,5,-58.47,6.52,19.00,16.00,6,9,0.07,0.10,0.18,0.45,0.00,0.08,0,0,
1746813812041,17,220,220,1264.50,233.96,223.61,1700,5869,-76.44,16,90,-46.10,149.22,20.50,13.00,7,5,0.09,0.16,0.18,0.45,0.00,0.08,0,0,
1746813813041,17,220,220,492.50,222.52,223.74,2458,5580,-76.19,16,5,-58.41,6.52,19.50,20.00,6,5,0.09,0.06,0.18,0.45,0.00,0.08,0,0,
1746813814041,17,220,208,1018.80,262.94,211.32,2694,4784,-76.38,16,5,-58.59,6.52,17.00,14.00,8,3,0.14,0.40,0.18,0.45,0.00,0.08,0,0,
1746813815041,17,220,220,1192.56,224.00,223.69,6839,5143,-76.38,16,5,-58.59,6.52,19.00,14.00,6,0,0.08,0.14,0.18,0.45,0.00,0.08,0,0,
1746813816041,17,220,220,1604.33,224.10,223.39,7208,4391,-76.62,16,106,-45.58,178.20,20.00,16.00,8,0,0.14,0.19,0.18,0.45,0.00,0.08,0,0,
1746813817041,17,208,220,1960.25,248.68,223.36,7927,5543,-76.44,16,64,-47.58,102.81,22.00,11.00,5,0,0.09,0.20,0.18,0.46,0.00,0.08,0,0,
1746813818041,17,220,220,1785.00,236.41,223.30,7759,6444,-76.00,16,90,-45.67,149.78,20.50,15.00,7,0,0.04,0.15,0.18,0.45,0.00,0.08,0,0,
1746813819041,17,220,220,1965.00,224.26,223.65,7171,5644,-76.00,16,27,-50.89,40.32,15.00,12.00,7,0,0.11,0.11,0.18,0.45,0.00,0.08,0,0,
1746813820041,17,220,208,881.00,224.03,211.53,6853,5356,-76.00,16,57,-47.65,90.91,22.50,11.00,6,2,0.09,0.04,0.18,0.45,0.00,0.08,0,0,
1746813821041,17,220,220,1346.33,236.26,223.70,7149,5944,-76.31,16,5,-58.53,6.52,19.50,16.00,7,0,0.07,0.12,0.18,0.45,0.00,0.08,0,0,
1746813822041,17,220,220,1482.44,224.26,223.64,7291,5675,-76.38,16,27,-51.27,40.22,16.00,13.00,7,0,0.11,0.07,0.18,0.45,0.00,0.08,0,0,
1746813823041,17,208,220,143.00,211.26,223.92,4600,5632,-76.19,16,5,-58.41,6.52,18.50,18.00,6,6,0.13,0.03,0.18,0.45,0.00,0.08,0,0,
1746813824041,17,220,220,1381.00,221.84,223.75,1498,5419,-76.19,16,90,-45.85,149.54,21.00,15.00,7,10,0.05,0.13,0.18,0.45,0.00,0.08,0,0,
1746813825041,17,220,220,890.50,221.89,223.88,1368,6082,-76.06,16,5,-58.28,6.53,17.50,13.00,6,10,0.12,0.05,0.18,0.45,0.00,0.08,0,0,
1746813826041,17,220,208,244.50,221.70,220.48,1115,5143,-76.44,16,5,-58.66,6.52,18.50,17.00,7,15,0.08,0.02,0.18,0.45,0.00,0.08,0,0,
1746813827041,17,220,220,270.50,221.80,215.10,717,6042,-76.19,16,5,-58.41,6.52,17.00,10.00,6,21,0.11,0.13,0.18,0.45,0.00,0.08,0,0,
1746813828041,17,220,220,557.50,221.64,223.63,613,4880,-76.19,16,106,-45.14,178.90,20.00,10.00,8,19,0.05,0.06,0.18,0.45,0.00,0.08,0,0,
1746813829041,17,208,220,1283.00,209.67,223.86,673,5115,-76.38,16,5,-58.59,6.52,18.00,13.00,6,18,0.10,0.08,0.18,0.45,0.00,0.08,0,0,
1746813830041,17,220,220,1377.00,233.75,223.60,903,5265,-76.06,16,106,-45.02,179.10,20.00,10.00,7,16,0.06,0.21,0.18,0.45,0.00,0.08,0,0,
1746813831041,17,220,220,607.00,233.86,223.84,1227,6008,-76.38,16,5,-58.59,6.52,18.00,15.00,6,8,0.14,0.14,0.18,0.45,0.00,0.08,0,0,
1746813832041,17,220,220,833.25,233.93,223.62,1985,5231,-76.19,16,5,-58.41,6.52,17.00,10.00,6,5,0.06,0.19,0.18,0.45,0.00,0.08,0,0,
1746813833041,17,220,208,321.00,222.74,211.90,3529,6176,-76.19,16,5,-58.41,6.52,17.50,13.00,6,3,0.14,0.07,0.18,0.45,0.00,0.08,0,0,
1746813834041,17,220,220,387.50,222.20,223.63,2582,4977,-76.25,16,5,-58.47,6.52,18.00,12.00,6,9,0.05,0.03,0.18,0.45,0.00,0.08,0,0,
1746813835041,17,208,220,237.00,209.91,223.92,1109,5988,-76.00,16,90,-45.67,149.78,20.50,10.00,7,16,0.12,0.03,0.18,0.45,0.00,0.08,0,0,
1746813836041,17,220,220,1454.50,245.94,223.72,1056,6410,-76.00,16,90,-45.67,149.78,21.00,15.00,7,13,0.11,0.10,0.18,0.45,0.00,0.08,0,0,
1746813837041,17,220,208,198.67,233.80,211.54,1158,5703,-76.00,16,5,-58.22,6.53,18.00,11.00,6,12,0.10,0.12,0.18,0.45,0.00,0.08,0,0,
1746813838041,17,220,220,660.67,221.91,232.50,1515,5482,-76.00,16,5,-58.22,6.53,17.50,13.00,7,8,0.08,0.10,0.18,0.45,0.00,0.08,0,0,
1746813839041,17,220,220,325.50,221.94,215.07,1568,5743,-76.00,16,5,-58.22,6.53,17.00,11.00,7,11,0.13,0.04,0.18,0.45,0.00,0.08,0,0,
1746813840041,17,220,220,238.50,233.98,223.51,1283,5842,-76.06,16,5,-58.28,6.53,18.00,13.00,6,12,0.13,0.07,0.18,0.45,0.00,0.08,0,0,
1746813841041,17,208,220,1528.00,233.77,223.60,1045,5191,-76.12,16,103,-45.20,173.45,20.50,10.00,6,14,0.05,0.13,0.18,0.45,0.00,0.08,0,0,
1746813842041,17,220,220,1655.50,233.91,223.62,1373,5423,-76.12,16,90,-45.79,149.62,20.50,13.00,7,8,0.13,0.12,0.18,0.45,0.00,0.08,0,0,
1746813843041,17,220,220,1250.43,251.09,223.26,2951,5817,-76.50,16,106,-45.46,178.40,20.00,17.00,7,1,0.10,0.30,0.18,0.45,0.00,0.08,0,0,
1746813844041,17,220,220,3133.78,260.32,223.46,8475,5458,-76.19,16,57,-47.84,90.78,22.50,10.00,6,0,0.08,0.32,0.18,0.45,0.00,0.08,0,0,
1746813845041,17,220,208,1520.30,273.27,211.43,8935,4554,-75.81,16,5,-58.03,6.53,19.00,17.00,8,0,0.08,0.39,0.18,0.45,0.00,0.08,0,0,
1746813846041,17,220,220,1508.56,285.38,222.74,9216,4552,-75.81,16,68,-46.70,110.40,21.50,11.00,5,0,0.12,0.65,0.18,0.46,0.00,0.09,0,0,
1746813847041,17,208,208,2571.40,224.19,211.17,7209,5693,-75.81,16,5,-58.03,6.53,17.50,10.00,6,0,0.05,0.41,0.18,0.46,0.00,0.09,0,0,
1746813848041,17,220,232,1829.50,248.43,235.34,7978,5373,-75.75,16,69,-46.57,112.24,21.50,22.00,5,0,0.13,0.42,0.18,0.46,0.00,0.09,0,0,
1746813849041,17,220,220,1634.33,248.64,223.14,8119,6498,-76.81,16,68,-47.70,109.51,21.50,10.00,5,0,0.08,0.29,0.18,0.46,0.00,0.09,0,0,
1746813850041,17,220,220,1392.22,248.50,223.49,7924,5168,-76.50,16,100,-45.71,167.37,20.50,21.00,10,0,0.03,0.22,0.18,0.47,0.00,0.09,0,0,
1746813851041,17,220,208,1280.10,248.66,211.35,8125,2998,-76.50,16,5,-58.72,6.51,12.50,10.00,12,0,0.21,0.16,0.18,0.47,0.00,0.09,0,0,
1746813852041,17,220,220,1193.67,248.60,223.24,8136,5161,-76.88,16,5,-59.09,6.50,17.50,12.00,3,0,0.15,0.16,0.18,0.47,0.00,0.09,0,0,
1746813853041,17,208,220,1685.00,273.29,223.42,8875,6086,-76.25,16,5,-58.47,6.52,18.50,14.00,3,0,0.07,0.36,0.18,0.47,0.00,0.09,0,0,
1746813854041,17,220,196,1231.62,260.70,199.62,8428,5689,-76.31,16,106,-45.27,178.70,20.50,12.00,8,0,0.11,0.38,0.18,0.47,0.00,0.09,0,0,
1746813855041,17,220,244,1950.11,277.65,246.58,8857,4085,-75.38,16,5,-57.59,6.54,17.00,14.00,6,0,0.09,0.59,0.18,0.48,0.00,0.09,0,0,
1746813856041,17,220,220,1785.56,228.94,223.65,7554,4980,-75.38,16,5,-57.59,6.54,11.50,11.00,8,0,0.05,0.41,0.18,0.48,0.00,0.09,0,0,
1746813857041,17,220,196,1564.20,248.62,199.07,8067,5800,-75.69,16,5,-57.91,6.54,16.00,11.00,4,0,0.11,0.28,0.18,0.48,0.00,0.09,0,0,
1746813858041,17,220,232,3868.00,285.44,235.56,9302,6343,-75.50,16,64,-46.65,103.59,22.00,10.00,5,0,0.04,0.49,0.18,0.48,0.00,0.09,0,0,
1746813859041,17,208,220,2355.40,260.92,223.19,8561,4152,-75.75,16,5,-57.97,6.53,12.50,11.00,7,0,0.23,0.50,0.18,0.49,0.00,0.09,0,0,
1746813860041,17,220,220,1394.56,236.46,223.26,7834,6074,-75.75,16,5,-57.97,6.53,17.50,15.00,3,0,0.10,0.32,0.18,0.49,0.00,0.09,0,0,
1746813861041,17,220,208,2234.56,285.15,211.25,9063,5441,-75.88,16,72,-46.51,117.46,21.50,10.00,5,0,0.04,0.60,0.18,0.49,0.00,0.09,0,0,
1746813862041,17,220,232,1588.00,261.14,235.67,8532,7809,-76.06,16,5,-58.28,6.53,17.50,13.00,7,0,0.13,0.44,0.18,0.49,0.00,0.09,0,0,
1746813863041,17,220,208,1638.50,289.95,210.85,9353,4390,-76.38,16,5,-58.59,6.52,17.00,10.00,7,0,0.07,0.67,0.18,0.50,0.00,0.09,0,0,
1746813864041,17,220,220,1850.70,224.22,223.47,7412,5277,-76.44,16,5,-58.66,6.52,18.00,17.00,7,0,0.10,0.41,0.18,0.50,0.00,0.09,0,0,
1746813865041,17,208,220,1471.00,285.50,223.32,9213,4127,-76.44,16,106,-45.39,178.50,20.50,19.00,8,0,0.04,0.53,0.18,0.50,0.00,0.10,0,0,
1746813866041,17,220,220,3161.44,277.71,223.06,8999,4821,-76.19,16,5,-58.41,6.52,14.50,10.00,6,0,0.10,0.62,0.18,0.51,0.00,0.10,0,0,
1746813867041,17,220,220,1675.78,273.30,223.21,8997,4910,-76.25,16,5,-58.47,6.52,19.00,18.00,7,0,0.05,0.65,0.18,0.51,0.00,0.10,0,0,
1746813868041,17,220,208,2093.11,273.23,211.02,9065,4135,-76.56,16,106,-45.52,178.30,21.00,10.00,7,0,0.13,0.57,0.18,0.52,0.00,0.10,0,0,
1746813869041,17,220,220,2881.00,260.76,223.38,8503,5771,-76.56,16,103,-45.64,172.78,20.50,10.00,6,0,0.11,0.55,0.18,0.52,0.00,0.10,0,0,
1746813870041,17,220,220,1717.10,377.63,222.76,12282,4553,-76.06,16,5,-58.28,6.53,17.00,10.00,8,0,0.04,0.79,0.18,0.53,0.00,0.10,0,0,
1746813871041,17,208,220,3155.75,260.74,223.38,8422,4923,-76.00,16,103,-45.08,173.65,20.50,11.00,6,0,0.11,0.59,0.18,0.53,0.00,0.10,0,0,
1746813872041,17,220,220,3394.33,340.31,222.83,11127,4374,-76.25,16,106,-45.21,178.80,20.50,10.00,6,0,0.04,0.77,0.18,0.54,0.00,0.10,0,0,
1746813873041,17,220,208,2849.20,273.14,211.14,8833,4392,-76.19,16,103,-45.27,173.35,21.00,11.00,6,0,0.14,0.53,0.18,0.54,0.00,0.10,0,0,
1746813874041,17,220,232,2012.11,310.57,235.25,10203,5211,-76.19,16,57,-47.84,90.78,22.50,10.00,6,0,0.05,0.47,0.18,0.54,0.00,0.10,0,0,
1746813875041,17,220,208,1816.44,260.97,211.10,8446,6172,-76.12,16,106,-45.08,179.00,20.50,11.00,7,0,0.14,0.54,0.18,0.54,0.00,0.11,0,0,
1746813876041,17,220,220,1278.20,236.39,223.41,7764,5337,-76.00,16,5,-58.22,6.53,17.00,11.00,6,0,0.08,0.35,0.18,0.55,0.00,0.11,0,0,
1746813877041,17,208,220,2010.60,248.98,223.25,8222,5551,-76.00,16,90,-45.67,149.78,21.50,10.00,7,0,0.08,0.49,0.18,0.55,0.00,0.11,0,0,
1746813878041,17,220,220,1083.38,285.78,223.34,9378,5401,-76.31,16,5,-58.53,6.52,18.00,17.00,7,0,0.09,0.43,0.18,0.55,0.00,0.11,0,0,
1746813879041,17,220,208,2127.75,265.94,211.09,8644,5731,-76.31,16,5,-58.53,6.52,17.00,10.00,7,0,0.13,0.64,0.18,0.56,0.00,0.11,0,0,
1746813880041,17,220,220,1598.67,236.40,232.53,7641,5831,-76.12,16,27,-51.02,40.29,16.00,15.00,7,0,0.11,0.34,0.18,0.56,0.00,0.11,0,0,
1746813881041,17,220,220,1849.33,241.34,214.78,7808,5317,-76.62,16,5,-58.84,6.51,18.50,15.00,6,0,0.14,0.25,0.18,0.56,0.00,0.11,0,0,
1746813882041,17,220,220,1847.30,224.24,223.59,7417,4955,-76.44,16,5,-58.66,6.52,17.50,13.00,6,0,0.06,0.11,0.18,0.56,0.00,0.11,0,0,
1746813883041,17,208,220,989.75,273.17,224.03,8791,5380,-76.44,16,106,-45.39,178.50,20.50,14.00,7,0,0.09,0.28,0.18,0.56,0.00,0.11,0,0,
1746813884041,17,220,220,987.75,277.95,223.16,9022,5441,-76.38,16,69,-47.19,111.66,21.50,12.00,5,0,0.10,0.60,0.18,0.56,0.00,0.11,0,0,
1746813885041,17,220,220,1421.22,224.28,223.38,7314,6130,-76.19,16,106,-45.14,178.90,20.00,12.00,8,0,0.05,0.23,0.18,0.56,0.00,0.11,0,0,
1746813886041,17,220,220,1477.22,236.39,223.50,7711,5256,-76.44,16,27,-51.33,40.21,16.50,17.00,7,0,0.12,0.33,0.18,0.56,0.00,0.11,0,0,
1746813887041,17,220,208,2718.25,236.30,211.45,7515,5305,-76.75,16,67,-47.70,107.81,22.00,10.00,7,0,0.11,0.19,0.18,0.56,0.00,0.11,0,0,
1746813888041,17,220,220,1635.50,273.13,223.42,8931,4417,-76.75,16,5,-58.97,6.51,20.00,19.00,7,0,0.11,0.26,0.18,0.56,0.00,0.11,0,0,
1746813889041,17,208,208,2504.60,273.40,211.61,9005,4746,-76.38,16,106,-45.33,178.60,20.00,10.00,7,0,0.06,0.46,0.18,0.57,0.00,0.11,0,0,
1746813890041,17,220,232,1127.75,224.15,235.78,7160,5183,-76.38,16,36,-50.02,54.97,20.00,15.00,7,0,0.12,0.24,0.18,0.57,0.00,0.11,0,0,
1746813891041,17,220,220,1936.11,273.42,223.16,8990,5215,-76.38,16,5,-58.59,6.52,18.00,13.00,6,0,0.08,0.45,0.18,0.57,0.00,0.11,0,0,
1746813892041,17,220,208,1624.00,224.26,211.62,7342,5159,-76.38,16,28,-51.11,41.84,17.00,10.00,7,0,0.07,0.18,0.18,0.57,0.00,0.11,0,0,
1746813893041,17,220,220,1717.00,248.67,223.57,8091,5600,-76.31,16,5,-58.53,6.52,17.50,13.00,7,0,0.13,0.26,0.18,0.57,0.00,0.11,0,0,
1746813894041,17,220,232,3247.78,248.81,235.39,8094,5107,-76.44,16,106,-45.39,178.50,20.50,10.00,6,0,0.08,0.35,0.18,0.57,0.00,0.11,0,0,
1746813895041,17,208,208,1757.80,224.31,211.55,7213,4604,-76.12,16,106,-45.08,179.00,20.50,11.00,8,0,0.09,0.22,0.18,0.57,0.00,0.11,0,0,
1746813896041,17,220,220,1025.00,260.70,223.36,8351,4494,-76.25,16,5,-58.47,6.52,16.50,11.00,7,0,0.11,0.42,0.18,0.57,0.00,0.11,0,0,
1746813897041,17,220,220,1601.62,236.48,223.49,7761,5180,-76.25,16,27,-51.14,40.25,15.50,14.00,7,0,0.09,0.31,0.18,0.58,0.00,0.11,0,0,
1746813898041,17,220,208,1558.38,278.00,210.89,9129,5297,-76.62,16,106,-45.58,178.20,20.50,10.00,7,0,0.12,0.50,0.18,0.58,0.00,0.11,0,0,
1746813899041,17,220,220,1733.00,248.71,223.56,8141,5736,-76.38,16,5,-58.59,6.52,17.50,15.00,7,0,0.14,0.31,0.18,0.58,0.00,0.11,0,0,
1746813900041,17,220,232,1568.60,345.48,235.02,11271,5272,-76.50,16,106,-45.46,178.40,20.50,10.00,6,0,0.07,0.63,0.18,0.59,0.00,0.12,0,0,
1746813901041,17,208,196,2233.80,224.19,199.46,7255,4378,-76.50,16,5,-58.72,6.51,17.50,11.00,7,0,0.07,0.27,0.18,0.59,0.00,0.12,0,0,
1746813902041,17,220,232,1500.62,297.74,235.72,9741,5824,-76.75,16,5,-58.97,6.51,18.50,15.00,7,0,0.14,0.48,0.18,0.59,0.00,0.12,0,0,
1746813903041,17,220,208,1471.78,236.51,211.37,7645,5194,-76.50,16,106,-45.46,178.40,21.00,10.00,7,0,0.14,0.37,0.18,0.59,0.00,0.12,0,0,
1746813904041,17,220,232,1901.75,261.05,235.56,8444,5922,-76.25,16,27,-51.14,40.25,15.50,16.00,7,0,0.11,0.34,0.18,0.59,0.00,0.12,0,0,
1746813905041,17,220,208,1657.67,224.30,211.61,7310,6005,-76.62,16,5,-58.84,6.51,18.00,12.00,7,0,0.10,0.16,0.18,0.59,0.00,0.12,0,0,
1746813906041,17,220,220,1805.56,224.27,223.65,7293,5446,-76.62,16,27,-51.52,40.16,15.50,13.00,7,0,0.08,0.07,0.18,0.59,0.00,0.12,0,0,
1746813907041,17,208,220,99.00,210.94,223.74,4069,5607,-76.31,16,27,-51.21,40.24,16.00,15.00,7,7,0.10,0.03,0.18,0.59,0.00,0.12,0,0,
1746813908041,17,220,220,380.50,221.78,223.74,1143,5256,-76.38,16,5,-58.59,6.52,18.50,13.00,6,16,0.08,0.01,0.18,0.59,0.00,0.12,0,0,
1746813909041,17,220,220,517.67,257.95,223.58,1245,4619,-76.25,16,106,-45.21,178.80,20.50,15.00,8,11,0.09,0.12,0.18,0.59,0.00,0.12,0,0,
1746813910041,17,220,208,703.00,221.72,211.57,1222,6057,-77.00,16,5,-59.22,6.50,17.50,12.00,4,11,0.12,0.07,0.18,0.59,0.00,0.12,0,0,
1746813911041,17,220,220,691.00,221.76,223.81,1206,7645,-77.00,16,5,-59.22,6.50,18.50,18.00,5,16,0.05,0.03,0.18,0.59,0.00,0.12,0,0,
1746813912041,17,220,220,597.00,221.70,223.64,642,5039,-76.44,16,5,-58.66,6.52,17.00,14.00,7,18,0.13,0.16,0.18,0.59,0.00,0.12,0,0,
1746813913041,17,208,220,328.00,209.79,223.90,731,6274,-76.00,16,27,-50.89,40.32,15.50,15.00,7,14,0.12,0.12,0.18,0.59,0.00,0.12,0,0,
1746813914041,17,220,220,986.50,221.75,223.78,946,5339,-76.81,16,5,-59.03,6.51,17.50,12.00,6,13,0.08,0.06,0.18,0.59,0.00,0.12,0,0,
1746813915041,17,220,220,742.67,257.89,223.44,1532,4589,-76.81,16,106,-45.77,177.90,20.00,15.00,8,5,0.13,0.16,0.18,0.59,0.00,0.12,0,0,
1746813916041,17,220,208,1489.12,251.97,211.08,5022,4980,-76.56,16,103,-45.64,172.78,20.50,10.00,6,0,0.09,0.39,0.18,0.59,0.00,0.12,0,0,
1746813917041,17,220,220,1352.22,260.99,223.50,8644,4863,-76.38,16,5,-58.59,6.52,18.50,17.00,8,0,0.05,0.27,0.18,0.59,0.00,0.12,0,0,
1746813918041,17,220,220,1939.11,228.98,223.32,7551,4416,-76.44,16,5,-58.66,6.52,18.00,13.00,7,0,0.10,0.27,0.18,0.59,0.00,0.12,0,0,
1746813919041,17,208,220,1152.80,212.14,223.61,6938,5383,-76.44,16,106,-45.39,178.50,20.00,10.00,7,0,0.08,0.18,0.18,0.59,0.00,0.12,0,0,
1746813920041,17,220,220,1032.75,277.76,222.94,8929,4787,-76.44,16,5,-58.66,6.52,18.00,15.00,7,0,0.12,0.49,0.18,0.59,0.00,0.12,0,0,
1746813921041,17,220,220,1295.00,224.27,223.94,7279,5551,-76.44,16,5,-58.66,6.52,17.50,13.00,6,0,0.10,0.24,0.18,0.59,0.00,0.12,0,0,
1746813922041,17,220,220,1456.00,273.18,223.27,8610,4999,-76.62,16,27,-51.52,40.16,15.50,16.00,7,0,0.08,0.35,0.18,0.60,0.00,0.12,0,0,
1746813923041,17,220,208,1603.33,224.26,211.61,7310,5198,-76.94,16,5,-59.16,6.50,17.00,10.00,6,0,0.12,0.19,0.18,0.59,0.00,0.12,0,0,
1746813924041,17,220,220,1786.00,322.14,223.11,10503,4899,-76.94,16,27,-51.83,40.08,15.00,15.00,7,0,0.05,0.36,0.18,0.60,0.00,0.12,0,0,
1746813925041,17,208,220,4425.50,265.93,235.64,8584,5721,-76.50,16,47,-48.99,73.40,22.00,10.00,7,0,0.13,0.60,0.18,0.60,0.00,0.12,0,0,
1746813926041,17,220,220,1250.22,256.14,223.46,8318,5806,-76.25,16,5,-58.47,6.52,18.00,13.00,7,0,0.11,0.36,0.18,0.60,0.00,0.12,0,0,
1746813927041,17,220,220,1133.67,248.76,223.42,8077,4495,-76.44,16,106,-45.39,178.50,20.00,16.00,8,0,0.05,0.35,0.18,0.60,0.00,0.12,0,0,
1746813928041,17,220,208,1946.50,224.06,211.59,7201,4509,-76.50,16,5,-58.72,6.51,17.00,10.00,6,0,0.10,0.17,0.18,0.60,0.00,0.12,0,0,
1746813929041,17,220,220,1821.67,265.68,223.36,8780,5257,-76.50,16,5,-58.72,6.51,19.00,20.00,7,0,0.07,0.30,0.18,0.61,0.00,0.12,0,0,
1746813930041,17,220,220,1755.33,273.00,223.19,8905,3997,-76.50,16,19,-52.92,27.47,14.00,10.00,7,0,0.04,0.54,0.18,0.61,0.00,0.12,0,0,
1746813931041,17,208,220,1987.20,248.51,223.30,8112,4185,-75.75,16,100,-44.96,168.49,20.50,17.00,9,0,0.11,0.33,0.18,0.61,0.00,0.12,0,0,
1746813932041,17,220,220,1023.44,236.45,223.25,7756,4971,-76.69,16,69,-47.51,111.38,21.50,16.00,5,0,0.11,0.32,0.18,0.61,0.00,0.12,0,0,
1746813933041,17,220,220,3375.25,236.30,223.16,7562,6344,-76.69,16,106,-45.64,178.10,20.50,10.00,7,0,0.04,0.18,0.18,0.61,0.00,0.12,0,0,
1746813934041,17,220,220,1067.00,277.82,222.94,8997,4705,-76.75,16,27,-51.64,40.13,15.50,17.00,7,0,0.12,0.48,0.18,0.61,0.00,0.12,0,0,
1746813935041,17,220,208,2023.38,224.11,211.45,7191,4202,-76.31,16,28,-51.05,41.86,17.50,10.00,7,0,0.06,0.35,0.18,0.61,0.00,0.12,0,0,
1746813936041,17,220,220,2190.00,248.48,223.41,7930,4374,-76.38,16,5,-58.59,6.52,18.50,19.00,6,0,0.17,0.31,0.18,0.61,0.00,0.12,0,0,
1746813937041,17,208,220,1187.60,236.46,223.22,7762,6128,-76.69,16,25,-51.92,36.93,15.00,13.00,4,0,0.06,0.49,0.18,0.62,0.00,0.12,0,0,
1746813938041,17,220,220,1402.11,224.20,223.43,7345,5630,-76.69,16,8,-56.86,10.79,14.00,10.00,8,0,0.07,0.37,0.18,0.62,0.00,0.12,0,0,
1746813939041,17,220,220,965.88,305.22,223.32,9944,4466,-76.31,16,27,-51.21,40.24,15.50,17.00,7,0,0.13,0.34,0.18,0.62,0.00,0.12,0,0,
1746813940041,17,220,208,1100.00,248.47,211.36,7992,5775,-76.62,16,103,-45.70,172.68,20.50,10.00,6,0,0.15,0.35,0.18,0.62,0.00,0.12,0,0,
1746813941041,17,220,220,2027.38,236.37,223.76,7640,5225,-76.69,16,5,-58.91,6.51,18.00,10.00,6,0,0.06,0.20,0.18,0.62,0.00,0.12,0,0,
1746813942041,17,220,220,1651.78,260.91,223.26,8371,6078,-76.69,16,5,-58.91,6.51,16.50,11.00,6,0,0.16,0.34,0.18,0.62,0.00,0.12,0,0,
1746813943041,17,208,220,1638.60,212.09,223.50,6981,4941,-76.69,16,57,-48.34,90.43,22.50,11.00,6,0,0.06,0.28,0.18,0.62,0.00,0.12,0,0,
1746813944041,17,220,220,1253.44,236.61,223.89,7751,6738,-76.88,16,5,-59.09,6.50,19.00,17.00,6,0,0.16,0.17,0.18,0.62,0.00,0.12,0,0,
1746813945041,17,220,220,4253.78,260.82,223.32,8427,5147,-76.00,16,106,-44.96,179.20,20.50,11.00,6,0,0.06,0.33,0.18,0.62,0.00,0.12,0,0,
1746813946041,17,220,208,1196.62,224.24,220.64,7243,5627,-76.94,16,27,-51.83,40.08,15.50,14.00,7,0,0.12,0.19,0.18,0.62,0.00,0.12,0,0,
1746813947041,17,220,220,1652.50,285.62,214.36,9072,5070,-76.94,16,103,-46.02,172.21,20.50,10.00,6,0,0.09,0.41,0.18,0.62,0.00,0.13,0,0,
1746813948041,17,220,220,1573.00,236.39,223.73,7696,5236,-76.88,16,5,-59.09,6.50,16.00,10.00,8,0,0.08,0.23,0.18,0.62,0.00,0.13,0,0,
1746813949041,17,208,220,2262.00,236.55,223.28,7775,5497,-76.94,16,68,-47.82,109.40,21.50,15.00,5,0,0.09,0.39,0.18,0.62,0.00,0.13,0,0,
1746813950041,17,220,220,3529.89,260.98,222.99,8422,5869,-76.69,16,88,-46.45,145.28,21.00,10.00,8,0,0.04,0.38,0.18,0.62,0.00,0.13,0,0,
1746813951041,17,220,220,1092.88,248.61,223.46,8078,4957,-76.56,16,68,-47.45,109.73,21.50,11.00,5,0,0.14,0.35,0.18,0.62,0.00,0.13,0,0,
1746813952041,17,220,220,2093.89,260.86,223.26,8429,6313,-76.56,16,94,-46.04,156.32,20.50,11.00,4,0,0.06,0.39,0.18,0.63,0.00,0.13,0,0,
1746813953041,17,220,208,1563.78,248.62,211.55,8001,4575,-76.69,16,5,-58.91,6.51,17.50,12.00,7,0,0.15,0.30,0.18,0.63,0.00,0.13,0,0,
1746813954041,17,220,220,1648.00,248.64,223.38,8131,5096,-76.88,16,103,-45.95,172.30,20.50,10.00,6,0,0.07,0.33,0.18,0.63,0.00,0.13,0,0,
1746813955041,17,208,220,2213.80,261.27,223.66,8659,5230,-76.69,16,106,-45.64,178.10,20.00,16.00,8,0,0.15,0.25,0.18,0.63,0.00,0.13,0,0,
1746813956041,17,220,220,1154.11,271.70,223.23,8942,4142,-76.69,16,5,-58.91,6.51,17.50,14.00,7,0,0.08,0.42,0.18,0.63,0.00,0.13,0,0,
1746813957041,17,220,220,1132.44,224.40,223.74,7245,4828,-76.50,16,27,-51.39,40.19,16.00,10.00,7,0,0.13,0.18,0.18,0.63,0.00,0.13,0,0,
1746813958041,17,220,220,1729.12,255.80,223.48,8161,4992,-76.94,16,56,-48.66,88.54,22.50,18.00,6,0,0.07,0.30,0.18,0.63,0.00,0.13,0,0,
1746813959041,17,220,208,1598.88,224.30,211.86,7368,5643,-76.62,16,5,-58.84,6.51,17.50,16.00,7,0,0.12,0.11,0.18,0.63,0.00,0.13,0,0,
1746813960041,17,220,208,2170.25,260.74,211.84,8304,4981,-76.69,16,5,-58.91,6.51,12.50,10.00,6,0,0.10,0.21,0.18,0.63,0.00,0.13,0,0,
1746813961041,17,208,232,2072.40,236.50,235.00,7701,5170,-76.69,16,27,-51.58,40.14,15.00,20.00,7,0,0.05,0.20,0.18,0.63,0.00,0.13,0,0,
1746813962041,17,220,220,3407.67,273.27,223.11,8993,4597,-77.00,16,106,-45.96,177.61,20.50,10.00,6,0,0.08,0.54,0.18,0.63,0.00,0.13,0,0,
1746813963041,17,220,196,3831.67,236.42,200.13,7761,4782,-76.69,16,106,-45.64,178.10,20.50,12.00,8,0,0.14,0.31,0.18,0.63,0.00,0.13,0,0,
1746813964041,17,220,232,1600.75,253.47,234.95,8156,6280,-76.75,16,5,-58.97,6.51,20.00,20.00,4,0,0.10,0.40,0.18,0.63,0.00,0.13,0,0,
1746813965041,17,220,232,1534.33,272.95,235.47,8854,6476,-76.75,16,106,-45.71,178.00,20.50,10.00,7,0,0.04,0.37,0.18,0.63,0.00,0.13,0,0,
1746813966041,17,220,208,2027.00,248.52,211.33,7998,4133,-77.81,16,27,-52.71,39.86,15.50,19.00,7,0,0.15,0.25,0.18,0.63,0.00,0.13,0,0,
1746813967041,17,208,220,1735.00,334.21,222.90,10866,5012,-77.56,16,5,-59.78,6.49,18.00,13.00,6,0,0.07,0.57,0.18,0.64,0.00,0.13,0,0,
1746813968041,17,220,220,1919.90,224.28,223.78,7281,4830,-76.94,16,5,-59.16,6.50,18.00,11.00,6,0,0.16,0.23,0.18,0.64,0.00,0.13,0,0,
1746813969041,17,220,220,1364.33,334.77,222.98,10901,4768,-76.62,16,5,-58.84,6.51,19.00,19.00,6,0,0.07,0.51,0.18,0.64,0.00,0.13,0,0,
1746813970041,17,220,208,1880.11,260.79,211.42,8492,4981,-76.62,16,47,-49.11,73.33,22.00,10.00,7,0,0.08,0.41,0.18,0.64,0.00,0.13,0,0,
1746813971041,17,220,220,1323.89,322.64,223.22,10591,4169,-76.88,16,5,-59.09,6.50,19.00,16.00,6,0,0.17,0.41,0.18,0.65,0.00,0.13,0,0,
1746813972041,17,220,220,1989.25,240.03,223.20,7681,5915,-77.00,16,68,-47.88,109.35,21.50,15.00,5,0,0.07,0.39,0.18,0.65,0.00,0.13,0,0,
1746813973041,17,208,208,2133.60,224.06,211.41,7331,5757,-76.81,16,5,-59.03,6.51,18.00,10.00,6,0,0.07,0.29,0.18,0.65,0.00,0.13,0,0,
1746813974041,17,220,232,1309.00,231.81,235.84,7651,6538,-76.56,16,5,-58.78,6.51,17.50,11.00,7,0,0.11,0.14,0.18,0.65,0.00,0.13,0,0,
1746813975041,17,220,220,1525.67,261.08,223.38,8524,5404,-76.56,16,27,-51.46,40.17,15.50,19.00,7,0,0.08,0.23,0.18,0.65,0.00,0.13,0,0,
1746813976041,17,220,220,1216.11,224.33,223.56,7316,6496,-76.31,16,28,-51.05,41.86,16.50,10.00,7,0,0.15,0.17,0.18,0.65,0.00,0.13,0,0,
1746813977041,17,220,208,1239.89,224.34,211.69,7294,6179,-76.06,16,5,-58.28,6.53,17.00,11.00,7,0,0.14,0.13,0.18,0.65,0.00,0.13,0,0,
1746813978041,17,220,220,1896.00,277.88,223.15,9206,4908,-76.00,16,27,-50.89,40.32,15.50,12.00,7,0,0.07,0.44,0.18,0.65,0.00,0.13,0,0,
1746813979041,17,208,220,2845.20,236.56,223.46,7783,5744,-76.00,16,106,-44.96,179.20,20.50,10.00,7,0,0.11,0.32,0.18,0.65,0.00,0.13,0,0,
1746813980041,17,220,220,1134.67,248.82,223.40,8207,4960,-76.31,16,5,-58.53,6.52,18.50,17.00,6,0,0.12,0.37,0.18,0.65,0.00,0.13,0,0,
1746813981041,17,220,220,1923.90,272.95,223.30,8844,4960,-76.62,16,5,-58.84,6.51,18.00,10.00,6,0,0.05,0.45,0.18,0.65,0.00,0.13,0,0,
1746813982041,17,220,220,1669.33,224.34,223.74,7360,5513,-76.25,16,27,-51.14,40.25,14.50,16.00,7,0,0.12,0.17,0.18,0.65,0.00,0.13,0,0,
1746813983041,17,220,208,1136.44,297.72,210.95,9595,4556,-76.50,16,5,-58.72,6.51,19.00,12.00,7,0,0.07,0.46,0.18,0.65,0.00,0.14,0,0,
1746813984041,17,220,220,1193.75,224.20,223.66,7236,5851,-76.50,16,90,-46.17,149.14,21.00,10.00,7,0,0.06,0.18,0.18,0.65,0.00,0.14,0,0,
1746813985041,17,208,220,1304.60,212.13,223.58,6934,5132,-76.69,16,27,-51.58,40.14,15.50,18.00,7,0,0.14,0.20,0.18,0.65,0.00,0.14,0,0,
1746813986041,17,220,220,1338.67,278.22,223.25,9092,5398,-76.56,16,5,-58.78,6.51,18.50,13.00,6,0,0.09,0.40,0.18,0.65,0.00,0.14,0,0,
1746813987041,17,220,208,2775.33,248.66,211.34,8064,4822,-76.56,16,106,-45.52,178.30,20.50,10.00,8,0,0.10,0.35,0.18,0.65,0.00,0.14,0,0,
1746813988041,17,220,232,1269.56,248.66,235.54,8131,5064,-76.56,16,56,-48.29,88.79,22.50,16.00,6,0,0.08,0.35,0.18,0.66,0.00,0.14,0,0,
1746813989041,17,220,208,1773.22,265.44,223.15,8761,5240,-76.56,16,90,-46.23,149.06,20.50,10.00,7,0,0.08,0.50,0.18,0.66,0.00,0.14,0,0,
1746813990041,17,220,220,1136.62,224.14,223.65,7261,4830,-76.31,16,106,-45.27,178.70,20.00,11.00,7,0,0.08,0.24,0.18,0.66,0.00,0.14,0,0,
1746813991041,17,208,220,2171.00,276.48,222.98,9014,5233,-76.50,16,28,-51.24,41.81,16.00,10.00,7,0,0.14,0.58,0.18,0.66,0.00,0.14,0,0,
1746813992041,17,220,208,2150.50,248.72,223.34,8140,6118,-76.44,16,106,-45.39,178.50,20.50,11.00,5,0,0.09,0.42,0.18,0.66,0.00,0.14,0,0,
1746813993041,17,220,232,1167.67,260.57,223.50,8335,5084,-76.44,16,27,-51.33,40.21,15.50,14.00,7,0,0.07,0.38,0.18,0.66,0.00,0.14,0,0,
1746813994041,17,220,220,2292.44,236.62,223.61,7811,6275,-76.25,16,67,-47.20,108.24,22.00,10.00,7,0,0.14,0.39,0.18,0.66,0.00,0.14,0,0,
1746813995041,17,220,208,1020.25,271.74,211.40,8877,4754,-76.12,16,5,-58.34,6.52,18.00,13.00,6,0,0.06,0.26,0.18,0.66,0.00,0.14,0,0,
1746813996041,17,220,220,1579.88,273.25,223.71,9014,6113,-76.38,16,106,-45.33,178.60,20.00,11.00,7,0,0.11,0.40,0.18,0.67,0.00,0.14,0,0,
1746813997041,17,208,220,2158.50,212.08,223.78,6888,5334,-76.38,16,5,-58.59,6.52,17.50,13.00,6,0,0.08,0.17,0.18,0.67,0.00,0.14,0,0,
1746813998041,17,220,220,1501.30,322.45,223.50,10596,5525,-76.69,16,106,-45.64,178.10,20.50,12.00,7,0,0.09,0.58,0.18,0.67,0.00,0.14,0,0,
1746813999041,17,220,220,2998.82,236.49,223.56,7789,5410,-76.25,16,47,-48.74,73.53,22.00,10.00,7,0,0.12,0.28,0.18,0.67,0.00,0.14,0,0,
1746814000041,17,220,208,1208.00,273.47,220.03,8824,5145,-76.38,16,27,-51.27,40.22,15.50,18.00,7,0,0.14,0.30,0.18,0.67,0.00,0.14,0,0,
1746814001041,17,220,208,2803.25,273.22,202.25,8950,4703,-76.56,16,47,-49.05,73.36,22.00,10.00,7,0,0.09,0.49,0.18,0.67,0.00,0.14,0,0,
1746814002041,17,220,232,1019.50,224.25,235.86,7175,6682,-76.56,16,5,-58.78,6.51,17.00,12.00,6,0,0.16,0.22,0.18,0.67,0.00,0.14,0,0,
1746814003041,17,208,220,2341.75,224.34,223.46,7249,5008,-76.75,16,5,-58.97,6.51,17.50,11.00,6,0,0.06,0.50,0.18,0.67,0.00,0.14,0,0,
1746814004041,17,220,220,1580.20,224.34,223.74,7373,5366,-76.31,16,27,-51.21,40.24,15.00,10.00,7,0,0.14,0.21,0.18,0.67,0.00,0.14,0,0,
1746814005041,17,220,220,1862.80,248.46,223.82,8054,5224,-76.69,16,5,-58.91,6.51,18.00,14.00,6,0,0.08,0.36,0.18,0.67,0.00,0.14,0,0,
1746814006041,17,220,220,2166.11,236.43,223.60,7710,5326,-77.19,16,106,-46.14,177.32,20.00,10.00,7,0,0.07,0.27,0.18,0.67,0.00,0.14,0,0,
1746814007041,17,220,208,1339.44,261.19,211.32,8590,5526,-77.19,16,5,-59.41,6.50,18.00,16.00,6,0,0.16,0.34,0.18,0.68,0.00,0.14,0,0,
1746814008041,17,220,208,1292.17,255.91,211.26,8332,4889,-76.56,16,103,-45.64,172.78,20.50,10.00,6,0,0.07,0.36,0.18,0.68,0.00,0.14,0,0,
1746814009041,17,208,232,1657.75,253.85,235.39,8191,4507,-76.31,16,7,-57.07,9.36,17.00,15.00,8,0,0.15,0.36,0.18,0.68,0.00,0.14,0,0,
1746814010041,17,220,220,2398.33,326.66,223.12,10584,5029,-76.56,16,103,-45.64,172.78,20.50,10.00,6,0,0.08,0.49,0.18,0.68,0.00,0.14,0,0,
1746814011041,17,220,208,3611.11,260.82,211.30,8702,4571,-76.56,16,19,-52.98,27.46,13.00,11.00,8,0,0.08,0.33,0.18,0.68,0.00,0.14,0,0,
1746814012041,17,220,232,1496.78,273.26,235.58,8798,6066,-76.44,16,105,-45.43,176.65,16.00,13.00,5,0,0.08,0.41,0.18,0.68,0.00,0.14,0,0,
1746814013041,17,220,196,3397.38,248.54,199.03,8059,5935,-76.62,16,67,-47.57,107.92,16.00,10.00,7,0,0.05,0.32,0.18,0.68,0.00,0.14,0,0,
1746814014041,17,220,232,1123.75,248.65,235.78,8141,5580,-76.38,16,5,-58.59,6.52,18.50,16.00,7,0,0.10,0.33,0.18,0.68,0.00,0.14,0,0,
1746814015041,17,208,220,2664.25,249.00,223.35,8222,5218,-76.62,16,57,-48.27,90.47,17.00,10.00,6,0,0.14,0.42,0.18,0.69,0.00,0.14,0,0,
1746814016041,17,220,220,1566.78,248.58,223.54,7989,5202,-76.62,16,5,-58.84,6.51,17.50,13.00,6,0,0.06,0.33,0.18,0.69,0.00,0.14,0,0,
1746814017041,17,220,220,1492.50,290.10,235.09,9560,5254,-76.88,16,68,-47.76,109.46,16.00,13.00,5,0,0.15,0.54,0.18,0.69,0.00,0.15,0,0,
1746814018041,17,220,220,1269.44,224.22,223.06,7269,6165,-76.56,16,105,-45.56,176.45,16.00,10.00,5,0,0.06,0.22,0.18,0.69,0.00,0.15,0,0,
1746814019041,17,220,208,888.38,267.86,211.44,8570,4425,-76.56,16,5,-58.78,6.51,19.00,16.00,7,0,0.16,0.38,0.18,0.69,0.00,0.15,0,0,
1746814020041,17,220,220,1129.38,224.12,223.70,7334,5387,-76.56,16,5,-58.78,6.51,18.50,11.00,6,0,0.08,0.15,0.18,0.69,0.00,0.15,0,0,
1746814021041,17,208,220,1444.20,261.29,222.98,8661,5244,-76.81,16,5,-59.03,6.51,18.00,16.00,7,0,0.11,0.47,0.18,0.69,0.00,0.15,0,0,
1746814022041,17,220,220,1870.44,224.30,223.88,7297,5618,-76.31,16,5,-58.53,6.52,19.00,13.00,7,0,0.08,0.18,0.18,0.69,0.00,0.15,0,0,
1746814023041,17,220,220,1526.00,265.65,223.47,8572,5710,-76.56,16,68,-47.45,109.73,17.00,17.00,5,0,0.11,0.44,0.18,0.69,0.00,0.15,0,0,
1746814024041,17,220,208,2157.30,272.99,210.94,8912,5570,-77.00,16,103,-46.08,172.11,16.50,10.00,6,0,0.05,0.44,0.18,0.69,0.00,0.15,0,0,
1746814025041,17,220,220,1602.56,302.21,223.06,9874,4187,-77.00,16,5,-59.22,6.50,19.00,17.00,7,0,0.15,0.46,0.18,0.70,0.00,0.15,0,0,
1746814026041,17,220,220,1134.00,260.91,223.30,8379,5466,-76.31,16,5,-58.53,6.52,17.50,11.00,6,0,0.12,0.42,0.18,0.70,0.00,0.15,0,0,
1746814027041,17,208,220,2099.50,313.46,223.05,10389,5056,-76.12,16,5,-58.34,6.52,18.50,13.00,7,0,0.05,0.56,0.18,0.70,0.00,0.15,0,0,
1746814028041,17,220,220,2445.56,272.62,223.15,8837,4475,-76.19,16,68,-47.07,110.06,16.50,14.00,5,0,0.15,0.63,0.18,0.70,0.00,0.15,0,0,
1746814029041,17,220,220,1610.90,224.12,223.18,7260,6878,-76.19,16,68,-47.07,110.06,17.00,13.00,5,0,0.06,0.25,0.18,0.70,0.00,0.15,0,0,
1746814030041,17,220,208,2369.30,270.52,219.66,8925,5937,-76.12,16,27,-51.02,40.29,15.00,15.00,7,0,0.13,0.55,0.18,0.71,0.00,0.15,0,0,
1746814031041,17,220,208,2885.75,260.73,202.98,8427,4621,-76.12,16,5,-58.34,6.52,15.00,11.00,6,0,0.06,0.40,0.18,0.71,0.00,0.15,0,0,
1746814032041,17,220,232,1409.00,284.94,234.86,9159,6587,-76.25,16,67,-47.20,108.24,16.00,10.00,7,0,0.14,0.58,0.18,0.71,0.00,0.15,0,0,
1746814033041,17,208,208,1405.00,229.25,211.42,7443,5057,-76.38,16,103,-45.45,173.06,16.00,10.00,6,0,0.08,0.35,0.18,0.71,0.00,0.15,0,0,
1746814034041,17,220,232,1734.22,268.14,235.16,8713,5305,-76.38,16,27,-51.27,40.22,14.50,13.00,7,0,0.12,0.63,0.18,0.71,0.00,0.15,0,0,
1746814035041,17,220,208,1591.20,248.77,211.34,8213,5315,-75.94,16,106,-44.89,179.30,16.00,10.00,7,0,0.13,0.45,0.18,0.71,0.00,0.15,0,0,
1746814036041,17,220,220,1765.00,261.22,245.08,8532,5761,-76.31,16,56,-48.04,88.96,9.00,14.00,6,0,0.08,0.34,0.18,0.71,0.00,0.15,0,0,
1746814037041,17,220,208,2364.90,260.84,201.98,8500,6306,-76.17,6,64,-47.31,103.03,8.00,10.00,5,0,0.14,0.37,0.18,0.71,0.00,0.15,0,0,
1746814038041,17,220,232,1246.11,224.08,235.28,7140,6996,-76.50,8,68,-47.38,109.79,8.00,13.00,5,0,0.06,0.20,0.18,0.71,0.00,0.15,0,0,
1746814039041,17,208,208,1955.75,248.89,211.16,8204,5444,-76.50,8,5,-58.72,6.51,16.50,10.00,4,0,0.15,0.51,0.18,0.72,0.00,0.15,0,0,
1746814040041,17,220,220,1703.89,236.22,223.81,7654,7383,-76.50,4,5,-58.72,6.51,16.50,10.00,4,0,0.06,0.31,0.18,0.72,0.00,0.15,0,0,
1746814041041,,,,,,,,,,,,,,,,,,,,,,,,,,
1746814042041,17,220,220,1501.40,273.27,235.46,8927,7585,-76.75,4,106,-45.71,178.00,8.50,15.00,2,0,0.11,0.41,0.17,0.72,0.00,0.15,0,0,
1746814043041,17,220,220,1490.11,253.07,211.82,7989,8602,-76.75,4,5,-58.97,6.51,16.50,11.00,3,0,0.05,0.38,0.17,0.72,0.00,0.15,0,0,
1746814044041,17,220,220,1128.12,224.21,223.52,7363,5897,-76.00,3,68,-46.88,110.23,9.00,12.00,5,0,0.16,0.39,0.17,0.72,0.00,0.15,0,0,
1746814045041,,,,,,,,,,,,,,,,,,,,,,,,,,
1746814046041,,,,,,,,,,,,,,,,,,,,,,,,,,
1746814047041,17,220,220,1678.70,260.92,223.77,8364,6407,-77.00,2,5,-59.22,6.50,17.00,11.00,3,0,0.06,0.66,0.17,0.73,0.00,0.16,0,0,
1746814048041,17,220,208,1385.20,248.79,211.13,8138,5605,-77.00,2,5,-59.22,6.50,17.50,11.00,5,0,0.15,0.56,0.17,0.73,0.00,0.16,0,0,
1746814049041,,,,,,,,,,,,,,,,,,,,,,,,,,
1746814050041,17,220,220,1008.00,248.56,223.14,7922,5188,-76.00,3,5,-58.22,6.53,17.50,11.00,5,0,0.20,0.45,0.17,0.73,0.00,0.16,0,0,
1746814051041,,,,,,,,,,,,,,,,,,,,,,,,,,
1746814052041,,,,,,,,,,,,,,,,,,,,,,,,,,
1746814053041,,,,,,,,,,,,,,,,,,,,,,,,,,
1746814054041,17,220,208,2984.50,309.60,210.74,9864,4111,-76.62,8,64,-47.77,102.66,8.00,11.00,5,0,0.16,0.71,0.17,0.73,0.00,0.16,0,0,
1746814055041,,,,,,,,,,,,,,,,,,,,,,,,,,
1746814056041,,,,,,,,,,,,,,,,,,,,,,,,,,
1746814057041,,,,,,,,,,,,,,,,,,,,,,,,,,
1746814058041,17,220,220,1395.00,289.80,223.14,9419,6051,-77.17,6,68,-48.05,109.21,8.00,17.00,5,0,0.12,0.57,0.17,0.74,0.00,0.16,0,0,
1746814059041,,,,,,,,,,,,,,,,,,,,,,,,,,
1746814060041,17,220,220,1651.22,260.76,223.44,8444,6569,-77.00,2,5,-59.22,6.50,18.50,14.00,4,0,0.09,0.36,0.17,0.74,0.00,0.16,0,0,
1746814061041,17,220,220,3719.78,273.04,223.47,8963,5890,-77.00,2,64,-48.15,102.35,8.00,10.00,5,0,0.04,0.65,0.17,0.75,0.00,0.16,0,0,
1746814062041,17,220,208,973.20,238.00,211.37,7774,5517,-76.80,5,103,-45.88,172.42,8.50,10.00,6,0,0.08,0.41,0.17,0.75,0.00,0.16,0,0,
1746814063041,17,208,232,1451.25,227.70,235.13,7381,6148,-78.00,3,68,-48.88,108.50,8.00,14.00,5,0,0.07,0.39,0.17,0.75,0.00,0.16,0,0,
1746814064041,17,220,220,1948.12,248.44,223.35,7946,6522,-77.00,2,5,-59.22,6.50,11.50,10.00,5,0,0.16,0.45,0.17,0.75,0.00,0.16,0,0,
1746814065041,17,220,220,2069.44,248.86,223.13,8122,6223,-78.00,4,68,-48.88,108.50,7.50,15.00,5,0,0.06,0.35,0.17,0.75,0.00,0.16,0,0,
1746814066041,17,220,208,2389.67,314.86,210.88,10223,4974,-78.00,4,15,-55.45,21.10,13.50,10.00,4,0,0.16,0.64,0.17,0.75,0.00,0.16,0,0,
1746814067041,17,220,220,1986.40,260.70,223.59,8409,6595,-78.00,1,5,-60.22,6.48,17.50,12.00,4,0,0.06,0.45,0.17,0.75,0.00,0.16,0,0,
1746814068041,17,220,220,938.57,269.59,235.51,8749,6240,-77.00,6,5,-59.22,6.50,17.50,13.00,6,0,0.10,0.48,0.17,0.76,0.00,0.16,0,0,
1746814069041,17,208,220,1059.50,215.75,223.58,6926,7458,-76.00,6,105,-45.00,177.35,8.50,10.00,5,0,0.12,0.45,0.17,0.76,0.00,0.16,0,0,
1746814070041,,,,,,,,,,,,,,,,,,,,,,,,,,
1746814071041,,,,,,,,,,,,,,,,,,,,,,,,,,
1746814072041,17,220,208,2042.67,224.14,211.77,7158,7197,-76.00,7,27,-50.89,40.32,16.00,13.00,7,0,0.04,0.19,0.17,0.76,0.00,0.16,0,0,
1746814073041,17,220,220,1496.90,260.84,222.91,8561,4805,-76.38,8,5,-58.59,6.52,19.50,18.00,3,0,0.13,0.38,0.17,0.76,0.00,0.16,0,0,
1746814074041,17,220,220,725.50,253.84,223.38,8232,5870,-76.83,6,5,-59.05,6.51,17.50,13.00,3,0,0.06,0.46,0.17,0.76,0.00,0.17,0,0,
1746814075041,17,208,220,547.00,219.24,223.67,7005,6175,-76.83,6,5,-59.05,6.51,18.00,15.00,6,0,0.05,0.18,0.17,0.76,0.00,0.17,0,0,
1746814076041,17,220,220,1164.75,278.01,223.17,9011,5806,-76.36,14,5,-58.58,6.52,19.50,21.00,1,0,0.16,0.44,0.17,0.76,0.00,0.17,0,0,
1746814077041,17,220,220,2790.11,290.42,224.58,9574,9442,-76.71,7,106,-45.67,178.06,9.00,10.00,1,0,0.07,0.59,0.17,0.76,0.00,0.17,0,0,
1746814078041,17,220,208,1688.11,260.87,212.01,8490,8322,-77.00,4,27,-51.89,40.06,16.50,15.00,7,0,0.03,0.27,0.17,0.76,0.00,0.17,0,0,
1746814079041,17,220,220,1549.30,231.31,223.05,7540,5405,-76.36,14,5,-58.58,6.52,19.00,18.00,3,0,0.12,0.42,0.17,0.76,0.00,0.17,0,0,
1746814080041,17,215,100,0.00,170.82,102.18,5607,4242,-76.36,14,5,-58.58,6.52,15.00,10.00,3,0,0.14,0.30,0.17,0.76,0.00,0.17,0,0,
1746814081041,17,203,0,0.00,0.00,0.00,0,0,-77.00,5,5,-59.22,6.50,15.00,10.00,3,0,0.14,0.30,0.17,0.76,0.00,0.17,0,0,
1746814082041,,,,,,,,,,,,,,,,,,,,,,,,,,
1746814083041,,,,,,,,,,,,,,,,,,,,,,,,,,
1746814084041,,,,,,,,,,,,,,,,,,,,,,,,,,
1746814085041,,,,,,,,,,,,,,,,,,,,,,,,,,
1746814086041,,,,,,,,,,,,,,,,,,,,,,,,,,
1746814087041,,,,,,,,,,,,,,,,,,,,,,,,,,
1746814088041,,,,,,,,,,,,,,,,,,,,,,,,,,
1746814089041,,,,,,,,,,,,,,,,,,,,,,,,,,
1746814090041,,,,,,,,,,,,,,,,,,,,,,,,,,
1746814091041,,,,,,,,,,,,,,,,,,,,,,,,,,
1746814092041,,,,,,,,,,,,,,,,,,,,,,,,,,
1746814093041,,,,,,,,,,,,,,,,,,,,,,,,,,
1746814094041,,,,,,,,,,,,,,,,,,,,,,,,,,
1746814095041,,,,,,,,,,,,,,,,,,,,,,,,,,
1746814096041,,,,,,,,,,,,,,,,,,,,,,,,,,
1746814097041,,,,,,,,,,,,,,,,,,,,,,,,,,
1746814098041,,,,,,,,,,,,,,,,,,,,,,,,,,
1746814099041,,,,,,,,,,,,,,,,,,,,,,,,,,
1746814100041,,,,,,,,,,,,,,,,,,,,,,,,,,
1746814101041,,,,,,,,,,,,,,,,,,,,,,,,,,
1746814102041,,,,,,,,,,,,,,,,,,,,,,,,,,
1746814103041,,,,,,,,,,,,,,,,,,,,,,,,,,
1746814104041,,,,,,,,,,,,,,,,,,,,,,,,,,
1746814105041,,,,,,,,,,,,,,,,,,,,,,,,,,
1746814106041,,,,,,,,,,,,,,,,,,,,,,,,,,
1746814107041,,,,,,,,,,,,,,,,,,,,,,,,,,
1746814108041,,,,,,,,,,,,,,,,,,,,,,,,,,
1746814109041,,,,,,,,,,,,,,,,,,,,,,,,,,
