Time (UNIX ms),Is Jamming,Jammer TX Gain,Reporting Time Offset (ms),UE ID,DRB.PdcpSduVolumeDL (kb),DRB.PdcpSduVolumeUL (kb),DRB.RlcSduDelayDl (μs),DRB.UEThpDl (kbps),DRB.UEThpUl (kbps),RRU.PrbTotDl (PRBs),RRU.PrbTotUl (PRBs),RSRP.Mean (dBm),RSRP.Minimum (dBm),RSRP.Quartile1 (dBm),RSRP.Median (dBm),RSRP.Quartile3 (dBm),RSRP.Maximum (dBm),RSRP.Count,PHY.NPrbDl,PHY.DerivedRssiDl (dBm),PHY.DerivedRsrqDl (dB),PUSCH.Snr (dB),PUCCH.Snr (dB),DRB.HarqMcsUl,DRB.HarqMcsDl,DRB.HarqBlockErrorRateUl,DRB.HarqBlockErrorRateDl,DRB.MacSduRetransmissionRateUl,DRB.MacSduRetransmissionRateDl,DRB.MacSduErrorRateUl,DRB.MacSduErrorRateDl,DRB.DerivedCQIDl,PHY.CqiWb1TbDl,PHY.CqiWb2TbDl,
1754584082800,,,0,39,0,0,0.00,0.74,0.74,80,253,-63.85,-64.00,-64.00,-64.00,-64.00,-63.00,13,5,-46.06,6.93,59.50,30.00,0,0,0.02,0.05,0.00,0.00,0.00,0.00,0,0,0,
1754584083800,,,0,39,0,0,0.00,0.74,0.74,80,255,-64.00,-64.00,-64.00,-64.00,-64.00,-64.00,12,5,-46.22,6.92,39.50,31.00,0,0,0.01,0.04,0.00,0.00,0.00,0.00,0,0,0,
1754584084800,,,0,39,0,0,0.00,0.74,0.74,80,270,-64.00,-64.00,-64.00,-64.00,-64.00,-64.00,13,5,-46.22,6.92,60.00,30.00,1,0,0.00,0.03,0.00,0.00,0.00,0.00,0,0,0,
1754584085800,,,0,39,0,0,0.00,0.74,0.74,80,275,-64.00,-64.00,-64.00,-64.00,-64.00,-64.00,12,5,-46.22,6.92,39.50,30.00,1,0,0.00,0.02,0.00,0.00,0.00,0.00,0,0,0,
1754584086800,,,0,39,0,0,0.00,0.74,0.78,80,265,-64.00,-64.00,-64.00,-64.00,-64.00,-64.00,13,5,-46.22,6.92,60.00,30.00,1,0,0.00,0.02,0.00,0.00,0.00,0.00,0,0,0,
1754584087800,,,0,39,0,0,0.00,0.74,0.74,40,258,-64.00,-64.00,-64.00,-64.00,-64.00,-64.00,12,5,-46.22,6.92,40.00,30.00,2,0,0.00,0.01,0.00,0.00,0.00,0.00,0,0,0,
1754584088800,,,0,39,0,0,0.00,0.74,0.74,80,252,-64.00,-64.00,-64.00,-64.00,-64.00,-64.00,13,5,-46.22,6.92,39.50,33.00,0,0,0.00,0.01,0.00,0.00,0.00,0.00,0,0,0,
1754584089800,,,0,39,0,0,0.00,0.74,0.74,80,270,-64.00,-64.00,-64.00,-64.00,-64.00,-64.00,12,5,-46.22,6.92,39.00,32.00,1,0,0.00,0.01,0.00,0.00,0.00,0.00,0,0,0,
1754584090800,,,0,39,0,0,0.00,0.74,0.74,80,255,-64.00,-64.00,-64.00,-64.00,-64.00,-64.00,13,5,-46.22,6.92,40.00,35.00,1,0,0.00,0.00,0.00,0.00,0.00,0.00,0,0,0,
1754584091800,,,0,39,0,0,0.00,0.74,0.78,80,261,-64.00,-64.00,-64.00,-64.00,-64.00,-64.00,12,5,-46.22,6.92,39.00,35.00,1,0,0.00,0.00,0.00,0.00,0.00,0.00,0,0,0,
1754584092800,,,0,39,0,0,0.00,0.74,0.82,40,269,-64.00,-64.00,-64.00,-64.00,-64.00,-64.00,13,5,-46.22,6.92,38.50,35.00,1,0,0.00,0.00,0.00,0.00,0.00,0.00,0,0,0,
1754584093800,,,0,39,0,0,0.00,0.74,0.78,80,231,-64.00,-64.00,-64.00,-64.00,-64.00,-64.00,12,5,-46.22,6.92,39.50,35.00,1,0,0.00,0.00,0.00,0.00,0.00,0.00,0,0,0,
1754584094800,,,0,39,0,0,0.00,0.74,0.74,40,270,-64.00,-64.00,-64.00,-64.00,-64.00,-64.00,13,5,-46.22,6.92,39.00,34.00,1,0,0.00,0.00,0.00,0.00,0.00,0.00,0,0,0,
1754584095800,,,0,39,0,0,0.00,0.74,0.78,80,216,-64.00,-64.00,-64.00,-64.00,-64.00,-64.00,12,5,-46.22,6.92,38.00,33.00,2,0,0.00,0.00,0.00,0.00,0.00,0.00,0,0,0,
1754584096800,,,0,39,0,0,0.00,0.74,0.78,40,204,-64.00,-64.00,-64.00,-64.00,-64.00,-64.00,13,5,-46.22,6.92,60.00,31.00,2,0,0.00,0.00,0.00,0.00,0.00,0.00,0,0,0,
1754584097800,,,0,39,0,0,0.00,0.74,0.78,80,231,-64.00,-64.00,-64.00,-64.00,-64.00,-64.00,12,5,-46.22,6.92,38.00,33.00,2,0,0.00,0.00,0.00,0.00,0.00,0.00,0,0,0,
1754584098800,1,52,0,39,0,0,0.00,0.02,0.14,15,542,,,,,,,0,5,,0.00,37.50,33.00,2,0,0.08,0.00,0.09,0.00,0.00,0.00,0,0,0,
1754584099800,1,52,0,39,0,0,0.00,0.12,0.42,35,1921,,,,,,,0,5,,0.00,36.50,32.00,0,0,0.19,0.00,0.41,0.00,0.00,0.00,0,0,0,
1754584100800,1,52,0,39,0,0,34.00,1.36,1.46,74,2680,-64.00,-64.00,-64.00,-64.00,-64.00,-64.00,1,5,-46.22,6.92,37.00,32.00,0,0,0.20,0.00,0.71,0.00,0.00,0.00,0,0,0,
1754584101800,1,52,0,39,0,0,0.00,5.24,0.00,408,1290,,,,,,,0,5,,0.00,39.00,32.00,0,0,0.33,0.00,0.74,0.00,0.00,0.00,0,0,0,
1754584102800,1,52,0,39,0,0,0.00,11.02,0.09,425,50,,,,,,,0,5,,0.00,39.00,32.00,0,0,0.12,0.01,0.74,0.00,0.00,0.00,0,0,0,
1754584103800,1,52,0,39,0,0,0.00,1.54,0.99,182,691,,,,,,,0,21,,0.00,31.50,33.00,0,1,0.05,0.00,0.75,0.00,0.00,0.00,1,0,0,
1754584104800,1,52,0,39,2,2,0.00,3.91,2.30,360,2511,,,,,,,0,5,,0.00,39.00,39.00,0,1,0.23,0.00,0.79,0.00,0.00,0.00,1,0,0,
1754584105800,1,52,0,39,0,0,0.00,14.44,0.00,441,45,,,,,,,0,5,,0.00,39.50,32.00,0,1,0.12,0.03,0.79,0.00,0.00,0.00,1,0,0,
1754584106800,1,52,0,39,0,0,0.00,9.12,0.30,277,50,,,,,,,0,5,,0.00,39.00,34.00,0,1,0.04,0.02,0.78,0.00,0.00,0.00,1,0,0,
1754584107800,1,52,0,39,0,0,0.00,0.00,0.73,5,50,,,,,,,0,5,,0.00,37.50,33.00,0,0,0.01,0.02,0.78,0.00,0.00,0.00,0,0,0,
1754584108800,1,52,0,39,0,0,0.00,2.16,0.80,192,696,,,,,,,0,5,,0.00,34.50,32.00,0,0,0.00,0.01,0.79,0.00,0.00,0.00,0,0,0,
1754584109800,1,52,0,39,2,2,0.00,9.54,2.58,464,2516,,,,,,,0,5,,0.00,38.00,35.00,0,3,0.16,0.02,0.82,0.01,0.00,0.00,3,0,0,
1754584110800,1,52,0,39,0,0,0.00,11.52,0.00,237,406,,,,,,,0,11,,0.00,35.50,10.00,0,0,0.10,0.09,0.83,0.04,0.00,0.02,0,0,0,
1754584111800,1,52,0,39,0,0,0.00,0.45,0.94,72,1373,-64.00,-64.00,-64.00,-64.00,-64.00,-64.00,3,5,-46.22,6.92,37.00,31.00,0,0,0.21,0.37,0.90,0.07,0.00,0.03,0,0,0,
1754584112800,1,52,0,39,0,0,0.00,1.68,0.95,298,1904,,,,,,,0,94,,0.00,6.50,32.00,0,0,0.35,0.27,0.91,0.07,0.00,0.03,0,0,0,
1754584113800,1,52,0,39,1,1,0.00,14.47,1.54,660,2017,,,,,,,0,5,,0.00,37.00,29.00,0,0,0.15,0.12,0.89,0.06,0.00,0.02,0,0,0,
1754584114800,1,52,0,39,0,0,0.00,1.44,0.21,222,1280,,,,,,,0,21,,0.00,31.00,33.00,0,0,0.24,0.10,0.91,0.06,0.00,0.02,0,0,0,
1754584115800,1,52,0,39,0,0,0.00,0.02,0.20,109,3135,,,,,,,0,5,,0.00,38.00,35.00,0,0,0.50,0.08,0.96,0.06,0.00,0.02,0,0,0,
1754584116800,1,52,0,39,0,0,0.00,0.31,0.21,47,50,,,,,,,0,5,,0.00,37.50,33.00,0,0,0.21,0.05,0.96,0.06,0.00,0.02,0,0,0,
1754584117800,1,52,0,39,1,1,0.00,8.93,1.48,410,1300,,,,,,,0,5,,0.00,39.00,32.00,0,5,0.18,0.02,0.95,0.06,0.00,0.02,4,0,0,
1754584118800,1,52,0,39,0,0,0.00,5.04,0.00,133,4383,,,,,,,0,106,,0.00,5.00,33.00,0,0,0.52,0.01,1.03,0.06,0.00,0.02,0,0,0,
1754584119800,1,52,0,39,0,0,0.00,15.12,0.00,583,50,,,,,,,0,5,,0.00,38.00,33.00,0,0,0.22,0.05,1.03,0.06,0.00,0.02,0,0,0,
1754584120800,1,52,0,39,0,0,0.00,14.22,0.19,505,50,,,,,,,0,5,,0.00,33.00,35.00,0,0,0.08,0.02,1.03,0.06,0.00,0.02,0,0,0,
1754584121800,1,52,0,39,5,3,0.00,8.37,14.09,507,1924,,,,,,,0,5,,0.00,42.50,36.00,0,0,0.09,0.01,1.00,0.06,0.00,0.02,0,0,0,
1754584122800,1,52,0,39,0,0,0.00,0.02,0.68,15,50,,,,,,,0,5,,0.00,38.00,36.00,0,0,0.03,0.01,1.00,0.06,0.00,0.02,0,0,0,
1754584123800,1,52,0,39,1,1,399979.00,1.55,1.91,264,1904,,,,,,,0,94,,0.00,6.00,35.00,0,0,0.21,0.06,1.01,0.06,0.00,0.02,0,0,0,
1754584124800,0,0,0,39,0,0,0.00,0.76,0.02,482,1313,-64.00,-64.00,-64.00,-64.00,-64.00,-64.00,1,5,-46.22,6.92,38.50,35.00,0,0,0.18,0.03,1.01,0.06,0.00,0.02,0,0,0,
1754584125800,0,0,0,39,0,0,0.00,0.07,0.31,33,50,,,,,,,0,5,,0.00,38.50,35.00,0,0,0.06,0.02,1.01,0.06,0.00,0.02,0,0,0,
1754584126800,0,0,0,39,1,1,0.00,2.95,1.35,201,781,-64.00,-64.00,-64.00,-64.00,-64.00,-64.00,10,5,-46.22,6.92,39.00,35.00,0,0,0.02,0.01,1.00,0.05,0.00,0.02,0,0,0,
1754584127800,0,0,0,39,0,0,0.00,2.18,0.89,81,796,-64.00,-64.00,-64.00,-64.00,-64.00,-64.00,12,5,-46.22,6.92,39.00,33.00,0,0,0.01,0.01,0.98,0.05,0.00,0.02,0,0,0,
1754584128800,0,0,0,39,0,0,0.00,0.74,0.82,75,466,-64.00,-64.00,-64.00,-64.00,-64.00,-64.00,13,5,-46.22,6.92,38.00,34.00,0,0,0.00,0.01,0.97,0.05,0.00,0.02,0,0,0,
1754584129800,0,0,0,39,0,0,0.00,2.18,0.76,90,789,-64.00,-64.00,-64.00,-64.00,-64.00,-64.00,12,5,-46.22,6.92,39.00,33.00,0,1,0.00,0.01,0.95,0.05,0.00,0.02,1,0,0,
1754584130800,0,0,0,39,0,0,0.00,0.74,0.86,75,471,-64.00,-64.00,-64.00,-64.00,-64.00,-64.00,13,5,-46.22,6.92,38.50,33.00,0,0,0.00,0.00,0.94,0.05,0.00,0.02,0,0,0,
1754584131800,0,0,0,39,0,0,0.00,2.18,0.75,90,804,-64.00,-64.00,-64.00,-64.00,-64.00,-64.00,12,5,-46.22,6.92,38.50,31.00,0,1,0.00,0.00,0.93,0.05,0.00,0.02,1,0,0,
1754584132800,0,0,0,39,0,0,0.00,0.74,0.85,35,456,-64.00,-64.00,-64.00,-64.00,-64.00,-64.00,13,5,-46.22,6.92,39.00,35.00,0,0,0.00,0.00,0.92,0.05,0.00,0.02,0,0,0,
1754584133800,0,0,0,39,1,1,0.00,1.46,1.48,60,411,-64.00,-64.00,-64.00,-64.00,-64.00,-64.00,12,5,-46.22,6.92,38.50,32.00,0,0,0.00,0.00,0.91,0.05,0.00,0.02,0,0,0,
1754584134800,0,0,0,39,0,0,0.00,0.74,0.78,40,699,-64.00,-64.00,-64.00,-64.00,-64.00,-64.00,13,5,-46.22,6.92,40.00,32.00,0,0,0.00,0.00,0.90,0.05,0.00,0.02,0,0,0,
1754584135800,0,0,0,39,0,0,0.00,0.74,0.78,40,716,-64.00,-64.00,-64.00,-64.00,-64.00,-64.00,12,5,-46.22,6.92,39.00,33.00,0,0,0.00,0.00,0.89,0.05,0.00,0.02,0,0,0,
1754584136800,0,0,0,39,0,0,0.00,0.74,0.74,75,396,-64.15,-65.00,-64.00,-64.00,-64.00,-64.00,13,5,-46.37,6.92,60.00,33.00,0,0,0.00,0.00,0.88,0.05,0.00,0.02,0,0,0,
1754584137800,0,0,0,39,0,0,0.00,0.74,0.78,40,709,-64.00,-64.00,-64.00,-64.00,-64.00,-64.00,12,5,-46.22,6.92,38.50,32.00,0,0,0.00,0.00,0.87,0.05,0.00,0.02,0,0,0,
1754584138800,0,0,0,39,0,0,0.00,0.74,0.82,40,709,-64.31,-65.00,-65.00,-64.00,-64.00,-64.00,13,5,-46.53,6.91,38.50,30.00,0,0,0.00,0.00,0.86,0.05,0.00,0.02,0,0,0,
1754584139800,0,0,0,39,0,0,0.00,0.74,0.78,40,709,-64.00,-64.00,-64.00,-64.00,-64.00,-64.00,12,5,-46.22,6.92,60.00,32.00,0,0,0.00,0.00,0.85,0.05,0.00,0.02,0,0,0,
1754584140800,0,0,0,39,0,0,0.00,2.18,0.78,90,741,-64.00,-64.00,-64.00,-64.00,-64.00,-64.00,13,5,-46.22,6.92,39.50,32.00,0,1,0.00,0.00,0.84,0.05,0.00,0.02,1,0,0,
1754584141800,0,0,0,39,0,0,0.00,0.74,0.78,75,426,-64.00,-64.00,-64.00,-64.00,-64.00,-64.00,12,5,-46.22,6.92,40.00,34.00,0,0,0.00,0.00,0.83,0.05,0.00,0.02,0,0,0,
1754584142800,0,0,0,39,0,0,0.00,0.74,0.78,75,421,-64.00,-64.00,-64.00,-64.00,-64.00,-64.00,13,5,-46.22,6.92,60.50,34.00,1,0,0.00,0.00,0.82,0.05,0.00,0.02,0,0,0,
1754584143800,0,0,0,39,0,0,0.00,0.74,0.82,40,714,-64.00,-64.00,-64.00,-64.00,-64.00,-64.00,12,5,-46.22,6.92,39.00,33.00,0,0,0.00,0.00,0.81,0.05,0.00,0.02,0,0,0,
1754584144800,0,0,0,39,0,0,0.00,0.74,0.78,40,719,-64.00,-64.00,-64.00,-64.00,-64.00,-64.00,13,5,-46.22,6.92,39.00,30.00,0,0,0.00,0.00,0.80,0.05,0.00,0.02,0,0,0,
1754584145800,0,0,0,39,0,0,0.00,2.18,0.82,90,741,-64.00,-64.00,-64.00,-64.00,-64.00,-64.00,12,5,-46.22,6.92,39.50,30.00,0,1,0.00,0.00,0.79,0.05,0.00,0.02,1,0,0,
1754584146800,0,0,0,39,0,0,0.00,2.18,0.82,90,744,-64.00,-64.00,-64.00,-64.00,-64.00,-64.00,13,5,-46.22,6.92,60.50,33.00,0,1,0.00,0.00,0.78,0.05,0.00,0.02,1,0,0,
1754584147800,0,0,0,39,0,0,0.00,2.18,0.82,90,739,-64.00,-64.00,-64.00,-64.00,-64.00,-64.00,12,5,-46.22,6.92,39.00,31.00,0,1,0.00,0.00,0.77,0.05,0.00,0.02,1,0,0,
1754584148800,0,0,0,39,0,0,0.00,0.74,0.82,40,724,-64.00,-64.00,-64.00,-64.00,-64.00,-64.00,13,5,-46.22,6.92,38.50,31.00,0,0,0.00,0.00,0.76,0.05,0.00,0.02,0,0,0,
1754584149800,0,0,0,39,0,0,0.00,0.74,0.78,40,729,-64.00,-64.00,-64.00,-64.00,-64.00,-64.00,12,5,-46.22,6.92,60.00,33.00,0,0,0.00,0.00,0.75,0.05,0.00,0.02,0,0,0,
1754584150800,0,0,0,39,0,0,0.00,2.18,0.82,90,751,-64.00,-64.00,-64.00,-64.00,-64.00,-64.00,13,5,-46.22,6.92,39.00,35.00,0,1,0.00,0.00,0.74,0.05,0.00,0.02,1,0,0,
1754584151800,0,0,0,39,0,0,0.00,2.18,0.82,90,754,-64.00,-64.00,-64.00,-64.00,-64.00,-64.00,12,5,-46.22,6.92,39.00,35.00,0,1,0.00,0.00,0.74,0.05,0.00,0.02,1,0,0,
1754584152800,0,0,0,39,0,0,0.00,2.18,0.82,90,749,-64.00,-64.00,-64.00,-64.00,-64.00,-64.00,13,5,-46.22,6.92,60.00,33.00,0,1,0.00,0.00,0.73,0.05,0.00,0.02,1,0,0,
1754584153800,0,0,0,39,0,0,0.00,0.74,0.82,40,734,-64.00,-64.00,-64.00,-64.00,-64.00,-64.00,12,5,-46.22,6.92,40.00,30.00,1,0,0.00,0.00,0.72,0.05,0.00,0.02,0,0,0,
1754584154800,0,0,0,39,0,0,0.00,0.74,0.78,40,739,-64.00,-64.00,-64.00,-64.00,-64.00,-64.00,13,5,-46.22,6.92,38.50,29.00,1,0,0.00,0.00,0.71,0.05,0.00,0.02,0,0,0,
1754584155800,0,0,0,39,0,0,0.00,2.18,0.82,90,761,-64.00,-64.00,-64.00,-64.00,-64.00,-64.00,12,5,-46.22,6.92,37.50,32.00,0,1,0.00,0.00,0.70,0.05,0.00,0.02,1,0,0,
1754584156800,0,0,0,39,0,0,0.00,2.18,0.82,90,764,-64.00,-64.00,-64.00,-64.00,-64.00,-64.00,13,5,-46.22,6.92,60.00,32.00,0,1,0.00,0.00,0.69,0.05,0.00,0.02,1,0,0,
1754584157800,0,0,0,39,0,0,0.00,2.18,0.82,90,759,-64.00,-64.00,-64.00,-64.00,-64.00,-64.00,12,5,-46.22,6.92,39.00,33.00,1,1,0.00,0.00,0.69,0.05,0.00,0.02,1,0,0,
1754584158800,0,0,0,39,0,0,0.00,0.74,0.82,40,744,-64.00,-64.00,-64.00,-64.00,-64.00,-64.00,13,5,-46.22,6.92,38.00,34.00,2,0,0.00,0.00,0.68,0.05,0.00,0.02,0,0,0,
1754584159800,0,0,0,39,0,0,0.00,0.74,0.78,40,749,-64.00,-64.00,-64.00,-64.00,-64.00,-64.00,12,5,-46.22,6.92,59.50,34.00,2,0,0.00,0.00,0.67,0.05,0.00,0.01,0,0,0,
1754584160800,0,0,0,39,0,0,0.00,2.18,0.82,90,776,-64.00,-64.00,-64.00,-64.00,-64.00,-64.00,13,5,-46.22,6.92,39.00,35.00,1,1,0.00,0.00,0.66,0.05,0.00,0.01,1,0,0,
1754584161800,0,0,0,39,0,0,0.00,2.18,0.82,90,774,-64.00,-64.00,-64.00,-64.00,-64.00,-64.00,12,5,-46.22,6.92,39.00,35.00,1,1,0.00,0.00,0.66,0.05,0.00,0.01,1,0,0,
1754584162800,0,0,0,39,0,0,0.00,0.74,0.82,40,759,-64.00,-64.00,-64.00,-64.00,-64.00,-64.00,13,5,-46.22,6.92,38.00,34.00,1,0,0.00,0.00,0.65,0.05,0.00,0.01,0,0,0,
1754584163800,0,0,0,39,0,0,34.00,0.74,0.82,31,759,-64.17,-65.00,-64.00,-64.00,-64.00,-64.00,12,5,-46.39,6.92,39.00,36.00,1,1,0.00,0.00,0.64,0.05,0.00,0.01,1,0,0,
1754584164800,0,0,0,39,0,0,491.00,1.46,0.80,35,759,-64.15,-65.00,-64.00,-64.00,-64.00,-64.00,13,5,-46.37,6.92,38.00,37.00,0,2,0.00,0.00,0.64,0.05,0.00,0.01,2,0,0,
1754584165800,0,0,0,39,0,0,149.00,2.18,0.82,39,786,-64.08,-65.00,-64.00,-64.00,-64.00,-64.00,12,5,-46.30,6.92,41.00,37.00,0,3,0.00,0.00,0.63,0.05,0.00,0.01,3,0,0,
1754584166800,0,0,0,39,0,0,141.00,1.46,0.82,27,784,-64.15,-65.00,-64.00,-64.00,-64.00,-64.00,13,5,-46.37,6.92,39.50,34.00,0,4,0.00,0.00,0.62,0.05,0.00,0.01,3,0,0,
1754584167800,0,0,0,39,0,0,72.00,2.18,0.82,30,769,-64.17,-65.00,-64.00,-64.00,-64.00,-64.00,12,106,-33.12,205.35,18.50,36.00,0,5,0.00,0.00,0.62,0.05,0.00,0.01,4,0,0,
1754584168800,0,0,0,39,0,0,0.00,0.00,0.13,5,145,-64.15,-65.00,-64.00,-64.00,-64.00,-64.00,13,5,-46.37,6.92,37.50,36.00,0,6,0.00,0.00,0.61,0.05,0.00,0.01,4,0,0,
1754584169800,0,0,0,39,0,0,0.00,0.74,0.83,20,754,-64.33,-65.00,-65.00,-64.00,-64.00,-64.00,12,5,-46.55,6.91,38.00,38.00,0,7,0.00,0.00,0.61,0.05,0.00,0.01,5,0,0,
1754584170800,0,0,0,39,0,0,0.00,2.18,0.79,30,779,-64.31,-65.00,-65.00,-64.00,-64.00,-64.00,13,5,-46.53,6.91,39.00,37.00,0,7,0.00,0.00,0.60,0.05,0.00,0.01,5,0,0,
1754584171800,0,0,0,39,0,0,0.00,2.18,0.82,30,796,-64.33,-65.00,-65.00,-64.00,-64.00,-64.00,12,5,-46.55,6.91,38.50,37.00,0,7,0.00,0.00,0.60,0.05,0.00,0.01,5,0,0,
1754584172800,0,0,0,39,0,0,0.00,2.18,0.82,30,794,-64.31,-65.00,-65.00,-64.00,-64.00,-64.00,13,5,-46.53,6.91,39.00,35.00,0,7,0.00,0.00,0.59,0.05,0.00,0.01,5,0,0,
1754584173800,0,0,0,39,0,0,0.00,0.74,0.87,20,779,-64.00,-64.00,-64.00,-64.00,-64.00,-64.00,12,5,-46.22,6.92,38.50,35.00,0,5,0.00,0.00,0.58,0.05,0.00,0.01,4,0,0,
1754584174800,0,0,0,39,0,0,0.00,0.74,1.17,20,779,-64.00,-64.00,-64.00,-64.00,-64.00,-64.00,13,5,-46.22,6.92,38.50,33.00,0,3,0.00,0.00,0.58,0.05,0.00,0.01,3,0,0,
1754584175800,0,0,0,39,0,0,0.00,2.18,0.66,40,789,-64.00,-64.00,-64.00,-64.00,-64.00,-64.00,12,5,-46.22,6.92,40.00,31.00,0,3,0.00,0.00,0.57,0.05,0.00,0.01,3,0,0,
1754584176800,0,0,0,39,0,0,0.00,2.18,0.86,45,806,-64.08,-65.00,-64.00,-64.00,-64.00,-64.00,13,5,-46.30,6.92,39.00,31.00,0,3,0.00,0.00,0.57,0.05,0.00,0.01,3,0,0,
1754584177800,0,0,0,39,0,0,0.00,2.18,0.86,45,804,-64.42,-65.00,-65.00,-64.00,-64.00,-64.00,12,5,-46.64,6.91,37.50,35.00,0,3,0.00,0.00,0.56,0.05,0.00,0.01,3,0,0,
1754584178800,0,0,0,39,0,0,0.00,0.74,0.75,25,789,-64.23,-65.00,-64.00,-64.00,-64.00,-64.00,13,5,-46.45,6.91,38.50,36.00,0,1,0.00,0.00,0.56,0.05,0.00,0.01,1,0,0,
1754584179800,0,0,0,39,0,0,0.00,0.74,0.89,40,789,-64.42,-65.00,-65.00,-64.00,-64.00,-64.00,12,5,-46.64,6.91,38.00,37.00,0,0,0.00,0.00,0.55,0.05,0.00,0.01,0,0,0,
1754584180800,0,0,0,39,0,0,0.00,2.18,0.76,90,789,-64.46,-65.00,-65.00,-64.00,-64.00,-64.00,13,5,-46.68,6.90,39.50,35.00,0,1,0.00,0.00,0.55,0.04,0.00,0.01,1,0,0,
1754584181800,0,0,0,39,0,0,0.00,0.74,0.86,75,471,-65.00,-65.00,-65.00,-65.00,-65.00,-65.00,12,5,-47.22,6.88,39.00,36.00,0,0,0.00,0.00,0.54,0.04,0.00,0.01,0,0,0,
1754584182800,0,0,0,39,0,0,0.00,2.18,0.75,90,804,-64.77,-65.00,-65.00,-65.00,-65.00,-64.00,13,5,-46.99,6.89,39.00,39.00,0,1,0.00,0.00,0.54,0.04,0.00,0.01,1,0,0,
1754584183800,0,0,0,39,0,0,0.00,0.74,0.85,75,456,-64.83,-65.00,-65.00,-65.00,-65.00,-64.00,12,5,-47.05,6.89,39.50,38.00,0,0,0.00,0.00,0.53,0.04,0.00,0.01,0,0,0,
1754584184800,0,0,0,39,0,0,0.00,0.74,0.82,75,471,-64.77,-65.00,-65.00,-65.00,-65.00,-64.00,13,5,-46.99,6.89,38.50,39.00,0,0,0.00,0.00,0.53,0.04,0.00,0.01,0,0,0,
1754584185800,0,0,0,39,5,2,0.00,5.83,2.88,194,471,-64.67,-65.00,-65.00,-65.00,-64.00,-64.00,12,5,-46.89,6.90,39.00,39.00,0,1,0.00,0.00,0.53,0.04,0.00,0.01,1,0,0,
1754584186800,0,0,0,39,1,3,0.00,1.27,3.79,129,471,-64.85,-65.00,-65.00,-65.00,-65.00,-64.00,13,5,-47.06,6.89,38.50,35.00,0,1,0.00,0.00,0.53,0.04,0.00,0.01,1,0,0,
1754584187800,0,0,0,39,3,2,0.00,4.18,2.96,178,471,-64.83,-65.00,-65.00,-65.00,-65.00,-64.00,12,5,-47.05,6.89,39.50,36.00,0,1,0.00,0.00,0.52,0.04,0.00,0.01,1,0,0,
1754584188800,0,0,0,39,1,2,0.00,2.65,2.65,166,756,-64.46,-65.00,-65.00,-64.00,-64.00,-64.00,13,5,-46.68,6.90,38.50,35.00,0,0,0.00,0.00,0.52,0.04,0.00,0.01,0,0,0,
1754584189800,0,0,0,39,0,0,0.00,0.74,0.74,75,391,-64.33,-65.00,-65.00,-64.00,-64.00,-64.00,12,5,-46.55,6.91,40.00,35.00,0,0,0.00,0.00,0.52,0.04,0.00,0.01,0,0,0,
1754584190800,1,49,0,39,0,0,0.00,0.74,0.78,40,709,-64.15,-65.00,-64.00,-64.00,-64.00,-64.00,13,5,-46.37,6.92,37.00,33.00,0,0,0.00,0.00,0.51,0.04,0.00,0.01,0,0,0,
1754584191800,1,49,0,39,0,0,0.00,0.02,0.54,118,1340,-64.00,-64.00,-64.00,-64.00,-64.00,-64.00,2,106,-32.96,205.86,5.00,32.00,0,0,0.07,0.00,0.52,0.04,0.00,0.01,0,0,0,
1754584192800,1,49,0,39,1,1,0.00,10.95,1.05,511,1375,-64.12,-65.00,-64.00,-64.00,-64.00,-64.00,8,5,-46.34,6.92,38.50,31.00,0,1,0.13,0.00,0.52,0.04,0.00,0.01,1,0,0,
1754584193800,1,49,0,39,0,0,88.00,9.41,0.78,364,1370,-64.00,-64.00,-64.00,-64.00,-64.00,-64.00,1,106,-32.96,205.86,7.50,32.00,0,0,0.12,0.00,0.54,0.04,0.00,0.01,0,0,0,
1754584194800,1,49,0,39,0,0,161.00,10.13,0.78,438,1370,-64.00,-64.00,-64.00,-64.00,-64.00,-64.00,8,106,-32.96,205.86,5.00,28.00,0,0,0.24,0.00,0.55,0.04,0.00,0.01,0,0,0,
1754584195800,1,49,0,39,0,0,0.00,15.94,0.78,453,789,-64.00,-64.00,-64.00,-64.00,-64.00,-64.00,11,5,-46.22,6.92,37.50,30.00,0,0,0.12,0.00,0.55,0.04,0.00,0.01,0,0,0,
1754584196800,1,49,0,39,0,0,0.00,15.86,1.25,511,784,-64.18,-65.00,-64.00,-64.00,-64.00,-64.00,11,5,-46.40,6.92,38.50,31.00,0,0,0.06,0.00,0.56,0.04,0.00,0.01,0,0,0,
1754584197800,1,49,0,39,0,0,0.00,11.62,0.78,471,1370,-64.00,-64.00,-64.00,-64.00,-64.00,-64.00,6,106,-32.96,205.86,5.00,32.00,0,1,0.16,0.00,0.56,0.04,0.00,0.01,1,0,0,
1754584198800,1,49,0,39,0,0,0.00,6.50,0.78,101,754,-64.00,-64.00,-64.00,-64.00,-64.00,-64.00,13,5,-46.22,6.92,37.50,32.00,0,2,0.12,0.01,0.57,0.04,0.00,0.01,2,0,0,
1754584199800,1,49,0,39,0,0,0.00,15.86,0.78,421,789,-64.00,-64.00,-64.00,-64.00,-64.00,-64.00,12,5,-46.22,6.92,35.50,33.00,0,0,0.10,0.01,0.57,0.04,0.00,0.01,0,0,0,
1754584200800,1,49,0,39,0,0,0.00,10.08,0.53,355,729,-64.00,-64.00,-64.00,-64.00,-64.00,-64.00,8,106,-32.96,205.86,5.00,32.00,1,0,0.05,0.00,0.57,0.04,0.00,0.01,0,0,0,
1754584201800,1,49,0,39,1,1,0.00,14.47,1.54,584,1435,-64.00,-64.00,-64.00,-64.00,-64.00,-64.00,12,5,-46.22,6.92,38.50,31.00,0,0,0.12,0.00,0.57,0.04,0.00,0.01,0,0,0,
1754584202800,1,49,0,39,0,0,0.00,10.80,0.00,375,729,-64.11,-65.00,-64.00,-64.00,-64.00,-64.00,9,106,-33.07,205.52,5.00,31.00,0,0,0.06,0.00,0.58,0.04,0.00,0.01,0,0,0,
1754584203800,1,49,0,39,1,1,0.00,5.24,2.35,366,1981,-64.00,-64.00,-64.00,-64.00,-64.00,-64.00,7,5,-46.22,6.92,40.50,31.00,0,2,0.18,0.00,0.59,0.04,0.00,0.01,2,0,0,
1754584204800,0,0,0,39,0,0,0.00,0.10,0.22,10,714,-64.00,-64.00,-64.00,-64.00,-64.00,-64.00,9,106,-32.96,205.86,5.50,33.00,0,3,0.09,0.00,0.59,0.04,0.00,0.01,3,0,0,
1754584205800,0,0,0,39,1,1,0.00,13.73,1.37,393,1430,-64.00,-64.00,-64.00,-64.00,-64.00,-64.00,11,5,-46.22,6.92,39.50,34.00,0,1,0.05,0.00,0.58,0.04,0.00,0.01,1,0,0,
1754584206800,0,0,0,39,0,0,0.00,12.98,0.81,460,769,-64.00,-64.00,-64.00,-64.00,-64.00,-64.00,13,5,-46.22,6.92,38.00,33.00,1,0,0.02,0.00,0.58,0.03,0.00,0.01,0,0,0,
1754584207800,0,0,0,39,0,0,0.00,2.18,0.82,58,764,-64.00,-64.00,-64.00,-64.00,-64.00,-64.00,12,5,-46.22,6.92,37.50,31.00,0,1,0.01,0.00,0.58,0.03,0.00,0.01,1,0,0,
1754584208800,0,0,0,39,0,0,0.00,2.18,0.82,40,759,-64.00,-64.00,-64.00,-64.00,-64.00,-64.00,13,5,-46.22,6.92,40.00,32.00,1,2,0.00,0.00,0.57,0.03,0.00,0.01,2,0,0,
1754584209800,0,0,0,39,0,0,0.00,0.74,0.82,17,754,-64.00,-64.00,-64.00,-64.00,-64.00,-64.00,12,5,-46.22,6.92,39.50,31.00,0,3,0.00,0.00,0.57,0.03,0.00,0.01,3,0,0,
1754584210800,0,0,0,39,0,0,0.00,0.74,0.78,20,749,-64.00,-64.00,-64.00,-64.00,-64.00,-64.00,13,5,-46.22,6.92,39.50,32.00,2,2,0.00,0.00,0.56,0.03,0.00,0.01,2,0,0,
1754584211800,0,0,0,39,0,0,0.00,2.18,0.82,81,759,-64.00,-64.00,-64.00,-64.00,-64.00,-64.00,12,5,-46.22,6.92,40.50,33.00,1,1,0.00,0.00,0.56,0.03,0.00,0.01,1,0,0,
1754584212800,0,0,0,39,0,0,0.00,2.18,0.82,90,774,-64.00,-64.00,-64.00,-64.00,-64.00,-64.00,13,5,-46.22,6.92,40.00,33.00,1,0,0.00,0.00,0.56,0.03,0.00,0.01,0,0,0,
1754584213800,0,0,0,39,7,1,0.00,8.86,2.10,323,764,-64.00,-64.00,-64.00,-64.00,-64.00,-64.00,12,5,-46.22,6.92,38.50,32.00,0,1,0.00,0.00,0.55,0.03,0.00,0.01,1,0,0,
1754584214800,0,0,0,39,0,0,525.00,0.74,0.85,40,774,-64.00,-64.00,-64.00,-64.00,-64.00,-64.00,13,5,-46.22,6.92,39.00,32.00,1,0,0.00,0.00,0.55,0.03,0.00,0.01,0,0,0,
1754584215800,0,0,0,39,0,0,521.00,0.74,0.78,40,759,-64.00,-64.00,-64.00,-64.00,-64.00,-64.00,12,5,-46.22,6.92,39.00,31.00,1,0,0.00,0.00,0.55,0.03,0.00,0.01,0,0,0,
1754584216800,0,0,0,39,0,0,9.00,1.46,0.80,65,771,-64.00,-64.00,-64.00,-64.00,-64.00,-64.00,13,5,-46.22,6.92,39.00,32.00,0,0,0.00,0.00,0.54,0.03,0.00,0.01,0,0,0,
1754584217800,0,0,0,39,0,0,7.00,1.46,0.82,105,784,-64.00,-64.00,-64.00,-64.00,-64.00,-64.00,12,5,-46.22,6.92,39.00,32.00,0,0,0.00,0.00,0.54,0.03,0.00,0.01,0,0,0,
1754584218800,0,0,0,39,0,0,11.00,2.18,0.82,90,769,-64.00,-64.00,-64.00,-64.00,-64.00,-64.00,13,106,-32.96,205.86,18.50,30.00,0,0,0.00,0.00,0.53,0.03,0.00,0.01,0,0,0,
1754584219800,0,0,0,39,0,0,0.00,1.44,0.11,55,150,-64.00,-64.00,-64.00,-64.00,-64.00,-64.00,12,5,-46.22,6.92,38.50,30.00,0,1,0.00,0.00,0.53,0.03,0.00,0.01,1,0,0,
1754584220800,0,0,0,39,0,0,0.00,0.74,0.78,40,754,-64.00,-64.00,-64.00,-64.00,-64.00,-64.00,13,5,-46.22,6.92,39.50,34.00,0,0,0.00,0.00,0.53,0.03,0.00,0.01,0,0,0,
1754584221800,0,0,0,39,0,0,0.00,0.74,0.90,40,769,-64.00,-64.00,-64.00,-64.00,-64.00,-64.00,12,5,-46.22,6.92,39.00,33.00,0,0,0.00,0.00,0.53,0.03,0.00,0.01,0,0,0,
1754584222800,0,0,0,39,0,0,0.00,2.18,0.79,90,791,-64.00,-64.00,-64.00,-64.00,-64.00,-64.00,13,5,-46.22,6.92,38.00,35.00,0,1,0.00,0.00,0.52,0.03,0.00,0.01,1,0,0,
1754584223800,0,0,0,39,0,0,0.00,2.18,0.82,90,794,-64.33,-65.00,-65.00,-64.00,-64.00,-64.00,12,5,-46.55,6.91,40.00,35.00,0,1,0.00,0.00,0.52,0.03,0.00,0.01,1,0,0,
1754584224800,0,0,0,39,0,0,0.00,2.18,0.89,90,784,-64.00,-64.00,-64.00,-64.00,-64.00,-64.00,13,5,-46.22,6.92,38.50,34.00,0,1,0.00,0.00,0.52,0.03,0.00,0.01,1,0,0,
1754584225800,0,0,0,39,0,0,0.00,0.74,0.82,40,779,-64.08,-65.00,-64.00,-64.00,-64.00,-64.00,12,5,-46.30,6.92,40.50,32.00,0,0,0.00,0.00,0.51,0.03,0.00,0.01,0,0,0,
1754584226800,0,0,0,39,0,0,0.00,0.74,1.19,40,779,-64.00,-64.00,-64.00,-64.00,-64.00,-64.00,13,5,-46.22,6.92,38.00,33.00,0,0,0.00,0.00,0.51,0.03,0.00,0.01,0,0,0,
1754584227800,0,0,0,39,0,0,0.00,2.18,0.66,83,801,-64.17,-65.00,-64.00,-64.00,-64.00,-64.00,12,5,-46.39,6.92,39.50,33.00,0,1,0.00,0.00,0.51,0.03,0.00,0.01,1,0,0,
1754584228800,0,0,0,39,0,0,0.00,2.18,0.86,45,804,-64.00,-64.00,-64.00,-64.00,-64.00,-64.00,13,5,-46.22,6.92,38.00,35.00,0,2,0.00,0.00,0.50,0.03,0.00,0.01,2,0,0,
1754584229800,0,0,0,39,0,0,0.00,2.18,0.75,36,789,-64.33,-65.00,-65.00,-64.00,-64.00,-64.00,12,5,-46.55,6.91,39.00,35.00,0,3,0.00,0.00,0.50,0.03,0.00,0.01,3,0,0,
1754584230800,0,0,0,39,0,0,0.00,0.74,0.85,23,471,-64.23,-65.00,-64.00,-64.00,-64.00,-64.00,13,5,-46.45,6.91,40.50,36.00,0,4,0.00,0.00,0.50,0.03,0.00,0.01,3,0,0,
1754584231800,0,0,0,39,0,0,0.00,0.74,0.82,28,471,-64.25,-65.00,-64.50,-64.00,-64.00,-64.00,12,5,-46.47,6.91,39.50,35.00,0,3,0.00,0.00,0.50,0.03,0.00,0.01,3,0,0,
1754584232800,0,0,0,39,0,0,0.00,2.18,0.76,42,801,-64.15,-65.00,-64.00,-64.00,-64.00,-64.00,13,5,-46.37,6.92,40.50,35.00,0,3,0.00,0.00,0.49,0.03,0.00,0.01,3,0,0,
1754584233800,0,0,0,39,0,0,0.00,2.18,0.78,39,789,-64.00,-64.00,-64.00,-64.00,-64.00,-64.00,12,5,-46.22,6.92,39.00,32.00,0,3,0.00,0.00,0.49,0.03,0.00,0.01,3,0,0,
1754584234800,0,0,0,39,0,0,0.00,0.74,0.85,36,456,-64.00,-64.00,-64.00,-64.00,-64.00,-64.00,13,5,-46.22,6.92,39.00,31.00,0,2,0.00,0.00,0.49,0.03,0.00,0.01,2,0,0,
1754584235800,0,0,0,39,0,0,0.00,0.74,0.82,75,471,-64.00,-64.00,-64.00,-64.00,-64.00,-64.00,12,5,-46.22,6.92,39.00,31.00,0,0,0.00,0.00,0.49,0.03,0.00,0.01,0,0,0,
1754584236800,0,0,0,39,1,1,0.00,1.50,1.48,129,411,-64.00,-64.00,-64.00,-64.00,-64.00,-64.00,13,5,-46.22,6.92,39.00,32.00,0,0,0.00,0.00,0.49,0.03,0.00,0.01,0,0,0,
1754584237800,0,0,0,39,0,0,0.00,0.74,0.78,80,699,-64.00,-64.00,-64.00,-64.00,-64.00,-64.00,12,5,-46.22,6.92,39.00,31.00,0,0,0.00,0.00,0.48,0.03,0.00,0.01,0,0,0,
1754584238800,0,0,0,39,0,0,0.00,0.74,0.78,40,711,-64.00,-64.00,-64.00,-64.00,-64.00,-64.00,13,5,-46.22,6.92,38.00,31.00,0,0,0.00,0.00,0.48,0.03,0.00,0.01,0,0,0,
1754584239800,0,0,0,39,0,0,0.00,0.74,0.74,75,391,-64.00,-64.00,-64.00,-64.00,-64.00,-64.00,12,5,-46.22,6.92,39.00,32.00,0,0,0.00,0.00,0.48,0.03,0.00,0.01,0,0,0,
1754584240800,0,0,0,39,0,0,0.00,0.74,0.78,40,714,-64.00,-64.00,-64.00,-64.00,-64.00,-64.00,13,5,-46.22,6.92,39.00,33.00,0,0,0.00,0.00,0.48,0.03,0.00,0.01,0,0,0,
1754584241800,0,0,0,39,0,0,0.00,0.74,0.82,40,709,-64.00,-64.00,-64.00,-64.00,-64.00,-64.00,12,5,-46.22,6.92,60.00,29.00,0,0,0.00,0.00,0.47,0.03,0.00,0.01,0,0,0,
1754584242800,0,0,0,39,4,1,0.00,5.11,2.08,214,428,-64.00,-64.00,-64.00,-64.00,-64.00,-64.00,13,5,-46.22,6.92,40.50,30.00,0,0,0.00,0.00,0.47,0.03,0.00,0.01,0,0,0,
1754584243800,0,0,0,39,0,0,0.00,0.74,0.74,75,428,-64.00,-64.00,-64.00,-64.00,-64.00,-64.00,12,5,-46.22,6.92,39.00,29.00,0,0,0.00,0.00,0.47,0.03,0.00,0.01,0,0,0,
1754584244800,0,0,0,39,0,0,0.00,0.74,0.78,75,421,-64.00,-64.00,-64.00,-64.00,-64.00,-64.00,13,5,-46.22,6.92,60.50,29.00,1,0,0.00,0.00,0.47,0.03,0.00,0.01,0,0,0,
1754584245800,0,0,0,39,0,0,0.00,0.74,0.78,75,426,-64.00,-64.00,-64.00,-64.00,-64.00,-64.00,12,5,-46.22,6.92,38.50,29.00,1,0,0.00,0.00,0.47,0.03,0.00,0.01,0,0,0,
1754584246800,0,0,0,39,0,0,0.00,0.74,0.82,40,719,-64.00,-64.00,-64.00,-64.00,-64.00,-64.00,13,5,-46.22,6.92,38.50,32.00,0,0,0.00,0.00,0.47,0.03,0.00,0.01,0,0,0,
1754584247800,0,0,0,39,0,0,0.00,2.18,0.82,90,729,-63.83,-64.00,-64.00,-64.00,-64.00,-63.00,12,5,-46.05,6.93,39.00,30.00,0,0,0.00,0.00,0.46,0.03,0.00,0.01,0,0,0,
1754584248800,0,0,0,39,0,0,0.00,2.18,0.82,90,746,-63.92,-64.00,-64.00,-64.00,-64.00,-63.00,13,5,-46.14,6.93,38.50,27.00,0,0,0.00,0.00,0.46,0.03,0.00,0.01,0,0,0,
1754584249800,0,0,0,39,0,0,0.00,2.18,0.82,90,739,-63.75,-64.00,-64.00,-64.00,-63.50,-63.00,12,5,-45.97,6.93,39.00,28.00,0,0,0.00,0.00,0.46,0.03,0.00,0.01,0,0,0,
1754584250800,0,0,0,39,0,0,0.00,0.74,0.82,80,734,-63.77,-64.00,-64.00,-64.00,-64.00,-63.00,13,5,-45.99,6.93,39.00,27.00,0,0,0.00,0.00,0.46,0.03,0.00,0.01,0,0,0,
1754584251800,0,0,0,39,0,0,0.00,0.74,0.82,40,729,-63.67,-64.00,-64.00,-64.00,-63.00,-63.00,12,5,-45.89,6.94,60.50,27.00,0,0,0.00,0.00,0.45,0.03,0.00,0.01,0,0,0,
1754584252800,0,0,0,39,0,0,0.00,2.18,0.82,90,739,-64.00,-64.00,-64.00,-64.00,-64.00,-64.00,13,5,-46.22,6.92,38.50,26.00,0,0,0.00,0.00,0.45,0.03,0.00,0.01,0,0,0,
1754584253800,0,0,0,39,0,0,0.00,2.18,0.82,90,756,-63.83,-64.00,-64.00,-64.00,-64.00,-63.00,12,5,-46.05,6.93,39.00,27.00,0,0,0.00,0.00,0.45,0.03,0.00,0.01,0,0,0,
1754584254800,0,0,0,39,0,0,0.00,2.18,0.82,90,749,-63.77,-64.00,-64.00,-64.00,-64.00,-63.00,13,5,-45.99,6.93,60.00,28.00,0,0,0.00,0.00,0.45,0.03,0.00,0.01,0,0,0,
1754584255800,0,0,0,39,0,0,0.00,0.74,0.82,40,744,-64.00,-64.00,-64.00,-64.00,-64.00,-64.00,12,5,-46.22,6.92,38.00,30.00,0,0,0.00,0.00,0.44,0.03,0.00,0.01,0,0,0,
1754584256800,0,0,0,39,0,0,0.00,0.74,0.82,40,739,-64.00,-64.00,-64.00,-64.00,-64.00,-64.00,13,5,-46.22,6.92,40.50,34.00,1,0,0.00,0.00,0.44,0.03,0.00,0.01,0,0,0,
1754584257800,0,0,0,39,0,0,0.00,2.18,0.82,90,749,-64.08,-65.00,-64.00,-64.00,-64.00,-64.00,12,5,-46.30,6.92,38.50,36.00,0,0,0.00,0.00,0.44,0.03,0.00,0.01,0,0,0,
1754584258800,0,0,0,39,0,0,0.00,2.18,0.82,90,766,-64.00,-64.00,-64.00,-64.00,-64.00,-64.00,13,5,-46.22,6.92,38.50,35.00,0,0,0.00,0.00,0.44,0.03,0.00,0.01,0,0,0,
1754584259800,0,0,0,39,0,0,0.00,2.18,0.82,90,759,-64.00,-64.00,-64.00,-64.00,-64.00,-64.00,12,5,-46.22,6.92,38.50,33.00,1,0,0.00,0.00,0.43,0.03,0.00,0.01,0,0,0,
1754584260800,0,0,0,39,0,0,0.00,0.74,0.82,40,754,-64.00,-64.00,-64.00,-64.00,-64.00,-64.00,13,5,-46.22,6.92,38.50,33.00,0,0,0.00,0.00,0.43,0.03,0.00,0.01,0,0,0,
1754584261800,0,0,0,39,0,0,0.00,0.74,0.82,40,749,-64.00,-64.00,-64.00,-64.00,-64.00,-64.00,12,5,-46.22,6.92,60.00,32.00,2,0,0.00,0.00,0.43,0.03,0.00,0.01,0,0,0,
1754584262800,0,0,0,39,0,0,0.00,2.18,0.82,90,759,-64.00,-64.00,-64.00,-64.00,-64.00,-64.00,13,5,-46.22,6.92,39.00,30.00,1,0,0.00,0.00,0.43,0.03,0.00,0.01,0,0,0,
1754584263800,0,0,0,39,0,0,0.00,2.18,0.82,90,776,-64.00,-64.00,-64.00,-64.00,-64.00,-64.00,12,5,-46.22,6.92,39.00,30.00,1,0,0.00,0.00,0.42,0.03,0.00,0.01,0,0,0,
1754584264800,0,0,0,39,0,0,0.00,2.18,0.80,90,759,-64.00,-64.00,-64.00,-64.00,-64.00,-64.00,13,5,-46.22,6.92,40.00,32.00,0,0,0.00,0.00,0.42,0.03,0.00,0.01,0,0,0,
1754584265800,0,0,0,39,0,0,87.00,0.74,0.85,40,774,-64.00,-64.00,-64.00,-64.00,-64.00,-64.00,12,5,-46.22,6.92,38.00,30.00,1,0,0.00,0.00,0.42,0.03,0.00,0.01,0,0,0,
1754584266800,0,0,0,39,0,0,138.00,0.74,0.82,40,759,-64.00,-64.00,-64.00,-64.00,-64.00,-64.00,13,5,-46.22,6.92,39.00,32.00,1,0,0.00,0.00,0.42,0.03,0.00,0.01,0,0,0,
1754584267800,0,0,0,39,0,0,483.00,1.46,0.80,65,759,-64.00,-64.00,-64.00,-64.00,-64.00,-64.00,12,5,-46.22,6.92,40.00,33.00,0,0,0.00,0.00,0.42,0.03,0.00,0.01,0,0,0,
1754584268800,0,0,0,39,0,0,194.00,1.46,0.82,65,786,-64.00,-64.00,-64.00,-64.00,-64.00,-64.00,13,5,-46.22,6.92,39.00,32.00,0,0,0.00,0.00,0.41,0.03,0.00,0.01,0,0,0,
1754584269800,0,0,0,39,0,0,14.00,2.18,0.82,90,769,-64.00,-64.00,-64.00,-64.00,-64.00,-64.00,12,106,-32.96,205.86,19.00,33.00,0,0,0.00,0.00,0.41,0.03,0.00,0.01,0,0,0,
1754584270800,0,0,0,39,0,0,0.00,1.44,0.06,55,160,-64.08,-65.00,-64.00,-64.00,-64.00,-64.00,13,5,-46.30,6.92,37.50,33.00,0,1,0.00,0.00,0.41,0.03,0.00,0.01,1,0,0,
1754584271800,0,0,0,39,0,0,0.00,0.74,0.89,40,754,-64.00,-64.00,-64.00,-64.00,-64.00,-64.00,12,5,-46.22,6.92,38.50,33.00,0,0,0.00,0.00,0.41,0.03,0.00,0.01,0,0,0,
1754584272800,0,0,0,39,0,0,0.00,0.74,0.83,40,769,-64.00,-64.00,-64.00,-64.00,-64.00,-64.00,13,5,-46.22,6.92,38.50,34.00,0,0,0.00,0.00,0.41,0.03,0.00,0.01,0,0,0,
1754584273800,0,0,0,39,0,0,0.00,2.18,0.79,130,779,-64.00,-64.00,-64.00,-64.00,-64.00,-64.00,12,5,-46.22,6.92,39.00,31.00,0,1,0.00,0.00,0.41,0.03,0.00,0.01,1,0,0,
1754584274800,0,0,0,39,0,0,0.00,2.18,0.82,90,796,-64.00,-64.00,-64.00,-64.00,-64.00,-64.00,13,5,-46.22,6.92,40.00,32.00,0,1,0.00,0.00,0.40,0.03,0.00,0.01,1,0,0,
1754584275800,0,0,0,39,0,0,0.00,2.18,0.82,130,794,-64.00,-64.00,-64.00,-64.00,-64.00,-64.00,12,5,-46.22,6.92,39.00,32.00,0,1,0.00,0.00,0.40,0.03,0.00,0.01,1,0,0,
1754584276800,0,0,0,39,0,0,0.00,0.74,0.78,40,779,-64.00,-64.00,-64.00,-64.00,-64.00,-64.00,13,5,-46.22,6.92,40.00,34.00,0,0,0.00,0.00,0.40,0.03,0.00,0.01,0,0,0,
1754584277800,0,0,0,39,0,0,0.00,0.74,1.22,80,779,-64.17,-65.00,-64.00,-64.00,-64.00,-64.00,12,5,-46.39,6.92,39.00,35.00,0,0,0.00,0.00,0.40,0.03,0.00,0.01,0,0,0,
1754584278800,0,0,0,39,0,0,0.00,2.18,0.66,83,789,-64.00,-64.00,-64.00,-64.00,-64.00,-64.00,13,5,-46.22,6.92,38.50,34.00,0,1,0.00,0.00,0.40,0.03,0.00,0.01,1,0,0,
1754584279800,0,0,0,39,0,0,0.00,2.18,0.86,42,801,-64.00,-64.00,-64.00,-64.00,-64.00,-64.00,12,5,-46.22,6.92,38.50,34.00,0,3,0.00,0.00,0.39,0.03,0.00,0.01,3,0,0,
1754584280800,0,0,0,39,0,0,0.00,2.18,0.86,45,804,-64.00,-64.00,-64.00,-64.00,-64.00,-64.00,13,5,-46.22,6.92,40.50,31.00,0,2,0.00,0.00,0.39,0.03,0.00,0.01,2,0,0,
1754584281800,0,0,0,39,0,0,0.00,0.74,0.75,22,789,-64.00,-64.00,-64.00,-64.00,-64.00,-64.00,12,5,-46.22,6.92,38.00,33.00,0,3,0.00,0.00,0.39,0.03,0.00,0.01,3,0,0,
1754584282800,0,0,0,39,0,0,0.00,0.74,0.89,28,789,-64.00,-64.00,-64.00,-64.00,-64.00,-64.00,13,5,-46.22,6.92,39.00,32.00,0,4,0.00,0.00,0.39,0.03,0.00,0.01,3,0,0,
1754584283800,0,0,0,39,0,0,0.00,2.18,0.76,30,789,-64.17,-65.00,-64.00,-64.00,-64.00,-64.00,12,5,-46.39,6.92,38.00,35.00,0,6,0.00,0.00,0.39,0.03,0.00,0.01,4,0,0,
1754584284800,0,0,0,39,0,0,0.00,0.74,0.86,21,471,-64.15,-65.00,-64.00,-64.00,-64.00,-64.00,13,5,-46.37,6.92,38.00,36.00,0,5,0.00,0.00,0.38,0.03,0.00,0.01,4,0,0,
1754584285800,0,0,0,39,0,0,0.00,2.18,0.75,30,789,-64.33,-65.00,-65.00,-64.00,-64.00,-64.00,12,5,-46.55,6.91,38.00,38.00,0,5,0.00,0.00,0.38,0.03,0.00,0.01,4,0,0,
1754584286800,0,0,0,39,0,0,0.00,0.74,0.85,28,471,-64.31,-65.00,-65.00,-64.00,-64.00,-64.00,13,5,-46.53,6.91,39.50,38.00,0,3,0.00,0.00,0.38,0.03,0.00,0.01,3,0,0,
1754584287800,0,0,0,39,0,0,0.00,0.74,0.82,51,471,-64.08,-65.00,-64.00,-64.00,-64.00,-64.00,12,5,-46.30,6.92,39.00,36.00,0,1,0.00,0.00,0.38,0.03,0.00,0.01,1,0,0,
1754584288800,0,0,0,39,0,0,0.00,0.74,0.82,35,471,-64.23,-65.00,-64.00,-64.00,-64.00,-64.00,13,5,-46.45,6.91,39.50,34.00,0,0,0.00,0.00,0.38,0.03,0.00,0.01,0,0,0,
1754584289800,0,0,0,39,0,0,0.00,0.74,0.82,75,471,-64.00,-64.00,-64.00,-64.00,-64.00,-64.00,12,5,-46.22,6.92,40.00,35.00,0,0,0.00,0.00,0.38,0.03,0.00,0.01,0,0,0,
1754584290800,0,0,0,39,0,0,0.00,0.74,0.82,75,456,-64.15,-65.00,-64.00,-64.00,-64.00,-64.00,13,5,-46.37,6.92,39.00,35.00,0,0,0.00,0.00,0.38,0.03,0.00,0.01,0,0,0,
1754584291800,0,0,0,39,0,0,0.00,0.74,0.82,75,471,-64.08,-65.00,-64.00,-64.00,-64.00,-64.00,12,5,-46.30,6.92,39.00,37.00,0,0,0.00,0.00,0.38,0.03,0.00,0.01,0,0,0,
1754584292800,0,0,0,39,0,0,0.00,0.74,0.82,75,471,-64.08,-65.00,-64.00,-64.00,-64.00,-64.00,13,5,-46.30,6.92,39.00,34.00,0,0,0.00,0.00,0.37,0.03,0.00,0.01,0,0,0,
1754584293800,0,0,0,39,0,0,0.00,0.74,0.82,75,471,-64.17,-65.00,-64.00,-64.00,-64.00,-64.00,12,5,-46.39,6.92,38.00,33.00,0,0,0.00,0.00,0.37,0.03,0.00,0.01,0,0,0,
1754584294800,0,0,0,39,0,0,0.00,0.74,0.82,75,471,-64.15,-65.00,-64.00,-64.00,-64.00,-64.00,13,5,-46.37,6.92,37.50,34.00,0,0,0.00,0.00,0.37,0.03,0.00,0.01,0,0,0,
1754584295800,0,0,0,39,0,0,0.00,0.74,0.82,35,456,-64.17,-65.00,-64.00,-64.00,-64.00,-64.00,12,5,-46.39,6.92,37.50,33.00,0,0,0.00,0.00,0.37,0.03,0.00,0.01,0,0,0,
1754584296800,0,0,0,39,1,1,0.00,1.50,1.48,129,431,-64.00,-64.00,-64.00,-64.00,-64.00,-64.00,13,5,-46.22,6.92,38.50,32.00,0,0,0.00,0.00,0.37,0.03,0.00,0.01,0,0,0,
1754584297800,0,0,0,39,0,0,0.00,0.74,0.78,80,699,-64.25,-65.00,-64.50,-64.00,-64.00,-64.00,12,5,-46.47,6.91,59.50,33.00,0,0,0.00,0.00,0.37,0.03,0.00,0.01,0,0,0,
1754584298800,0,0,0,39,0,0,0.00,0.74,0.78,40,711,-64.23,-65.00,-64.00,-64.00,-64.00,-64.00,13,5,-46.45,6.91,38.00,35.00,0,0,0.00,0.00,0.37,0.03,0.00,0.01,0,0,0,
1754584299800,0,0,0,39,6,3,0.00,7.29,3.50,346,396,-64.08,-65.00,-64.00,-64.00,-64.00,-64.00,12,5,-46.30,6.92,39.00,36.00,0,0,0.00,0.00,0.37,0.03,0.00,0.01,0,0,0,
1754584300800,0,0,0,39,0,0,0.00,0.74,0.78,40,709,-64.23,-65.00,-64.00,-64.00,-64.00,-64.00,13,5,-46.45,6.91,60.00,36.00,0,0,0.00,0.00,0.37,0.03,0.00,0.01,0,0,0,
1754584301800,0,0,0,39,0,0,0.00,0.74,0.78,40,709,-64.42,-65.00,-65.00,-64.00,-64.00,-64.00,12,5,-46.64,6.91,40.00,36.00,0,0,0.00,0.00,0.36,0.03,0.00,0.01,0,0,0,
1754584302800,0,0,0,39,0,0,0.00,2.18,0.78,90,729,-64.23,-65.00,-64.00,-64.00,-64.00,-64.00,13,5,-46.45,6.91,39.00,36.00,0,0,0.00,0.00,0.36,0.03,0.00,0.01,0,0,0,
1754584303800,0,0,0,39,0,0,0.00,0.74,0.78,75,428,-64.25,-65.00,-64.50,-64.00,-64.00,-64.00,12,5,-46.47,6.91,39.00,36.00,2,0,0.00,0.00,0.36,0.03,0.00,0.01,0,0,0,
1754584304800,1,50,0,39,0,0,0.00,0.00,0.04,5,406,-64.00,-64.00,-64.00,-64.00,-64.00,-64.00,10,5,-46.22,6.92,38.00,33.00,1,0,0.00,0.00,0.37,0.03,0.00,0.01,0,0,0,
1754584305800,1,50,0,39,0,0,0.00,0.00,0.00,530,714,-64.17,-65.00,-64.00,-64.00,-64.00,-64.00,6,5,-46.39,6.92,36.50,34.00,1,0,0.03,0.00,0.37,0.03,0.00,0.01,0,0,0,
1754584306800,1,50,0,39,0,0,0.00,0.00,0.00,180,45,,,,,,,0,5,,0.00,35.50,34.00,0,0,0.04,0.00,0.37,0.03,0.00,0.01,0,0,0,
1754584307800,1,50,0,39,0,0,0.00,0.00,0.00,10,50,,,,,,,0,5,,0.00,37.00,31.00,0,0,0.01,0.00,0.37,0.03,0.00,0.01,0,0,0,
1754584308800,1,50,0,39,0,0,0.00,0.98,0.73,59,50,,,,,,,0,5,,0.00,38.00,29.00,0,0,0.01,0.00,0.37,0.03,0.00,0.01,0,0,0,
1754584309800,1,50,0,39,0,0,0.00,2.70,1.02,215,691,,,,,,,0,21,,0.00,31.50,27.00,0,0,0.00,0.00,0.37,0.03,0.00,0.01,0,0,0,
1754584310800,1,50,0,39,0,0,0.00,8.09,0.76,260,997,-63.83,-64.00,-64.00,-64.00,-64.00,-63.00,6,5,-46.05,6.93,38.50,29.00,0,0,0.08,0.00,0.38,0.03,0.00,0.01,0,0,0,
1754584311800,1,50,0,39,1,1,0.00,4.63,4.06,316,1976,-64.00,-64.00,-64.00,-64.00,-64.00,-64.00,3,5,-46.22,6.92,36.50,29.00,0,2,0.20,0.00,0.39,0.03,0.00,0.01,2,0,0,
1754584312800,1,50,0,39,0,0,0.00,4.42,0.82,176,1365,-64.00,-64.00,-64.00,-64.00,-64.00,-64.00,10,5,-46.22,6.92,39.50,30.00,0,3,0.15,0.00,0.39,0.03,0.00,0.01,3,0,0,
1754584313800,1,50,0,39,0,0,0.00,13.68,0.00,367,759,-64.00,-64.00,-64.00,-64.00,-64.00,-64.00,10,5,-46.22,6.92,39.00,28.00,0,0,0.06,0.00,0.39,0.03,0.00,0.01,0,0,0,
1754584314800,1,50,0,39,0,0,0.00,1.46,0.21,248,1312,-64.00,-64.00,-64.00,-64.00,-64.00,-64.00,1,5,-46.22,6.92,39.50,32.00,0,1,0.19,0.00,0.40,0.03,0.00,0.01,1,0,0,
1754584315800,1,50,0,39,1,1,0.00,12.34,1.56,465,1992,-63.88,-64.00,-64.00,-64.00,-64.00,-63.00,8,5,-46.09,6.93,38.00,29.00,0,0,0.14,0.01,0.40,0.03,0.00,0.01,0,0,0,
1754584316800,1,50,0,39,1,1,0.00,4.43,1.71,315,1966,-64.00,-64.00,-64.00,-64.00,-64.00,-64.00,5,106,-32.96,205.86,5.00,33.00,0,2,0.24,0.01,0.41,0.03,0.00,0.01,2,0,0,
1754584317800,1,50,0,39,0,0,0.00,0.00,0.54,5,719,-63.82,-64.00,-64.00,-64.00,-64.00,-63.00,11,106,-32.77,206.41,5.00,30.00,0,1,0.10,0.01,0.41,0.03,0.00,0.01,1,0,0,
1754584318800,1,50,0,39,0,0,0.00,0.02,0.42,196,1312,-64.00,-64.00,-64.00,-64.00,-64.00,-64.00,1,5,-46.22,6.92,37.50,27.00,0,1,0.18,0.01,0.41,0.03,0.00,0.01,1,0,0,
1754584319800,1,50,0,39,2,2,84.00,3.70,2.95,296,1974,-63.89,-64.00,-64.00,-64.00,-64.00,-63.00,9,106,-32.84,206.19,5.50,27.00,0,2,0.15,0.01,0.42,0.03,0.00,0.01,2,0,0,
1754584320800,1,50,0,39,0,0,0.00,1.52,0.44,191,1312,-64.00,-64.00,-64.00,-64.00,-64.00,-64.00,1,21,-39.99,33.61,30.50,28.00,0,2,0.21,0.03,0.42,0.03,0.00,0.01,2,0,0,
1754584321800,1,50,0,39,0,0,0.00,0.79,1.16,184,1325,-64.00,-64.00,-64.00,-64.00,-64.00,-64.00,3,5,-46.22,6.92,40.50,31.00,0,0,0.29,0.07,0.43,0.03,0.00,0.01,0,0,0,
1754584322800,1,50,0,39,0,0,0.00,15.89,0.76,560,774,-63.83,-64.00,-64.00,-64.00,-64.00,-63.00,12,5,-46.05,6.93,38.00,31.00,0,0,0.11,0.03,0.43,0.03,0.00,0.01,0,0,0,
1754584323800,1,50,0,39,0,0,0.00,2.18,0.62,273,1951,-64.00,-64.00,-64.00,-64.00,-64.00,-64.00,1,21,-39.99,33.61,31.00,33.00,0,1,0.32,0.02,0.44,0.03,0.00,0.01,1,0,0,
1754584324800,1,50,0,39,1,1,0.00,1.51,1.36,192,1323,-64.00,-64.00,-64.00,-64.00,-64.00,-64.00,8,5,-46.22,6.92,39.00,29.00,0,0,0.24,0.02,0.45,0.03,0.00,0.01,0,0,0,
1754584325800,1,50,0,39,0,0,0.00,0.00,0.00,194,1300,-64.00,-64.00,-64.00,-64.00,-64.00,-64.00,2,5,-46.22,6.92,40.00,31.00,0,0,0.42,0.04,0.45,0.03,0.00,0.01,0,0,0,
1754584326800,1,50,0,39,0,0,0.00,0.00,0.00,100,50,,,,,,,0,5,,0.00,38.50,31.00,0,0,0.15,0.02,0.45,0.03,0.00,0.01,0,0,0,
1754584327800,1,50,0,39,0,0,0.00,0.12,0.52,35,50,,,,,,,0,5,,0.00,38.00,28.00,0,0,0.05,0.01,0.45,0.03,0.00,0.01,0,0,0,
1754584328800,1,50,0,39,2,2,0.00,14.47,2.64,560,781,-64.00,-64.00,-64.00,-64.00,-64.00,-64.00,11,5,-46.22,6.92,38.00,30.00,0,0,0.04,0.00,0.46,0.03,0.00,0.01,0,0,0,
1754584329800,0,0,0,39,0,0,0.00,5.18,0.58,335,1315,-64.00,-64.00,-64.00,-64.00,-64.00,-64.00,2,5,-46.22,6.92,38.50,33.00,0,1,0.13,0.00,0.46,0.03,0.00,0.01,1,0,0,
1754584330800,0,0,0,39,0,0,0.00,16.76,0.00,489,50,,,,,,,0,5,,0.00,38.50,33.00,0,0,0.04,0.01,0.46,0.03,0.00,0.01,0,0,0,
1754584331800,0,0,0,39,0,0,0.00,12.72,0.48,483,50,,,,,,,0,5,,0.00,38.00,31.00,0,0,0.02,0.03,0.46,0.03,0.00,0.01,0,0,0,
1754584332800,0,0,0,39,0,0,0.00,0.00,0.73,5,50,,,,,,,0,5,,0.00,39.00,35.00,0,0,0.01,0.02,0.46,0.03,0.00,0.01,0,0,0,
1754584333800,0,0,0,39,2,2,0.00,4.34,2.49,232,726,-64.22,-65.00,-64.00,-64.00,-64.00,-64.00,9,5,-46.44,6.91,37.50,36.00,0,1,0.00,0.02,0.46,0.03,0.00,0.01,1,0,0,
1754584334800,0,0,0,39,0,0,0.00,2.18,0.82,85,744,-64.00,-64.00,-64.00,-64.00,-64.00,-64.00,13,5,-46.22,6.92,38.00,35.00,0,0,0.00,0.02,0.46,0.03,0.00,0.01,0,0,0,
1754584335800,0,0,0,39,0,0,0.00,0.74,0.93,51,734,-64.08,-65.00,-64.00,-64.00,-64.00,-64.00,12,5,-46.30,6.92,39.00,36.00,0,1,0.00,0.02,0.46,0.03,0.00,0.01,1,0,0,
1754584336800,0,0,0,39,0,0,0.00,0.74,0.72,35,724,-64.62,-65.00,-65.00,-65.00,-64.00,-64.00,13,5,-46.83,6.90,38.00,36.00,0,0,0.00,0.01,0.46,0.03,0.00,0.01,0,0,0,
1754584337800,0,0,0,39,0,0,0.00,2.18,0.82,85,739,-64.42,-65.00,-65.00,-64.00,-64.00,-64.00,12,5,-46.64,6.91,38.50,37.00,0,0,0.00,0.01,0.45,0.03,0.00,0.01,0,0,0,
1754584338800,0,0,0,39,0,0,0.00,2.18,0.82,58,751,-64.46,-65.00,-65.00,-64.00,-64.00,-64.00,13,5,-46.68,6.90,38.50,37.00,0,1,0.00,0.01,0.45,0.03,0.00,0.01,1,0,0,
1754584339800,0,0,0,39,0,0,0.00,2.18,0.82,61,754,-64.83,-65.00,-65.00,-65.00,-65.00,-64.00,12,5,-47.05,6.89,38.50,36.00,0,3,0.00,0.01,0.45,0.03,0.00,0.01,3,0,0,
1754584340800,0,0,0,39,0,0,0.00,2.18,0.91,45,754,-64.62,-65.00,-65.00,-65.00,-64.00,-64.00,13,5,-46.83,6.90,59.50,36.00,0,3,0.00,0.01,0.45,0.03,0.00,0.01,3,0,0,
1754584341800,0,0,0,39,0,0,0.00,0.74,0.74,25,729,-64.83,-65.00,-65.00,-65.00,-65.00,-64.00,12,5,-47.05,6.89,38.00,36.00,0,1,0.00,0.01,0.45,0.03,0.00,0.01,1,0,0,
1754584342800,0,0,0,39,0,0,0.00,0.74,0.78,80,739,-64.69,-65.00,-65.00,-65.00,-64.00,-64.00,13,5,-46.91,6.90,38.00,36.00,0,0,0.00,0.01,0.45,0.03,0.00,0.01,0,0,0,
1754584343800,0,0,0,39,0,0,0.00,2.18,0.82,90,761,-64.83,-65.00,-65.00,-65.00,-65.00,-64.00,12,5,-47.05,6.89,38.00,38.00,0,1,0.00,0.00,0.44,0.03,0.00,0.01,1,0,0,
1754584344800,0,0,0,39,0,0,0.00,2.18,0.82,90,759,-64.38,-65.00,-65.00,-64.00,-64.00,-64.00,13,5,-46.60,6.91,39.00,36.00,0,1,0.00,0.00,0.44,0.03,0.00,0.01,1,0,0,
1754584345800,0,0,0,39,0,0,0.00,2.18,0.82,90,764,-64.42,-65.00,-65.00,-64.00,-64.00,-64.00,12,5,-46.64,6.91,38.50,36.00,0,1,0.00,0.00,0.44,0.03,0.00,0.01,1,0,0,
1754584346800,0,0,0,39,0,0,0.00,0.74,0.82,40,749,-64.08,-65.00,-64.00,-64.00,-64.00,-64.00,13,5,-46.30,6.92,60.00,35.00,0,0,0.00,0.00,0.44,0.03,0.00,0.01,0,0,0,
1754584347800,0,0,0,39,0,0,0.00,0.74,0.78,80,749,-64.00,-64.00,-64.00,-64.00,-64.00,-64.00,12,5,-46.22,6.92,39.00,33.00,0,0,0.00,0.00,0.44,0.03,0.00,0.01,0,0,0,
1754584348800,0,0,0,39,0,0,0.00,2.18,0.82,121,759,-64.00,-64.00,-64.00,-64.00,-64.00,-64.00,13,5,-46.22,6.92,39.50,32.00,0,0,0.00,0.00,0.44,0.03,0.00,0.01,0,0,0,
1754584349800,0,0,0,39,0,0,0.00,2.18,0.82,90,774,-64.00,-64.00,-64.00,-64.00,-64.00,-64.00,12,5,-46.22,6.92,39.00,29.00,0,1,0.00,0.00,0.44,0.03,0.00,0.01,1,0,0,
1754584350800,0,0,0,39,0,0,0.00,2.18,0.82,90,774,-64.00,-64.00,-64.00,-64.00,-64.00,-64.00,13,5,-46.22,6.92,60.00,28.00,0,1,0.00,0.00,0.43,0.03,0.00,0.01,1,0,0,
1754584351800,0,0,0,39,0,0,0.00,0.74,0.82,40,759,-64.00,-64.00,-64.00,-64.00,-64.00,-64.00,12,5,-46.22,6.92,39.00,32.00,0,0,0.00,0.00,0.43,0.03,0.00,0.01,0,0,0,
1754584352800,0,0,0,39,0,0,0.00,0.74,0.78,40,759,-64.00,-64.00,-64.00,-64.00,-64.00,-64.00,13,5,-46.22,6.92,38.50,29.00,0,0,0.00,0.00,0.43,0.03,0.00,0.01,0,0,0,
1754584353800,0,0,0,39,0,0,0.00,2.18,0.82,81,769,-64.00,-64.00,-64.00,-64.00,-64.00,-64.00,12,5,-46.22,6.92,60.00,30.00,0,0,0.00,0.00,0.43,0.03,0.00,0.01,0,0,0,
1754584354800,0,0,0,39,0,0,0.00,2.18,0.82,90,784,-64.00,-64.00,-64.00,-64.00,-64.00,-64.00,13,5,-46.22,6.92,39.00,33.00,0,1,0.00,0.00,0.43,0.03,0.00,0.01,1,0,0,
1754584355800,0,0,0,39,0,0,0.00,2.18,0.93,90,784,-64.00,-64.00,-64.00,-64.00,-64.00,-64.00,12,5,-46.22,6.92,39.00,30.00,0,1,0.00,0.00,0.43,0.03,0.00,0.01,1,0,0,
1754584356800,0,0,0,39,0,0,0.00,0.74,0.72,40,754,-64.00,-64.00,-64.00,-64.00,-64.00,-64.00,13,5,-46.22,6.92,60.50,30.00,1,0,0.00,0.00,0.42,0.03,0.00,0.01,0,0,0,
1754584357800,0,0,0,39,0,0,0.00,0.74,0.78,40,769,-63.92,-64.00,-64.00,-64.00,-64.00,-63.00,12,5,-46.14,6.93,40.50,30.00,1,0,0.00,0.00,0.42,0.03,0.00,0.01,0,0,0,
1754584358800,0,0,0,39,0,0,0.00,2.18,0.86,81,779,-64.00,-64.00,-64.00,-64.00,-64.00,-64.00,13,5,-46.22,6.92,40.00,32.00,0,0,0.00,0.00,0.42,0.03,0.00,0.01,0,0,0,
1754584359800,0,0,0,39,0,0,0.00,2.18,0.82,130,794,-64.08,-65.00,-64.00,-64.00,-64.00,-64.00,12,5,-46.30,6.92,40.50,31.00,0,1,0.00,0.00,0.42,0.03,0.00,0.01,1,0,0,
1754584360800,0,0,0,39,0,0,0.00,2.18,0.91,90,794,-64.23,-65.00,-65.00,-64.00,-64.00,-63.00,13,5,-46.45,6.91,59.50,33.00,0,1,0.00,0.00,0.42,0.03,0.00,0.01,1,0,0,
1754584361800,0,0,0,39,0,0,0.00,0.74,0.74,40,764,-64.25,-65.00,-64.50,-64.00,-64.00,-64.00,12,5,-46.47,6.91,37.50,34.00,2,0,0.00,0.00,0.42,0.03,0.00,0.01,0,0,0,
1754584362800,0,0,0,39,0,0,0.00,0.74,0.82,40,779,-64.23,-65.00,-64.00,-64.00,-64.00,-64.00,13,5,-46.45,6.91,38.00,34.00,2,0,0.00,0.00,0.42,0.03,0.00,0.01,0,0,0,
1754584363800,0,0,0,39,0,0,0.00,2.18,0.98,125,789,-64.33,-65.00,-65.00,-64.00,-64.00,-64.00,12,5,-46.55,6.91,39.00,35.00,1,0,0.00,0.00,0.41,0.03,0.00,0.01,0,0,0,
1754584364800,0,0,0,39,0,0,0.00,2.18,0.86,90,804,-64.15,-65.00,-64.00,-64.00,-64.00,-64.00,13,5,-46.37,6.92,38.00,35.00,1,0,0.00,0.00,0.41,0.03,0.00,0.01,0,0,0,
1754584365800,0,0,0,39,0,0,0.00,2.18,0.86,63,804,-64.00,-64.00,-64.00,-64.00,-64.00,-64.00,12,5,-46.22,6.92,38.50,36.00,1,1,0.00,0.00,0.41,0.03,0.00,0.01,1,0,0,
1754584366800,0,0,0,39,0,0,0.00,0.74,0.86,25,784,-64.08,-65.00,-64.00,-64.00,-64.00,-64.00,13,5,-46.30,6.92,38.50,37.00,2,2,0.00,0.00,0.41,0.03,0.00,0.01,2,0,0,
1754584367800,0,0,0,39,0,0,465.00,0.74,0.82,28,471,-64.42,-65.00,-65.00,-64.00,-64.00,-64.00,12,5,-46.64,6.91,38.00,34.00,2,3,0.00,0.00,0.41,0.03,0.00,0.01,3,0,0,
1754584368800,0,0,0,39,0,0,26.00,1.46,0.84,51,796,-64.08,-65.00,-64.00,-64.00,-64.00,-64.00,13,5,-46.30,6.92,39.00,36.00,0,2,0.00,0.00,0.41,0.03,0.00,0.01,2,0,0,
1754584369800,0,0,0,39,0,0,32.00,2.18,0.78,39,789,-64.17,-65.00,-64.00,-64.00,-64.00,-64.00,12,5,-46.39,6.92,39.50,35.00,0,3,0.00,0.00,0.41,0.03,0.00,0.01,3,0,0,
1754584370800,0,0,0,39,0,0,350.00,1.46,0.77,33,471,-64.15,-65.00,-64.00,-64.00,-64.00,-64.00,13,5,-46.37,6.92,39.00,36.00,1,3,0.00,0.00,0.41,0.03,0.00,0.01,3,0,0,
1754584371800,0,0,0,39,0,0,393.00,0.74,0.80,36,456,-64.33,-65.00,-65.00,-64.00,-64.00,-64.00,12,94,-33.81,178.86,18.00,36.00,1,2,0.00,0.00,0.40,0.03,0.00,0.01,2,0,0,
1754584372800,0,0,0,39,0,0,0.00,0.00,0.13,5,165,-64.31,-65.00,-65.00,-64.00,-64.00,-64.00,13,5,-46.53,6.91,37.50,36.00,1,1,0.00,0.00,0.40,0.03,0.00,0.01,1,0,0,
1754584373800,0,0,0,39,0,0,0.00,0.74,0.82,51,456,-64.50,-65.00,-65.00,-64.50,-64.00,-64.00,12,5,-46.72,6.90,38.00,32.00,0,0,0.00,0.00,0.40,0.03,0.00,0.01,0,0,0,
1754584374800,0,0,0,39,0,0,0.00,0.74,0.82,75,471,-64.46,-65.00,-65.00,-64.00,-64.00,-64.00,13,5,-46.68,6.90,39.00,35.00,0,0,0.00,0.00,0.40,0.03,0.00,0.01,0,0,0,
1754584375800,0,0,0,39,0,0,0.00,0.74,0.82,35,471,-64.67,-65.00,-65.00,-65.00,-64.00,-64.00,12,5,-46.89,6.90,38.50,35.00,0,0,0.00,0.00,0.40,0.03,0.00,0.01,0,0,0,
1754584376800,0,0,0,39,0,0,0.00,0.74,0.82,35,471,-64.69,-65.00,-65.00,-65.00,-64.00,-64.00,13,5,-46.91,6.90,38.50,32.00,0,0,0.00,0.00,0.40,0.03,0.00,0.01,0,0,0,
1754584377800,0,0,0,39,0,0,0.00,0.74,0.82,35,456,-64.50,-65.00,-65.00,-64.50,-64.00,-64.00,12,5,-46.72,6.90,39.50,33.00,0,0,0.00,0.00,0.40,0.03,0.00,0.01,0,0,0,
1754584378800,0,0,0,39,1,1,0.00,1.46,1.48,60,391,-64.46,-65.00,-65.00,-64.00,-64.00,-64.00,13,5,-46.68,6.90,38.50,33.00,0,0,0.00,0.00,0.40,0.03,0.00,0.01,0,0,0,
1754584379800,0,0,0,39,0,0,0.00,0.74,0.78,40,699,-64.25,-65.00,-64.50,-64.00,-64.00,-64.00,12,5,-46.47,6.91,60.00,35.00,0,0,0.00,0.00,0.40,0.03,0.00,0.01,0,0,0,
1754584380800,0,0,0,39,0,0,0.00,0.74,0.78,80,716,-64.15,-65.00,-64.00,-64.00,-64.00,-64.00,13,5,-46.37,6.92,39.50,34.00,0,0,0.00,0.00,0.40,0.03,0.00,0.01,0,0,0,
1754584381800,0,0,0,39,0,0,0.00,0.74,0.74,75,396,-64.33,-65.00,-65.00,-64.00,-64.00,-64.00,12,5,-46.55,6.91,38.50,36.00,0,0,0.00,0.00,0.40,0.03,0.00,0.01,0,0,0,
1754584382800,0,0,0,39,0,0,0.00,0.74,0.78,40,709,-64.00,-64.00,-64.00,-64.00,-64.00,-64.00,13,5,-46.22,6.92,59.50,36.00,0,0,0.00,0.00,0.40,0.03,0.00,0.01,0,0,0,
1754584383800,0,0,0,39,0,0,0.00,0.74,0.82,40,709,-64.50,-65.00,-65.00,-64.50,-64.00,-64.00,12,5,-46.72,6.90,38.00,37.00,0,0,0.00,0.00,0.39,0.03,0.00,0.01,0,0,0,
1754584384800,0,0,0,39,0,0,0.00,0.74,0.78,40,709,-64.31,-65.00,-65.00,-64.00,-64.00,-64.00,13,5,-46.53,6.91,39.50,36.00,0,0,0.00,0.00,0.39,0.03,0.00,0.01,0,0,0,
1754584385800,0,0,0,39,0,0,0.00,2.18,0.78,90,741,-64.33,-65.00,-65.00,-64.00,-64.00,-64.00,12,5,-46.55,6.91,37.50,37.00,0,1,0.00,0.00,0.39,0.03,0.00,0.01,1,0,0,
1754584386800,0,0,0,39,0,0,0.00,0.74,0.78,75,426,-64.31,-65.00,-65.00,-64.00,-64.00,-64.00,13,5,-46.53,6.91,60.00,36.00,0,0,0.00,0.00,0.39,0.03,0.00,0.01,0,0,0,
1754584387800,0,0,0,39,0,0,0.00,0.74,0.78,75,421,-64.17,-65.00,-64.00,-64.00,-64.00,-64.00,12,5,-46.39,6.92,39.00,36.00,0,0,0.00,0.00,0.39,0.03,0.00,0.01,0,0,0,
1754584388800,0,0,0,39,0,0,0.00,0.74,0.82,80,714,-64.00,-64.00,-64.00,-64.00,-64.00,-64.00,13,5,-46.22,6.92,39.00,33.00,0,0,0.00,0.00,0.39,0.03,0.00,0.01,0,0,0,
1754584389800,1,52,0,39,0,0,0.00,0.74,0.78,80,719,-64.00,-64.00,-64.00,-64.00,-64.00,-64.00,9,5,-46.22,6.92,60.00,32.00,0,0,0.00,0.00,0.39,0.03,0.00,0.01,0,0,0,
1754584390800,1,52,0,39,0,0,0.00,0.00,0.26,112,1330,,,,,,,0,21,,0.00,31.00,33.00,0,0,0.07,0.00,0.39,0.03,0.00,0.01,0,0,0,
1754584391800,1,52,0,39,0,0,0.00,0.02,0.00,259,1295,,,,,,,0,5,,0.00,37.00,30.00,0,0,0.20,0.00,0.40,0.03,0.00,0.01,0,0,0,
1754584392800,1,52,0,39,0,0,0.00,0.16,0.10,271,681,,,,,,,0,5,,0.00,38.00,30.00,0,1,0.16,0.03,0.40,0.03,0.00,0.01,1,0,0,
1754584393800,1,52,0,39,0,0,0.00,0.00,0.00,80,50,,,,,,,0,5,,0.00,39.00,32.00,0,0,0.06,0.01,0.40,0.03,0.00,0.01,0,0,0,
1754584394800,1,52,0,39,0,0,0.00,0.90,0.42,99,669,,,,,,,0,5,,0.00,38.50,32.00,0,0,0.10,0.01,0.40,0.03,0.00,0.01,0,0,0,
1754584395800,1,52,0,39,0,0,0.00,0.00,0.00,80,50,,,,,,,0,5,,0.00,37.00,33.00,0,0,0.03,0.00,0.40,0.03,0.00,0.01,0,0,0,
1754584396800,1,52,0,39,0,0,0.00,1.47,0.52,120,664,,,,,,,0,5,,0.00,39.50,32.00,0,0,0.10,0.00,0.40,0.03,0.00,0.01,0,0,0,
1754584397800,1,52,0,39,0,0,0.00,0.00,0.00,80,50,,,,,,,0,5,,0.00,37.00,34.00,0,0,0.03,0.00,0.40,0.03,0.00,0.01,0,0,0,
1754584398800,1,52,0,39,0,0,0.00,3.79,0.49,195,669,,,,,,,0,5,,0.00,40.00,32.00,0,0,0.09,0.00,0.41,0.03,0.00,0.01,0,0,0,
1754584399800,1,52,0,39,0,0,0.00,0.00,0.00,80,50,,,,,,,0,5,,0.00,36.00,31.00,0,0,0.03,0.00,0.41,0.03,0.00,0.01,0,0,0,
1754584400800,0,0,0,39,0,0,0.00,1.90,0.52,132,664,,,,,,,0,5,,0.00,36.00,34.00,0,0,0.02,0.00,0.41,0.03,0.00,0.01,0,0,0,
1754584401800,0,0,0,39,0,0,0.00,0.00,0.00,80,50,,,,,,,0,5,,0.00,38.50,38.00,0,0,0.04,0.00,0.41,0.03,0.00,0.01,0,0,0,
1754584402800,0,0,0,39,8,8,0.00,13.82,8.24,470,709,-64.20,-65.00,-64.00,-64.00,-64.00,-64.00,5,5,-46.42,6.92,38.50,36.00,0,2,0.02,0.02,0.41,0.03,0.00,0.01,2,0,0,
1754584403800,0,0,0,39,0,0,0.00,0.74,0.78,35,421,-64.25,-65.00,-64.50,-64.00,-64.00,-64.00,12,5,-46.47,6.91,38.50,32.00,2,0,0.01,0.01,0.41,0.03,0.00,0.01,0,0,0,
1754584404800,0,0,0,39,0,0,0.00,0.74,0.78,80,719,-64.08,-65.00,-64.00,-64.00,-64.00,-64.00,13,5,-46.30,6.92,38.00,35.00,0,0,0.00,0.01,0.41,0.03,0.00,0.01,0,0,0,
1754584405800,0,0,0,39,0,0,0.00,2.18,0.82,90,729,-64.08,-65.00,-64.00,-64.00,-64.00,-64.00,12,5,-46.30,6.92,38.50,34.00,0,0,0.00,0.01,0.40,0.03,0.00,0.01,0,0,0,
1754584406800,0,0,0,39,0,0,0.00,2.18,0.82,81,741,-64.62,-65.00,-65.00,-65.00,-64.00,-64.00,13,5,-46.83,6.90,39.00,34.00,0,1,0.00,0.01,0.40,0.03,0.00,0.01,1,0,0,
1754584407800,0,0,0,39,0,0,0.00,2.18,0.82,90,739,-64.50,-65.00,-65.00,-64.50,-64.00,-64.00,12,5,-46.72,6.90,39.50,36.00,0,0,0.00,0.01,0.40,0.03,0.00,0.01,0,0,0,
1754584408800,0,0,0,39,0,0,0.00,0.74,0.82,80,734,-64.77,-65.00,-65.00,-65.00,-65.00,-64.00,13,5,-46.99,6.89,38.50,38.00,0,0,0.00,0.00,0.40,0.03,0.00,0.01,0,0,0,
1754584409800,0,0,0,39,0,0,0.00,0.74,0.78,80,729,-64.42,-65.00,-65.00,-64.00,-64.00,-64.00,12,5,-46.64,6.91,60.00,37.00,1,0,0.00,0.00,0.40,0.03,0.00,0.01,0,0,0,
1754584410800,0,0,0,39,0,0,0.00,2.18,0.82,90,739,-64.69,-65.00,-65.00,-65.00,-64.00,-64.00,13,5,-46.91,6.90,38.50,38.00,0,0,0.00,0.00,0.40,0.03,0.00,0.01,0,0,0,
1754584411800,0,0,0,39,0,0,0.00,2.18,0.82,81,751,-64.42,-65.00,-65.00,-64.00,-64.00,-64.00,12,5,-46.64,6.91,38.50,37.00,0,1,0.00,0.00,0.40,0.03,0.00,0.01,1,0,0,
1754584412800,0,0,0,39,0,0,0.00,2.18,0.82,90,749,-64.31,-65.00,-65.00,-64.00,-64.00,-64.00,13,5,-46.53,6.91,38.50,35.00,1,0,0.00,0.00,0.40,0.03,0.00,0.01,0,0,0,
1754584413800,0,0,0,39,0,0,0.00,0.74,0.82,40,744,-64.42,-65.00,-65.00,-64.00,-64.00,-64.00,12,5,-46.64,6.91,38.50,36.00,0,0,0.00,0.00,0.39,0.03,0.00,0.01,0,0,0,
1754584414800,0,0,0,39,0,0,0.00,0.74,1.21,40,749,-64.38,-65.00,-65.00,-64.00,-64.00,-64.00,13,5,-46.60,6.91,38.50,36.00,2,0,0.00,0.00,0.39,0.03,0.00,0.01,0,0,0,
1754584415800,0,0,0,39,8,2,0.00,8.53,2.49,382,789,-64.50,-65.00,-65.00,-64.50,-64.00,-64.00,12,5,-46.72,6.90,37.50,38.00,2,0,0.00,0.00,0.39,0.03,0.00,0.01,0,0,0,
1754584416800,0,0,0,39,0,3,0.00,0.74,3.17,40,461,-64.15,-65.00,-64.00,-64.00,-64.00,-64.00,13,5,-46.37,6.92,59.50,32.00,2,0,0.00,0.00,0.39,0.03,0.00,0.01,0,0,0,
1754584417800,0,0,0,39,0,0,0.00,2.18,0.80,90,749,-64.50,-65.00,-65.00,-64.50,-64.00,-64.00,12,5,-46.72,6.90,38.50,35.00,0,0,0.00,0.00,0.39,0.03,0.00,0.01,0,0,0,
1754584418800,0,0,0,39,0,0,28.00,0.74,0.85,40,764,-64.46,-65.00,-65.00,-64.00,-64.00,-64.00,13,5,-46.68,6.90,39.00,35.00,1,0,0.00,0.00,0.39,0.03,0.00,0.01,0,0,0,
1754584419800,0,0,0,39,0,0,152.00,0.74,0.82,40,749,-64.42,-65.00,-65.00,-64.00,-64.00,-64.00,12,5,-46.64,6.91,38.50,35.00,1,0,0.00,0.00,0.39,0.03,0.00,0.01,0,0,0,
1754584420800,0,0,0,39,0,0,88.00,1.46,0.80,65,749,-64.62,-65.00,-65.00,-65.00,-64.00,-64.00,13,5,-46.83,6.90,38.00,36.00,0,0,0.00,0.00,0.39,0.03,0.00,0.01,0,0,0,
1754584421800,0,0,0,39,0,0,523.00,1.46,0.82,65,771,-64.92,-65.00,-65.00,-65.00,-65.00,-64.00,12,5,-47.14,6.89,39.00,38.00,0,0,0.00,0.00,0.39,0.03,0.00,0.01,0,0,0,
1754584422800,0,0,0,39,0,0,45.00,2.18,0.82,81,759,-64.92,-65.00,-65.00,-65.00,-65.00,-64.00,13,106,-33.88,203.13,18.50,38.00,0,0,0.00,0.00,0.39,0.03,0.00,0.01,0,0,0,
1754584423800,0,0,0,39,0,0,0.00,1.44,0.06,55,150,-64.75,-65.00,-65.00,-65.00,-64.50,-64.00,12,5,-46.97,6.89,37.50,38.00,0,1,0.00,0.00,0.38,0.03,0.00,0.01,1,0,0,
1754584424800,0,0,0,39,0,0,0.00,0.74,0.78,40,744,-64.69,-65.00,-65.00,-65.00,-64.00,-64.00,13,5,-46.91,6.90,38.00,38.00,0,0,0.00,0.00,0.38,0.03,0.00,0.00,0,0,0,
1754584425800,0,0,0,39,0,0,0.00,0.74,0.82,40,759,-64.17,-65.00,-64.00,-64.00,-64.00,-64.00,12,5,-46.39,6.92,38.00,36.00,0,0,0.00,0.00,0.38,0.03,0.00,0.00,0,0,0,
1754584426800,0,0,0,39,0,0,0.00,2.18,0.82,90,769,-64.08,-65.00,-64.00,-64.00,-64.00,-64.00,13,5,-46.30,6.92,39.50,33.00,0,1,0.00,0.00,0.38,0.03,0.00,0.00,1,0,0,
1754584427800,0,0,0,39,0,0,0.00,2.18,0.82,81,781,-64.08,-65.00,-64.00,-64.00,-64.00,-64.00,12,5,-46.30,6.92,39.00,37.00,0,1,0.00,0.00,0.38,0.03,0.00,0.00,1,0,0,
1754584428800,0,0,0,39,0,0,0.00,2.18,0.82,90,784,-64.15,-65.00,-64.00,-64.00,-64.00,-64.00,13,5,-46.37,6.92,39.00,36.00,0,0,0.00,0.00,0.38,0.03,0.00,0.00,0,0,0,
1754584429800,0,0,0,39,0,0,0.00,0.74,0.78,31,769,-64.50,-65.00,-65.00,-64.50,-64.00,-64.00,12,5,-46.72,6.90,40.00,37.00,0,1,0.00,0.00,0.38,0.02,0.00,0.00,1,0,0,
1754584430800,0,0,0,39,0,0,0.00,0.74,0.90,41,769,-64.77,-65.00,-65.00,-65.00,-65.00,-64.00,13,5,-46.99,6.89,38.50,37.00,0,2,0.00,0.00,0.38,0.02,0.00,0.00,2,0,0,
1754584431800,0,0,0,39,0,0,0.00,2.18,0.79,47,779,-64.83,-65.00,-65.00,-65.00,-65.00,-64.00,12,5,-47.05,6.89,39.00,39.00,0,3,0.00,0.00,0.38,0.02,0.00,0.00,3,0,0,
1754584432800,0,0,0,39,0,0,0.00,2.18,0.82,30,791,-64.92,-65.00,-65.00,-65.00,-65.00,-64.00,13,5,-47.14,6.89,38.50,37.00,0,5,0.00,0.00,0.37,0.02,0.00,0.00,4,0,0,
1754584433800,0,0,0,39,0,0,0.00,2.18,0.82,38,794,-64.58,-65.00,-65.00,-65.00,-64.00,-64.00,12,5,-46.80,6.90,38.50,35.00,0,5,0.00,0.00,0.37,0.02,0.00,0.00,4,0,0,
1754584434800,0,0,0,39,0,0,0.00,0.74,0.78,28,779,-64.54,-65.00,-65.00,-65.00,-64.00,-64.00,13,5,-46.76,6.90,38.50,35.00,0,4,0.00,0.00,0.37,0.02,0.00,0.00,3,0,0,
1754584435800,0,0,0,39,0,0,0.00,0.74,1.22,20,779,-64.33,-65.00,-65.00,-64.00,-64.00,-64.00,12,5,-46.55,6.91,38.00,34.00,0,5,0.00,0.00,0.37,0.02,0.00,0.00,4,0,0,
1754584436800,1,51,0,39,0,0,0.00,2.18,0.66,29,789,-64.50,-65.00,-65.00,-64.50,-64.00,-64.00,10,5,-46.72,6.90,38.00,33.00,0,5,0.00,0.00,0.37,0.02,0.00,0.00,4,0,0,
1754584437800,1,51,0,39,0,0,0.00,0.00,0.22,57,1337,-65.00,-65.00,-65.00,-65.00,-65.00,-65.00,1,21,-40.99,33.30,33.00,35.00,0,3,0.07,0.00,0.37,0.02,0.00,0.00,3,0,0,
1754584438800,1,51,0,39,1,1,0.00,1.67,2.42,241,1946,-64.67,-65.00,-65.00,-65.00,-64.00,-64.00,3,5,-46.89,6.90,44.00,28.00,0,2,0.18,0.00,0.38,0.02,0.00,0.00,2,0,0,
1754584439800,1,51,0,39,0,0,0.00,0.00,0.22,71,1340,-64.60,-65.00,-65.00,-65.00,-64.00,-64.00,5,21,-40.59,33.43,32.50,35.00,0,2,0.16,0.00,0.38,0.02,0.00,0.00,2,0,0,
1754584440800,1,51,0,39,0,0,0.00,0.02,0.00,198,639,,,,,,,0,5,,0.00,37.00,33.00,0,1,0.23,0.00,0.38,0.02,0.00,0.00,1,0,0,
1754584441800,1,51,0,39,0,0,0.00,0.00,0.00,80,50,,,,,,,0,5,,0.00,37.00,33.00,0,0,0.08,0.00,0.38,0.02,0.00,0.00,0,0,0,
1754584442800,1,51,0,39,0,0,0.00,0.10,0.42,86,664,,,,,,,0,5,,0.00,38.50,32.00,0,0,0.11,0.00,0.39,0.02,0.00,0.00,0,0,0,
1754584443800,1,51,0,39,0,0,0.00,0.17,0.10,82,50,,,,,,,0,5,,0.00,39.50,33.00,0,0,0.04,0.00,0.39,0.02,0.00,0.00,0,0,0,
1754584444800,1,51,0,39,0,0,0.00,0.58,0.42,89,669,,,,,,,0,5,,0.00,40.00,33.00,0,0,0.09,0.00,0.39,0.02,0.00,0.00,0,0,0,
1754584445800,1,51,0,39,0,0,0.00,0.35,0.10,91,50,,,,,,,0,5,,0.00,37.50,33.00,0,0,0.03,0.00,0.39,0.02,0.00,0.00,0,0,0,
1754584446800,1,51,0,39,0,0,0.00,2.94,0.38,206,664,,,,,,,0,5,,0.00,38.00,33.00,0,0,0.09,0.00,0.39,0.02,0.00,0.00,0,0,0,
1754584447800,1,51,0,39,0,0,0.00,0.00,0.00,80,50,,,,,,,0,5,,0.00,35.00,34.00,0,0,0.03,0.00,0.39,0.02,0.00,0.00,0,0,0,
1754584448800,1,51,0,39,0,0,0.00,1.52,0.52,288,686,,,,,,,0,5,,0.00,38.50,38.00,0,0,0.08,0.00,0.39,0.03,0.00,0.00,0,0,0,
1754584449800,1,51,0,39,0,0,0.00,0.33,0.22,322,1638,-65.00,-65.00,-65.00,-65.00,-65.00,-65.00,1,5,-47.22,6.88,37.50,35.00,0,0,0.17,0.01,0.40,0.02,0.00,0.00,0,0,0,
1754584450800,1,51,0,39,4,4,9046.50,8.04,9.86,457,2025,-64.50,-65.00,-65.00,-64.50,-64.00,-64.00,2,106,-33.46,204.36,6.00,33.00,0,1,0.25,0.02,0.40,0.03,0.00,0.00,1,0,0,
1754584451800,1,51,0,39,0,0,0.00,9.36,0.00,288,729,-64.20,-65.00,-64.00,-64.00,-64.00,-64.00,5,5,-46.42,6.92,38.00,35.00,0,0,0.19,0.01,0.40,0.03,0.00,0.00,0,0,0,
1754584452800,1,51,0,39,0,0,0.00,11.84,0.00,454,676,,,,,,,0,5,,0.00,38.00,38.00,0,4,0.12,0.02,0.40,0.03,0.00,0.00,3,0,0,
1754584453800,1,51,0,39,0,0,0.00,17.02,0.09,540,50,,,,,,,0,5,,0.00,37.00,35.00,0,0,0.04,0.03,0.40,0.03,0.00,0.00,0,0,0,
1754584454800,1,51,0,39,0,0,0.00,0.27,0.70,22,50,,,,,,,0,5,,0.00,37.50,36.00,0,0,0.01,0.02,0.40,0.03,0.00,0.00,0,0,0,
1754584455800,1,51,0,39,0,0,0.00,0.00,0.62,117,681,,,,,,,0,5,,0.00,38.00,34.00,0,0,0.01,0.02,0.40,0.03,0.00,0.00,0,0,0,
1754584456800,1,51,0,39,0,0,0.00,0.00,0.00,222,50,,,,,,,0,5,,0.00,37.00,33.00,0,0,0.03,0.03,0.40,0.03,0.00,0.00,0,0,0,
1754584457800,1,51,0,39,0,0,0.00,2.96,0.49,160,50,,,,,,,0,5,,0.00,35.50,32.00,0,0,0.01,0.01,0.40,0.03,0.00,0.00,0,0,0,
1754584458800,1,51,0,39,0,0,0.00,1.01,0.73,59,50,,,,,,,0,5,,0.00,38.50,31.00,0,0,0.00,0.01,0.40,0.03,0.00,0.00,0,0,0,
1754584459800,1,51,0,39,0,0,0.00,3.09,0.67,238,686,-64.00,-64.00,-64.00,-64.00,-64.00,-64.00,1,5,-46.22,6.92,37.50,29.00,0,1,0.00,0.00,0.40,0.03,0.00,0.00,1,0,0,
1754584460800,1,51,0,39,0,0,0.00,0.00,0.00,235,45,,,,,,,0,5,,0.00,38.00,32.00,0,0,0.03,0.01,0.40,0.03,0.00,0.00,0,0,0,
1754584461800,1,51,0,39,0,0,0.00,0.94,0.42,58,50,,,,,,,0,5,,0.00,37.00,30.00,0,0,0.01,0.01,0.40,0.03,0.00,0.00,0,0,0,
1754584462800,1,51,0,39,0,0,0.00,3.34,0.66,178,50,,,,,,,0,5,,0.00,38.00,34.00,0,0,0.00,0.00,0.40,0.03,0.00,0.00,0,0,0,
1754584463800,1,51,0,39,0,0,0.00,3.31,0.82,251,691,-64.00,-64.00,-64.00,-64.00,-64.00,-64.00,1,5,-46.22,6.92,36.50,34.00,0,1,0.00,0.00,0.40,0.03,0.00,0.00,1,0,0,
1754584464800,1,51,0,39,0,0,0.00,12.84,0.00,485,40,,,,,,,0,5,,0.00,38.00,30.00,0,7,0.04,0.03,0.40,0.03,0.00,0.00,5,0,0,
1754584465800,0,0,0,39,0,0,0.00,7.82,0.40,87,50,,,,,,,0,5,,0.00,39.00,31.00,0,8,0.01,0.01,0.40,0.03,0.00,0.00,5,0,0,
1754584466800,0,0,0,39,0,0,0.00,1.46,0.73,50,50,,,,,,,0,5,,0.00,39.00,32.00,0,0,0.00,0.01,0.40,0.03,0.00,0.00,0,0,0,
1754584467800,0,0,0,39,0,0,0.00,3.79,0.80,153,50,,,,,,,0,5,,0.00,39.50,30.00,0,0,0.00,0.00,0.40,0.03,0.00,0.00,0,0,0,
1754584468800,0,0,0,39,7,7,0.00,23.26,7.58,1131,799,-64.08,-65.00,-64.00,-64.00,-64.00,-64.00,12,5,-46.30,6.92,38.50,33.00,2,8,0.00,0.02,0.40,0.04,0.00,0.00,5,0,0,
1754584469800,0,0,0,39,3,3,195.40,17.71,3.33,300,794,-64.00,-64.00,-64.00,-64.00,-64.00,-64.00,12,5,-46.22,6.92,40.50,34.00,1,15,0.00,0.01,0.40,0.04,0.00,0.00,9,0,0,
1754584470800,0,0,0,39,0,0,464.00,0.74,0.98,15,461,-64.00,-64.00,-64.00,-64.00,-64.00,-64.00,13,5,-46.22,6.92,40.00,34.00,1,15,0.00,0.01,0.40,0.04,0.00,0.00,9,0,0,
1754584471800,0,0,0,39,0,0,412.00,1.46,0.96,20,791,-64.00,-64.00,-64.00,-64.00,-64.00,-64.00,12,5,-46.22,6.92,39.50,31.00,0,13,0.00,0.01,0.40,0.04,0.00,0.00,8,0,0,
1754584472800,0,0,0,39,0,0,82.00,1.46,0.86,25,804,-64.23,-65.00,-64.00,-64.00,-64.00,-64.00,13,5,-46.45,6.91,38.50,32.00,0,13,0.00,0.01,0.40,0.04,0.00,0.00,8,0,0,
1754584473800,0,0,0,39,0,0,469.00,2.18,0.86,30,789,-64.08,-65.00,-64.00,-64.00,-64.00,-64.00,12,106,-33.04,205.60,23.00,33.00,0,13,0.00,0.00,0.40,0.04,0.00,0.00,8,0,0,
1754584474800,0,0,0,39,0,0,0.00,0.00,0.11,5,165,-64.15,-65.00,-64.00,-64.00,-64.00,-64.00,13,5,-46.37,6.92,38.00,32.00,0,12,0.00,0.00,0.40,0.04,0.00,0.00,7,0,0,
1754584475800,0,0,0,39,0,0,0.00,0.74,0.84,20,774,-64.00,-64.00,-64.00,-64.00,-64.00,-64.00,12,5,-46.22,6.92,39.00,34.00,0,10,0.00,0.00,0.40,0.04,0.00,0.00,6,0,0,
1754584476800,0,0,0,39,0,0,0.00,2.18,0.76,30,789,-64.00,-64.00,-64.00,-64.00,-64.00,-64.00,13,5,-46.22,6.92,38.00,33.00,0,10,0.00,0.00,0.40,0.04,0.00,0.00,6,0,0,
1754584477800,0,0,0,39,0,0,0.00,0.74,0.86,17,471,-64.00,-64.00,-64.00,-64.00,-64.00,-64.00,12,5,-46.22,6.92,37.50,34.00,0,8,0.00,0.00,0.39,0.04,0.00,0.00,5,0,0,
1754584478800,0,0,0,39,0,0,0.00,2.18,0.75,33,804,-64.00,-64.00,-64.00,-64.00,-64.00,-64.00,13,5,-46.22,6.92,39.00,33.00,0,8,0.00,0.00,0.39,0.04,0.00,0.00,5,0,0,
1754584479800,0,0,0,39,0,0,0.00,0.74,0.85,18,456,-64.00,-64.00,-64.00,-64.00,-64.00,-64.00,12,5,-46.22,6.92,38.00,31.00,0,6,0.00,0.00,0.39,0.04,0.00,0.00,4,0,0,
1754584480800,0,0,0,39,5,2,0.00,5.75,2.99,46,471,-64.00,-64.00,-64.00,-64.00,-64.00,-64.00,13,5,-46.22,6.92,38.00,34.00,0,6,0.00,0.00,0.39,0.04,0.00,0.00,4,0,0,
1754584481800,0,0,0,39,0,0,0.00,0.74,0.82,21,471,-64.17,-65.00,-64.00,-64.00,-64.00,-64.00,12,5,-46.39,6.92,39.00,34.00,0,4,0.00,0.00,0.39,0.04,0.00,0.00,3,0,0,
1754584482800,0,0,0,39,0,0,0.00,0.74,0.82,28,471,-64.00,-64.00,-64.00,-64.00,-64.00,-64.00,13,5,-46.22,6.92,39.50,34.00,0,2,0.00,0.00,0.39,0.04,0.00,0.00,2,0,0,
1754584483800,0,0,0,39,0,0,0.00,0.74,0.82,51,471,-64.25,-65.00,-64.50,-64.00,-64.00,-64.00,12,5,-46.47,6.91,39.00,35.00,0,0,0.00,0.00,0.39,0.04,0.00,0.00,0,0,0,
1754584484800,0,0,0,39,0,0,0.00,0.74,0.82,35,456,-64.15,-65.00,-64.00,-64.00,-64.00,-64.00,13,5,-46.37,6.92,39.50,32.00,0,0,0.00,0.00,0.39,0.04,0.00,0.00,0,0,0,
1754584485800,0,0,0,39,2,1,0.00,2.97,1.51,216,471,-64.17,-65.00,-64.00,-64.00,-64.00,-64.00,12,5,-46.39,6.92,39.00,33.00,0,1,0.00,0.00,0.39,0.03,0.00,0.00,1,0,0,
1754584486800,0,0,0,39,1,1,0.00,1.27,1.38,99,471,-64.23,-65.00,-64.00,-64.00,-64.00,-64.00,13,5,-46.45,6.91,38.00,33.00,0,1,0.00,0.00,0.39,0.03,0.00,0.00,1,0,0,
1754584487800,0,0,0,39,4,2,0.00,4.70,3.00,204,471,-64.00,-64.00,-64.00,-64.00,-64.00,-64.00,12,5,-46.22,6.92,39.00,34.00,0,1,0.00,0.00,0.39,0.03,0.00,0.00,1,0,0,
1754584488800,0,0,0,39,1,2,0.00,1.67,2.70,110,471,-64.00,-64.00,-64.00,-64.00,-64.00,-64.00,13,5,-46.22,6.92,39.50,33.00,0,1,0.00,0.00,0.39,0.03,0.00,0.00,1,0,0,
1754584489800,0,0,0,39,0,0,0.00,0.74,0.82,75,456,-64.00,-64.00,-64.00,-64.00,-64.00,-64.00,12,5,-46.22,6.92,40.00,32.00,0,0,0.00,0.00,0.39,0.03,0.00,0.00,0,0,0,
1754584490800,0,0,0,39,0,0,0.00,0.74,0.82,75,471,-64.00,-64.00,-64.00,-64.00,-64.00,-64.00,13,5,-46.22,6.92,39.00,33.00,0,0,0.00,0.00,0.39,0.03,0.00,0.00,0,0,0,
1754584491800,0,0,0,39,0,0,0.00,0.74,0.82,75,471,-64.00,-64.00,-64.00,-64.00,-64.00,-64.00,12,5,-46.22,6.92,39.00,31.00,0,0,0.00,0.00,0.39,0.03,0.00,0.00,0,0,0,
1754584492800,0,0,0,39,1,1,0.00,1.50,1.48,129,411,-64.00,-64.00,-64.00,-64.00,-64.00,-64.00,13,5,-46.22,6.92,40.00,32.00,0,0,0.00,0.00,0.39,0.03,0.00,0.00,0,0,0,
1754584493800,0,0,0,39,0,0,0.00,0.74,0.78,56,699,-64.00,-64.00,-64.00,-64.00,-64.00,-64.00,12,5,-46.22,6.92,39.50,30.00,0,1,0.00,0.00,0.38,0.03,0.00,0.00,1,0,0,
1754584494800,0,0,0,39,0,0,0.00,0.74,0.78,25,716,-64.00,-64.00,-64.00,-64.00,-64.00,-64.00,13,5,-46.22,6.92,40.00,31.00,0,2,0.00,0.00,0.38,0.03,0.00,0.00,2,0,0,
1754584495800,0,0,0,39,0,0,0.00,0.74,0.74,28,391,-64.00,-64.00,-64.00,-64.00,-64.00,-64.00,12,5,-46.22,6.92,39.50,33.00,0,3,0.00,0.00,0.38,0.03,0.00,0.00,3,0,0,
1754584496800,0,0,0,39,0,0,0.00,0.74,0.78,25,714,-64.00,-64.00,-64.00,-64.00,-64.00,-64.00,13,5,-46.22,6.92,38.50,34.00,0,2,0.00,0.00,0.38,0.03,0.00,0.00,2,0,0,
1754584497800,0,0,0,39,0,0,0.00,0.74,0.82,22,709,-64.00,-64.00,-64.00,-64.00,-64.00,-64.00,12,5,-46.22,6.92,39.50,34.00,0,3,0.00,0.00,0.38,0.03,0.00,0.00,3,0,0,
1754584498800,0,0,0,39,0,0,0.00,0.74,0.78,20,709,-64.00,-64.00,-64.00,-64.00,-64.00,-64.00,13,5,-46.22,6.92,60.00,33.00,0,4,0.00,0.00,0.38,0.03,0.00,0.00,3,0,0,
1754584499800,1,49,0,39,0,0,0.00,2.18,0.78,30,741,-64.00,-64.00,-64.00,-64.00,-64.00,-64.00,9,5,-46.22,6.92,39.50,32.00,0,4,0.00,0.00,0.38,0.03,0.00,0.00,3,0,0,
1754584500800,1,49,0,39,0,0,0.00,0.00,0.04,5,396,-64.00,-64.00,-64.00,-64.00,-64.00,-64.00,4,5,-46.22,6.92,39.50,34.00,1,5,0.00,0.00,0.38,0.03,0.00,0.00,4,0,0,
1754584501800,1,49,0,39,1,1,0.00,1.49,1.50,425,744,-64.00,-64.00,-64.00,-64.00,-64.00,-64.00,6,5,-46.22,6.92,38.00,34.00,0,0,0.06,0.00,0.38,0.03,0.00,0.00,0,0,0,
1754584502800,1,49,0,39,0,0,0.00,0.74,0.78,75,426,-64.00,-64.00,-64.00,-64.00,-64.00,-64.00,9,5,-46.22,6.92,39.00,32.00,1,0,0.03,0.00,0.38,0.03,0.00,0.00,0,0,0,
1754584503800,1,49,0,39,0,0,0.00,0.82,0.82,86,749,-64.11,-65.00,-64.00,-64.00,-64.00,-64.00,9,5,-46.33,6.92,38.00,32.00,0,0,0.07,0.00,0.39,0.03,0.00,0.00,0,0,0,
1754584504800,1,49,0,39,0,0,0.00,1.46,0.72,117,739,-64.75,-65.00,-65.00,-65.00,-64.50,-64.00,4,5,-46.97,6.89,38.00,36.00,0,0,0.07,0.00,0.39,0.03,0.00,0.00,0,0,0,
1754584505800,1,49,0,39,0,0,0.00,7.22,0.78,340,1407,-64.42,-65.00,-65.00,-64.00,-64.00,-64.00,12,5,-46.64,6.91,37.00,37.00,0,0,0.08,0.00,0.39,0.03,0.00,0.00,0,0,0,
1754584506800,1,49,0,39,0,0,0.00,10.08,0.00,337,411,-64.25,-65.00,-64.50,-64.00,-64.00,-64.00,8,5,-46.47,6.91,38.00,35.00,1,0,0.04,0.00,0.39,0.03,0.00,0.00,0,0,0,
1754584507800,1,49,0,39,1,1,0.00,12.81,1.53,776,789,-64.22,-65.00,-64.00,-64.00,-64.00,-64.00,9,5,-46.44,6.91,40.50,32.00,0,6,0.08,0.00,0.39,0.03,0.00,0.00,4,0,0,
1754584508800,1,49,0,39,0,0,0.00,5.78,0.80,55,759,-64.00,-64.00,-64.00,-64.00,-64.00,-64.00,9,5,-46.22,6.92,38.00,33.00,0,4,0.04,0.00,0.39,0.03,0.00,0.00,3,0,0,
1754584509800,1,49,0,39,0,0,0.00,10.80,0.00,186,729,-64.50,-65.00,-65.00,-64.50,-64.00,-64.00,6,5,-46.72,6.90,36.50,34.00,1,0,0.02,0.00,0.40,0.03,0.00,0.00,0,0,0,
1754584510800,1,49,0,39,1,1,0.00,3.32,1.57,301,1312,-64.00,-64.00,-64.00,-64.00,-64.00,-64.00,2,106,-32.96,205.86,5.50,36.00,0,1,0.22,0.00,0.40,0.03,0.00,0.00,1,0,0,
1754584511800,1,49,0,39,0,0,0.00,4.50,0.78,147,686,-64.00,-64.00,-64.00,-64.00,-64.00,-64.00,3,5,-46.22,6.92,38.00,36.00,0,3,0.23,0.01,0.40,0.03,0.00,0.00,3,0,0,
1754584512800,1,49,0,39,0,0,0.00,12.24,0.00,353,744,-64.20,-65.00,-64.00,-64.00,-64.00,-64.00,10,5,-46.42,6.92,38.00,36.00,0,0,0.11,0.01,0.40,0.03,0.00,0.00,0,0,0,
1754584513800,1,49,0,39,7,1,0.00,20.44,2.08,771,816,-64.25,-65.00,-64.50,-64.00,-64.00,-64.00,8,5,-46.47,6.91,37.50,34.00,0,0,0.09,0.00,0.41,0.03,0.00,0.00,0,0,0,
1754584514800,1,49,0,39,0,0,0.00,12.96,0.00,450,468,-64.33,-65.00,-65.00,-64.00,-64.00,-64.00,6,106,-33.29,204.86,5.00,33.00,1,0,0.04,0.00,0.41,0.03,0.00,0.00,0,0,0,
1754584515800,1,49,0,39,0,1,0.00,11.39,2.09,774,1437,-64.38,-65.00,-65.00,-64.00,-64.00,-64.00,8,22,-40.16,35.27,30.00,36.00,1,6,0.04,0.00,0.41,0.03,0.00,0.00,4,0,0,
1754584516800,1,49,0,39,1,0,0.00,11.16,0.00,548,125,-64.40,-65.00,-65.00,-64.00,-64.00,-64.00,5,5,-46.62,6.91,38.50,37.00,1,4,0.05,0.00,0.41,0.03,0.00,0.00,3,0,0,
1754584517800,1,49,0,39,0,0,0.00,15.98,0.20,448,794,-64.00,-64.00,-64.00,-64.00,-64.00,-64.00,2,94,-33.48,179.71,5.50,35.00,1,11,0.02,0.00,0.41,0.03,0.00,0.00,7,0,0,
1754584518800,1,49,0,39,2,2,0.00,3.97,2.86,56,801,-64.50,-65.00,-65.00,-64.50,-64.00,-64.00,4,5,-46.72,6.90,39.00,36.00,0,12,0.05,0.00,0.41,0.03,0.00,0.00,7,0,0,
1754584519800,1,49,0,39,0,0,0.00,14.40,0.00,100,441,-64.33,-65.00,-65.00,-64.00,-64.00,-64.00,6,5,-46.55,6.91,39.50,34.00,1,5,0.02,0.00,0.41,0.03,0.00,0.00,4,0,0,
1754584520800,1,49,0,39,0,0,0.00,11.20,0.00,567,140,-64.33,-65.00,-65.00,-64.00,-64.00,-64.00,6,5,-46.55,6.91,39.00,35.00,2,5,0.05,0.00,0.41,0.03,0.00,0.00,4,0,0,
1754584521800,1,49,0,39,1,1,0.00,4.45,1.50,106,664,-64.00,-64.00,-64.00,-64.00,-64.00,-64.00,1,5,-46.22,6.92,40.00,33.00,1,7,0.07,0.00,0.42,0.03,0.00,0.00,5,0,0,
1754584522800,1,49,0,39,0,0,0.00,16.28,0.00,765,180,-64.56,-65.00,-65.00,-65.00,-64.00,-64.00,9,5,-46.77,6.90,38.00,34.00,2,5,0.03,0.00,0.42,0.03,0.00,0.00,4,0,0,
1754584523800,1,49,0,39,0,0,0.00,9.88,0.00,244,664,,,,,,,0,5,,0.00,37.50,33.00,0,3,0.06,0.00,0.42,0.03,0.00,0.00,3,0,0,
1754584524800,1,49,0,39,0,0,0.00,15.96,0.00,577,50,,,,,,,0,5,,0.00,38.50,34.00,0,0,0.02,0.00,0.42,0.03,0.00,0.00,0,0,0,
1754584525800,1,49,0,39,0,0,0.00,9.79,0.50,356,50,,,,,,,0,5,,0.00,39.00,36.00,0,0,0.01,0.02,0.42,0.03,0.00,0.00,0,0,0,
1754584526800,1,49,0,39,1,1,0.00,8.98,1.24,583,1412,-64.14,-65.00,-64.00,-64.00,-64.00,-64.00,7,5,-46.36,6.92,37.50,34.00,0,0,0.06,0.01,0.42,0.03,0.00,0.00,0,0,0,
1754584527800,1,49,0,39,0,0,0.00,15.84,0.00,550,180,-64.42,-65.00,-65.00,-64.00,-64.00,-64.00,12,5,-46.64,6.91,38.00,33.00,0,0,0.02,0.00,0.42,0.03,0.00,0.00,0,0,0,
1754584528800,0,0,0,39,0,0,0.00,9.72,0.00,680,421,-64.00,-64.00,-64.00,-64.00,-64.00,-64.00,6,5,-46.22,6.92,39.50,34.00,1,4,0.04,0.00,0.42,0.03,0.00,0.00,3,0,0,
1754584529800,0,0,0,39,5,5,0.00,9.57,8.05,178,1390,-64.33,-65.00,-65.00,-64.00,-64.00,-64.00,12,5,-46.55,6.91,39.50,34.00,0,6,0.02,0.00,0.42,0.03,0.00,0.00,4,0,0,
1754584530800,0,0,0,39,0,0,0.00,2.18,0.82,25,739,-64.31,-65.00,-65.00,-64.00,-64.00,-64.00,13,5,-46.53,6.91,39.00,33.00,0,7,0.01,0.00,0.42,0.03,0.00,0.00,5,0,0,
1754584531800,0,0,0,39,0,0,0.00,2.18,0.82,30,751,-64.17,-65.00,-64.00,-64.00,-64.00,-64.00,12,5,-46.39,6.92,38.50,35.00,0,8,0.00,0.00,0.42,0.03,0.00,0.00,5,0,0,
1754584532800,0,0,0,39,0,0,0.00,2.18,0.82,30,754,-64.62,-65.00,-65.00,-65.00,-64.00,-64.00,13,5,-46.83,6.90,38.00,34.00,0,8,0.00,0.00,0.42,0.03,0.00,0.00,5,0,0,
1754584533800,0,0,0,39,0,0,0.00,0.74,0.89,20,739,-64.50,-65.00,-65.00,-64.50,-64.00,-64.00,12,5,-46.72,6.90,39.50,37.00,0,6,0.00,0.00,0.42,0.03,0.00,0.00,4,0,0,
1754584534800,0,0,0,39,0,0,0.00,0.74,0.76,20,739,-64.46,-65.00,-65.00,-64.00,-64.00,-64.00,13,5,-46.68,6.90,38.50,38.00,0,4,0.00,0.00,0.41,0.03,0.00,0.00,3,0,0,
1754584535800,0,0,0,39,0,0,0.00,2.18,0.82,36,749,-64.58,-65.00,-65.00,-65.00,-64.00,-64.00,12,5,-46.80,6.90,39.00,39.00,0,4,0.00,0.00,0.41,0.03,0.00,0.00,3,0,0,
1754584536800,0,0,0,39,0,0,0.00,2.18,0.82,47,766,-64.38,-65.00,-65.00,-64.00,-64.00,-64.00,13,5,-46.60,6.91,38.50,35.00,0,4,0.00,0.00,0.41,0.03,0.00,0.00,3,0,0,
1754584537800,0,0,0,39,0,0,0.00,2.18,0.82,36,764,-64.67,-65.00,-65.00,-65.00,-64.00,-64.00,12,5,-46.89,6.90,39.50,37.00,0,4,0.00,0.00,0.41,0.03,0.00,0.00,3,0,0,
1754584538800,0,0,0,39,0,0,0.00,0.74,0.89,22,744,-64.46,-65.00,-65.00,-64.00,-64.00,-64.00,13,5,-46.68,6.90,39.50,35.00,0,2,0.00,0.00,0.41,0.03,0.00,0.00,2,0,0,
1754584539800,0,0,0,39,0,0,0.00,0.74,0.72,31,749,-64.67,-65.00,-65.00,-65.00,-64.00,-64.00,12,5,-46.89,6.90,38.00,34.00,0,0,0.00,0.00,0.41,0.03,0.00,0.00,0,0,0,
1754584540800,0,0,0,39,0,0,0.00,0.74,0.82,40,749,-64.31,-65.00,-65.00,-64.00,-64.00,-64.00,13,5,-46.53,6.91,38.50,32.00,0,0,0.00,0.00,0.41,0.03,0.00,0.00,0,0,0,
1754584541800,0,0,0,39,0,0,0.00,2.18,0.82,90,771,-64.50,-65.00,-65.00,-64.50,-64.00,-64.00,12,5,-46.72,6.90,40.00,32.00,0,1,0.00,0.00,0.41,0.03,0.00,0.00,1,0,0,
1754584542800,0,0,0,39,4,1,0.00,6.59,2.12,280,774,-64.08,-65.00,-64.00,-64.00,-64.00,-64.00,13,5,-46.30,6.92,40.00,34.00,0,0,0.00,0.00,0.41,0.03,0.00,0.00,0,0,0,
1754584543800,0,0,0,39,0,0,0.00,2.18,0.89,90,759,-64.17,-65.00,-64.00,-64.00,-64.00,-64.00,12,5,-46.39,6.92,39.00,33.00,0,1,0.00,0.00,0.41,0.03,0.00,0.00,1,0,0,
1754584544800,0,0,0,39,0,0,0.00,0.74,0.76,80,769,-64.38,-65.00,-65.00,-64.00,-64.00,-64.00,13,5,-46.60,6.91,39.50,30.00,0,0,0.00,0.00,0.41,0.03,0.00,0.00,0,0,0,
1754584545800,0,0,0,39,3,1,0.00,4.08,1.47,141,759,-64.08,-65.00,-64.00,-64.00,-64.00,-64.00,12,5,-46.30,6.92,38.50,28.00,0,1,0.00,0.00,0.40,0.03,0.00,0.00,1,0,0,
1754584546800,0,0,0,39,0,0,0.00,2.18,0.82,81,769,-64.00,-64.00,-64.00,-64.00,-64.00,-64.00,13,5,-46.22,6.92,39.50,30.00,0,0,0.00,0.00,0.40,0.03,0.00,0.00,0,0,0,
1754584547800,0,0,0,39,0,0,0.00,2.18,0.82,90,784,-64.00,-64.00,-64.00,-64.00,-64.00,-64.00,12,5,-46.22,6.92,37.50,31.00,0,1,0.00,0.00,0.40,0.03,0.00,0.00,1,0,0,
1754584548800,0,0,0,39,0,0,0.00,2.18,0.82,90,784,-64.00,-64.00,-64.00,-64.00,-64.00,-64.00,13,5,-46.22,6.92,38.00,33.00,0,1,0.00,0.00,0.40,0.03,0.00,0.00,1,0,0,
1754584549800,0,0,0,39,0,0,0.00,0.74,0.78,40,769,-64.00,-64.00,-64.00,-64.00,-64.00,-64.00,12,5,-46.22,6.92,39.50,32.00,0,0,0.00,0.00,0.40,0.03,0.00,0.00,0,0,0,
1754584550800,0,0,0,39,0,0,0.00,0.74,0.90,40,769,-64.00,-64.00,-64.00,-64.00,-64.00,-64.00,13,5,-46.22,6.92,39.50,32.00,1,0,0.00,0.00,0.40,0.03,0.00,0.00,0,0,0,
1754584551800,0,0,0,39,0,0,0.00,2.18,0.79,90,779,-64.00,-64.00,-64.00,-64.00,-64.00,-64.00,12,5,-46.22,6.92,39.50,34.00,0,1,0.00,0.00,0.40,0.03,0.00,0.00,1,0,0,
1754584552800,0,0,0,39,0,0,0.00,2.18,0.82,81,791,-64.00,-64.00,-64.00,-64.00,-64.00,-64.00,13,5,-46.22,6.92,39.50,32.00,0,0,0.00,0.00,0.40,0.03,0.00,0.00,0,0,0,
1754584553800,0,0,0,39,0,0,0.00,2.18,0.82,90,794,-64.00,-64.00,-64.00,-64.00,-64.00,-64.00,12,5,-46.22,6.92,38.50,33.00,0,1,0.00,0.00,0.40,0.03,0.00,0.00,1,0,0,
1754584554800,0,0,0,39,0,0,0.00,0.74,0.78,40,779,-64.00,-64.00,-64.00,-64.00,-64.00,-64.00,13,5,-46.22,6.92,38.00,31.00,0,0,0.00,0.00,0.40,0.03,0.00,0.00,0,0,0,
1754584555800,0,0,0,39,0,0,0.00,0.74,1.22,40,779,-64.00,-64.00,-64.00,-64.00,-64.00,-64.00,12,5,-46.22,6.92,39.00,31.00,2,0,0.00,0.00,0.40,0.03,0.00,0.00,0,0,0,
1754584556800,0,0,0,39,0,0,0.00,2.18,0.66,125,789,-64.00,-64.00,-64.00,-64.00,-64.00,-64.00,13,5,-46.22,6.92,38.50,34.00,1,0,0.00,0.00,0.39,0.03,0.00,0.00,0,0,0,
1754584557800,0,0,0,39,0,0,0.00,2.18,0.86,90,804,-64.00,-64.00,-64.00,-64.00,-64.00,-64.00,12,5,-46.22,6.92,39.50,35.00,1,1,0.00,0.00,0.39,0.03,0.00,0.00,1,0,0,
1754584558800,0,0,0,39,0,0,0.00,2.18,0.86,90,794,-64.54,-65.00,-65.00,-65.00,-64.00,-64.00,13,5,-46.76,6.90,39.50,36.00,1,1,0.00,0.00,0.39,0.03,0.00,0.00,1,0,0,
1754584559800,0,0,0,39,0,0,0.00,0.74,0.86,40,789,-64.33,-65.00,-65.00,-64.00,-64.00,-64.00,12,5,-46.55,6.91,39.00,32.00,0,0,0.00,0.00,0.39,0.03,0.00,0.00,0,0,0,
1754584560800,0,0,0,39,0,0,0.00,0.74,0.82,75,471,-64.77,-65.00,-65.00,-65.00,-65.00,-64.00,13,5,-46.99,6.89,39.50,32.00,0,0,0.00,0.00,0.39,0.03,0.00,0.00,0,0,0,
1754584561800,0,0,0,39,0,0,0.00,2.18,0.76,81,774,-64.50,-65.00,-65.00,-64.50,-64.00,-64.00,12,5,-46.72,6.90,39.00,38.00,0,1,0.00,0.00,0.39,0.03,0.00,0.00,1,0,0,
1754584562800,0,0,0,39,0,0,0.00,0.74,0.86,75,486,-64.54,-65.00,-65.00,-65.00,-64.00,-64.00,13,5,-46.76,6.90,38.00,33.00,1,0,0.00,0.00,0.39,0.03,0.00,0.00,0,0,0,
1754584563800,0,0,0,39,0,0,0.00,2.18,0.75,130,789,-64.17,-65.00,-64.00,-64.00,-64.00,-64.00,12,5,-46.39,6.92,38.50,35.00,0,1,0.00,0.00,0.39,0.03,0.00,0.00,1,0,0,
1754584564800,0,0,0,39,0,0,0.00,0.74,0.85,75,471,-64.08,-65.00,-64.00,-64.00,-64.00,-64.00,13,5,-46.30,6.92,39.50,34.00,1,0,0.00,0.00,0.39,0.03,0.00,0.00,0,0,0,
1754584565800,1,49,0,39,0,0,0.00,0.74,0.82,75,456,-64.00,-64.00,-64.00,-64.00,-64.00,-64.00,9,5,-46.22,6.92,38.50,33.00,2,0,0.00,0.00,0.39,0.03,0.00,0.00,0,0,0,
1754584566800,1,49,0,39,0,0,0.00,0.00,0.00,0,441,-64.00,-64.00,-64.00,-64.00,-64.00,-64.00,2,5,-46.22,6.92,38.00,33.00,1,0,0.00,0.00,0.39,0.03,0.00,0.00,0,0,0,
1754584567800,1,49,0,39,0,0,0.00,0.00,0.00,857,786,-64.86,-65.00,-65.00,-65.00,-65.00,-64.00,7,22,-40.64,35.11,30.00,34.00,1,1,0.04,0.00,0.39,0.03,0.00,0.00,1,0,0,
1754584568800,1,49,0,39,0,0,0.00,0.16,0.23,10,759,-64.60,-65.00,-65.00,-65.00,-64.00,-64.00,5,5,-46.82,6.90,37.50,32.00,0,1,0.04,0.00,0.40,0.03,0.00,0.00,1,0,0,
1754584569800,1,49,0,39,0,0,0.00,8.20,0.76,367,1382,-64.86,-65.00,-65.00,-65.00,-65.00,-64.00,7,106,-33.81,203.32,5.00,36.00,0,0,0.07,0.00,0.40,0.03,0.00,0.00,0,0,0,
1754584570800,1,49,0,39,0,0,0.00,11.09,0.78,477,1390,-64.62,-65.00,-65.00,-65.00,-64.00,-64.00,8,5,-46.84,6.90,38.00,36.00,0,0,0.11,0.00,0.40,0.03,0.00,0.00,0,0,0,
1754584571800,1,49,0,39,0,0,0.00,10.25,2.73,441,1370,-64.71,-65.00,-65.00,-65.00,-64.00,-64.00,7,5,-46.93,6.89,37.50,41.00,0,0,0.09,0.00,0.40,0.03,0.00,0.00,0,0,0,
1754584572800,1,49,0,39,0,0,0.00,10.85,0.78,472,1375,-65.00,-65.00,-65.00,-65.00,-65.00,-65.00,8,5,-47.22,6.88,37.50,36.00,0,0,0.19,0.00,0.41,0.03,0.00,0.00,0,0,0,
1754584573800,1,49,0,39,0,0,0.00,10.85,0.78,472,1375,-64.62,-65.00,-65.00,-65.00,-64.00,-64.00,8,5,-46.84,6.90,38.50,32.00,0,0,0.15,0.00,0.41,0.03,0.00,0.00,0,0,0,
1754584574800,1,49,0,39,0,0,0.00,10.13,0.78,438,1370,-64.57,-65.00,-65.00,-65.00,-64.00,-64.00,7,5,-46.79,6.90,38.00,29.00,0,0,0.12,0.00,0.41,0.03,0.00,0.00,0,0,0,
1754584575800,1,49,0,39,0,0,0.00,10.85,0.78,512,1375,-64.29,-65.00,-65.00,-64.00,-64.00,-64.00,7,5,-46.50,6.91,38.50,31.00,0,0,0.13,0.00,0.41,0.03,0.00,0.00,0,0,0,
1754584576800,1,49,0,39,0,0,0.00,5.24,0.00,400,671,-64.00,-64.00,-64.00,-64.00,-64.00,-64.00,1,5,-46.22,6.92,38.50,29.00,0,1,0.17,0.02,0.42,0.03,0.00,0.00,1,0,0,
1754584577800,1,49,0,39,0,0,0.00,16.72,0.00,572,50,,,,,,,0,5,,0.00,37.50,28.00,0,0,0.06,0.03,0.42,0.03,0.00,0.00,0,0,0,
1754584578800,1,49,0,39,2,2,0.00,17.41,2.22,581,786,-64.45,-65.00,-65.00,-64.00,-64.00,-64.00,11,5,-46.67,6.90,39.00,31.00,0,0,0.04,0.01,0.42,0.03,0.00,0.00,0,0,0,
1754584579800,1,49,0,39,0,0,0.00,15.86,0.78,481,796,-64.00,-64.00,-64.00,-64.00,-64.00,-64.00,11,5,-46.22,6.92,38.00,30.00,0,0,0.02,0.01,0.42,0.03,0.00,0.00,0,0,0,
1754584580800,1,49,0,39,0,0,0.00,10.48,0.00,714,426,-64.00,-64.00,-64.00,-64.00,-64.00,-64.00,7,5,-46.22,6.92,38.00,35.00,1,4,0.06,0.00,0.42,0.03,0.00,0.00,3,0,0,
1754584581800,1,49,0,39,1,1,0.00,6.01,1.53,164,729,-64.00,-64.00,-64.00,-64.00,-64.00,-64.00,5,5,-46.22,6.92,38.50,32.00,0,6,0.03,0.00,0.42,0.03,0.00,0.00,4,0,0,
1754584582800,1,49,0,39,0,0,0.00,5.09,0.76,79,1360,-64.00,-64.00,-64.00,-64.00,-64.00,-64.00,8,5,-46.22,6.92,37.50,32.00,0,7,0.10,0.00,0.42,0.03,0.00,0.00,5,0,0,
1754584583800,1,49,0,39,0,0,0.00,16.58,0.78,166,789,-64.00,-64.00,-64.00,-64.00,-64.00,-64.00,8,5,-46.22,6.92,39.00,31.00,0,1,0.05,0.00,0.42,0.03,0.00,0.00,1,0,0,
1754584584800,1,49,0,39,0,0,0.00,9.41,0.78,404,1370,-64.00,-64.00,-64.00,-64.00,-64.00,-64.00,7,5,-46.22,6.92,37.50,29.00,0,0,0.08,0.00,0.43,0.03,0.00,0.00,0,0,0,
1754584585800,1,49,0,39,0,0,0.00,15.14,0.78,548,774,-64.00,-64.00,-64.00,-64.00,-64.00,-64.00,12,5,-46.22,6.92,38.00,32.00,0,0,0.06,0.00,0.43,0.03,0.00,0.00,0,0,0,
1754584586800,0,0,0,39,0,0,0.00,5.86,0.81,289,1350,-64.00,-64.00,-64.00,-64.00,-64.00,-64.00,9,5,-46.22,6.92,40.50,33.00,0,1,0.08,0.00,0.43,0.03,0.00,0.00,1,0,0,
1754584587800,0,0,0,39,0,0,0.00,12.98,0.76,289,779,-64.00,-64.00,-64.00,-64.00,-64.00,-64.00,12,5,-46.22,6.92,39.00,32.00,0,0,0.03,0.00,0.43,0.03,0.00,0.00,0,0,0,
1754584588800,0,0,0,39,0,0,0.00,4.34,0.77,195,411,-64.00,-64.00,-64.00,-64.00,-64.00,-64.00,13,5,-46.22,6.92,38.50,31.00,0,0,0.01,0.00,0.43,0.03,0.00,0.00,0,0,0,
1754584589800,0,0,0,39,0,0,0.00,2.18,0.82,85,739,-64.08,-65.00,-64.00,-64.00,-64.00,-64.00,12,5,-46.30,6.92,39.50,32.00,0,0,0.00,0.00,0.43,0.03,0.00,0.00,0,0,0,
1754584590800,0,0,0,39,0,0,0.00,2.18,0.91,63,744,-64.00,-64.00,-64.00,-64.00,-64.00,-64.00,13,5,-46.22,6.92,60.00,31.00,0,2,0.00,0.00,0.43,0.03,0.00,0.00,2,0,0,
1754584591800,0,0,0,39,0,0,0.00,0.74,0.74,31,719,-64.00,-64.00,-64.00,-64.00,-64.00,-64.00,12,5,-46.22,6.92,38.00,33.00,0,1,0.00,0.00,0.43,0.03,0.00,0.00,1,0,0,
1754584592800,0,0,0,39,0,0,0.00,0.74,0.78,25,729,-64.00,-64.00,-64.00,-64.00,-64.00,-64.00,13,5,-46.22,6.92,38.00,34.00,0,2,0.00,0.00,0.43,0.03,0.00,0.00,2,0,0,
1754584593800,0,0,0,39,0,0,0.00,2.18,0.82,47,751,-64.00,-64.00,-64.00,-64.00,-64.00,-64.00,12,5,-46.22,6.92,38.50,32.00,0,3,0.00,0.00,0.42,0.03,0.00,0.00,3,0,0,
1754584594800,0,0,0,39,0,0,0.00,2.18,0.82,30,749,-64.00,-64.00,-64.00,-64.00,-64.00,-64.00,13,5,-46.22,6.92,40.00,32.00,0,4,0.00,0.00,0.42,0.03,0.00,0.00,3,0,0,
1754584595800,0,0,0,39,0,0,0.00,2.18,0.82,30,754,-64.00,-64.00,-64.00,-64.00,-64.00,-64.00,12,5,-46.22,6.92,40.00,33.00,0,5,0.00,0.00,0.42,0.03,0.00,0.00,4,0,0,
1754584596800,0,0,0,39,0,0,0.00,0.74,0.82,20,739,-64.00,-64.00,-64.00,-64.00,-64.00,-64.00,13,5,-46.22,6.92,60.00,32.00,0,6,0.00,0.00,0.42,0.03,0.00,0.00,4,0,0,
1754584597800,0,0,0,39,0,0,0.00,0.74,0.78,20,739,-64.00,-64.00,-64.00,-64.00,-64.00,-64.00,12,5,-46.22,6.92,39.50,32.00,0,7,0.00,0.00,0.42,0.03,0.00,0.00,5,0,0,
1754584598800,0,0,0,39,0,0,0.00,2.18,0.82,30,749,-64.08,-65.00,-64.00,-64.00,-64.00,-64.00,13,5,-46.30,6.92,38.00,34.00,0,9,0.00,0.00,0.42,0.03,0.00,0.00,6,0,0,
1754584599800,0,0,0,39,0,0,0.00,2.18,0.82,30,764,-64.17,-65.00,-64.00,-64.00,-64.00,-64.00,12,5,-46.39,6.92,38.50,34.00,0,9,0.00,0.00,0.42,0.03,0.00,0.00,6,0,0,
1754584600800,0,0,0,39,0,0,0.00,2.18,0.82,30,764,-64.23,-65.00,-64.00,-64.00,-64.00,-64.00,13,5,-46.45,6.91,60.00,35.00,0,7,0.00,0.00,0.42,0.03,0.00,0.00,5,0,0,
1754584601800,0,0,0,39,0,0,0.00,0.74,0.82,20,749,-64.00,-64.00,-64.00,-64.00,-64.00,-64.00,12,5,-46.22,6.92,38.50,34.00,0,7,0.00,0.00,0.42,0.03,0.00,0.00,5,0,0,
1754584602800,0,0,0,39,0,0,0.00,0.74,0.78,20,749,-64.00,-64.00,-64.00,-64.00,-64.00,-64.00,13,5,-46.22,6.92,39.50,34.00,0,5,0.00,0.00,0.42,0.03,0.00,0.00,4,0,0,
1754584603800,0,0,0,39,0,0,0.00,2.18,0.82,36,759,-64.17,-65.00,-64.00,-64.00,-64.00,-64.00,12,5,-46.39,6.92,60.00,32.00,0,3,0.00,0.00,0.42,0.03,0.00,0.00,3,0,0,
1754584604800,0,0,0,39,0,0,0.00,2.18,0.82,34,771,-64.23,-65.00,-64.00,-64.00,-64.00,-64.00,13,5,-46.45,6.91,40.00,35.00,0,4,0.00,0.00,0.42,0.03,0.00,0.00,3,0,0,
1754584605800,0,0,0,39,0,0,0.00,2.18,0.82,45,774,-64.67,-65.00,-65.00,-65.00,-64.00,-64.00,12,5,-46.89,6.90,39.00,35.00,0,2,0.00,0.00,0.41,0.03,0.00,0.00,2,0,0,
1754584606800,0,0,0,39,0,0,0.00,0.74,0.82,25,759,-64.62,-65.00,-65.00,-65.00,-64.00,-64.00,13,5,-46.83,6.90,60.00,36.00,0,2,0.00,0.00,0.41,0.03,0.00,0.00,2,0,0,
1754584607800,0,0,0,39,0,0,0.00,0.74,0.78,40,759,-65.00,-65.00,-65.00,-65.00,-65.00,-65.00,12,5,-47.22,6.88,39.00,38.00,0,0,0.00,0.00,0.41,0.03,0.00,0.00,0,0,0,
1754584608800,0,0,0,39,0,0,0.00,2.18,0.82,90,769,-64.69,-65.00,-65.00,-65.00,-64.00,-64.00,13,5,-46.91,6.90,39.00,35.00,0,0,0.00,0.00,0.41,0.03,0.00,0.00,0,0,0,
1754584609800,0,0,0,39,0,0,0.00,2.18,0.82,81,781,-64.58,-65.00,-65.00,-65.00,-64.00,-64.00,12,5,-46.80,6.90,39.00,35.00,0,1,0.00,0.00,0.41,0.03,0.00,0.00,1,0,0,
1754584610800,0,0,0,39,0,0,0.00,2.18,0.82,90,784,-64.38,-65.00,-65.00,-64.00,-64.00,-64.00,13,5,-46.60,6.91,60.00,37.00,0,0,0.00,0.00,0.41,0.03,0.00,0.00,0,0,0,
1754584611800,0,0,0,39,0,0,0.00,0.74,0.82,40,769,-64.33,-65.00,-65.00,-64.00,-64.00,-64.00,12,5,-46.55,6.91,38.50,36.00,0,0,0.00,0.00,0.41,0.03,0.00,0.00,0,0,0,
1754584612800,0,0,0,39,0,0,0.00,0.74,0.78,40,769,-64.00,-64.00,-64.00,-64.00,-64.00,-64.00,13,5,-46.22,6.92,38.50,34.00,1,0,0.00,0.00,0.41,0.03,0.00,0.00,0,0,0,
1754584613800,0,0,0,39,0,0,0.00,2.18,0.86,90,779,-64.25,-65.00,-64.50,-64.00,-64.00,-64.00,12,5,-46.47,6.91,60.00,36.00,0,0,0.00,0.00,0.41,0.03,0.00,0.00,0,0,0,
1754584614800,0,0,0,39,0,0,0.00,2.18,0.82,81,791,-64.08,-65.00,-64.00,-64.00,-64.00,-64.00,13,5,-46.30,6.92,38.00,37.00,0,1,0.00,0.00,0.41,0.03,0.00,0.00,1,0,0,
1754584615800,0,0,0,39,0,0,0.00,2.18,0.82,90,794,-64.00,-64.00,-64.00,-64.00,-64.00,-64.00,12,5,-46.22,6.92,38.50,36.00,0,0,0.00,0.00,0.41,0.03,0.00,0.00,0,0,0,
1754584616800,0,0,0,39,0,0,0.00,0.74,0.82,40,779,-64.15,-65.00,-64.00,-64.00,-64.00,-64.00,13,5,-46.37,6.92,60.00,33.00,0,0,0.00,0.00,0.41,0.03,0.00,0.00,0,0,0,
1754584617800,0,0,0,39,0,0,0.00,0.74,0.78,40,779,-64.33,-65.00,-65.00,-64.00,-64.00,-64.00,12,5,-46.55,6.91,37.50,35.00,2,0,0.00,0.00,0.40,0.03,0.00,0.00,0,0,0,
1754584618800,0,0,0,39,0,0,0.00,2.18,0.98,125,789,-64.62,-65.00,-65.00,-65.00,-64.00,-64.00,13,5,-46.83,6.90,37.50,37.00,1,0,0.00,0.00,0.40,0.03,0.00,0.00,0,0,0,
1754584619800,0,0,0,39,0,0,0.00,2.18,0.86,90,804,-64.67,-65.00,-65.00,-65.00,-64.00,-64.00,12,5,-46.89,6.90,38.50,36.00,1,0,0.00,0.00,0.40,0.03,0.00,0.00,0,0,0,
1754584620800,0,0,0,39,0,0,0.00,2.18,0.86,130,804,-64.77,-65.00,-65.00,-65.00,-65.00,-64.00,13,5,-46.99,6.89,37.50,36.00,1,0,0.00,0.00,0.40,0.03,0.00,0.00,0,0,0,
1754584621800,0,0,0,39,0,0,0.00,0.74,0.86,40,779,-64.42,-65.00,-65.00,-64.00,-64.00,-64.00,12,5,-46.64,6.91,40.00,35.00,1,0,0.00,0.00,0.40,0.03,0.00,0.00,0,0,0,
1754584622800,0,0,0,39,0,0,351.00,0.74,0.82,75,471,-64.62,-65.00,-65.00,-65.00,-64.00,-64.00,13,5,-46.83,6.90,38.50,34.00,1,0,0.00,0.00,0.40,0.03,0.00,0.00,0,0,0,
1754584623800,0,0,0,39,0,0,418.00,1.46,0.84,65,789,-64.25,-65.00,-64.50,-64.00,-64.00,-64.00,12,5,-46.47,6.91,39.00,35.00,0,0,0.00,0.00,0.40,0.03,0.00,0.00,0,0,0,
1754584624800,0,0,0,39,0,0,270.00,1.46,0.77,91,476,-64.62,-65.00,-65.00,-65.00,-64.00,-64.00,13,5,-46.83,6.90,39.00,37.00,1,0,0.00,0.00,0.40,0.03,0.00,0.00,0,0,0,
1754584625800,0,0,0,39,0,0,41.00,0.74,0.84,40,799,-64.83,-65.00,-65.00,-65.00,-65.00,-64.00,12,5,-47.05,6.89,39.50,36.00,0,0,0.00,0.00,0.40,0.03,0.00,0.00,0,0,0,
1754584626800,0,0,0,39,0,0,275.00,2.18,0.74,125,456,-64.77,-65.00,-65.00,-65.00,-65.00,-64.00,13,94,-34.25,177.78,18.00,36.00,1,0,0.00,0.00,0.40,0.03,0.00,0.00,0,0,0,
1754584627800,0,0,0,39,0,0,0.00,0.00,0.13,5,165,-64.67,-65.00,-65.00,-65.00,-64.00,-64.00,12,5,-46.89,6.90,37.50,37.00,1,0,0.00,0.00,0.40,0.03,0.00,0.00,0,0,0,
1754584628800,0,0,0,39,0,0,0.00,0.74,0.82,75,456,-64.85,-65.00,-65.00,-65.00,-65.00,-64.00,13,5,-47.06,6.89,37.50,38.00,0,0,0.00,0.00,0.40,0.03,0.00,0.00,0,0,0,
1754584629800,0,0,0,39,0,0,0.00,0.74,0.82,75,471,-64.92,-65.00,-65.00,-65.00,-65.00,-64.00,12,5,-47.14,6.89,38.50,39.00,0,0,0.00,0.00,0.40,0.03,0.00,0.00,0,0,0,
1754584630800,0,0,0,39,0,0,0.00,0.74,0.82,75,471,-64.92,-65.00,-65.00,-65.00,-65.00,-64.00,13,5,-47.14,6.89,38.50,36.00,0,0,0.00,0.00,0.40,0.03,0.00,0.00,0,0,0,
1754584631800,0,0,0,39,0,0,0.00,0.74,0.82,75,471,-65.00,-65.00,-65.00,-65.00,-65.00,-65.00,12,5,-47.22,6.88,38.00,38.00,0,0,0.00,0.00,0.40,0.03,0.00,0.00,0,0,0,
1754584632800,0,0,0,39,0,0,0.00,0.74,0.82,75,456,-64.92,-65.00,-65.00,-65.00,-65.00,-64.00,13,5,-47.14,6.89,39.50,37.00,0,0,0.00,0.00,0.40,0.03,0.00,0.00,0,0,0,
1754584633800,0,0,0,39,0,0,0.00,0.74,0.82,75,471,-65.00,-65.00,-65.00,-65.00,-65.00,-65.00,12,5,-47.22,6.88,38.50,37.00,0,0,0.00,0.00,0.40,0.03,0.00,0.00,0,0,0,
1754584634800,0,0,0,39,0,0,0.00,0.74,0.82,75,471,-64.92,-65.00,-65.00,-65.00,-65.00,-64.00,13,5,-47.14,6.89,39.00,36.00,0,0,0.00,0.00,0.40,0.03,0.00,0.00,0,0,0,
1754584635800,0,0,0,39,0,0,0.00,0.74,0.82,75,471,-64.92,-65.00,-65.00,-65.00,-65.00,-64.00,12,5,-47.14,6.89,38.50,34.00,0,0,0.00,0.00,0.39,0.03,0.00,0.00,0,0,0,
1754584636800,0,0,0,39,0,0,0.00,0.74,0.82,75,471,-65.00,-65.00,-65.00,-65.00,-65.00,-65.00,13,5,-47.22,6.88,38.50,36.00,0,0,0.00,0.00,0.39,0.03,0.00,0.00,0,0,0,
1754584637800,0,0,0,39,0,0,0.00,0.74,0.82,75,456,-65.00,-65.00,-65.00,-65.00,-65.00,-65.00,12,5,-47.22,6.88,39.50,38.00,0,0,0.00,0.00,0.39,0.03,0.00,0.00,0,0,0,
1754584638800,0,0,0,39,0,0,0.00,0.74,0.82,75,471,-65.00,-65.00,-65.00,-65.00,-65.00,-65.00,13,5,-47.22,6.88,38.00,38.00,0,0,0.00,0.00,0.39,0.02,0.00,0.00,0,0,0,
1754584639800,0,0,0,39,1,1,0.00,1.46,1.48,60,401,-64.92,-65.00,-65.00,-65.00,-65.00,-64.00,12,5,-47.14,6.89,60.00,35.00,0,0,0.00,0.00,0.39,0.02,0.00,0.00,0,0,0,
1754584640800,0,0,0,39,0,0,0.00,0.74,0.78,40,699,-64.54,-65.00,-65.00,-65.00,-64.00,-64.00,13,5,-46.76,6.90,38.50,36.00,0,0,0.00,0.00,0.39,0.02,0.00,0.00,0,0,0,
1754584641800,0,0,0,39,0,0,0.00,0.74,0.78,40,716,-64.75,-65.00,-65.00,-65.00,-64.50,-64.00,12,5,-46.97,6.89,38.50,36.00,0,0,0.00,0.00,0.39,0.02,0.00,0.00,0,0,0,
1754584642800,0,0,0,39,0,0,0.00,0.74,0.74,75,391,-64.54,-65.00,-65.00,-65.00,-64.00,-64.00,13,5,-46.76,6.90,60.00,36.00,0,0,0.00,0.00,0.39,0.02,0.00,0.00,0,0,0,
1754584643800,0,0,0,39,0,0,0.00,0.74,0.78,40,714,-64.33,-65.00,-65.00,-64.00,-64.00,-64.00,12,5,-46.55,6.91,38.00,37.00,0,0,0.00,0.00,0.39,0.02,0.00,0.00,0,0,0,
1754584644800,0,0,0,39,0,0,0.00,0.74,0.82,31,704,-64.23,-65.00,-64.00,-64.00,-64.00,-64.00,13,5,-46.45,6.91,38.00,35.00,0,1,0.00,0.00,0.39,0.02,0.00,0.00,1,0,0,
1754584645800,0,0,0,39,0,0,0.00,0.74,0.78,41,709,-64.00,-64.00,-64.00,-64.00,-64.00,-64.00,12,5,-46.22,6.92,39.00,34.00,0,2,0.00,0.00,0.39,0.02,0.00,0.00,2,0,0,
1754584646800,0,0,0,39,0,0,0.00,2.18,0.78,32,741,-64.00,-64.00,-64.00,-64.00,-64.00,-64.00,13,5,-46.22,6.92,38.00,35.00,0,4,0.00,0.00,0.39,0.02,0.00,0.00,3,0,0,
1754584647800,0,0,0,39,0,0,0.00,0.74,0.78,36,421,-64.00,-64.00,-64.00,-64.00,-64.00,-64.00,12,5,-46.22,6.92,38.00,33.00,0,2,0.00,0.00,0.39,0.02,0.00,0.00,2,0,0,
1754584648800,0,0,0,39,0,0,0.00,0.74,0.78,75,426,-64.00,-64.00,-64.00,-64.00,-64.00,-64.00,13,5,-46.22,6.92,39.50,33.00,0,0,0.00,0.00,0.39,0.02,0.00,0.00,0,0,0,
1754584649800,0,0,0,39,3,2,0.00,3.77,2.62,133,719,-64.08,-65.00,-64.00,-64.00,-64.00,-64.00,12,5,-46.30,6.92,59.50,34.00,0,0,0.00,0.00,0.39,0.02,0.00,0.00,0,0,0,
1754584650800,0,0,0,39,0,0,0.00,0.74,0.78,31,719,-64.38,-65.00,-65.00,-64.00,-64.00,-64.00,13,5,-46.60,6.91,39.00,37.00,0,1,0.00,0.00,0.39,0.02,0.00,0.00,1,0,0,
1754584651800,0,0,0,39,0,0,0.00,2.18,0.82,63,729,-64.00,-64.00,-64.00,-64.00,-64.00,-64.00,12,5,-46.22,6.92,38.00,36.00,0,1,0.00,0.00,0.39,0.02,0.00,0.00,1,0,0,
1754584652800,0,0,0,39,0,0,0.00,2.18,0.82,90,739,-64.23,-65.00,-64.00,-64.00,-64.00,-64.00,13,5,-46.45,6.91,60.00,36.00,0,0,0.00,0.00,0.38,0.02,0.00,0.00,0,0,0,
1754584653800,0,0,0,39,0,0,0.00,2.18,0.82,90,744,-64.17,-65.00,-64.00,-64.00,-64.00,-64.00,12,5,-46.39,6.92,40.00,36.00,0,0,0.00,0.00,0.38,0.02,0.00,0.00,0,0,0,
1754584654800,0,0,0,39,0,0,0.00,0.74,0.82,40,734,-64.38,-65.00,-65.00,-64.00,-64.00,-64.00,13,5,-46.60,6.91,38.00,35.00,0,0,0.00,0.00,0.38,0.02,0.00,0.00,0,0,0,
1754584655800,0,0,0,39,0,0,0.00,0.74,0.78,40,729,-64.17,-65.00,-64.00,-64.00,-64.00,-64.00,12,5,-46.39,6.92,38.50,34.00,0,0,0.00,0.00,0.38,0.02,0.00,0.00,0,0,0,
1754584656800,0,0,0,39,0,0,0.00,2.18,0.82,81,739,-64.46,-65.00,-65.00,-64.00,-64.00,-64.00,13,5,-46.68,6.90,59.50,36.00,0,1,0.00,0.00,0.38,0.02,0.00,0.00,1,0,0,
1754584657800,0,0,0,39,0,0,0.00,2.18,0.82,90,749,-64.33,-65.00,-65.00,-64.00,-64.00,-64.00,12,5,-46.55,6.91,38.50,37.00,0,0,0.00,0.00,0.38,0.02,0.00,0.00,0,0,0,
1754584658800,0,0,0,39,0,0,0.00,2.18,0.82,90,754,-64.54,-65.00,-65.00,-65.00,-64.00,-64.00,13,5,-46.76,6.90,39.50,38.00,0,0,0.00,0.00,0.38,0.02,0.00,0.00,0,0,0,
1754584659800,0,0,0,39,5,2,0.00,5.83,2.98,332,759,-64.50,-65.00,-65.00,-64.50,-64.00,-64.00,12,5,-46.72,6.90,38.50,34.00,0,0,0.00,0.00,0.38,0.02,0.00,0.00,0,0,0,
1754584660800,0,0,0,39,0,0,0.00,0.74,0.78,75,421,-64.23,-65.00,-64.00,-64.00,-64.00,-64.00,13,5,-46.45,6.91,39.00,34.00,0,0,0.00,0.00,0.38,0.02,0.00,0.00,0,0,0,
1754584661800,0,0,0,39,0,0,0.00,2.18,0.82,81,749,-64.17,-65.00,-64.00,-64.00,-64.00,-64.00,12,5,-46.39,6.92,39.00,35.00,0,1,0.00,0.00,0.38,0.02,0.00,0.00,1,0,0,
1754584662800,0,0,0,39,0,0,0.00,2.18,0.82,90,759,-64.15,-65.00,-64.00,-64.00,-64.00,-64.00,13,5,-46.37,6.92,59.50,35.00,0,0,0.00,0.00,0.38,0.02,0.00,0.00,0,0,0,
1754584663800,0,0,0,39,0,0,0.00,2.18,0.82,90,764,-64.42,-65.00,-65.00,-64.00,-64.00,-64.00,12,5,-46.64,6.91,38.00,37.00,0,0,0.00,0.00,0.38,0.02,0.00,0.00,0,0,0,
1754584664800,0,0,0,39,0,0,0.00,0.74,0.82,40,754,-64.38,-65.00,-65.00,-64.00,-64.00,-64.00,13,5,-46.60,6.91,38.00,34.00,0,0,0.00,0.00,0.38,0.02,0.00,0.00,0,0,0,
1754584665800,0,0,0,39,0,0,0.00,0.74,0.78,40,749,-64.25,-65.00,-64.50,-64.00,-64.00,-64.00,12,5,-46.47,6.91,38.50,33.00,1,0,0.00,0.00,0.38,0.02,0.00,0.00,0,0,0,
1754584666800,0,0,0,39,0,0,0.00,2.18,0.82,81,759,-64.08,-65.00,-64.00,-64.00,-64.00,-64.00,13,5,-46.30,6.92,60.00,33.00,0,1,0.00,0.00,0.38,0.02,0.00,0.00,1,0,0,
1754584667800,0,0,0,39,0,0,0.00,2.18,0.82,90,769,-64.00,-64.00,-64.00,-64.00,-64.00,-64.00,12,5,-46.22,6.92,39.00,35.00,1,0,0.00,0.00,0.38,0.02,0.00,0.00,0,0,0,
1754584668800,0,0,0,39,0,0,0.00,2.18,0.82,90,774,-64.00,-64.00,-64.00,-64.00,-64.00,-64.00,13,5,-46.22,6.92,40.00,34.00,1,0,0.00,0.00,0.37,0.02,0.00,0.00,0,0,0,
1754584669800,0,0,0,39,0,0,0.00,0.74,0.82,40,764,-64.00,-64.00,-64.00,-64.00,-64.00,-64.00,12,5,-46.22,6.92,60.00,36.00,0,0,0.00,0.00,0.37,0.02,0.00,0.00,0,0,0,
1754584670800,0,0,0,39,0,0,0.00,0.74,0.78,40,759,-64.15,-65.00,-64.00,-64.00,-64.00,-64.00,13,5,-46.37,6.92,39.00,35.00,2,0,0.00,0.00,0.37,0.02,0.00,0.00,0,0,0,
1754584671800,1,49,0,39,0,0,0.00,0.00,0.04,5,751,-64.44,-65.00,-65.00,-64.00,-64.00,-64.00,9,5,-46.66,6.91,37.50,35.00,0,0,0.00,0.00,0.37,0.02,0.00,0.00,0,0,0,
1754584672800,1,49,0,39,0,0,0.00,0.14,0.44,133,2014,-64.00,-64.00,-64.00,-64.00,-64.00,-64.00,8,5,-46.22,6.92,37.50,31.00,0,0,0.06,0.00,0.38,0.02,0.00,0.00,0,0,0,
1754584673800,1,49,0,39,0,0,0.00,1.91,0.76,253,1312,-64.00,-64.00,-64.00,-64.00,-64.00,-64.00,2,106,-32.96,205.86,5.00,35.00,0,1,0.16,0.02,0.38,0.02,0.00,0.00,1,0,0,
1754584674800,1,49,0,39,0,0,0.00,12.60,0.00,385,35,,,,,,,0,5,,0.00,39.00,33.00,0,6,0.11,0.03,0.38,0.02,0.00,0.00,4,0,0,
1754584675800,1,49,0,39,0,0,0.00,9.86,0.40,113,50,,,,,,,0,5,,0.00,38.00,35.00,0,6,0.04,0.03,0.38,0.02,0.00,0.00,4,0,0,
1754584676800,1,49,0,39,0,0,0.00,2.30,0.71,42,50,,,,,,,0,5,,0.00,38.50,36.00,0,3,0.01,0.02,0.38,0.02,0.00,0.00,3,0,0,
1754584677800,1,49,0,39,0,0,0.00,2.16,0.81,85,50,,,,,,,0,5,,0.00,38.50,37.00,0,0,0.00,0.01,0.38,0.02,0.00,0.00,0,0,0,
1754584678800,1,49,0,39,2,2,0.00,5.06,2.90,253,811,-64.92,-65.00,-65.00,-65.00,-65.00,-64.00,13,5,-47.14,6.89,36.50,35.00,0,0,0.01,0.01,0.38,0.02,0.00,0.00,0,0,0,
1754584679800,1,49,0,39,4,3,0.00,12.51,3.32,644,1360,-64.57,-65.00,-65.00,-65.00,-64.00,-64.00,7,5,-46.79,6.90,37.50,36.00,0,0,0.05,0.01,0.38,0.02,0.00,0.00,0,0,0,
1754584680800,1,49,0,39,0,0,0.00,9.76,0.00,689,436,-64.38,-65.00,-65.00,-64.00,-64.00,-64.00,8,5,-46.59,6.91,39.50,36.00,1,4,0.06,0.00,0.39,0.02,0.00,0.00,3,0,0,
1754584681800,1,49,0,39,0,0,0.00,3.05,0.89,116,794,-64.80,-65.00,-65.00,-65.00,-65.00,-64.00,10,5,-47.02,6.89,39.00,32.00,0,6,0.04,0.00,0.39,0.02,0.00,0.00,4,0,0,
1754584682800,1,49,0,39,0,0,0.00,0.74,0.74,16,451,-64.92,-65.00,-65.00,-65.00,-65.00,-64.00,13,5,-47.14,6.89,34.50,38.00,0,5,0.04,0.00,0.39,0.02,0.00,0.00,4,0,0,
1754584683800,1,49,0,39,1,1,0.00,7.97,1.48,132,1382,-64.86,-65.00,-65.00,-65.00,-65.00,-64.00,7,5,-47.08,6.89,36.50,35.00,0,3,0.09,0.00,0.39,0.02,0.00,0.00,3,0,0,
1754584684800,1,49,0,39,0,0,0.00,10.18,0.78,329,1375,-64.88,-65.00,-65.00,-65.00,-65.00,-64.00,8,5,-47.09,6.89,37.00,34.00,0,0,0.10,0.00,0.39,0.02,0.00,0.00,0,0,0,
1754584685800,1,49,0,39,0,0,0.00,2.21,0.78,90,771,-64.83,-65.00,-65.00,-65.00,-65.00,-64.00,12,5,-47.05,6.89,38.50,37.00,0,0,0.06,0.00,0.39,0.02,0.00,0.00,0,0,0,
1754584686800,1,49,0,39,1,1,0.00,8.69,1.54,389,1375,-64.62,-65.00,-65.00,-65.00,-64.00,-64.00,8,5,-46.84,6.90,37.50,36.00,0,0,0.08,0.00,0.39,0.02,0.00,0.00,0,0,0,
1754584687800,1,49,0,39,0,0,0.00,10.82,0.78,472,1392,-64.71,-65.00,-65.00,-65.00,-64.00,-64.00,7,5,-46.93,6.89,39.00,37.00,0,0,0.11,0.00,0.40,0.02,0.00,0.00,0,0,0,
1754584688800,1,49,0,39,0,0,0.00,2.88,0.02,105,764,-64.77,-65.00,-65.00,-65.00,-65.00,-64.00,13,5,-46.99,6.89,39.00,34.00,0,0,0.06,0.00,0.40,0.02,0.00,0.00,0,0,0,
1754584689800,0,0,0,39,1,1,0.00,5.85,1.48,360,1360,-64.17,-65.00,-64.00,-64.00,-64.00,-64.00,6,5,-46.39,6.92,41.00,37.00,0,0,0.11,0.00,0.40,0.02,0.00,0.00,0,0,0,
1754584690800,0,0,0,39,0,0,0.00,3.60,0.02,130,764,-64.62,-65.00,-65.00,-65.00,-64.00,-64.00,13,5,-46.83,6.90,38.50,34.00,0,0,0.05,0.00,0.40,0.02,0.00,0.00,0,0,0,
1754584691800,0,0,0,39,0,0,0.00,2.18,0.90,76,801,-64.42,-65.00,-65.00,-64.00,-64.00,-64.00,12,5,-46.64,6.91,38.50,36.00,0,1,0.02,0.00,0.40,0.02,0.00,0.00,1,0,0,
1754584692800,0,0,0,39,0,0,0.00,2.18,0.86,85,804,-65.00,-65.00,-65.00,-65.00,-65.00,-65.00,13,5,-47.22,6.88,37.00,37.00,0,0,0.01,0.00,0.40,0.02,0.00,0.00,0,0,0,
1754584693800,0,0,0,39,0,0,0.00,0.74,0.86,26,779,-64.92,-65.00,-65.00,-65.00,-65.00,-64.00,12,5,-47.14,6.89,37.50,38.00,0,1,0.00,0.00,0.40,0.02,0.00,0.00,1,0,0,
1754584694800,0,0,0,39,0,0,0.00,0.74,0.82,70,471,-64.77,-65.00,-65.00,-65.00,-65.00,-64.00,13,5,-46.99,6.89,38.50,38.00,0,0,0.00,0.00,0.40,0.02,0.00,0.00,0,0,0,
1754584695800,0,0,0,39,0,0,0.00,2.18,0.76,116,789,-64.58,-65.00,-65.00,-65.00,-64.00,-64.00,12,5,-46.80,6.90,38.00,37.00,0,1,0.00,0.00,0.40,0.02,0.00,0.00,1,0,0,
1754584696800,0,0,0,39,0,0,0.00,0.74,0.86,30,471,-64.69,-65.00,-65.00,-65.00,-64.00,-64.00,13,5,-46.91,6.90,39.00,39.00,0,0,0.00,0.00,0.39,0.02,0.00,0.00,0,0,0,
1754584697800,0,0,0,39,0,0,0.00,2.18,0.75,125,804,-64.67,-65.00,-65.00,-65.00,-64.00,-64.00,12,5,-46.89,6.90,38.00,37.00,0,0,0.00,0.00,0.39,0.02,0.00,0.00,0,0,0,
1754584698800,0,0,0,39,0,0,0.00,0.74,0.85,46,456,-64.46,-65.00,-65.00,-64.00,-64.00,-64.00,13,5,-46.68,6.90,38.00,36.00,0,1,0.00,0.00,0.39,0.02,0.00,0.00,1,0,0,
1754584699800,0,0,0,39,0,0,0.00,0.74,0.82,75,471,-64.42,-65.00,-65.00,-64.00,-64.00,-64.00,12,5,-46.64,6.91,37.50,36.00,0,0,0.00,0.00,0.39,0.02,0.00,0.00,0,0,0,
1754584700800,0,0,0,39,0,0,0.00,0.74,0.82,75,471,-64.62,-65.00,-65.00,-65.00,-64.00,-64.00,13,5,-46.83,6.90,39.00,32.00,0,0,0.00,0.00,0.39,0.02,0.00,0.00,0,0,0,
1754584701800,0,0,0,39,0,0,0.00,0.74,0.82,75,471,-64.83,-65.00,-65.00,-65.00,-65.00,-64.00,12,5,-47.05,6.89,38.50,36.00,0,0,0.00,0.00,0.39,0.02,0.00,0.00,0,0,0,
1754584702800,0,0,0,39,0,0,0.00,0.74,0.82,75,471,-64.69,-65.00,-65.00,-65.00,-64.00,-64.00,13,5,-46.91,6.90,38.50,37.00,0,0,0.00,0.00,0.39,0.02,0.00,0.00,0,0,0,
1754584703800,0,0,0,39,0,0,0.00,0.74,0.82,75,456,-64.42,-65.00,-65.00,-64.00,-64.00,-64.00,12,5,-46.64,6.91,38.00,33.00,0,0,0.00,0.00,0.39,0.02,0.00,0.00,0,0,0,
1754584704800,0,0,0,39,1,1,0.00,1.46,1.48,60,431,-64.15,-65.00,-64.00,-64.00,-64.00,-64.00,13,5,-46.37,6.92,37.50,32.00,0,0,0.00,0.00,0.39,0.02,0.00,0.00,0,0,0,
1754584705800,0,0,0,39,0,0,0.00,0.74,0.78,40,699,-64.00,-64.00,-64.00,-64.00,-64.00,-64.00,12,5,-46.22,6.92,60.50,26.00,0,0,0.00,0.00,0.39,0.02,0.00,0.00,0,0,0,
1754584706800,0,0,0,39,0,0,0.00,0.74,0.78,40,716,-63.85,-64.00,-64.00,-64.00,-64.00,-63.00,13,5,-46.06,6.93,39.50,27.00,0,0,0.00,0.00,0.39,0.02,0.00,0.00,0,0,0,
1754584707800,0,0,0,39,0,0,0.00,0.74,0.74,75,396,-63.58,-64.00,-64.00,-64.00,-63.00,-63.00,12,5,-45.80,6.94,39.00,33.00,0,0,0.00,0.00,0.39,0.02,0.00,0.00,0,0,0,
1754584708800,0,0,0,39,0,0,0.00,0.74,0.78,40,709,-63.92,-64.00,-64.00,-64.00,-64.00,-63.00,13,5,-46.14,6.93,60.00,33.00,0,0,0.00,0.00,0.39,0.02,0.00,0.00,0,0,0,
1754584709800,0,0,0,39,0,0,0.00,0.74,0.82,40,709,-64.00,-64.00,-64.00,-64.00,-64.00,-64.00,12,5,-46.22,6.92,38.50,33.00,0,0,0.00,0.00,0.39,0.02,0.00,0.00,0,0,0,
1754584710800,0,0,0,39,0,0,0.00,2.18,0.78,90,729,-63.92,-64.00,-64.00,-64.00,-64.00,-63.00,13,5,-46.14,6.93,39.00,32.00,0,1,0.00,0.00,0.39,0.02,0.00,0.00,1,0,0,
1754584711800,0,0,0,39,0,0,0.00,0.74,0.74,75,428,-64.00,-64.00,-64.00,-64.00,-64.00,-64.00,12,5,-46.22,6.92,39.50,34.00,2,0,0.00,0.00,0.39,0.02,0.00,0.00,0,0,0,
1754584712800,0,0,0,39,0,0,0.00,0.74,0.78,35,426,-64.08,-65.00,-64.00,-64.00,-64.00,-64.00,13,5,-46.30,6.92,60.00,33.00,2,0,0.00,0.00,0.39,0.02,0.00,0.00,0,0,0,
1754584713800,0,0,0,39,0,0,0.00,0.74,0.78,75,421,-64.00,-64.00,-64.00,-64.00,-64.00,-64.00,12,5,-46.22,6.92,38.50,35.00,1,0,0.00,0.00,0.39,0.02,0.00,0.00,0,0,0,
1754584714800,0,0,0,39,0,0,0.00,0.74,0.86,40,734,-64.15,-65.00,-64.00,-64.00,-64.00,-64.00,13,5,-46.37,6.92,38.00,36.00,1,0,0.00,0.00,0.39,0.02,0.00,0.00,0,0,0,
1754584715800,0,0,0,39,8,2,0.00,8.49,2.77,340,769,-64.00,-64.00,-64.00,-64.00,-64.00,-64.00,12,5,-46.22,6.92,60.00,35.00,0,1,0.00,0.00,0.39,0.02,0.00,0.00,1,0,0,
1754584716800,0,0,0,39,0,0,0.00,2.18,0.82,90,746,-64.15,-65.00,-64.00,-64.00,-64.00,-64.00,13,5,-46.37,6.92,38.50,35.00,0,1,0.00,0.00,0.38,0.02,0.00,0.00,1,0,0,
1754584717800,0,0,0,39,0,0,0.00,2.18,0.82,90,744,-64.00,-64.00,-64.00,-64.00,-64.00,-64.00,12,5,-46.22,6.92,39.50,34.00,0,0,0.00,0.00,0.38,0.02,0.00,0.00,0,0,0,
1754584718800,0,0,0,39,0,0,0.00,0.74,0.82,31,729,-64.38,-65.00,-65.00,-64.00,-64.00,-64.00,13,5,-46.60,6.91,60.00,33.00,0,1,0.00,0.00,0.38,0.02,0.00,0.00,1,0,0,
1754584719800,0,0,0,39,0,0,0.00,0.74,0.82,25,729,-64.50,-65.00,-65.00,-64.50,-64.00,-64.00,12,5,-46.72,6.90,39.00,33.00,2,2,0.00,0.00,0.38,0.02,0.00,0.00,2,0,0,
1754584720800,0,0,0,39,0,0,0.00,2.18,0.82,36,739,-64.46,-65.00,-65.00,-64.00,-64.00,-64.00,13,5,-46.68,6.90,39.00,35.00,1,3,0.00,0.00,0.38,0.02,0.00,0.00,3,0,0,
1754584721800,0,0,0,39,0,0,0.00,2.18,0.82,38,756,-64.50,-65.00,-65.00,-64.50,-64.00,-64.00,12,5,-46.72,6.90,39.00,36.00,1,4,0.00,0.00,0.38,0.02,0.00,0.00,3,0,0,
1754584722800,0,0,0,39,0,0,0.00,2.18,0.82,36,754,-64.46,-65.00,-65.00,-64.00,-64.00,-64.00,13,5,-46.68,6.90,39.00,37.00,1,6,0.00,0.00,0.38,0.02,0.00,0.00,4,0,0,
1754584723800,0,0,0,39,0,0,0.00,0.74,0.82,20,739,-64.58,-65.00,-65.00,-65.00,-64.00,-64.00,12,5,-46.80,6.90,39.00,36.00,1,5,0.00,0.00,0.38,0.02,0.00,0.00,4,0,0,
1754584724800,0,0,0,39,0,0,491.00,0.74,0.82,20,739,-64.38,-65.00,-65.00,-64.00,-64.00,-64.00,13,5,-46.60,6.91,39.50,35.00,1,6,0.00,0.00,0.38,0.02,0.00,0.00,4,0,0,
1754584725800,0,0,0,39,0,0,93.00,1.46,0.80,25,739,-64.33,-65.00,-65.00,-64.00,-64.00,-64.00,12,5,-46.55,6.91,39.00,35.00,0,8,0.00,0.00,0.38,0.02,0.00,0.00,5,0,0,
1754584726800,0,0,0,39,0,0,159.00,2.18,0.82,30,761,-64.15,-65.00,-64.00,-64.00,-64.00,-64.00,13,5,-46.37,6.92,38.00,34.00,0,8,0.00,0.00,0.38,0.02,0.00,0.00,5,0,0,
1754584727800,0,0,0,39,0,0,75.00,1.46,0.82,25,764,-64.17,-65.00,-64.00,-64.00,-64.00,-64.00,12,5,-46.39,6.92,39.00,34.00,0,6,0.00,0.00,0.38,0.02,0.00,0.00,4,0,0,
1754584728800,0,0,0,39,0,0,50.00,2.18,0.82,34,749,-64.00,-64.00,-64.00,-64.00,-64.00,-64.00,13,106,-32.96,205.86,18.50,34.00,0,6,0.00,0.00,0.38,0.02,0.00,0.00,4,0,0,
1754584729800,0,0,0,39,0,0,0.00,0.00,0.13,5,125,-64.00,-64.00,-64.00,-64.00,-64.00,-64.00,12,5,-46.22,6.92,38.00,33.00,0,5,0.00,0.00,0.38,0.02,0.00,0.00,4,0,0,
1754584730800,0,0,0,39,0,0,0.00,0.74,0.76,20,734,-64.00,-64.00,-64.00,-64.00,-64.00,-64.00,13,5,-46.22,6.92,39.00,34.00,0,3,0.00,0.00,0.38,0.02,0.00,0.00,3,0,0,
1754584731800,0,0,0,39,0,0,0.00,2.18,0.82,45,759,-64.00,-64.00,-64.00,-64.00,-64.00,-64.00,12,5,-46.22,6.92,39.50,34.00,0,3,0.00,0.00,0.38,0.02,0.00,0.00,3,0,0,
1754584732800,0,0,0,39,0,0,0.00,2.18,0.82,45,776,-64.00,-64.00,-64.00,-64.00,-64.00,-64.00,13,5,-46.22,6.92,40.00,32.00,0,3,0.00,0.00,0.38,0.02,0.00,0.00,3,0,0,
1754584733800,0,0,0,39,0,0,0.00,2.18,0.82,45,774,-64.00,-64.00,-64.00,-64.00,-64.00,-64.00,12,5,-46.22,6.92,39.50,32.00,0,3,0.00,0.00,0.38,0.02,0.00,0.00,3,0,0,
1754584734800,0,0,0,39,0,0,0.00,0.74,0.78,41,759,-63.92,-64.00,-64.00,-64.00,-64.00,-63.00,13,5,-46.14,6.93,39.50,32.00,0,1,0.00,0.00,0.37,0.02,0.00,0.00,1,0,0,
1754584735800,0,0,0,39,0,0,0.00,0.74,0.82,40,759,-64.00,-64.00,-64.00,-64.00,-64.00,-64.00,12,5,-46.22,6.92,39.00,30.00,0,0,0.00,0.00,0.37,0.02,0.00,0.00,0,0,0,
1754584736800,0,0,0,39,0,0,0.00,2.18,0.82,90,769,-64.00,-64.00,-64.00,-64.00,-64.00,-64.00,13,5,-46.22,6.92,39.50,32.00,0,1,0.00,0.00,0.37,0.02,0.00,0.00,1,0,0,
1754584737800,0,0,0,39,0,0,0.00,2.18,0.82,81,781,-64.08,-65.00,-64.00,-64.00,-64.00,-64.00,12,5,-46.30,6.92,39.50,33.00,0,0,0.00,0.00,0.37,0.02,0.00,0.00,0,0,0,
1754584738800,0,0,0,39,0,0,0.00,2.18,0.82,90,784,-64.08,-65.00,-64.00,-64.00,-64.00,-64.00,13,5,-46.30,6.92,39.50,32.00,0,1,0.00,0.00,0.37,0.02,0.00,0.00,1,0,0,
1754584739800,0,0,0,39,0,0,0.00,0.74,0.78,40,769,-64.08,-65.00,-64.00,-64.00,-64.00,-64.00,12,5,-46.30,6.92,40.00,32.00,0,0,0.00,0.00,0.37,0.02,0.00,0.00,0,0,0,
1754584740800,0,0,0,39,0,0,0.00,0.74,0.90,80,769,-64.00,-64.00,-64.00,-64.00,-64.00,-64.00,13,5,-46.22,6.92,39.00,31.00,0,0,0.00,0.00,0.37,0.02,0.00,0.00,0,0,0,
1754584741800,0,0,0,39,0,0,0.00,2.18,0.79,90,779,-64.25,-65.00,-64.50,-64.00,-64.00,-64.00,12,5,-46.47,6.91,40.00,29.00,0,1,0.00,0.00,0.37,0.02,0.00,0.00,1,0,0,
1754584742800,0,0,0,39,0,0,0.00,2.18,0.82,81,791,-64.00,-64.00,-64.00,-64.00,-64.00,-64.00,13,5,-46.22,6.92,38.00,30.00,0,0,0.00,0.00,0.37,0.02,0.00,0.00,0,0,0,
1754584743800,0,0,0,39,0,0,0.00,2.18,0.82,90,794,-64.17,-65.00,-64.00,-64.00,-64.00,-64.00,12,5,-46.39,6.92,39.50,34.00,0,1,0.00,0.00,0.37,0.02,0.00,0.00,1,0,0,
1754584744800,0,0,0,39,0,0,0.00,0.74,0.78,80,779,-64.08,-65.00,-64.00,-64.00,-64.00,-64.00,13,5,-46.30,6.92,39.50,33.00,0,0,0.00,0.00,0.37,0.02,0.00,0.00,0,0,0,
1754584745800,0,0,0,39,0,0,0.00,0.74,1.22,40,779,-64.00,-64.00,-64.00,-64.00,-64.00,-64.00,12,5,-46.22,6.92,39.50,35.00,0,0,0.00,0.00,0.37,0.02,0.00,0.00,0,0,0,
1754584746800,0,0,0,39,0,0,0.00,2.18,0.66,125,789,-64.08,-65.00,-64.00,-64.00,-64.00,-64.00,13,5,-46.30,6.92,38.00,36.00,0,1,0.00,0.00,0.37,0.02,0.00,0.00,1,0,0,
1754584747800,0,0,0,39,0,0,0.00,2.18,0.86,81,801,-64.00,-64.00,-64.00,-64.00,-64.00,-64.00,12,5,-46.22,6.92,39.50,32.00,0,0,0.00,0.00,0.37,0.02,0.00,0.00,0,0,0,
1754584748800,0,0,0,39,0,0,0.00,2.18,0.86,130,804,-64.15,-65.00,-64.00,-64.00,-64.00,-64.00,13,5,-46.37,6.92,40.00,35.00,0,1,0.00,0.00,0.37,0.02,0.00,0.00,1,0,0,
1754584749800,0,0,0,39,0,0,0.00,0.74,0.75,40,789,-64.33,-65.00,-65.00,-64.00,-64.00,-64.00,12,5,-46.55,6.91,37.50,35.00,0,0,0.00,0.00,0.37,0.02,0.00,0.00,0,0,0,
1754584750800,0,0,0,39,0,0,0.00,0.74,0.89,40,789,-64.23,-65.00,-64.00,-64.00,-64.00,-64.00,13,5,-46.45,6.91,38.50,33.00,0,0,0.00,0.00,0.36,0.02,0.00,0.00,0,0,0,
1754584751800,0,0,0,39,0,0,0.00,2.18,0.76,90,789,-64.25,-65.00,-64.50,-64.00,-64.00,-64.00,12,5,-46.47,6.91,39.00,30.00,0,1,0.00,0.00,0.36,0.02,0.00,0.00,1,0,0,
1754584752800,0,0,0,39,0,0,0.00,0.74,0.86,75,471,-64.23,-65.00,-64.00,-64.00,-64.00,-64.00,13,5,-46.45,6.91,41.00,36.00,0,0,0.00,0.00,0.36,0.02,0.00,0.00,0,0,0,
1754584753800,0,0,0,39,0,0,0.00,2.18,0.75,90,804,-64.17,-65.00,-64.00,-64.00,-64.00,-64.00,12,5,-46.39,6.92,40.00,35.00,0,1,0.00,0.00,0.36,0.02,0.00,0.00,1,0,0,
1754584754800,0,0,0,39,0,0,0.00,0.74,0.85,75,456,-64.38,-65.00,-65.00,-64.00,-64.00,-64.00,13,5,-46.60,6.91,39.00,34.00,0,0,0.00,0.00,0.36,0.02,0.00,0.00,0,0,0,
1754584755800,0,0,0,39,0,0,0.00,0.74,0.82,75,471,-64.50,-65.00,-65.00,-64.50,-64.00,-64.00,12,5,-46.72,6.90,39.00,34.00,0,0,0.00,0.00,0.36,0.02,0.00,0.00,0,0,0,
1754584756800,0,0,0,39,1,1,0.00,1.50,1.48,129,431,-64.54,-65.00,-65.00,-65.00,-64.00,-64.00,13,5,-46.76,6.90,38.50,35.00,0,1,0.00,0.00,0.36,0.02,0.00,0.00,1,0,0,
1754584757800,0,0,0,39,0,0,0.00,0.74,0.78,40,711,-64.58,-65.00,-65.00,-65.00,-64.00,-64.00,12,5,-46.80,6.90,37.50,33.00,0,0,0.00,0.00,0.36,0.02,0.00,0.00,0,0,0,
1754584758800,0,0,0,39,0,0,0.00,0.74,0.74,75,396,-64.38,-65.00,-65.00,-64.00,-64.00,-64.00,13,5,-46.60,6.91,59.50,36.00,0,0,0.00,0.00,0.36,0.02,0.00,0.00,0,0,0,
1754584759800,0,0,0,39,0,0,0.00,0.74,0.78,80,709,-64.50,-65.00,-65.00,-64.50,-64.00,-64.00,12,5,-46.72,6.90,39.50,36.00,0,0,0.00,0.00,0.36,0.02,0.00,0.00,0,0,0,
1754584760800,0,0,0,39,0,0,0.00,0.74,0.82,40,704,-64.38,-65.00,-65.00,-64.00,-64.00,-64.00,13,5,-46.60,6.91,39.50,34.00,0,0,0.00,0.00,0.36,0.02,0.00,0.00,0,0,0,
1754584761800,0,0,0,39,0,0,0.00,0.74,0.78,40,709,-64.42,-65.00,-65.00,-64.00,-64.00,-64.00,12,5,-46.64,6.91,60.00,37.00,0,0,0.00,0.00,0.36,0.02,0.00,0.00,0,0,0,
1754584762800,0,0,0,39,0,0,0.00,2.18,0.78,90,741,-64.15,-65.00,-64.00,-64.00,-64.00,-64.00,13,5,-46.37,6.92,40.50,34.00,0,1,0.00,0.00,0.36,0.02,0.00,0.00,1,0,0,
1754584763800,0,0,0,39,0,0,0.00,0.74,0.78,75,426,-64.33,-65.00,-65.00,-64.00,-64.00,-64.00,12,5,-46.55,6.91,39.50,36.00,2,0,0.00,0.00,0.36,0.02,0.00,0.00,0,0,0,
1754584764800,0,0,0,39,0,0,0.00,0.74,0.78,35,421,-64.46,-65.00,-65.00,-64.00,-64.00,-64.00,13,5,-46.68,6.90,38.50,37.00,1,0,0.00,0.00,0.36,0.02,0.00,0.00,0,0,0,
1754584765800,0,0,0,39,0,0,0.00,0.74,0.82,40,714,-64.25,-65.00,-64.50,-64.00,-64.00,-64.00,12,5,-46.47,6.91,38.00,37.00,1,0,0.00,0.00,0.36,0.02,0.00,0.00,0,0,0,
1754584766800,0,0,0,39,0,0,0.00,0.74,0.78,40,719,-64.00,-64.00,-64.00,-64.00,-64.00,-64.00,13,5,-46.22,6.92,38.50,34.00,1,0,0.00,0.00,0.36,0.02,0.00,0.00,0,0,0,
1754584767800,0,0,0,39,0,0,0.00,2.18,0.82,90,741,-64.00,-64.00,-64.00,-64.00,-64.00,-64.00,12,5,-46.22,6.92,39.00,31.00,0,1,0.00,0.00,0.36,0.02,0.00,0.00,1,0,0,
1754584768800,0,0,0,39,0,0,0.00,2.18,0.82,90,744,-64.00,-64.00,-64.00,-64.00,-64.00,-64.00,13,5,-46.22,6.92,59.50,29.00,0,0,0.00,0.00,0.36,0.02,0.00,0.00,0,0,0,
1754584769800,0,0,0,39,0,0,0.00,2.18,0.82,63,739,-64.00,-64.00,-64.00,-64.00,-64.00,-64.00,12,5,-46.22,6.92,38.50,30.00,1,1,0.00,0.00,0.36,0.02,0.00,0.00,1,0,0,
1754584770800,0,0,0,39,0,0,0.00,0.74,0.82,25,724,-63.85,-64.00,-64.00,-64.00,-64.00,-63.00,13,5,-46.06,6.93,39.00,28.00,2,2,0.00,0.00,0.36,0.02,0.00,0.00,2,0,0,
1754584771800,0,0,0,39,0,0,0.00,0.74,0.78,22,729,-63.75,-64.00,-64.00,-64.00,-63.50,-63.00,12,5,-45.97,6.93,60.50,30.00,2,3,0.00,0.00,0.36,0.02,0.00,0.00,3,0,0,
1754584772800,0,0,0,39,0,0,0.00,2.18,0.82,30,751,-63.69,-64.00,-64.00,-64.00,-63.00,-63.00,13,5,-45.91,6.94,38.50,27.00,1,4,0.00,0.00,0.35,0.02,0.00,0.00,3,0,0,
1754584773800,0,0,0,39,0,0,0.00,2.18,0.82,30,754,-63.92,-64.00,-64.00,-64.00,-64.00,-63.00,12,5,-46.14,6.93,40.00,27.00,1,6,0.00,0.00,0.35,0.02,0.00,0.00,4,0,0,
1754584774800,0,0,0,39,0,0,0.00,2.18,0.80,30,739,-64.00,-64.00,-64.00,-64.00,-64.00,-64.00,13,5,-46.22,6.92,39.00,32.00,0,6,0.00,0.00,0.35,0.02,0.00,0.00,4,0,0,
1754584775800,0,0,0,39,0,0,36.00,0.74,0.85,20,744,-64.00,-64.00,-64.00,-64.00,-64.00,-64.00,12,5,-46.22,6.92,38.50,29.00,1,5,0.00,0.00,0.35,0.02,0.00,0.00,4,0,0,
1754584776800,0,0,0,39,0,0,517.00,0.74,0.78,20,739,-64.00,-64.00,-64.00,-64.00,-64.00,-64.00,13,5,-46.22,6.92,39.00,32.00,1,6,0.00,0.00,0.35,0.02,0.00,0.00,4,0,0,
1754584777800,0,0,0,39,0,0,399.00,1.46,0.80,25,751,-64.00,-64.00,-64.00,-64.00,-64.00,-64.00,12,5,-46.22,6.92,38.50,34.00,0,8,0.00,0.00,0.35,0.02,0.00,0.00,5,0,0,
1754584778800,0,0,0,39,0,0,496.00,1.46,0.82,25,764,-64.00,-64.00,-64.00,-64.00,-64.00,-64.00,13,5,-46.22,6.92,39.00,33.00,0,6,0.00,0.00,0.35,0.02,0.00,0.00,4,0,0,
1754584779800,1,50,0,39,0,0,0.00,1.44,0.06,15,749,-64.00,-64.00,-64.00,-64.00,-64.00,-64.00,9,5,-46.22,6.92,37.50,28.00,0,7,0.00,0.00,0.35,0.02,0.00,0.00,5,0,0,
1754584780800,1,50,0,39,1,1,290.00,2.23,1.70,104,1645,-64.00,-64.00,-64.00,-64.00,-64.00,-64.00,3,5,-46.22,6.92,43.50,30.00,0,6,0.13,0.00,0.35,0.02,0.00,0.00,4,0,0,
1754584781800,1,50,0,39,0,0,0.00,0.00,0.02,5,406,-64.00,-64.00,-64.00,-64.00,-64.00,-64.00,12,5,-46.22,6.92,38.50,31.00,0,6,0.05,0.00,0.35,0.02,0.00,0.00,4,0,0,
1754584782800,1,50,0,39,0,0,0.00,0.00,0.00,97,1305,-64.00,-64.00,-64.00,-64.00,-64.00,-64.00,2,5,-46.22,6.92,39.00,34.00,0,4,0.13,0.00,0.36,0.02,0.00,0.00,3,0,0,
1754584783800,1,50,0,39,0,0,0.00,0.00,0.00,45,50,,,,,,,0,5,,0.00,37.50,28.00,0,0,0.05,0.00,0.36,0.02,0.00,0.00,0,0,0,
1754584784800,1,50,0,39,0,0,0.00,0.12,0.52,30,50,,,,,,,0,5,,0.00,39.00,32.00,0,0,0.02,0.00,0.36,0.02,0.00,0.00,0,0,0,
1754584785800,1,50,0,39,6,3,0.00,7.44,4.00,466,791,-64.00,-64.00,-64.00,-64.00,-64.00,-64.00,11,5,-46.22,6.92,37.00,32.00,0,0,0.02,0.00,0.36,0.02,0.00,0.00,0,0,0,
1754584786800,1,50,0,39,0,0,0.00,0.00,0.00,478,431,-64.00,-64.00,-64.00,-64.00,-64.00,-64.00,8,5,-46.22,6.92,38.00,25.00,1,1,0.06,0.00,0.36,0.02,0.00,0.00,1,0,0,
1754584787800,1,50,0,39,1,1,0.00,2.22,2.07,413,779,-64.17,-65.00,-64.00,-64.00,-64.00,-64.00,12,5,-46.39,6.92,37.50,32.00,0,1,0.05,0.00,0.36,0.02,0.00,0.00,1,0,0,
1754584788800,1,50,0,39,0,0,0.00,5.60,0.00,548,421,-64.00,-64.00,-64.00,-64.00,-64.00,-64.00,6,5,-46.22,6.92,36.50,29.00,1,3,0.08,0.00,0.36,0.02,0.00,0.00,3,0,0,
1754584789800,1,50,0,39,1,1,0.00,4.49,1.99,162,799,-64.00,-64.00,-64.00,-64.00,-64.00,-64.00,5,5,-46.22,6.92,38.00,34.00,0,6,0.05,0.00,0.36,0.02,0.00,0.00,4,0,0,
1754584790800,0,0,0,39,0,0,0.00,0.30,4.64,46,1476,-64.29,-65.00,-65.00,-64.00,-64.00,-64.00,7,5,-46.50,6.91,38.50,30.00,0,5,0.09,0.00,0.36,0.02,0.00,0.00,4,0,0,
1754584791800,0,0,0,39,3,1,0.00,13.31,1.92,140,789,-64.25,-65.00,-64.50,-64.00,-64.00,-64.00,12,5,-46.47,6.91,38.50,35.00,0,1,0.03,0.00,0.36,0.02,0.00,0.00,1,0,0,
1754584792800,0,0,0,39,1,1,0.00,5.35,3.22,187,754,-64.31,-65.00,-65.00,-64.00,-64.00,-64.00,13,5,-46.53,6.91,39.00,37.00,0,1,0.01,0.00,0.36,0.02,0.00,0.00,1,0,0,
1754584793800,0,0,0,39,0,0,0.00,2.18,0.82,63,764,-64.08,-65.00,-64.00,-64.00,-64.00,-64.00,12,5,-46.30,6.92,38.00,35.00,0,1,0.00,0.00,0.36,0.02,0.00,0.00,1,0,0,
1754584794800,0,0,0,39,0,0,0.00,0.74,0.78,31,749,-64.00,-64.00,-64.00,-64.00,-64.00,-64.00,13,5,-46.22,6.92,39.00,36.00,0,1,0.00,0.00,0.36,0.02,0.00,0.00,1,0,0,
1754584795800,0,0,0,39,0,0,0.00,0.74,0.82,40,749,-64.00,-64.00,-64.00,-64.00,-64.00,-64.00,12,5,-46.22,6.92,39.50,34.00,0,0,0.00,0.00,0.36,0.02,0.00,0.00,0,0,0,
1754584796800,0,0,0,39,0,0,0.00,2.18,0.82,90,759,-64.00,-64.00,-64.00,-64.00,-64.00,-64.00,13,5,-46.22,6.92,39.00,32.00,0,0,0.00,0.00,0.36,0.02,0.00,0.00,0,0,0,
1754584797800,0,0,0,39,0,0,0.00,2.18,0.82,81,771,-64.00,-64.00,-64.00,-64.00,-64.00,-64.00,12,5,-46.22,6.92,37.00,32.00,0,1,0.00,0.00,0.36,0.02,0.00,0.00,1,0,0,
1754584798800,0,0,0,39,0,0,0.00,2.18,0.82,90,769,-64.00,-64.00,-64.00,-64.00,-64.00,-64.00,13,5,-46.22,6.92,37.50,34.00,0,0,0.00,0.00,0.36,0.02,0.00,0.00,0,0,0,
1754584799800,0,0,0,39,0,0,0.00,0.74,0.87,40,764,-64.00,-64.00,-64.00,-64.00,-64.00,-64.00,12,5,-46.22,6.92,39.00,34.00,0,0,0.00,0.00,0.36,0.02,0.00,0.00,0,0,0,
1754584800800,0,0,0,39,0,0,0.00,0.74,0.78,40,754,-64.00,-64.00,-64.00,-64.00,-64.00,-64.00,13,5,-46.22,6.92,38.50,33.00,0,0,0.00,0.00,0.36,0.02,0.00,0.00,0,0,0,
1754584801800,0,0,0,39,0,0,0.00,2.18,0.82,90,769,-64.00,-64.00,-64.00,-64.00,-64.00,-64.00,12,5,-46.22,6.92,40.50,34.00,0,0,0.00,0.00,0.36,0.02,0.00,0.00,0,0,0,
1754584802800,0,0,0,39,0,0,0.00,2.18,0.82,90,786,-64.00,-64.00,-64.00,-64.00,-64.00,-64.00,13,5,-46.22,6.92,38.00,34.00,0,0,0.00,0.00,0.36,0.02,0.00,0.00,0,0,0,
1754584803800,0,0,0,39,0,0,0.00,2.18,0.82,90,784,-64.08,-65.00,-64.00,-64.00,-64.00,-64.00,12,5,-46.30,6.92,38.50,33.00,0,0,0.00,0.00,0.36,0.02,0.00,0.00,0,0,0,
1754584804800,0,0,0,39,0,0,0.00,0.74,0.89,40,774,-64.08,-65.00,-64.00,-64.00,-64.00,-64.00,13,5,-46.30,6.92,39.50,35.00,0,0,0.00,0.00,0.35,0.02,0.00,0.00,0,0,0,
1754584805800,0,0,0,39,0,0,0.00,0.74,0.83,40,764,-64.42,-65.00,-65.00,-64.00,-64.00,-64.00,12,5,-46.64,6.91,39.00,34.00,1,0,0.00,0.00,0.35,0.02,0.00,0.00,0,0,0,
1754584806800,0,0,0,39,0,0,0.00,2.18,0.79,90,779,-64.31,-65.00,-65.00,-64.00,-64.00,-64.00,13,5,-46.53,6.91,38.00,37.00,0,0,0.00,0.00,0.35,0.02,0.00,0.00,0,0,0,
1754584807800,0,0,0,39,0,0,0.00,2.18,0.82,90,796,-64.42,-65.00,-65.00,-64.00,-64.00,-64.00,12,5,-46.64,6.91,38.50,36.00,0,0,0.00,0.00,0.35,0.02,0.00,0.00,0,0,0,
1754584808800,0,0,0,39,0,0,0.00,2.18,0.82,90,794,-64.54,-65.00,-65.00,-65.00,-64.00,-64.00,13,5,-46.76,6.90,38.50,36.00,0,0,0.00,0.00,0.35,0.02,0.00,0.00,0,0,0,
1754584809800,0,0,0,39,0,0,0.00,0.74,0.87,40,784,-64.58,-65.00,-65.00,-65.00,-64.00,-64.00,12,5,-46.80,6.90,40.00,37.00,0,0,0.00,0.00,0.35,0.02,0.00,0.00,0,0,0,
1754584810800,0,0,0,39,0,0,0.00,0.74,1.10,40,774,-64.54,-65.00,-65.00,-65.00,-64.00,-64.00,13,5,-46.76,6.90,38.50,37.00,2,0,0.00,0.00,0.35,0.02,0.00,0.00,0,0,0,
1754584811800,0,0,0,39,0,0,0.00,2.18,0.74,125,789,-64.50,-65.00,-65.00,-64.50,-64.00,-64.00,12,5,-46.72,6.90,38.00,36.00,1,0,0.00,0.00,0.35,0.02,0.00,0.00,0,0,0,
1754584812800,0,0,0,39,0,0,0.00,2.18,0.86,90,806,-64.31,-65.00,-65.00,-64.00,-64.00,-64.00,13,5,-46.53,6.91,39.00,36.00,1,0,0.00,0.00,0.35,0.02,0.00,0.00,0,0,0,
1754584813800,0,0,0,39,7,1,0.00,8.90,2.05,280,794,-64.75,-65.00,-65.00,-65.00,-64.50,-64.00,12,5,-46.97,6.89,39.50,38.00,0,1,0.00,0.00,0.35,0.02,0.00,0.00,1,0,0,
1754584814800,0,0,0,39,0,4,0.00,0.74,4.77,40,471,-64.69,-65.00,-65.00,-65.00,-64.00,-64.00,13,5,-46.91,6.90,39.00,34.00,0,0,0.00,0.00,0.35,0.02,0.00,0.00,0,0,0,
1754584815800,0,0,0,39,0,0,0.00,0.74,0.50,35,789,-64.42,-65.00,-65.00,-64.00,-64.00,-64.00,12,5,-46.64,6.91,39.00,33.00,0,0,0.00,0.00,0.35,0.02,0.00,0.00,0,0,0,
1754584816800,0,0,0,39,0,0,0.00,2.18,0.76,90,774,-64.38,-65.00,-65.00,-64.00,-64.00,-64.00,13,5,-46.60,6.91,39.00,37.00,0,0,0.00,0.00,0.35,0.02,0.00,0.00,0,0,0,
1754584817800,0,0,0,39,0,0,0.00,0.74,0.86,75,486,-64.42,-65.00,-65.00,-64.00,-64.00,-64.00,12,5,-46.64,6.91,37.00,34.00,1,0,0.00,0.00,0.35,0.02,0.00,0.00,0,0,0,
1754584818800,0,0,0,39,0,0,0.00,2.18,0.75,90,789,-64.38,-65.00,-65.00,-64.00,-64.00,-64.00,13,5,-46.60,6.91,39.00,31.00,0,0,0.00,0.00,0.35,0.02,0.00,0.00,0,0,0,
1754584819800,0,0,0,39,0,0,0.00,0.74,0.85,75,471,-64.25,-65.00,-64.50,-64.00,-64.00,-64.00,12,5,-46.47,6.91,38.50,30.00,1,0,0.00,0.00,0.35,0.02,0.00,0.00,0,0,0,
1754584820800,0,0,0,39,0,0,0.00,0.74,0.82,75,461,-64.00,-64.00,-64.00,-64.00,-64.00,-64.00,13,5,-46.22,6.92,38.50,29.00,1,0,0.00,0.00,0.35,0.02,0.00,0.00,0,0,0,
1754584821800,0,0,0,39,1,1,0.00,1.50,1.48,129,456,-64.00,-64.00,-64.00,-64.00,-64.00,-64.00,12,5,-46.22,6.92,39.50,32.00,2,0,0.00,0.00,0.35,0.02,0.00,0.00,0,0,0,
1754584822800,0,0,0,39,0,0,0.00,0.74,0.78,40,711,-64.08,-65.00,-64.00,-64.00,-64.00,-64.00,13,5,-46.30,6.92,39.00,33.00,0,0,0.00,0.00,0.35,0.02,0.00,0.00,0,0,0,
1754584823800,0,0,0,39,0,0,0.00,0.74,0.74,35,396,-64.17,-65.00,-64.00,-64.00,-64.00,-64.00,12,5,-46.39,6.92,39.50,34.00,2,0,0.00,0.00,0.35,0.02,0.00,0.00,0,0,0,
1754584824800,0,0,0,39,0,0,0.00,0.74,0.78,40,714,-64.00,-64.00,-64.00,-64.00,-64.00,-64.00,13,5,-46.22,6.92,60.50,35.00,2,0,0.00,0.00,0.35,0.02,0.00,0.00,0,0,0,
1754584825800,0,0,0,39,0,0,0.00,0.74,0.78,40,709,-64.00,-64.00,-64.00,-64.00,-64.00,-64.00,12,5,-46.22,6.92,38.00,34.00,1,0,0.00,0.00,0.35,0.02,0.00,0.00,0,0,0,
1754584826800,0,0,0,39,0,0,453.00,0.74,0.78,40,709,-64.00,-64.00,-64.00,-64.00,-64.00,-64.00,13,5,-46.22,6.92,39.50,33.00,1,0,0.00,0.00,0.34,0.02,0.00,0.00,0,0,0,
1754584827800,0,0,0,39,0,0,0.00,0.00,0.00,5,70,-64.00,-64.00,-64.00,-64.00,-64.00,-64.00,12,5,-46.22,6.92,38.50,29.00,1,0,0.00,0.00,0.34,0.02,0.00,0.00,0,0,0,
1754584828800,0,0,0,39,0,0,0.00,2.18,0.82,81,734,-64.00,-64.00,-64.00,-64.00,-64.00,-64.00,13,5,-46.22,6.92,38.50,32.00,1,1,0.00,0.00,0.34,0.02,0.00,0.00,1,0,0,
1754584829800,0,0,0,39,0,0,0.00,0.74,0.78,75,438,-64.00,-64.00,-64.00,-64.00,-64.00,-64.00,12,5,-46.22,6.92,38.50,33.00,1,0,0.00,0.00,0.34,0.02,0.00,0.00,0,0,0,
1754584830800,1,52,0,39,0,0,0.00,0.74,0.78,75,426,-64.00,-64.00,-64.00,-64.00,-64.00,-64.00,10,5,-46.22,6.92,39.00,32.00,1,0,0.00,0.00,0.34,0.02,0.00,0.00,0,0,0,
1754584831800,1,52,0,39,0,0,0.00,0.00,0.00,444,411,-64.00,-64.00,-64.00,-64.00,-64.00,-64.00,1,5,-46.22,6.92,38.00,31.00,2,1,0.04,0.00,0.35,0.02,0.00,0.00,1,0,0,
1754584832800,1,52,0,39,0,0,0.00,0.00,0.00,261,669,-64.00,-64.00,-64.00,-64.00,-64.00,-64.00,1,5,-46.22,6.92,38.50,28.00,0,0,0.06,0.00,0.35,0.02,0.00,0.00,0,0,0,
1754584833800,1,52,0,39,0,0,0.00,0.00,0.00,28,50,,,,,,,0,5,,0.00,37.00,30.00,0,0,0.02,0.00,0.35,0.02,0.00,0.00,0,0,0,
1754584834800,1,52,0,39,0,0,0.00,0.98,0.73,59,50,,,,,,,0,5,,0.00,37.50,32.00,0,0,0.01,0.00,0.35,0.02,0.00,0.00,0,0,0,
1754584835800,1,52,0,39,0,0,0.00,2.70,0.69,108,50,,,,,,,0,5,,0.00,37.50,32.00,0,0,0.00,0.00,0.35,0.02,0.00,0.00,0,0,0,
1754584836800,1,52,0,39,0,0,0.00,0.00,0.33,251,1317,,,,,,,0,5,,0.00,39.00,31.00,0,0,0.13,0.00,0.35,0.02,0.00,0.00,0,0,0,
1754584837800,1,52,0,39,0,0,0.00,0.66,0.42,148,50,,,,,,,0,5,,0.00,36.00,30.00,0,0,0.05,0.00,0.35,0.02,0.00,0.00,0,0,0,
1754584838800,1,52,0,39,0,0,0.00,1.87,0.71,336,1317,,,,,,,0,5,,0.00,36.00,31.00,0,1,0.16,0.00,0.35,0.02,0.00,0.00,1,0,0,
1754584839800,1,52,0,39,4,4,0.00,12.55,5.76,573,1989,-64.00,-64.00,-64.00,-64.00,-64.00,-64.00,1,5,-46.22,6.92,34.50,35.00,0,0,0.15,0.01,0.35,0.02,0.00,0.00,0,0,0,
1754584840800,1,52,0,39,0,0,0.00,4.32,0.21,264,1325,-64.00,-64.00,-64.00,-64.00,-64.00,-64.00,1,21,-39.99,33.61,32.00,33.00,0,1,0.16,0.01,0.35,0.02,0.00,0.00,1,0,0,
1754584841800,1,52,0,39,0,0,0.00,0.39,0.62,255,1931,-65.00,-65.00,-65.00,-65.00,-65.00,-65.00,1,21,-40.99,33.30,35.00,36.00,0,0,0.29,0.01,0.36,0.02,0.00,0.00,0,0,0,
1754584842800,1,52,0,39,2,1,0.00,3.71,1.01,371,1968,,,,,,,0,21,,0.00,32.50,38.00,0,2,0.38,0.03,0.36,0.02,0.00,0.00,2,0,0,
1754584843800,1,52,0,39,0,0,0.00,9.78,0.00,575,639,,,,,,,0,5,,0.00,39.00,33.00,0,0,0.37,0.06,0.36,0.02,0.00,0.00,0,0,0,
1754584844800,1,52,0,39,0,0,0.00,34.40,0.09,704,50,,,,,,,0,5,,0.00,38.00,34.00,0,3,0.13,0.05,0.36,0.02,0.00,0.00,3,0,0,
1754584845800,1,52,0,39,1,0,0.00,0.79,0.88,235,1322,,,,,,,0,21,,0.00,30.00,33.00,0,0,0.15,0.03,0.36,0.02,0.00,0.00,0,0,0,
1754584846800,1,52,0,39,0,0,0.00,20.74,0.00,693,1300,-65.00,-65.00,-65.00,-65.00,-65.00,-65.00,1,5,-47.22,6.88,37.50,31.00,0,3,0.22,0.03,0.36,0.02,0.00,0.00,3,0,0,
1754584847800,1,52,0,39,0,0,0.00,28.78,0.40,221,50,,,,,,,0,5,,0.00,37.50,33.00,0,5,0.08,0.01,0.36,0.02,0.00,0.00,4,0,0,
1754584848800,1,52,0,39,0,0,0.00,2.24,0.73,72,50,,,,,,,0,5,,0.00,37.00,33.00,0,0,0.03,0.01,0.36,0.02,0.00,0.00,0,0,0,
1754584849800,1,52,0,39,2,1,0.00,6.34,0.97,505,1322,,,,,,,0,21,,0.00,31.50,37.00,0,0,0.09,0.00,0.36,0.02,0.00,0.00,0,0,0,
1754584850800,1,52,0,39,0,0,0.00,7.65,0.00,420,1295,,,,,,,0,5,,0.00,38.00,33.00,0,1,0.22,0.02,0.37,0.02,0.00,0.00,1,0,0,
1754584851800,1,52,0,39,0,0,0.00,13.06,0.40,439,50,,,,,,,0,5,,0.00,38.00,33.00,0,0,0.08,0.01,0.37,0.02,0.00,0.00,0,0,0,
1754584852800,0,0,0,39,0,0,0.00,4.06,0.70,162,50,,,,,,,0,5,,0.00,39.50,34.00,0,0,0.03,0.00,0.37,0.02,0.00,0.00,0,0,0,
1754584853800,0,0,0,39,12,10,0.00,15.68,11.93,618,704,-64.33,-65.00,-65.00,-64.00,-64.00,-64.00,6,5,-46.55,6.91,37.50,36.00,0,1,0.02,0.00,0.37,0.02,0.00,0.00,1,0,0,
1754584854800,0,0,0,39,0,0,0.00,0.74,0.78,75,426,-64.38,-65.00,-65.00,-64.00,-64.00,-64.00,13,5,-46.60,6.91,39.00,34.00,0,0,0.01,0.00,0.37,0.02,0.00,0.00,0,0,0,
1754584855800,0,0,0,39,0,0,0.00,0.74,0.78,75,426,-64.67,-65.00,-65.00,-65.00,-64.00,-64.00,12,5,-46.89,6.90,38.50,35.00,0,0,0.00,0.00,0.37,0.02,0.00,0.00,0,0,0,
1754584856800,0,0,0,39,0,0,0.00,0.74,0.78,40,714,-65.00,-65.00,-65.00,-65.00,-65.00,-65.00,13,5,-47.22,6.88,59.50,38.00,0,0,0.00,0.00,0.37,0.02,0.00,0.00,0,0,0,
1754584857800,0,0,0,39,0,0,0.00,2.18,0.82,63,729,-64.83,-65.00,-65.00,-65.00,-65.00,-64.00,12,5,-47.05,6.89,38.50,38.00,0,1,0.00,0.00,0.36,0.02,0.00,0.00,1,0,0,
1754584858800,0,0,0,39,0,0,0.00,2.18,0.82,42,741,-64.92,-65.00,-65.00,-65.00,-65.00,-64.00,13,5,-47.14,6.89,39.50,35.00,0,3,0.00,0.00,0.36,0.02,0.00,0.00,3,0,0,
1754584859800,0,0,0,39,0,0,0.00,2.18,0.82,45,744,-64.67,-65.00,-65.00,-65.00,-64.00,-64.00,12,5,-46.89,6.90,38.50,35.00,0,2,0.00,0.00,0.36,0.02,0.00,0.00,2,0,0,
1754584860800,0,0,0,39,0,0,0.00,0.74,0.82,33,734,-64.69,-65.00,-65.00,-65.00,-64.00,-64.00,13,5,-46.91,6.90,60.50,36.00,0,3,0.00,0.00,0.36,0.02,0.00,0.00,3,0,0,
1754584861800,0,0,0,39,0,0,0.00,0.74,0.78,28,724,-64.50,-65.00,-65.00,-64.50,-64.00,-64.00,12,5,-46.72,6.90,38.50,37.00,0,4,0.00,0.00,0.36,0.02,0.00,0.00,3,0,0,
1754584862800,0,0,0,39,0,0,0.00,2.18,0.82,30,739,-64.62,-65.00,-65.00,-65.00,-64.00,-64.00,13,5,-46.83,6.90,39.00,38.00,0,6,0.00,0.00,0.36,0.02,0.00,0.00,4,0,0,
1754584863800,0,0,0,39,0,0,0.00,2.18,0.82,30,751,-65.00,-65.00,-65.00,-65.00,-65.00,-65.00,12,5,-47.22,6.88,37.00,40.00,0,6,0.00,0.00,0.36,0.02,0.00,0.00,4,0,0,
1754584864800,0,0,0,39,0,0,0.00,2.18,0.82,30,754,-65.00,-65.00,-65.00,-65.00,-65.00,-65.00,13,5,-47.22,6.88,38.00,38.00,0,6,0.00,0.00,0.36,0.02,0.00,0.00,4,0,0,
1754584865800,0,0,0,39,0,0,0.00,0.74,0.82,20,744,-64.83,-65.00,-65.00,-65.00,-65.00,-64.00,12,5,-47.05,6.89,38.00,38.00,0,4,0.00,0.00,0.36,0.02,0.00,0.00,3,0,0,
1754584866800,0,0,0,39,0,0,0.00,0.74,0.78,25,734,-64.77,-65.00,-65.00,-65.00,-65.00,-64.00,13,5,-46.99,6.89,59.00,38.00,1,2,0.00,0.00,0.36,0.02,0.00,0.00,2,0,0,
1754584867800,0,0,0,39,0,0,0.00,2.18,0.82,90,749,-64.83,-65.00,-65.00,-65.00,-65.00,-64.00,12,5,-47.05,6.89,38.00,37.00,0,0,0.00,0.00,0.36,0.02,0.00,0.00,0,0,0,
1754584868800,0,0,0,39,0,0,0.00,2.18,0.82,81,761,-64.85,-65.00,-65.00,-65.00,-65.00,-64.00,13,5,-47.06,6.89,36.50,36.00,0,1,0.00,0.00,0.36,0.02,0.00,0.00,1,0,0,
1754584869800,0,0,0,39,0,0,0.00,2.18,0.82,90,764,-64.58,-65.00,-65.00,-65.00,-64.00,-64.00,12,5,-46.80,6.90,39.50,34.00,0,0,0.00,0.00,0.36,0.02,0.00,0.00,0,0,0,
1754584870800,0,0,0,39,0,0,0.00,0.74,0.82,80,754,-64.08,-65.00,-64.00,-64.00,-64.00,-64.00,13,5,-46.30,6.92,60.00,33.00,0,0,0.00,0.00,0.36,0.02,0.00,0.00,0,0,0,
1754584871800,0,0,0,39,0,0,0.00,0.74,0.78,40,744,-64.00,-64.00,-64.00,-64.00,-64.00,-64.00,12,5,-46.22,6.92,39.00,33.00,2,0,0.00,0.00,0.36,0.02,0.00,0.00,0,0,0,
1754584872800,0,0,0,39,0,0,0.00,2.18,0.82,90,759,-64.00,-64.00,-64.00,-64.00,-64.00,-64.00,13,5,-46.22,6.92,39.00,33.00,1,0,0.00,0.00,0.36,0.02,0.00,0.00,0,0,0,
1754584873800,0,0,0,39,0,0,0.00,2.18,0.82,90,774,-64.00,-64.00,-64.00,-64.00,-64.00,-64.00,12,5,-46.22,6.92,38.50,33.00,1,0,0.00,0.00,0.36,0.02,0.00,0.00,0,0,0,
1754584874800,0,0,0,39,0,0,0.00,2.18,0.82,130,774,-64.00,-64.00,-64.00,-64.00,-64.00,-64.00,13,5,-46.22,6.92,39.00,34.00,1,0,0.00,0.00,0.36,0.02,0.00,0.00,0,0,0,
1754584875800,0,0,0,39,0,0,0.00,0.74,0.82,40,764,-64.00,-64.00,-64.00,-64.00,-64.00,-64.00,12,5,-46.22,6.92,38.50,33.00,0,0,0.00,0.00,0.36,0.02,0.00,0.00,0,0,0,
1754584876800,0,0,0,39,0,0,0.00,0.74,0.78,40,754,-64.00,-64.00,-64.00,-64.00,-64.00,-64.00,13,5,-46.22,6.92,38.50,32.00,1,0,0.00,0.00,0.36,0.02,0.00,0.00,0,0,0,
1754584877800,0,0,0,39,0,0,485.00,2.18,0.80,81,759,-64.00,-64.00,-64.00,-64.00,-64.00,-64.00,12,5,-46.22,6.92,39.50,33.00,0,1,0.00,0.00,0.36,0.02,0.00,0.00,1,0,0,
1754584878800,0,0,0,39,0,0,89.00,1.46,0.82,65,784,-64.00,-64.00,-64.00,-64.00,-64.00,-64.00,13,5,-46.22,6.92,38.50,33.00,0,0,0.00,0.00,0.35,0.02,0.00,0.00,0,0,0,
1754584879800,0,0,0,39,0,0,174.00,2.18,0.82,90,784,-64.00,-64.00,-64.00,-64.00,-64.00,-64.00,12,5,-46.22,6.92,40.00,30.00,0,0,0.00,0.00,0.35,0.02,0.00,0.00,0,0,0,
1754584880800,0,0,0,39,0,0,120.00,1.46,0.85,65,784,-64.00,-64.00,-64.00,-64.00,-64.00,-64.00,13,5,-46.22,6.92,39.00,30.00,1,0,0.00,0.00,0.35,0.02,0.00,0.00,0,0,0,
1754584881800,0,0,0,39,0,0,134.00,0.74,0.76,40,754,-64.00,-64.00,-64.00,-64.00,-64.00,-64.00,12,106,-32.96,205.86,18.50,28.00,1,0,0.00,0.00,0.35,0.02,0.00,0.00,0,0,0,
1754584882800,0,0,0,39,0,0,0.00,0.00,0.14,5,463,-64.00,-64.00,-64.00,-64.00,-64.00,-64.00,13,5,-46.22,6.92,40.00,28.00,0,0,0.00,0.00,0.35,0.02,0.00,0.00,0,0,0,
1754584883800,0,0,0,39,0,0,0.00,2.18,0.79,81,461,-63.75,-64.00,-64.00,-64.00,-63.50,-63.00,12,5,-45.97,6.93,39.50,29.00,0,0,0.00,0.00,0.35,0.02,0.00,0.00,0,0,0,
1754584884800,0,0,0,39,0,0,0.00,2.18,0.82,90,794,-63.77,-64.00,-64.00,-64.00,-64.00,-63.00,13,5,-45.99,6.93,41.00,27.00,0,1,0.00,0.00,0.35,0.02,0.00,0.00,1,0,0,
1754584885800,0,0,0,39,0,0,0.00,2.18,0.82,90,794,-63.58,-64.00,-64.00,-64.00,-63.00,-63.00,12,5,-45.80,6.94,39.00,31.00,0,1,0.00,0.00,0.35,0.02,0.00,0.00,1,0,0,
1754584886800,0,0,0,39,0,0,0.00,0.74,0.78,40,779,-63.77,-64.00,-64.00,-64.00,-64.00,-63.00,13,5,-45.99,6.93,39.50,25.00,0,0,0.00,0.00,0.35,0.02,0.00,0.00,0,0,0,
1754584887800,0,0,0,39,0,0,0.00,0.74,1.22,40,779,-63.75,-64.00,-64.00,-64.00,-63.50,-63.00,12,5,-45.97,6.93,38.50,28.00,0,0,0.00,0.00,0.35,0.02,0.00,0.00,0,0,0,
1754584888800,0,0,0,39,0,0,0.00,2.18,0.66,125,789,-64.00,-64.00,-64.00,-64.00,-64.00,-64.00,13,5,-46.22,6.92,40.00,31.00,0,0,0.00,0.00,0.35,0.02,0.00,0.00,0,0,0,
1754584889800,0,0,0,39,0,0,0.00,2.18,0.86,90,804,-64.00,-64.00,-64.00,-64.00,-64.00,-64.00,12,5,-46.22,6.92,39.00,28.00,0,1,0.00,0.00,0.35,0.02,0.00,0.00,1,0,0,
1754584890800,0,0,0,39,0,0,0.00,2.18,0.75,130,789,-64.00,-64.00,-64.00,-64.00,-64.00,-64.00,13,5,-46.22,6.92,40.00,29.00,0,1,0.00,0.00,0.35,0.02,0.00,0.00,1,0,0,
1754584891800,0,0,0,39,0,0,0.00,0.74,0.85,75,471,-64.00,-64.00,-64.00,-64.00,-64.00,-64.00,12,5,-46.22,6.92,38.50,32.00,0,0,0.00,0.00,0.35,0.02,0.00,0.00,0,0,0,
1754584892800,0,0,0,39,0,0,0.00,0.74,0.82,35,471,-64.00,-64.00,-64.00,-64.00,-64.00,-64.00,13,5,-46.22,6.92,39.50,33.00,0,0,0.00,0.00,0.35,0.02,0.00,0.00,0,0,0,
1754584893800,0,0,0,39,0,0,0.00,2.18,0.76,130,786,-64.00,-64.00,-64.00,-64.00,-64.00,-64.00,12,5,-46.22,6.92,37.50,34.00,0,1,0.00,0.00,0.35,0.02,0.00,0.00,1,0,0,
1754584894800,0,0,0,39,0,0,0.00,2.18,0.78,90,789,-64.23,-65.00,-64.00,-64.00,-64.00,-64.00,13,5,-46.45,6.91,38.50,34.00,0,1,0.00,0.00,0.35,0.02,0.00,0.00,1,0,0,
1754584895800,0,0,0,39,0,0,0.00,0.74,0.85,75,471,-64.00,-64.00,-64.00,-64.00,-64.00,-64.00,12,5,-46.22,6.92,38.50,32.00,0,0,0.00,0.00,0.35,0.02,0.00,0.00,0,0,0,
1754584896800,0,0,0,39,0,0,0.00,0.74,0.82,75,471,-64.00,-64.00,-64.00,-64.00,-64.00,-64.00,13,5,-46.22,6.92,39.00,32.00,0,0,0.00,0.00,0.35,0.02,0.00,0.00,0,0,0,
1754584897800,0,0,0,39,6,3,0.00,9.37,3.56,335,456,-64.00,-64.00,-64.00,-64.00,-64.00,-64.00,12,5,-46.22,6.92,39.50,32.00,0,0,0.00,0.00,0.35,0.02,0.00,0.00,0,0,0,
1754584898800,0,0,0,39,0,2,0.00,0.74,2.39,80,471,-64.00,-64.00,-64.00,-64.00,-64.00,-64.00,13,5,-46.22,6.92,39.50,34.00,0,0,0.00,0.00,0.35,0.02,0.00,0.00,0,0,0,
1754584899800,0,0,0,39,0,0,0.00,0.74,0.82,75,471,-64.00,-64.00,-64.00,-64.00,-64.00,-64.00,12,5,-46.22,6.92,39.00,34.00,0,0,0.00,0.00,0.35,0.02,0.00,0.00,0,0,0,
1754584900800,0,0,0,39,1,1,0.00,1.50,1.48,129,411,-64.00,-64.00,-64.00,-64.00,-64.00,-64.00,13,5,-46.22,6.92,37.00,35.00,0,1,0.00,0.00,0.35,0.02,0.00,0.00,1,0,0,
1754584901800,0,0,0,39,0,0,0.00,0.74,0.78,40,699,-64.00,-64.00,-64.00,-64.00,-64.00,-64.00,12,5,-46.22,6.92,39.00,34.00,0,0,0.00,0.00,0.35,0.02,0.00,0.00,0,0,0,
1754584902800,0,0,0,39,0,0,0.00,0.74,0.78,40,716,-64.00,-64.00,-64.00,-64.00,-64.00,-64.00,13,5,-46.22,6.92,39.00,34.00,0,0,0.00,0.00,0.35,0.02,0.00,0.00,0,0,0,
1754584903800,0,0,0,39,0,0,0.00,0.74,0.74,75,391,-64.25,-65.00,-64.50,-64.00,-64.00,-64.00,12,5,-46.47,6.91,38.50,35.00,0,0,0.00,0.00,0.35,0.02,0.00,0.00,0,0,0,
1754584904800,0,0,0,39,0,0,0.00,0.74,0.78,80,714,-64.85,-65.00,-65.00,-65.00,-65.00,-64.00,13,5,-47.06,6.89,38.50,36.00,0,0,0.00,0.00,0.34,0.02,0.00,0.00,0,0,0,
1754584905800,0,0,0,39,0,0,0.00,0.74,0.82,40,709,-65.00,-65.00,-65.00,-65.00,-65.00,-65.00,12,5,-47.22,6.88,38.50,39.00,0,0,0.00,0.00,0.34,0.02,0.00,0.00,0,0,0,
1754584906800,0,0,0,39,0,0,0.00,0.74,0.78,40,709,-65.00,-65.00,-65.00,-65.00,-65.00,-65.00,13,5,-47.22,6.88,59.50,38.00,0,0,0.00,0.00,0.34,0.02,0.00,0.00,0,0,0,
1754584907800,0,0,0,39,0,0,0.00,2.18,0.78,81,741,-65.00,-65.00,-65.00,-65.00,-65.00,-65.00,12,5,-47.22,6.88,37.50,38.00,0,1,0.00,0.00,0.34,0.02,0.00,0.00,1,0,0,
1754584908800,0,0,0,39,0,0,0.00,0.74,0.78,75,421,-65.00,-65.00,-65.00,-65.00,-65.00,-65.00,13,5,-47.22,6.88,38.50,38.00,1,0,0.00,0.00,0.34,0.02,0.00,0.00,0,0,0,
1754584909800,0,0,0,39,0,0,0.00,0.74,0.78,75,426,-65.00,-65.00,-65.00,-65.00,-65.00,-65.00,12,5,-47.22,6.88,59.00,39.00,1,0,0.00,0.00,0.34,0.02,0.00,0.00,0,0,0,
1754584910800,0,0,0,39,0,0,0.00,0.74,0.82,80,714,-65.00,-65.00,-65.00,-65.00,-65.00,-65.00,13,5,-47.22,6.88,39.00,38.00,0,0,0.00,0.00,0.34,0.02,0.00,0.00,0,0,0,
1754584911800,0,0,0,39,0,0,0.00,0.74,0.78,31,719,-65.00,-65.00,-65.00,-65.00,-65.00,-65.00,12,5,-47.22,6.88,38.50,39.00,0,1,0.00,0.00,0.34,0.02,0.00,0.00,1,0,0,
1754584912800,0,0,0,39,0,0,0.00,2.18,0.82,42,741,-64.92,-65.00,-65.00,-65.00,-65.00,-64.00,13,5,-47.14,6.89,39.00,38.00,0,3,0.00,0.00,0.34,0.02,0.00,0.00,3,0,0,
1754584913800,0,0,0,39,0,0,0.00,2.18,0.82,42,739,-64.83,-65.00,-65.00,-65.00,-65.00,-64.00,12,5,-47.05,6.89,39.00,37.00,0,3,0.00,0.00,0.34,0.02,0.00,0.00,3,0,0,
1754584914800,0,0,0,39,0,0,0.00,2.18,0.82,55,744,-64.85,-65.00,-65.00,-65.00,-65.00,-64.00,13,5,-47.06,6.89,38.00,39.00,0,3,0.00,0.00,0.34,0.02,0.00,0.00,3,0,0,
1754584915800,0,0,0,39,0,0,0.00,0.74,0.82,25,724,-64.83,-65.00,-65.00,-65.00,-65.00,-64.00,12,5,-47.05,6.89,39.00,37.00,0,2,0.00,0.00,0.34,0.02,0.00,0.00,2,0,0,
1754584916800,0,0,0,39,0,0,0.00,0.74,0.78,25,729,-64.92,-65.00,-65.00,-65.00,-65.00,-64.00,13,5,-47.14,6.89,59.50,39.00,0,2,0.00,0.00,0.34,0.02,0.00,0.00,2,0,0,
1754584917800,0,0,0,39,0,0,0.00,2.18,0.82,90,751,-65.00,-65.00,-65.00,-65.00,-65.00,-65.00,12,5,-47.22,6.88,38.00,39.00,0,0,0.00,0.00,0.34,0.02,0.00,0.00,0,0,0,
1754584918800,0,0,0,39,0,0,0.00,2.18,0.82,130,749,-65.00,-65.00,-65.00,-65.00,-65.00,-65.00,13,5,-47.22,6.88,37.00,38.00,0,0,0.00,0.00,0.34,0.02,0.00,0.00,0,0,0,
1754584919800,0,0,0,39,0,0,0.00,2.18,0.82,90,754,-65.00,-65.00,-65.00,-65.00,-65.00,-65.00,12,5,-47.22,6.88,59.50,38.00,0,0,0.00,0.00,0.34,0.02,0.00,0.00,0,0,0,
1754584920800,0,0,0,39,0,0,0.00,0.74,0.82,40,734,-65.00,-65.00,-65.00,-65.00,-65.00,-65.00,13,5,-47.22,6.88,38.00,37.00,1,0,0.00,0.00,0.34,0.02,0.00,0.00,0,0,0,
1754584921800,0,0,0,39,0,0,0.00,0.74,0.78,40,739,-65.00,-65.00,-65.00,-65.00,-65.00,-65.00,12,5,-47.22,6.88,37.50,39.00,1,0,0.00,0.00,0.34,0.02,0.00,0.00,0,0,0,
1754584922800,0,0,0,39,0,0,0.00,2.18,0.82,90,761,-65.00,-65.00,-65.00,-65.00,-65.00,-65.00,13,5,-47.22,6.88,38.50,37.00,0,0,0.00,0.00,0.34,0.02,0.00,0.00,0,0,0,
1754584923800,0,0,0,39,0,0,0.00,2.18,0.82,90,759,-65.00,-65.00,-65.00,-65.00,-65.00,-65.00,12,5,-47.22,6.88,38.50,38.00,1,0,0.00,0.00,0.34,0.02,0.00,0.00,0,0,0,
1754584924800,0,0,0,39,0,0,0.00,2.18,0.82,90,764,-65.00,-65.00,-65.00,-65.00,-65.00,-65.00,13,5,-47.22,6.88,38.00,37.00,1,0,0.00,0.00,0.34,0.02,0.00,0.00,0,0,0,
1754584925800,0,0,0,39,0,0,0.00,0.74,0.82,40,749,-65.00,-65.00,-65.00,-65.00,-65.00,-65.00,12,5,-47.22,6.88,39.00,37.00,2,0,0.00,0.00,0.34,0.02,0.00,0.00,0,0,0,
1754584926800,0,0,0,39,0,0,0.00,2.18,0.82,90,759,-64.77,-65.00,-65.00,-65.00,-65.00,-64.00,13,5,-46.99,6.89,39.00,35.00,1,0,0.00,0.00,0.34,0.02,0.00,0.00,0,0,0,
1754584927800,0,0,0,39,0,0,0.00,2.18,0.80,90,771,-64.58,-65.00,-65.00,-65.00,-64.00,-64.00,12,5,-46.80,6.90,38.00,35.00,1,0,0.00,0.00,0.34,0.02,0.00,0.00,0,0,0,
1754584928800,0,0,0,39,0,0,38.00,1.46,0.82,65,764,-64.15,-65.00,-64.00,-64.00,-64.00,-64.00,13,5,-46.37,6.92,37.50,34.00,0,0,0.00,0.00,0.34,0.02,0.00,0.00,0,0,0,
1754584929800,0,0,0,39,0,0,117.00,1.46,0.85,105,774,-64.25,-65.00,-64.50,-64.00,-64.00,-64.00,12,5,-46.47,6.91,37.00,35.00,1,0,0.00,0.00,0.33,0.02,0.00,0.00,0,0,0,
1754584930800,0,0,0,39,0,0,95.00,0.74,0.82,80,759,-64.15,-65.00,-64.00,-64.00,-64.00,-64.00,13,5,-46.37,6.92,40.00,35.00,1,0,0.00,0.00,0.33,0.02,0.00,0.00,0,0,0,
1754584931800,0,0,0,39,0,0,49.00,0.74,0.80,40,759,-64.33,-65.00,-65.00,-64.00,-64.00,-64.00,12,5,-46.55,6.91,38.50,34.00,0,0,0.00,0.00,0.33,0.02,0.00,0.00,0,0,0,
1754584932800,0,0,0,39,0,0,202.00,2.18,0.82,90,781,-64.08,-65.00,-64.00,-64.00,-64.00,-64.00,13,5,-46.30,6.92,36.50,34.00,0,0,0.00,0.00,0.33,0.02,0.00,0.00,0,0,0,
1754584933800,0,0,0,39,0,0,0.00,1.44,0.06,55,150,-64.08,-65.00,-64.00,-64.00,-64.00,-64.00,12,5,-46.30,6.92,37.50,35.00,0,1,0.00,0.00,0.33,0.02,0.00,0.00,1,0,0,
1754584934800,0,0,0,39,0,0,0.00,2.18,0.82,90,769,-64.23,-65.00,-64.00,-64.00,-64.00,-64.00,13,5,-46.45,6.91,39.00,34.00,0,1,0.00,0.00,0.33,0.02,0.00,0.00,1,0,0,
1754584935800,0,0,0,39,0,0,0.00,0.74,0.89,40,769,-64.08,-65.00,-64.00,-64.00,-64.00,-64.00,12,5,-46.30,6.92,38.50,33.00,0,0,0.00,0.00,0.33,0.02,0.00,0.00,0,0,0,
1754584936800,0,0,0,39,0,0,0.00,0.74,0.83,40,769,-64.08,-65.00,-64.00,-64.00,-64.00,-64.00,13,5,-46.30,6.92,38.50,34.00,0,0,0.00,0.00,0.33,0.02,0.00,0.00,0,0,0,
1754584937800,0,0,0,39,0,0,0.00,2.18,0.79,90,779,-64.17,-65.00,-64.00,-64.00,-64.00,-64.00,12,5,-46.39,6.92,38.50,33.00,0,1,0.00,0.00,0.33,0.02,0.00,0.00,1,0,0,
1754584938800,0,0,0,39,0,0,0.00,2.18,0.82,90,796,-64.08,-65.00,-64.00,-64.00,-64.00,-64.00,13,5,-46.30,6.92,39.00,35.00,0,1,0.00,0.00,0.33,0.02,0.00,0.00,1,0,0,
1754584939800,0,0,0,39,0,0,0.00,2.18,0.82,90,794,-64.08,-65.00,-64.00,-64.00,-64.00,-64.00,12,5,-46.30,6.92,39.00,33.00,0,1,0.00,0.00,0.33,0.02,0.00,0.00,1,0,0,
1754584940800,0,0,0,39,0,0,0.00,0.74,0.78,40,779,-64.23,-65.00,-64.00,-64.00,-64.00,-64.00,13,5,-46.45,6.91,38.50,35.00,0,0,0.00,0.00,0.33,0.02,0.00,0.00,0,0,0,
1754584941800,0,0,0,39,0,0,0.00,0.74,1.22,40,779,-64.17,-65.00,-64.00,-64.00,-64.00,-64.00,12,5,-46.39,6.92,40.00,36.00,0,0,0.00,0.00,0.33,0.02,0.00,0.00,0,0,0,
1754584942800,0,0,0,39,0,0,0.00,2.18,0.66,125,789,-64.54,-65.00,-65.00,-65.00,-64.00,-64.00,13,5,-46.76,6.90,38.00,38.00,0,1,0.00,0.00,0.33,0.02,0.00,0.00,1,0,0,
1754584943800,0,0,0,39,0,0,0.00,2.18,0.86,81,801,-64.75,-65.00,-65.00,-65.00,-64.50,-64.00,12,5,-46.97,6.89,38.50,37.00,0,0,0.00,0.00,0.33,0.02,0.00,0.00,0,0,0,
1754584944800,0,0,0,39,0,0,0.00,2.18,0.86,90,804,-64.85,-65.00,-65.00,-65.00,-65.00,-64.00,13,5,-47.06,6.89,38.00,38.00,0,1,0.00,0.00,0.33,0.02,0.00,0.00,1,0,0,
1754584945800,0,0,0,39,0,0,0.00,0.74,0.75,40,789,-64.92,-65.00,-65.00,-65.00,-65.00,-64.00,12,5,-47.14,6.89,37.50,39.00,0,0,0.00,0.00,0.33,0.02,0.00,0.00,0,0,0,
1754584946800,0,0,0,39,0,0,0.00,0.74,0.89,40,789,-65.00,-65.00,-65.00,-65.00,-65.00,-65.00,13,5,-47.22,6.88,38.00,39.00,0,0,0.00,0.00,0.33,0.02,0.00,0.00,0,0,0,
1754584947800,0,0,0,39,0,0,0.00,2.18,0.76,130,789,-65.00,-65.00,-65.00,-65.00,-65.00,-65.00,12,5,-47.22,6.88,38.00,39.00,0,1,0.00,0.00,0.33,0.02,0.00,0.00,1,0,0,
1754584948800,0,0,0,39,0,0,0.00,0.74,0.86,75,471,-65.00,-65.00,-65.00,-65.00,-65.00,-65.00,13,5,-47.22,6.88,39.50,38.00,0,0,0.00,0.00,0.33,0.02,0.00,0.00,0,0,0,
1754584949800,0,0,0,39,0,0,0.00,2.18,0.75,90,789,-65.00,-65.00,-65.00,-65.00,-65.00,-65.00,12,5,-47.22,6.88,38.50,38.00,0,1,0.00,0.00,0.33,0.02,0.00,0.00,1,0,0,
1754584950800,0,0,0,39,0,0,0.00,0.74,0.85,75,471,-65.00,-65.00,-65.00,-65.00,-65.00,-65.00,13,5,-47.22,6.88,39.00,39.00,0,0,0.00,0.00,0.33,0.02,0.00,0.00,0,0,0,
1754584951800,0,0,0,39,0,0,0.00,0.74,0.82,75,471,-64.83,-65.00,-65.00,-65.00,-65.00,-64.00,12,5,-47.05,6.89,40.50,37.00,0,0,0.00,0.00,0.33,0.02,0.00,0.00,0,0,0,
1754584952800,0,0,0,39,1,1,0.00,1.50,1.48,129,411,-64.92,-65.00,-65.00,-65.00,-65.00,-64.00,13,5,-47.14,6.89,59.50,37.00,0,1,0.00,0.00,0.33,0.02,0.00,0.00,1,0,0,
1754584953800,0,0,0,39,0,0,0.00,0.74,0.78,40,694,-64.92,-65.00,-65.00,-65.00,-65.00,-64.00,12,5,-47.14,6.89,39.00,37.00,0,0,0.00,0.00,0.33,0.02,0.00,0.00,0,0,0,
1754584954800,0,0,0,39,0,0,0.00,0.74,0.78,40,714,-64.85,-65.00,-65.00,-65.00,-65.00,-64.00,13,5,-47.06,6.89,38.50,38.00,0,0,0.00,0.00,0.33,0.02,0.00,0.00,0,0,0,
1754584955800,0,0,0,39,0,0,0.00,0.74,0.78,40,714,-64.83,-65.00,-65.00,-65.00,-65.00,-64.00,12,5,-47.05,6.89,60.00,38.00,0,0,0.00,0.00,0.33,0.02,0.00,0.00,0,0,0,
1754584956800,0,0,0,39,0,0,0.00,0.74,0.78,80,714,-65.00,-65.00,-65.00,-65.00,-65.00,-65.00,13,5,-47.22,6.88,37.50,39.00,0,0,0.00,0.00,0.32,0.02,0.00,0.00,0,0,0,
1754584957800,0,0,0,39,0,0,0.00,0.74,0.78,40,709,-65.00,-65.00,-65.00,-65.00,-65.00,-65.00,12,5,-47.22,6.88,38.50,38.00,0,0,0.00,0.00,0.32,0.02,0.00,0.00,0,0,0,
1754584958800,1,52,0,39,0,0,0.00,2.18,0.78,81,724,-65.00,-65.00,-65.00,-65.00,-65.00,-65.00,10,5,-47.22,6.88,59.50,39.00,0,1,0.00,0.00,0.32,0.02,0.00,0.00,1,0,0,
1754584959800,1,52,0,39,0,0,0.00,0.00,0.04,5,403,,,,,,,0,5,,0.00,37.50,36.00,1,0,0.00,0.00,0.33,0.02,0.00,0.00,0,0,0,
1754584960800,1,52,0,39,0,0,0.00,0.00,0.00,597,719,,,,,,,0,5,,0.00,38.00,36.00,1,1,0.10,0.00,0.33,0.02,0.00,0.00,1,0,0,
1754584961800,1,52,0,39,0,0,0.00,0.00,0.00,108,50,,,,,,,0,5,,0.00,37.00,36.00,0,0,0.03,0.00,0.33,0.02,0.00,0.00,0,0,0,
1754584962800,1,52,0,39,0,0,0.00,0.30,0.21,34,50,,,,,,,0,5,,0.00,36.50,34.00,0,0,0.01,0.00,0.33,0.02,0.00,0.00,0,0,0,
1754584963800,1,52,0,39,0,0,0.00,0.82,0.85,157,681,,,,,,,0,21,,0.00,31.50,38.00,0,1,0.01,0.00,0.33,0.02,0.00,0.00,1,0,0,
1754584964800,1,52,0,39,0,0,0.00,2.62,0.40,306,1936,,,,,,,0,5,,0.00,38.50,39.00,0,1,0.18,0.00,0.33,0.02,0.00,0.00,1,0,0,
1754584965800,1,52,0,39,0,0,0.00,17.02,0.09,630,50,,,,,,,0,5,,0.00,37.00,39.00,0,0,0.10,0.00,0.33,0.02,0.00,0.00,0,0,0,
1754584966800,1,52,0,39,0,0,0.00,7.46,0.67,267,50,,,,,,,0,5,,0.00,37.50,37.00,0,1,0.04,0.00,0.33,0.02,0.00,0.00,1,0,0,
1754584967800,1,52,0,39,0,0,0.00,1.01,0.95,159,686,,,,,,,0,21,,0.00,29.50,34.00,0,1,0.02,0.00,0.33,0.02,0.00,0.00,1,0,0,
1754584968800,1,52,0,39,2,2,3259.25,4.91,2.24,363,1936,,,,,,,0,106,,0.00,5.00,32.00,0,2,0.19,0.03,0.33,0.02,0.00,0.00,2,0,0,
1754584969800,1,52,0,39,1,1,79.00,5.52,3.79,274,1931,,,,,,,0,94,,0.00,5.50,30.00,0,3,0.30,0.02,0.33,0.02,0.00,0.00,3,0,0,
1754584970800,1,52,0,39,0,0,0.00,9.36,0.00,235,669,-65.00,-65.00,-65.00,-65.00,-65.00,-65.00,1,5,-47.22,6.88,39.00,29.00,0,0,0.22,0.02,0.34,0.02,0.00,0.00,0,0,0,
1754584971800,1,52,0,39,0,0,0.00,0.02,1.04,117,686,,,,,,,0,21,,0.00,31.50,29.00,0,0,0.09,0.02,0.34,0.02,0.00,0.00,0,0,0,
1754584972800,1,52,0,39,0,0,0.00,0.14,0.82,203,1312,,,,,,,0,21,,0.00,32.00,31.00,0,0,0.20,0.02,0.34,0.02,0.00,0.00,0,0,0,
1754584973800,1,52,0,39,0,0,0.00,3.25,0.47,266,1936,,,,,,,0,21,,0.00,28.00,31.00,0,3,0.31,0.04,0.34,0.02,0.00,0.00,3,0,0,
1754584974800,1,52,0,39,0,0,0.00,0.00,0.00,146,35,,,,,,,0,5,,0.00,38.50,27.00,0,0,0.20,0.02,0.34,0.02,0.00,0.00,0,0,0,
1754584975800,1,52,0,39,0,0,0.00,0.30,0.21,58,50,,,,,,,0,5,,0.00,39.50,32.00,0,0,0.07,0.01,0.34,0.02,0.00,0.00,0,0,0,
1754584976800,1,52,0,39,0,0,0.00,2.70,1.00,265,691,,,,,,,0,21,,0.00,30.00,32.00,0,0,0.03,0.00,0.34,0.02,0.00,0.00,0,0,0,
1754584977800,1,52,0,39,0,0,0.00,0.14,0.82,203,1312,,,,,,,0,21,,0.00,31.50,34.00,0,1,0.15,0.00,0.34,0.02,0.00,0.00,1,0,0,
1754584978800,1,52,0,39,0,0,0.00,8.38,0.00,474,649,,,,,,,0,5,,0.00,37.50,33.00,0,4,0.18,0.02,0.34,0.02,0.00,0.00,3,0,0,
1754584979800,1,52,0,39,0,0,0.00,12.74,0.42,200,696,,,,,,,0,21,,0.00,31.50,35.00,0,7,0.06,0.01,0.34,0.02,0.00,0.00,5,0,0,
1754584980800,1,52,0,39,0,0,0.00,1.69,0.41,83,1312,,,,,,,0,5,,0.00,36.50,36.00,0,5,0.18,0.01,0.35,0.02,0.00,0.00,4,0,0,
1754584981800,1,52,0,39,0,0,0.00,11.52,0.00,305,40,,,,,,,0,5,,0.00,37.00,32.00,0,0,0.11,0.00,0.35,0.02,0.00,0.00,0,0,0,
1754584982800,0,0,0,39,0,0,0.00,11.47,0.30,408,50,,,,,,,0,5,,0.00,37.00,36.00,0,0,0.04,0.02,0.35,0.02,0.00,0.00,0,0,0,
1754584983800,0,0,0,39,0,0,0.00,1.40,0.73,68,50,,,,,,,0,5,,0.00,39.00,34.00,0,0,0.01,0.01,0.35,0.02,0.00,0.00,0,0,0,
1754584984800,0,0,0,39,1,1,51.00,4.06,0.75,202,50,,,,,,,0,5,,0.00,38.50,37.00,0,0,0.00,0.00,0.35,0.02,0.00,0.00,0,0,0,
1754584985800,0,0,0,39,7,7,0.00,11.27,7.70,368,791,-64.50,-65.00,-65.00,-64.50,-64.00,-64.00,12,5,-46.72,6.90,38.50,38.00,0,1,0.00,0.00,0.34,0.02,0.00,0.00,1,0,0,
1754584986800,0,0,0,39,0,1,0.00,2.18,1.90,40,741,-64.54,-65.00,-65.00,-65.00,-64.00,-64.00,13,5,-46.76,6.90,39.50,37.00,1,2,0.00,0.00,0.34,0.02,0.00,0.00,2,0,0,
1754584987800,0,0,0,39,0,0,0.00,0.74,0.83,23,421,-64.33,-65.00,-65.00,-64.00,-64.00,-64.00,12,5,-46.55,6.91,39.00,31.00,0,3,0.00,0.00,0.34,0.02,0.00,0.00,3,0,0,
1754584988800,0,0,0,39,0,0,0.00,0.74,0.74,25,719,-64.62,-65.00,-65.00,-65.00,-64.00,-64.00,13,5,-46.83,6.90,37.50,35.00,0,2,0.00,0.00,0.34,0.02,0.00,0.00,2,0,0,
1754584989800,0,0,0,39,0,0,0.00,0.74,0.82,22,719,-64.17,-65.00,-64.00,-64.00,-64.00,-64.00,12,5,-46.39,6.92,39.50,35.00,1,3,0.00,0.00,0.34,0.02,0.00,0.00,3,0,0,
1754584990800,0,0,0,39,0,0,0.00,2.18,0.82,30,741,-64.31,-65.00,-65.00,-64.00,-64.00,-64.00,13,5,-46.53,6.91,38.50,36.00,1,5,0.00,0.00,0.34,0.02,0.00,0.00,4,0,0,
1754584991800,0,0,0,39,0,0,0.00,2.18,0.82,30,744,-64.58,-65.00,-65.00,-65.00,-64.00,-64.00,12,5,-46.80,6.90,39.00,36.00,1,5,0.00,0.00,0.34,0.02,0.00,0.00,4,0,0,
1754584992800,0,0,0,39,0,0,0.00,2.18,0.89,36,734,-64.23,-65.00,-64.00,-64.00,-64.00,-64.00,13,5,-46.45,6.91,38.00,37.00,0,3,0.00,0.00,0.34,0.02,0.00,0.00,3,0,0,
1754584993800,0,0,0,39,0,0,0.00,0.74,0.72,22,729,-64.25,-65.00,-64.50,-64.00,-64.00,-64.00,12,5,-46.47,6.91,39.50,36.00,0,3,0.00,0.00,0.34,0.02,0.00,0.00,3,0,0,
1754584994800,0,0,0,39,0,0,0.00,0.74,0.82,31,729,-64.54,-65.00,-65.00,-65.00,-64.00,-64.00,13,5,-46.76,6.90,39.00,34.00,1,1,0.00,0.00,0.34,0.02,0.00,0.00,1,0,0,
1754584995800,0,0,0,39,0,0,0.00,2.18,0.82,81,739,-64.08,-65.00,-64.00,-64.00,-64.00,-64.00,12,5,-46.30,6.92,38.00,33.00,1,1,0.00,0.00,0.34,0.02,0.00,0.00,1,0,0,
1754584996800,0,0,0,39,0,0,0.00,2.18,0.82,90,754,-64.38,-65.00,-65.00,-64.00,-64.00,-64.00,13,5,-46.60,6.91,38.50,33.00,1,0,0.00,0.00,0.34,0.02,0.00,0.00,0,0,0,
1754584997800,0,0,0,39,0,0,0.00,2.18,0.82,130,754,-64.50,-65.00,-65.00,-64.50,-64.00,-64.00,12,5,-46.72,6.90,39.50,35.00,1,0,0.00,0.00,0.34,0.02,0.00,0.00,0,0,0,
1754584998800,0,0,0,39,0,0,0.00,0.74,0.78,40,739,-64.54,-65.00,-65.00,-65.00,-64.00,-64.00,13,5,-46.76,6.90,39.00,35.00,0,0,0.00,0.00,0.34,0.02,0.00,0.00,0,0,0,
1754584999800,0,0,0,39,0,0,0.00,0.74,0.82,40,739,-64.33,-65.00,-65.00,-64.00,-64.00,-64.00,12,5,-46.55,6.91,39.00,35.00,1,0,0.00,0.00,0.34,0.02,0.00,0.00,0,0,0,
1754585000800,0,0,0,39,0,0,0.00,2.18,0.82,90,749,-64.46,-65.00,-65.00,-64.00,-64.00,-64.00,13,5,-46.68,6.90,40.00,34.00,1,0,0.00,0.00,0.34,0.02,0.00,0.00,0,0,0,
1754585001800,0,0,0,39,0,0,0.00,2.18,0.82,81,761,-64.50,-65.00,-65.00,-64.50,-64.00,-64.00,12,5,-46.72,6.90,38.50,34.00,1,1,0.00,0.00,0.34,0.02,0.00,0.00,1,0,0,
1754585002800,0,0,0,39,0,0,0.00,2.18,0.82,90,764,-64.23,-65.00,-64.00,-64.00,-64.00,-64.00,13,5,-46.45,6.91,38.00,33.00,1,0,0.00,0.00,0.34,0.02,0.00,0.00,0,0,0,
1754585003800,0,0,0,39,0,0,0.00,0.74,0.89,40,749,-64.00,-64.00,-64.00,-64.00,-64.00,-64.00,12,5,-46.22,6.92,39.50,32.00,0,0,0.00,0.00,0.34,0.02,0.00,0.00,0,0,0,
1754585004800,0,0,0,39,0,0,0.00,0.74,0.72,40,744,-64.00,-64.00,-64.00,-64.00,-64.00,-64.00,13,5,-46.22,6.92,38.50,30.00,1,0,0.00,0.00,0.34,0.02,0.00,0.00,0,0,0,
1754585005800,0,0,0,39,0,0,0.00,2.18,0.82,90,759,-64.00,-64.00,-64.00,-64.00,-64.00,-64.00,12,5,-46.22,6.92,38.00,30.00,1,0,0.00,0.00,0.34,0.02,0.00,0.00,0,0,0,
1754585006800,0,0,0,39,0,0,0.00,2.18,0.82,90,776,-64.00,-64.00,-64.00,-64.00,-64.00,-64.00,13,5,-46.22,6.92,39.00,30.00,1,0,0.00,0.00,0.34,0.02,0.00,0.00,0,0,0,
1754585007800,0,0,0,39,0,0,0.00,2.18,0.82,90,774,-64.00,-64.00,-64.00,-64.00,-64.00,-64.00,12,5,-46.22,6.92,38.00,27.00,1,0,0.00,0.00,0.34,0.02,0.00,0.00,0,0,0,
1754585008800,0,0,0,39,0,0,0.00,0.74,0.93,40,759,-64.00,-64.00,-64.00,-64.00,-64.00,-64.00,13,5,-46.22,6.92,39.00,28.00,0,0,0.00,0.00,0.34,0.02,0.00,0.00,0,0,0,
1754585009800,0,0,0,39,0,0,0.00,0.74,0.72,40,749,-63.75,-64.00,-64.00,-64.00,-63.50,-63.00,12,5,-45.97,6.93,40.00,30.00,0,0,0.00,0.00,0.34,0.02,0.00,0.00,0,0,0,
1754585010800,0,0,0,39,0,0,0.00,0.74,0.78,40,759,-63.92,-64.00,-64.00,-64.00,-64.00,-63.00,13,5,-46.14,6.93,39.00,27.00,1,0,0.00,0.00,0.34,0.02,0.00,0.00,0,0,0,
1754585011800,0,0,0,39,0,0,0.00,2.18,0.82,90,781,-64.00,-64.00,-64.00,-64.00,-64.00,-64.00,12,5,-46.22,6.92,38.50,31.00,1,0,0.00,0.00,0.34,0.02,0.00,0.00,0,0,0,
1754585012800,0,0,0,39,0,0,0.00,2.18,0.82,90,789,-64.00,-64.00,-64.00,-64.00,-64.00,-64.00,13,5,-46.22,6.92,37.50,33.00,1,0,0.00,0.00,0.33,0.02,0.00,0.00,0,0,0,
1754585013800,0,0,0,39,0,0,0.00,0.74,0.93,40,774,-64.00,-64.00,-64.00,-64.00,-64.00,-64.00,12,5,-46.22,6.92,40.00,34.00,0,0,0.00,0.00,0.33,0.02,0.00,0.00,0,0,0,
1754585014800,0,0,0,39,0,0,0.00,0.74,0.76,40,764,-64.00,-64.00,-64.00,-64.00,-64.00,-64.00,13,5,-46.22,6.92,38.00,33.00,2,0,0.00,0.00,0.33,0.02,0.00,0.00,0,0,0,
1754585015800,0,0,0,39,8,2,0.00,9.97,2.77,383,779,-64.00,-64.00,-64.00,-64.00,-64.00,-64.00,12,5,-46.22,6.92,37.50,33.00,1,1,0.00,0.00,0.33,0.02,0.00,0.00,1,0,0,
1754585016800,0,0,0,39,0,0,0.00,2.18,0.82,130,796,-64.00,-64.00,-64.00,-64.00,-64.00,-64.00,13,5,-46.22,6.92,36.50,35.00,1,0,0.00,0.00,0.33,0.02,0.00,0.00,0,0,0,
1754585017800,0,0,0,39,0,0,0.00,2.18,0.82,90,794,-64.00,-64.00,-64.00,-64.00,-64.00,-64.00,12,5,-46.22,6.92,38.00,34.00,1,0,0.00,0.00,0.33,0.02,0.00,0.00,0,0,0,
1754585018800,0,0,0,39,0,0,0.00,0.74,0.93,40,784,-64.15,-65.00,-64.00,-64.00,-64.00,-64.00,13,5,-46.37,6.92,39.00,34.00,0,0,0.00,0.00,0.33,0.02,0.00,0.00,0,0,0,
1754585019800,0,0,0,39,5,2,0.00,5.75,3.02,194,774,-64.00,-64.00,-64.00,-64.00,-64.00,-64.00,12,5,-46.22,6.92,37.00,33.00,3,0,0.00,0.00,0.33,0.02,0.00,0.00,0,0,0,
1754585020800,0,0,0,39,0,0,0.00,2.18,0.85,125,789,-64.00,-64.00,-64.00,-64.00,-64.00,-64.00,13,5,-46.22,6.92,38.00,35.00,2,0,0.00,0.00,0.33,0.02,0.00,0.00,0,0,0,
1754585021800,0,0,0,39,0,0,0.00,2.18,0.86,90,806,-64.08,-65.00,-64.00,-64.00,-64.00,-64.00,12,5,-46.30,6.92,38.00,35.00,2,0,0.00,0.00,0.33,0.02,0.00,0.00,0,0,0,
1754585022800,0,0,0,39,0,0,0.00,2.18,0.86,90,804,-64.08,-65.00,-64.00,-64.00,-64.00,-64.00,13,5,-46.30,6.92,37.00,33.00,2,0,0.00,0.00,0.33,0.02,0.00,0.00,0,0,0,
1754585023800,0,0,0,39,0,0,0.00,0.74,0.93,40,794,-64.25,-65.00,-64.50,-64.00,-64.00,-64.00,12,5,-46.47,6.91,38.00,33.00,0,0,0.00,0.00,0.33,0.02,0.00,0.00,0,0,0,
1754585024800,0,0,0,39,0,0,0.00,0.74,0.82,40,784,-64.15,-65.00,-64.00,-64.00,-64.00,-64.00,13,5,-46.37,6.92,38.50,34.00,1,0,0.00,0.00,0.33,0.02,0.00,0.00,0,0,0,
1754585025800,0,0,0,39,0,0,0.00,2.18,0.76,90,779,-64.08,-65.00,-64.00,-64.00,-64.00,-64.00,12,5,-46.30,6.92,38.50,35.00,1,0,0.00,0.00,0.33,0.02,0.00,0.00,0,0,0,
1754585026800,0,0,0,39,0,0,0.00,0.74,0.78,75,481,-64.00,-64.00,-64.00,-64.00,-64.00,-64.00,13,5,-46.22,6.92,39.00,35.00,2,0,0.00,0.00,0.33,0.02,0.00,0.00,0,0,0,
1754585027800,0,0,0,39,0,0,0.00,2.18,0.82,90,794,-64.00,-64.00,-64.00,-64.00,-64.00,-64.00,12,5,-46.22,6.92,39.00,34.00,1,0,0.00,0.00,0.33,0.02,0.00,0.00,0,0,0,
1754585028800,0,0,0,39,0,0,0.00,0.74,0.85,75,471,-64.08,-65.00,-64.00,-64.00,-64.00,-64.00,13,5,-46.30,6.92,39.00,35.00,2,0,0.00,0.00,0.33,0.02,0.00,0.00,0,0,0,
1754585029800,0,0,0,39,0,0,0.00,0.74,0.72,75,456,-64.00,-64.00,-64.00,-64.00,-64.00,-64.00,12,5,-46.22,6.92,39.00,33.00,1,0,0.00,0.00,0.33,0.02,0.00,0.00,0,0,0,
1754585030800,0,0,0,39,1,1,453.33,1.50,1.58,129,471,-64.00,-64.00,-64.00,-64.00,-64.00,-64.00,13,5,-46.22,6.92,39.50,33.00,1,0,0.00,0.00,0.33,0.02,0.00,0.00,0,0,0,
1754585031800,0,0,0,39,0,0,27.00,0.74,0.78,40,699,-64.00,-64.00,-64.00,-64.00,-64.00,-64.00,12,5,-46.22,6.92,38.50,30.00,1,0,0.00,0.00,0.33,0.02,0.00,0.00,0,0,0,
1754585032800,0,0,0,39,0,0,116.00,0.74,0.78,40,716,-64.00,-64.00,-64.00,-64.00,-64.00,-64.00,13,5,-46.22,6.92,38.50,30.00,1,0,0.00,0.00,0.33,0.02,0.00,0.00,0,0,0,
1754585033800,0,0,0,39,0,0,355.00,0.74,0.74,75,396,-64.00,-64.00,-64.00,-64.00,-64.00,-64.00,12,5,-46.22,6.92,38.00,29.00,1,0,0.00,0.00,0.33,0.02,0.00,0.00,0,0,0,
1754585034800,0,0,0,39,0,0,50.00,0.74,0.76,40,699,-64.00,-64.00,-64.00,-64.00,-64.00,-64.00,13,106,-32.96,205.86,18.50,30.00,1,0,0.00,0.00,0.33,0.02,0.00,0.00,0,0,0,
1754585035800,0,0,0,39,0,0,0.00,0.00,0.13,5,80,-64.00,-64.00,-64.00,-64.00,-64.00,-64.00,12,5,-46.22,6.92,37.50,31.00,0,0,0.00,0.00,0.33,0.02,0.00,0.00,0,0,0,
1754585036800,0,0,0,39,0,0,0.00,0.74,0.72,31,694,-64.00,-64.00,-64.00,-64.00,-64.00,-64.00,13,5,-46.22,6.92,39.00,36.00,0,1,0.00,0.00,0.33,0.02,0.00,0.00,1,0,0,
1754585037800,0,0,0,39,0,0,0.00,0.74,0.78,25,709,-64.00,-64.00,-64.00,-64.00,-64.00,-64.00,12,5,-46.22,6.92,38.00,33.00,0,2,0.00,0.00,0.33,0.02,0.00,0.00,2,0,0,
1754585038800,0,0,0,39,0,0,0.00,2.18,0.78,32,741,-64.23,-65.00,-64.00,-64.00,-64.00,-64.00,13,5,-46.45,6.91,38.50,34.00,0,4,0.00,0.00,0.33,0.02,0.00,0.00,3,0,0,
1754585039800,0,0,0,39,0,0,0.00,0.74,0.78,36,426,-64.33,-65.00,-65.00,-64.00,-64.00,-64.00,12,5,-46.55,6.91,38.00,34.00,0,2,0.00,0.00,0.33,0.02,0.00,0.00,2,0,0,
1754585040800,0,0,0,39,0,0,0.00,0.74,0.78,35,426,-64.15,-65.00,-64.00,-64.00,-64.00,-64.00,13,5,-46.37,6.92,38.00,35.00,0,0,0.00,0.00,0.33,0.02,0.00,0.00,0,0,0,
1754585041800,0,0,0,39,0,0,0.00,0.74,0.78,75,421,-64.25,-65.00,-64.50,-64.00,-64.00,-64.00,12,5,-46.47,6.91,38.00,34.00,0,0,0.00,0.00,0.33,0.02,0.00,0.00,0,0,0,
1754585042800,0,0,0,39,0,0,0.00,0.74,0.78,40,719,-64.23,-65.00,-64.00,-64.00,-64.00,-64.00,13,5,-46.45,6.91,38.50,36.00,0,0,0.00,0.00,0.33,0.02,0.00,0.00,0,0,0,
1754585043800,0,0,0,39,0,0,0.00,2.18,0.82,90,729,-64.25,-65.00,-64.50,-64.00,-64.00,-64.00,12,5,-46.47,6.91,39.50,34.00,0,0,0.00,0.00,0.32,0.02,0.00,0.00,0,0,0,
1754585044800,0,0,0,39,0,0,0.00,2.18,0.82,90,744,-64.31,-65.00,-65.00,-64.00,-64.00,-64.00,13,5,-46.53,6.91,38.50,35.00,0,0,0.00,0.00,0.32,0.02,0.00,0.00,0,0,0,
1754585045800,0,0,0,39,0,0,0.00,2.18,0.82,90,744,-64.17,-65.00,-64.00,-64.00,-64.00,-64.00,12,5,-46.39,6.92,38.50,37.00,0,0,0.00,0.00,0.32,0.02,0.00,0.00,0,0,0,
1754585046800,0,0,0,39,0,0,0.00,0.74,0.82,40,729,-64.31,-65.00,-65.00,-64.00,-64.00,-64.00,13,5,-46.53,6.91,39.00,36.00,0,0,0.00,0.00,0.32,0.02,0.00,0.00,0,0,0,
1754585047800,0,0,0,39,0,0,0.00,0.74,0.78,40,729,-64.50,-65.00,-65.00,-64.50,-64.00,-64.00,12,5,-46.72,6.90,39.00,36.00,0,0,0.00,0.00,0.32,0.02,0.00,0.00,0,0,0,
1754585048800,0,0,0,39,0,0,0.00,2.18,0.82,90,739,-64.23,-65.00,-64.00,-64.00,-64.00,-64.00,13,5,-46.45,6.91,39.50,35.00,0,0,0.00,0.00,0.32,0.02,0.00,0.00,0,0,0,
1754585049800,0,0,0,39,0,0,0.00,2.18,0.82,81,751,-64.67,-65.00,-65.00,-65.00,-64.00,-64.00,12,5,-46.89,6.90,40.00,37.00,0,1,0.00,0.00,0.32,0.02,0.00,0.00,1,0,0,
1754585050800,0,0,0,39,0,0,0.00,2.18,0.82,130,754,-64.15,-65.00,-64.00,-64.00,-64.00,-64.00,13,5,-46.37,6.92,39.50,34.00,0,0,0.00,0.00,0.32,0.02,0.00,0.00,0,0,0,
1754585051800,0,0,0,39,0,0,0.00,0.74,0.93,40,739,-64.17,-65.00,-64.00,-64.00,-64.00,-64.00,12,5,-46.39,6.92,39.50,33.00,0,0,0.00,0.00,0.32,0.02,0.00,0.00,0,0,0,
1754585052800,0,0,0,39,0,0,0.00,0.74,0.72,40,739,-64.08,-65.00,-64.00,-64.00,-64.00,-64.00,13,5,-46.30,6.92,38.50,33.00,0,0,0.00,0.00,0.32,0.02,0.00,0.00,0,0,0,
1754585053800,0,0,0,39,0,0,0.00,2.18,0.82,130,749,-64.17,-65.00,-64.00,-64.00,-64.00,-64.00,12,5,-46.39,6.92,38.00,34.00,0,0,0.00,0.00,0.32,0.02,0.00,0.00,0,0,0,
1754585054800,0,0,0,39,0,0,0.00,2.18,0.82,90,766,-64.00,-64.00,-64.00,-64.00,-64.00,-64.00,13,5,-46.22,6.92,38.50,34.00,0,0,0.00,0.00,0.32,0.02,0.00,0.00,0,0,0,
1754585055800,0,0,0,39,0,0,0.00,2.18,0.82,90,764,-64.00,-64.00,-64.00,-64.00,-64.00,-64.00,12,5,-46.22,6.92,39.00,31.00,0,0,0.00,0.00,0.32,0.02,0.00,0.00,0,0,0,
1754585056800,0,0,0,39,0,0,0.00,0.74,0.93,40,749,-64.00,-64.00,-64.00,-64.00,-64.00,-64.00,13,5,-46.22,6.92,40.00,32.00,0,0,0.00,0.00,0.32,0.02,0.00,0.00,0,0,0,
1754585057800,0,0,0,39,0,0,0.00,0.74,0.72,40,749,-64.00,-64.00,-64.00,-64.00,-64.00,-64.00,12,5,-46.22,6.92,38.50,32.00,0,0,0.00,0.00,0.32,0.02,0.00,0.00,0,0,0,
1754585058800,0,0,0,39,0,0,0.00,0.74,0.78,40,749,-64.00,-64.00,-64.00,-64.00,-64.00,-64.00,13,5,-46.22,6.92,39.00,30.00,0,0,0.00,0.00,0.32,0.02,0.00,0.00,0,0,0,
1754585059800,0,0,0,39,0,0,0.00,2.18,0.82,90,771,-64.00,-64.00,-64.00,-64.00,-64.00,-64.00,12,5,-46.22,6.92,39.50,32.00,0,0,0.00,0.00,0.32,0.02,0.00,0.00,0,0,0,
1754585060800,0,0,0,39,0,0,0.00,2.18,0.82,90,774,-64.00,-64.00,-64.00,-64.00,-64.00,-64.00,13,5,-46.22,6.92,39.50,33.00,0,0,0.00,0.00,0.32,0.02,0.00,0.00,0,0,0,
1754585061800,0,0,0,39,0,0,0.00,2.18,0.93,90,764,-64.00,-64.00,-64.00,-64.00,-64.00,-64.00,12,5,-46.22,6.92,39.50,34.00,0,0,0.00,0.00,0.32,0.02,0.00,0.00,0,0,0,
1754585062800,0,0,0,39,0,0,0.00,0.74,0.72,80,759,-64.00,-64.00,-64.00,-64.00,-64.00,-64.00,13,5,-46.22,6.92,38.50,34.00,0,0,0.00,0.00,0.32,0.02,0.00,0.00,0,0,0,
1754585063800,0,0,0,39,0,0,0.00,0.74,0.78,40,759,-64.25,-65.00,-64.50,-64.00,-64.00,-64.00,12,5,-46.47,6.91,39.00,33.00,0,0,0.00,0.00,0.32,0.02,0.00,0.00,0,0,0,
1754585064800,0,0,0,39,0,0,0.00,2.18,0.82,90,781,-64.00,-64.00,-64.00,-64.00,-64.00,-64.00,13,5,-46.22,6.92,40.00,30.00,0,0,0.00,0.00,0.32,0.02,0.00,0.00,0,0,0,
1754585065800,0,0,0,39,0,0,0.00,2.18,0.82,90,784,-64.00,-64.00,-64.00,-64.00,-64.00,-64.00,12,5,-46.22,6.92,38.50,33.00,0,0,0.00,0.00,0.32,0.02,0.00,0.00,0,0,0,
1754585066800,0,0,0,39,0,0,0.00,2.18,0.93,90,774,-64.15,-65.00,-64.00,-64.00,-64.00,-64.00,13,5,-46.37,6.92,39.50,33.00,0,0,0.00,0.00,0.32,0.02,0.00,0.00,0,0,0,
1754585067800,0,0,0,39,0,0,0.00,0.74,0.76,40,769,-64.17,-65.00,-64.00,-64.00,-64.00,-64.00,12,5,-46.39,6.92,38.50,35.00,0,0,0.00,0.00,0.32,0.02,0.00,0.00,0,0,0,
1754585068800,0,0,0,39,0,0,0.00,0.74,0.82,40,769,-64.31,-65.00,-65.00,-64.00,-64.00,-64.00,13,5,-46.53,6.91,38.00,37.00,1,0,0.00,0.00,0.32,0.02,0.00,0.00,0,0,0,
1754585069800,0,0,0,39,0,0,0.00,2.18,0.82,90,796,-64.42,-65.00,-65.00,-64.00,-64.00,-64.00,12,5,-46.64,6.91,39.00,36.00,0,0,0.00,0.00,0.32,0.02,0.00,0.00,0,0,0,
1754585070800,0,0,0,39,0,0,0.00,2.18,0.82,90,794,-64.38,-65.00,-65.00,-64.00,-64.00,-64.00,13,5,-46.60,6.91,38.50,37.00,0,0,0.00,0.00,0.32,0.02,0.00,0.00,0,0,0,
1754585071800,0,0,0,39,0,0,0.00,0.74,0.93,40,779,-64.33,-65.00,-65.00,-64.00,-64.00,-64.00,12,5,-46.55,6.91,38.00,34.00,0,0,0.00,0.00,0.32,0.02,0.00,0.00,0,0,0,
1754585072800,0,0,0,39,0,0,0.00,0.74,0.82,40,779,-64.46,-65.00,-65.00,-64.00,-64.00,-64.00,13,5,-46.68,6.90,38.50,33.00,2,0,0.00,0.00,0.31,0.02,0.00,0.00,0,0,0,
1754585073800,0,0,0,39,0,0,0.00,2.18,0.92,125,789,-64.50,-65.00,-65.00,-64.50,-64.00,-64.00,12,5,-46.72,6.90,38.00,36.00,1,0,0.00,0.00,0.31,0.02,0.00,0.00,0,0,0,
1754585074800,0,0,0,39,0,0,0.00,2.18,0.86,90,806,-64.38,-65.00,-65.00,-64.00,-64.00,-64.00,13,5,-46.60,6.91,38.00,34.00,1,0,0.00,0.00,0.31,0.02,0.00,0.00,0,0,0,
1754585075800,0,0,0,39,0,0,0.00,2.18,0.86,90,804,-64.42,-65.00,-65.00,-64.00,-64.00,-64.00,12,5,-46.64,6.91,38.50,36.00,1,0,0.00,0.00,0.31,0.02,0.00,0.00,0,0,0,
1754585076800,0,0,0,39,0,0,0.00,0.74,0.93,40,789,-64.38,-65.00,-65.00,-64.00,-64.00,-64.00,13,5,-46.60,6.91,38.50,35.00,0,0,0.00,0.00,0.31,0.02,0.00,0.00,0,0,0,
1754585077800,0,0,0,39,0,0,0.00,0.74,0.82,40,789,-64.25,-65.00,-64.50,-64.00,-64.00,-64.00,12,5,-46.47,6.91,39.50,34.00,2,0,0.00,0.00,0.31,0.02,0.00,0.00,0,0,0,
1754585078800,0,0,0,39,0,0,0.00,2.18,0.76,90,789,-64.46,-65.00,-65.00,-64.00,-64.00,-64.00,13,5,-46.68,6.90,38.00,35.00,1,0,0.00,0.00,0.31,0.02,0.00,0.00,0,0,0,
1754585079800,0,0,0,39,0,0,0.00,0.74,0.78,35,471,-64.33,-65.00,-65.00,-64.00,-64.00,-64.00,12,5,-46.55,6.91,39.00,34.00,1,0,0.00,0.00,0.31,0.02,0.00,0.00,0,0,0,
1754585080800,0,0,0,39,0,0,0.00,2.18,0.80,90,789,-64.15,-65.00,-64.00,-64.00,-64.00,-64.00,13,5,-46.37,6.92,38.50,33.00,0,0,0.00,0.00,0.31,0.02,0.00,0.00,0,0,0,
1754585081800,0,0,0,39,0,0,456.00,0.74,0.77,75,471,-64.42,-65.00,-65.00,-64.00,-64.00,-64.00,12,5,-46.64,6.91,38.00,33.00,1,0,0.00,0.00,0.31,0.02,0.00,0.00,0,0,0,
1754585082800,0,0,0,39,0,0,85.00,0.74,0.82,35,471,-64.00,-64.00,-64.00,-64.00,-64.00,-64.00,13,5,-46.22,6.92,39.50,32.00,1,0,0.00,0.00,0.31,0.02,0.00,0.00,0,0,0,
1754585083800,1,50,0,39,0,0,0.00,0.00,0.10,5,456,-64.58,-65.00,-65.00,-65.00,-64.00,-64.00,12,5,-46.80,6.90,37.50,29.00,1,0,0.00,0.00,0.31,0.02,0.00,0.00,0,0,0,
1754585084800,1,50,0,39,0,0,0.00,0.00,0.00,691,120,-64.14,-65.00,-64.00,-64.00,-64.00,-64.00,7,5,-46.36,6.92,35.50,31.00,1,1,0.04,0.00,0.31,0.02,0.00,0.00,1,0,0,
1754585085800,1,50,0,39,5,2,0.00,5.95,2.80,354,1107,-64.25,-65.00,-64.50,-64.00,-64.00,-64.00,12,5,-46.47,6.91,36.00,32.00,1,0,0.04,0.00,0.31,0.02,0.00,0.00,0,0,0,
1754585086800,1,50,0,39,0,0,0.00,0.00,0.00,648,125,-64.20,-65.00,-64.00,-64.00,-64.00,-64.00,5,5,-46.42,6.92,38.00,31.00,1,1,0.06,0.00,0.31,0.02,0.00,0.00,1,0,0,
1754585087800,1,50,0,39,0,0,0.00,0.00,0.00,282,669,-65.00,-65.00,-65.00,-65.00,-65.00,-65.00,1,5,-47.22,6.88,38.50,33.00,0,0,0.07,0.00,0.32,0.02,0.00,0.00,0,0,0,
1754585088800,1,50,0,39,0,0,0.00,0.00,0.00,39,50,,,,,,,0,5,,0.00,38.00,33.00,0,0,0.02,0.00,0.32,0.02,0.00,0.00,0,0,0,
1754585089800,1,50,0,39,0,0,0.00,1.09,0.62,59,50,,,,,,,0,5,,0.00,37.50,34.00,0,0,0.01,0.00,0.32,0.02,0.00,0.00,0,0,0,
1754585090800,1,50,0,39,0,0,0.00,0.31,0.67,321,1968,-64.00,-64.00,-64.00,-64.00,-64.00,-64.00,2,5,-46.22,6.92,38.50,33.00,0,1,0.12,0.00,0.32,0.02,0.00,0.00,1,0,0,
1754585091800,1,50,0,39,6,8,0.00,14.65,10.02,517,1350,-64.17,-65.00,-64.00,-64.00,-64.00,-64.00,6,5,-46.39,6.92,38.00,34.00,0,0,0.14,0.01,0.32,0.02,0.00,0.00,0,0,0,
1754585092800,1,50,0,39,1,1,0.00,9.27,1.34,424,1410,-64.33,-65.00,-65.00,-64.00,-64.00,-64.00,9,5,-46.55,6.91,38.00,31.00,0,0,0.13,0.01,0.32,0.02,0.00,0.00,0,0,0,
1754585093800,1,50,0,39,0,0,0.00,15.84,0.00,590,180,-64.10,-65.00,-64.00,-64.00,-64.00,-64.00,10,5,-46.32,6.92,37.00,33.00,0,0,0.05,0.00,0.32,0.02,0.00,0.00,0,0,0,
1754585094800,1,50,0,39,0,0,0.00,10.32,0.00,702,426,-64.00,-64.00,-64.00,-64.00,-64.00,-64.00,4,5,-46.22,6.92,38.00,29.00,1,3,0.06,0.00,0.32,0.02,0.00,0.00,3,0,0,
1754585095800,1,50,0,39,0,0,0.00,6.32,0.22,285,826,-64.00,-64.00,-64.00,-64.00,-64.00,-64.00,3,5,-46.22,6.92,39.00,27.00,1,6,0.05,0.00,0.32,0.02,0.00,0.00,4,0,0,
1754585096800,1,50,0,39,0,0,0.00,0.00,0.00,0,175,-64.00,-64.00,-64.00,-64.00,-64.00,-64.00,5,5,-46.22,6.92,39.00,27.00,1,6,0.02,0.00,0.32,0.02,0.00,0.00,4,0,0,
1754585097800,1,50,0,39,0,0,0.00,0.00,0.00,10,704,,,,,,,0,5,,0.00,37.50,28.00,0,4,0.06,0.00,0.32,0.02,0.00,0.00,3,0,0,
1754585098800,1,50,0,39,0,0,0.00,0.00,0.00,52,50,,,,,,,0,5,,0.00,38.00,28.00,0,0,0.02,0.00,0.32,0.02,0.00,0.00,0,0,0,
1754585099800,1,50,0,39,0,0,0.00,0.90,0.31,45,50,,,,,,,0,5,,0.00,38.00,25.00,0,0,0.01,0.00,0.32,0.02,0.00,0.00,0,0,0,
1754585100800,1,50,0,39,0,0,0.00,1.79,0.73,82,50,,,,,,,0,5,,0.00,36.50,26.00,0,0,0.00,0.00,0.32,0.02,0.00,0.00,0,0,0,
1754585101800,1,50,0,39,0,0,0.00,1.62,0.70,75,50,,,,,,,0,5,,0.00,38.00,25.00,0,0,0.00,0.00,0.32,0.02,0.00,0.00,0,0,0,
1754585102800,1,50,0,39,3,3,0.00,7.62,5.12,474,1357,-64.00,-64.00,-64.00,-64.00,-64.00,-64.00,4,5,-46.22,6.92,40.00,26.00,0,0,0.10,0.00,0.32,0.02,0.00,0.00,0,0,0,
1754585103800,1,50,0,39,0,0,209.00,8.72,0.78,431,1365,-64.00,-64.00,-64.00,-64.00,-64.00,-64.00,7,5,-46.22,6.92,44.00,27.00,0,0,0.14,0.00,0.33,0.02,0.00,0.00,0,0,0,
1754585104800,1,50,0,39,0,0,0.00,15.94,4.89,566,806,-63.92,-64.00,-64.00,-64.00,-64.00,-63.00,13,5,-46.14,6.93,38.00,30.00,0,0,0.07,0.00,0.33,0.02,0.00,0.00,0,0,0,
1754585105800,1,50,0,39,0,0,0.00,9.48,0.00,562,411,-64.00,-64.00,-64.00,-64.00,-64.00,-64.00,7,5,-46.22,6.92,38.00,28.00,1,1,0.10,0.00,0.33,0.02,0.00,0.00,1,0,0,
1754585106800,1,50,0,39,0,0,0.00,9.88,0.00,458,729,-64.00,-64.00,-64.00,-64.00,-64.00,-64.00,6,5,-46.22,6.92,37.50,32.00,0,5,0.11,0.00,0.33,0.02,0.00,0.00,4,0,0,
1754585107800,1,50,0,39,0,0,0.00,16.72,0.00,457,50,,,,,,,0,5,,0.00,39.00,32.00,0,0,0.04,0.00,0.33,0.02,0.00,0.00,0,0,0,
1754585108800,1,50,0,39,0,0,0.00,14.70,0.19,517,50,,,,,,,0,5,,0.00,38.00,34.00,0,0,0.01,0.00,0.33,0.02,0.00,0.00,0,0,0,
1754585109800,1,50,0,39,0,0,0.00,0.68,0.69,260,1332,-64.00,-64.00,-64.00,-64.00,-64.00,-64.00,1,5,-46.22,6.92,39.00,31.00,0,0,0.07,0.00,0.33,0.02,0.00,0.00,0,0,0,
1754585110800,1,50,0,39,0,0,0.00,0.00,0.00,144,40,,,,,,,0,5,,0.00,37.50,33.00,0,0,0.06,0.00,0.33,0.02,0.00,0.00,0,0,0,
1754585111800,0,0,0,39,4,4,0.00,10.49,4.75,516,761,-64.00,-64.00,-64.00,-64.00,-64.00,-64.00,6,5,-46.22,6.92,38.00,30.00,0,1,0.04,0.00,0.33,0.02,0.00,0.00,1,0,0,
1754585112800,0,0,0,39,0,0,0.00,2.21,1.06,90,756,-63.92,-64.00,-64.00,-64.00,-64.00,-63.00,13,5,-46.14,6.93,39.50,27.00,0,0,0.01,0.00,0.33,0.02,0.00,0.00,0,0,0,
1754585113800,0,0,0,39,7,1,0.00,8.90,2.12,245,754,-64.00,-64.00,-64.00,-64.00,-64.00,-64.00,12,5,-46.22,6.92,60.00,30.00,0,2,0.01,0.00,0.33,0.02,0.00,0.00,2,0,0,
1754585114800,0,0,0,39,0,0,0.00,0.74,0.78,26,714,-64.00,-64.00,-64.00,-64.00,-64.00,-64.00,13,5,-46.22,6.92,39.00,31.00,0,1,0.00,0.00,0.33,0.02,0.00,0.00,1,0,0,
1754585115800,0,0,0,39,0,0,0.00,0.74,0.78,80,709,-64.00,-64.00,-64.00,-64.00,-64.00,-64.00,12,5,-46.22,6.92,38.00,30.00,0,0,0.00,0.00,0.33,0.02,0.00,0.00,0,0,0,
1754585116800,0,0,0,39,0,0,0.00,2.18,0.78,81,724,-64.00,-64.00,-64.00,-64.00,-64.00,-64.00,13,5,-46.22,6.92,60.00,32.00,0,1,0.00,0.00,0.33,0.02,0.00,0.00,1,0,0,
1754585117800,0,0,0,39,0,0,0.00,0.74,0.78,35,426,-64.17,-65.00,-64.00,-64.00,-64.00,-64.00,12,5,-46.39,6.92,39.00,30.00,2,0,0.00,0.00,0.33,0.02,0.00,0.00,0,0,0,
1754585118800,0,0,0,39,0,0,0.00,0.74,0.78,75,426,-64.38,-65.00,-65.00,-64.00,-64.00,-64.00,13,5,-46.60,6.91,39.00,34.00,2,0,0.00,0.00,0.33,0.02,0.00,0.00,0,0,0,
1754585119800,0,0,0,39,0,0,0.00,0.74,0.78,75,426,-64.17,-65.00,-64.00,-64.00,-64.00,-64.00,12,5,-46.39,6.92,39.00,33.00,2,0,0.00,0.00,0.33,0.02,0.00,0.00,0,0,0,
1754585120800,0,0,0,39,0,0,0.00,0.74,0.78,40,719,-64.08,-65.00,-64.00,-64.00,-64.00,-64.00,13,5,-46.30,6.92,60.00,34.00,0,0,0.00,0.00,0.33,0.02,0.00,0.00,0,0,0,
1754585121800,0,0,0,39,0,1,0.00,1.83,1.29,79,724,-64.17,-65.00,-64.00,-64.00,-64.00,-64.00,12,5,-46.39,6.92,38.50,34.00,0,0,0.00,0.00,0.33,0.02,0.00,0.00,0,0,0,
1754585122800,0,0,0,39,0,0,0.00,2.18,0.82,63,744,-64.38,-65.00,-65.00,-64.00,-64.00,-64.00,13,5,-46.60,6.91,39.00,35.00,0,1,0.00,0.00,0.33,0.02,0.00,0.00,1,0,0,
1754585123800,0,0,0,39,0,0,0.00,2.18,0.82,45,744,-64.08,-65.00,-64.00,-64.00,-64.00,-64.00,12,5,-46.30,6.92,60.00,33.00,0,2,0.00,0.00,0.33,0.02,0.00,0.00,2,0,0,
1754585124800,0,0,0,39,0,0,0.00,0.74,0.82,22,734,-64.38,-65.00,-65.00,-64.00,-64.00,-64.00,13,5,-46.60,6.91,39.00,34.00,0,3,0.00,0.00,0.33,0.02,0.00,0.00,3,0,0,
1754585125800,0,0,0,39,0,0,0.00,0.74,0.78,20,729,-64.42,-65.00,-65.00,-64.00,-64.00,-64.00,12,5,-46.64,6.91,39.00,35.00,1,4,0.00,0.00,0.33,0.02,0.00,0.00,3,0,0,
1754585126800,0,0,0,39,0,0,0.00,2.18,0.82,30,734,-64.38,-65.00,-65.00,-64.00,-64.00,-64.00,13,5,-46.60,6.91,40.00,35.00,1,6,0.00,0.00,0.32,0.02,0.00,0.00,4,0,0,
1754585127800,0,0,0,39,0,0,0.00,2.18,0.82,30,754,-64.17,-65.00,-64.00,-64.00,-64.00,-64.00,12,5,-46.39,6.92,39.00,35.00,1,6,0.00,0.00,0.32,0.02,0.00,0.00,4,0,0,
1754585128800,0,0,0,39,0,0,0.00,2.18,0.82,30,754,-64.08,-65.00,-64.00,-64.00,-64.00,-64.00,13,5,-46.30,6.92,38.50,35.00,1,6,0.00,0.00,0.32,0.02,0.00,0.00,4,0,0,
1754585129800,0,0,0,39,0,0,0.00,0.74,0.82,20,744,-64.17,-65.00,-64.00,-64.00,-64.00,-64.00,12,5,-46.39,6.92,40.00,33.00,0,5,0.00,0.00,0.32,0.02,0.00,0.00,4,0,0,
1754585130800,0,0,0,39,0,0,0.00,0.74,0.78,20,739,-64.00,-64.00,-64.00,-64.00,-64.00,-64.00,13,5,-46.22,6.92,60.00,32.00,2,5,0.00,0.00,0.32,0.02,0.00,0.00,4,0,0,
1754585131800,0,0,0,39,0,0,0.00,2.18,0.80,34,739,-64.00,-64.00,-64.00,-64.00,-64.00,-64.00,12,5,-46.22,6.92,39.00,32.00,1,4,0.00,0.00,0.32,0.02,0.00,0.00,3,0,0,
1754585132800,0,0,0,39,2,1,145.67,2.46,2.01,63,466,-64.23,-65.00,-64.00,-64.00,-64.00,-64.00,13,5,-46.45,6.91,38.00,32.00,1,2,0.00,0.00,0.32,0.02,0.00,0.00,2,0,0,
1754585133800,0,0,0,39,0,0,104.00,1.46,0.80,35,754,-64.00,-64.00,-64.00,-64.00,-64.00,-64.00,12,5,-46.22,6.92,40.50,31.00,0,2,0.00,0.00,0.32,0.02,0.00,0.00,2,0,0,
1754585134800,0,0,0,39,0,0,61.00,1.46,0.85,51,764,-64.00,-64.00,-64.00,-64.00,-64.00,-64.00,13,5,-46.22,6.92,38.00,32.00,1,2,0.00,0.00,0.32,0.02,0.00,0.00,2,0,0,
1754585135800,0,0,0,39,0,0,9.00,0.74,0.78,80,749,-64.00,-64.00,-64.00,-64.00,-64.00,-64.00,12,5,-46.22,6.92,40.00,32.00,1,0,0.00,0.00,0.32,0.02,0.00,0.00,0,0,0,
1754585136800,0,0,0,39,0,0,516.00,0.74,0.80,40,739,-64.00,-64.00,-64.00,-64.00,-64.00,-64.00,13,94,-33.48,179.71,18.00,32.00,0,0,0.00,0.00,0.32,0.02,0.00,0.00,0,0,0,
1754585137800,0,0,0,39,0,0,0.00,1.44,0.06,46,145,-64.00,-64.00,-64.00,-64.00,-64.00,-64.00,12,5,-46.22,6.92,37.50,32.00,0,0,0.00,0.00,0.32,0.02,0.00,0.00,0,0,0,
1754585138800,0,0,0,39,0,0,0.00,2.18,0.82,90,759,-64.23,-65.00,-64.00,-64.00,-64.00,-64.00,13,5,-46.45,6.91,38.50,33.00,0,1,0.00,0.00,0.32,0.02,0.00,0.00,1,0,0,
1754585139800,0,0,0,39,0,0,0.00,2.18,0.82,90,774,-64.00,-64.00,-64.00,-64.00,-64.00,-64.00,12,5,-46.22,6.92,39.00,33.00,0,1,0.00,0.00,0.32,0.02,0.00,0.00,1,0,0,
1754585140800,0,0,0,39,0,0,0.00,0.74,0.78,40,759,-64.08,-65.00,-64.00,-64.00,-64.00,-64.00,13,5,-46.30,6.92,39.00,31.00,0,0,0.00,0.00,0.32,0.02,0.00,0.00,0,0,0,
1754585141800,0,0,0,39,0,0,0.00,0.74,0.82,40,759,-64.25,-65.00,-64.50,-64.00,-64.00,-64.00,12,5,-46.47,6.91,38.00,31.00,0,0,0.00,0.00,0.32,0.02,0.00,0.00,0,0,0,
1754585142800,0,0,0,39,0,0,0.00,2.18,0.89,81,769,-64.15,-65.00,-64.00,-64.00,-64.00,-64.00,13,5,-46.37,6.92,38.00,34.00,0,0,0.00,0.00,0.32,0.02,0.00,0.00,0,0,0,
1754585143800,0,0,0,39,8,2,0.00,8.53,2.70,342,774,-64.25,-65.00,-64.50,-64.00,-64.00,-64.00,12,5,-46.47,6.91,39.00,30.00,0,1,0.00,0.00,0.32,0.02,0.00,0.00,1,0,0,
1754585144800,0,0,0,39,0,0,0.00,2.18,0.82,90,784,-64.00,-64.00,-64.00,-64.00,-64.00,-64.00,13,5,-46.22,6.92,39.00,28.00,0,1,0.00,0.00,0.32,0.02,0.00,0.00,1,0,0,
1754585145800,0,0,0,39,0,0,0.00,0.74,0.78,40,769,-64.00,-64.00,-64.00,-64.00,-64.00,-64.00,12,5,-46.22,6.92,39.50,29.00,0,0,0.00,0.00,0.32,0.02,0.00,0.00,0,0,0,
1754585146800,0,0,0,39,0,0,0.00,0.74,0.90,40,769,-63.85,-64.00,-64.00,-64.00,-64.00,-63.00,13,5,-46.06,6.93,39.50,29.00,0,0,0.00,0.00,0.32,0.02,0.00,0.00,0,0,0,
1754585147800,0,0,0,39,0,0,0.00,2.18,0.79,81,779,-64.00,-64.00,-64.00,-64.00,-64.00,-64.00,12,5,-46.22,6.92,39.50,29.00,0,0,0.00,0.00,0.32,0.02,0.00,0.00,0,0,0,
1754585148800,0,0,0,39,0,0,0.00,2.18,0.82,130,794,-64.00,-64.00,-64.00,-64.00,-64.00,-64.00,13,5,-46.22,6.92,39.50,28.00,0,1,0.00,0.00,0.32,0.02,0.00,0.00,1,0,0,
1754585149800,0,0,0,39,0,0,0.00,2.18,0.89,90,784,-64.00,-64.00,-64.00,-64.00,-64.00,-64.00,12,5,-46.22,6.92,40.00,32.00,0,1,0.00,0.00,0.32,0.02,0.00,0.00,1,0,0,
1754585150800,0,0,0,39,0,0,0.00,0.74,0.82,40,779,-64.00,-64.00,-64.00,-64.00,-64.00,-64.00,13,5,-46.22,6.92,39.00,32.00,0,0,0.00,0.00,0.32,0.02,0.00,0.00,0,0,0,
1754585151800,0,0,0,39,0,0,0.00,0.74,1.19,40,779,-64.00,-64.00,-64.00,-64.00,-64.00,-64.00,12,5,-46.22,6.92,39.00,30.00,0,0,0.00,0.00,0.32,0.02,0.00,0.00,0,0,0,
1754585152800,0,0,0,39,0,0,0.00,2.18,0.66,125,801,-64.00,-64.00,-64.00,-64.00,-64.00,-64.00,13,5,-46.22,6.92,40.00,29.00,0,1,0.00,0.00,0.32,0.02,0.00,0.00,1,0,0,
1754585153800,0,0,0,39,0,0,0.00,2.18,0.86,90,804,-64.00,-64.00,-64.00,-64.00,-64.00,-64.00,12,5,-46.22,6.92,39.00,31.00,0,1,0.00,0.00,0.32,0.02,0.00,0.00,1,0,0,
1754585154800,0,0,0,39,0,0,0.00,2.18,0.75,90,789,-64.00,-64.00,-64.00,-64.00,-64.00,-64.00,13,5,-46.22,6.92,39.00,31.00,0,1,0.00,0.00,0.32,0.02,0.00,0.00,1,0,0,
1754585155800,0,0,0,39,0,0,0.00,0.74,0.85,35,471,-64.00,-64.00,-64.00,-64.00,-64.00,-64.00,12,5,-46.22,6.92,38.00,30.00,0,0,0.00,0.00,0.32,0.02,0.00,0.00,0,0,0,
1754585156800,0,0,0,39,0,0,0.00,0.74,0.82,75,471,-64.00,-64.00,-64.00,-64.00,-64.00,-64.00,13,5,-46.22,6.92,39.00,29.00,0,0,0.00,0.00,0.32,0.02,0.00,0.00,0,0,0,
1754585157800,0,0,0,39,0,0,0.00,2.18,0.76,90,796,-64.00,-64.00,-64.00,-64.00,-64.00,-64.00,12,5,-46.22,6.92,37.50,33.00,0,1,0.00,0.00,0.32,0.02,0.00,0.00,1,0,0,
1754585158800,0,0,0,39,0,0,0.00,2.18,0.78,90,779,-64.00,-64.00,-64.00,-64.00,-64.00,-64.00,13,5,-46.22,6.92,39.50,33.00,0,1,0.00,0.00,0.32,0.02,0.00,0.00,1,0,0,
1754585159800,0,0,0,39,0,0,0.00,0.74,0.85,75,471,-64.00,-64.00,-64.00,-64.00,-64.00,-64.00,12,5,-46.22,6.92,39.00,31.00,0,0,0.00,0.00,0.31,0.02,0.00,0.00,0,0,0,
1754585160800,0,0,0,39,0,0,0.00,0.74,0.82,75,471,-64.00,-64.00,-64.00,-64.00,-64.00,-64.00,13,5,-46.22,6.92,39.50,34.00,0,0,0.00,0.00,0.31,0.02,0.00,0.00,0,0,0,
1754585161800,0,0,0,39,1,1,0.00,1.46,1.48,60,421,-64.08,-65.00,-64.00,-64.00,-64.00,-64.00,12,5,-46.30,6.92,39.00,32.00,0,0,0.00,0.00,0.31,0.02,0.00,0.00,0,0,0,
1754585162800,0,0,0,39,0,0,0.00,0.74,0.78,40,694,-64.00,-64.00,-64.00,-64.00,-64.00,-64.00,13,5,-46.22,6.92,60.00,31.00,0,0,0.00,0.00,0.31,0.02,0.00,0.00,0,0,0,
1754585163800,0,0,0,39,0,0,0.00,0.74,0.78,40,716,-64.00,-64.00,-64.00,-64.00,-64.00,-64.00,12,5,-46.22,6.92,39.00,32.00,0,0,0.00,0.00,0.31,0.02,0.00,0.00,0,0,0,
1754585164800,0,0,0,39,0,0,0.00,0.74,0.74,75,396,-64.00,-64.00,-64.00,-64.00,-64.00,-64.00,13,5,-46.22,6.92,39.00,34.00,0,0,0.00,0.00,0.31,0.02,0.00,0.00,0,0,0,
1754585165800,0,0,0,39,0,0,0.00,0.74,0.78,40,714,-64.00,-64.00,-64.00,-64.00,-64.00,-64.00,12,5,-46.22,6.92,39.00,33.00,0,0,0.00,0.00,0.31,0.02,0.00,0.00,0,0,0,
1754585166800,1,52,0,39,0,0,0.00,0.74,0.82,40,709,-64.00,-64.00,-64.00,-64.00,-64.00,-64.00,10,5,-46.22,6.92,60.00,33.00,0,0,0.00,0.00,0.31,0.02,0.00,0.00,0,0,0,
1754585167800,1,52,0,39,0,0,0.00,0.00,0.00,0,689,,,,,,,0,5,,0.00,39.00,33.00,0,0,0.00,0.00,0.31,0.02,0.00,0.00,0,0,0,
1754585168800,1,52,0,39,0,0,0.00,0.02,0.22,308,1317,-65.00,-65.00,-65.00,-65.00,-65.00,-65.00,1,5,-47.22,6.88,38.50,33.00,0,0,0.17,0.00,0.32,0.02,0.00,0.00,0,0,0,
1754585169800,1,52,0,39,0,0,0.00,0.00,0.00,66,50,,,,,,,0,5,,0.00,38.50,32.00,0,0,0.06,0.02,0.32,0.02,0.00,0.00,0,0,0,
1754585170800,1,52,0,39,0,0,0.00,0.57,0.42,79,50,,,,,,,0,5,,0.00,36.00,32.00,0,0,0.02,0.01,0.32,0.02,0.00,0.00,0,0,0,
1754585171800,1,52,0,39,0,0,0.00,2.70,0.70,156,50,,,,,,,0,5,,0.00,37.00,33.00,0,0,0.01,0.01,0.32,0.02,0.00,0.00,0,0,0,
1754585172800,1,52,0,39,0,0,0.00,0.00,0.94,112,686,,,,,,,0,21,,0.00,31.50,33.00,0,0,0.00,0.01,0.32,0.02,0.00,0.00,0,0,0,
1754585173800,1,52,0,39,0,0,0.00,1.66,0.82,199,1312,,,,,,,0,21,,0.00,33.00,33.00,0,2,0.13,0.03,0.32,0.02,0.00,0.00,2,0,0,
1754585174800,1,52,0,39,0,0,0.00,0.14,0.00,223,1273,,,,,,,0,5,,0.00,40.00,29.00,0,0,0.25,0.02,0.32,0.02,0.00,0.00,0,0,0,
1754585175800,1,52,0,39,0,0,0.00,0.00,0.14,157,691,,,,,,,0,21,,0.00,32.00,29.00,0,0,0.11,0.01,0.32,0.02,0.00,0.00,0,0,0,
1754585176800,1,52,0,39,0,0,0.00,0.20,0.27,286,686,,,,,,,0,21,,0.00,33.50,32.00,0,0,0.08,0.00,0.32,0.02,0.00,0.00,0,0,0,
1754585177800,1,52,0,39,0,0,0.00,1.84,0.80,263,1312,,,,,,,0,21,,0.00,31.50,31.00,0,0,0.18,0.00,0.32,0.02,0.00,0.00,0,0,0,
1754585178800,1,52,0,39,0,0,0.00,2.02,0.61,309,1327,,,,,,,0,5,,0.00,37.50,28.00,0,1,0.29,0.00,0.32,0.02,0.00,0.00,1,0,0,
1754585179800,1,52,0,39,1,1,0.00,1.89,0.79,296,1953,,,,,,,0,21,,0.00,31.50,31.00,0,1,0.35,0.00,0.32,0.02,0.00,0.00,1,0,0,
1754585180800,1,52,0,39,0,0,0.00,1.72,0.40,164,1312,,,,,,,0,5,,0.00,38.50,35.00,0,3,0.40,0.05,0.33,0.02,0.00,0.00,3,0,0,
1754585181800,1,52,0,39,0,0,0.00,0.00,0.00,119,45,,,,,,,0,5,,0.00,39.00,32.00,0,0,0.18,0.04,0.33,0.02,0.00,0.00,0,0,0,
1754585182800,1,52,0,39,0,0,0.00,0.51,0.31,68,50,,,,,,,0,5,,0.00,38.50,31.00,0,0,0.06,0.02,0.32,0.02,0.00,0.00,0,0,0,
1754585183800,1,52,0,39,0,0,0.00,3.14,0.70,251,50,,,,,,,0,5,,0.00,38.00,31.00,0,0,0.02,0.01,0.32,0.02,0.00,0.00,0,0,0,
1754585184800,1,52,0,39,0,0,0.00,3.31,0.80,342,696,,,,,,,0,5,,0.00,37.00,29.00,0,1,0.01,0.00,0.33,0.02,0.00,0.00,1,0,0,
1754585185800,1,52,0,39,0,0,0.00,0.29,1.04,208,1312,,,,,,,0,21,,0.00,31.50,29.00,0,1,0.13,0.00,0.33,0.02,0.00,0.00,1,0,0,
1754585186800,1,52,0,39,0,0,0.00,7.62,0.00,457,649,,,,,,,0,5,,0.00,36.50,29.00,0,3,0.17,0.03,0.33,0.02,0.00,0.00,3,0,0,
1754585187800,1,52,0,39,0,0,0.00,13.50,0.19,198,50,,,,,,,0,5,,0.00,37.50,32.00,0,7,0.06,0.03,0.33,0.02,0.00,0.00,5,0,0,
1754585188800,1,52,0,39,0,0,384685.00,1.73,0.67,109,1963,,,,,,,0,5,,0.00,38.00,30.00,0,5,0.16,0.02,0.33,0.02,0.00,0.00,4,0,0,
1754585189800,1,52,0,39,0,0,0.00,10.80,0.00,280,35,,,,,,,0,5,,0.00,38.00,29.00,0,1,0.11,0.01,0.33,0.02,0.00,0.00,1,0,0,
1754585190800,1,52,0,39,0,0,0.00,12.29,0.30,553,50,,,,,,,0,5,,0.00,38.00,27.00,0,0,0.04,0.02,0.33,0.02,0.00,0.00,0,0,0,
1754585191800,1,52,0,39,0,0,0.00,3.58,0.70,245,50,,,,,,,0,5,,0.00,38.50,29.00,0,0,0.01,0.01,0.33,0.02,0.00,0.00,0,0,0,
1754585192800,1,52,0,39,0,0,0.00,1.46,0.73,173,50,,,,,,,0,5,,0.00,35.00,28.00,0,0,0.00,0.00,0.33,0.02,0.00,0.00,0,0,0,
1754585193800,1,52,0,39,0,0,0.00,3.58,0.70,288,50,,,,,,,0,5,,0.00,38.50,27.00,0,0,0.00,0.00,0.33,0.02,0.00,0.00,0,0,0,
1754585194800,1,52,0,39,0,0,0.00,1.40,0.73,173,50,,,,,,,0,5,,0.00,38.50,24.00,0,0,0.00,0.00,0.33,0.02,0.00,0.00,0,0,0,
1754585195800,1,52,0,39,1,1,0.00,1.93,0.97,293,1332,,,,,,,0,21,,0.00,32.50,27.00,0,1,0.06,0.02,0.33,0.02,0.00,0.00,1,0,0,
1754585196800,0,0,0,39,0,0,0.00,5.34,0.00,398,639,,,,,,,0,5,,0.00,39.00,33.00,0,2,0.16,0.01,0.33,0.02,0.00,0.00,2,0,0,
1754585197800,0,0,0,39,0,0,0.00,15.49,0.09,245,50,,,,,,,0,5,,0.00,39.50,33.00,0,9,0.06,0.02,0.33,0.02,0.00,0.00,6,0,0,
1754585198800,0,0,0,39,6,6,0.00,18.06,12.34,171,754,-64.00,-64.00,-64.00,-64.00,-64.00,-64.00,10,5,-46.22,6.92,39.00,32.00,0,2,0.03,0.01,0.33,0.02,0.00,0.00,2,0,0,
1754585199800,0,0,0,39,1,1,0.00,5.06,6.40,128,769,-64.00,-64.00,-64.00,-64.00,-64.00,-64.00,12,5,-46.22,6.92,39.50,32.00,0,0,0.01,0.00,0.33,0.02,0.00,0.00,0,0,0,
1754585200800,0,0,0,39,8,4,0.00,8.50,4.39,342,719,-64.08,-65.00,-64.00,-64.00,-64.00,-64.00,13,5,-46.30,6.92,39.00,30.00,0,1,0.00,0.00,0.33,0.02,0.00,0.00,1,0,0,
1754585201800,0,0,0,39,0,0,0.00,0.74,0.78,75,426,-64.17,-65.00,-64.00,-64.00,-64.00,-64.00,12,5,-46.39,6.92,38.00,32.00,0,0,0.00,0.00,0.33,0.02,0.00,0.00,0,0,0,
1754585202800,0,0,0,39,0,0,0.00,0.74,0.78,75,426,-64.08,-65.00,-64.00,-64.00,-64.00,-64.00,13,5,-46.30,6.92,59.50,35.00,0,0,0.00,0.00,0.33,0.02,0.00,0.00,0,0,0,
1754585203800,0,0,0,39,0,0,0.00,0.74,0.78,40,714,-64.08,-65.00,-64.00,-64.00,-64.00,-64.00,12,5,-46.30,6.92,39.50,35.00,0,0,0.00,0.00,0.33,0.02,0.00,0.00,0,0,0,
1754585204800,0,0,0,39,0,0,0.00,2.18,0.82,81,729,-64.15,-65.00,-64.00,-64.00,-64.00,-64.00,13,5,-46.37,6.92,38.50,36.00,0,1,0.00,0.00,0.33,0.02,0.00,0.00,1,0,0,
1754585205800,0,0,0,39,0,0,0.00,2.18,0.82,130,744,-64.00,-64.00,-64.00,-64.00,-64.00,-64.00,12,5,-46.22,6.92,60.00,35.00,0,1,0.00,0.00,0.33,0.02,0.00,0.00,1,0,0,
1754585206800,0,0,0,39,0,0,0.00,2.18,0.82,90,744,-64.15,-65.00,-64.00,-64.00,-64.00,-64.00,13,5,-46.37,6.92,39.50,35.00,0,1,0.00,0.00,0.33,0.02,0.00,0.00,1,0,0,
1754585207800,0,0,0,39,2,1,0.00,3.00,2.02,153,734,-64.00,-64.00,-64.00,-64.00,-64.00,-64.00,12,5,-46.22,6.92,40.00,35.00,0,1,0.00,0.00,0.33,0.02,0.00,0.00,1,0,0,
1754585208800,0,0,0,39,0,0,0.00,0.74,0.78,40,724,-64.08,-65.00,-64.00,-64.00,-64.00,-64.00,13,5,-46.30,6.92,60.00,35.00,0,0,0.00,0.00,0.33,0.02,0.00,0.00,0,0,0,
1754585209800,0,0,0,39,0,0,0.00,2.18,0.82,90,739,-64.17,-65.00,-64.00,-64.00,-64.00,-64.00,12,5,-46.39,6.92,38.50,34.00,0,0,0.00,0.00,0.33,0.02,0.00,0.00,0,0,0,
1754585210800,0,0,0,39,0,0,0.00,2.18,0.82,57,751,-64.00,-64.00,-64.00,-64.00,-64.00,-64.00,13,5,-46.22,6.92,40.00,32.00,0,2,0.00,0.00,0.33,0.02,0.00,0.00,2,0,0,
1754585211800,0,0,0,39,0,0,0.00,2.18,0.82,63,754,-64.00,-64.00,-64.00,-64.00,-64.00,-64.00,12,5,-46.22,6.92,38.50,34.00,0,1,0.00,0.00,0.33,0.02,0.00,0.00,1,0,0,
1754585212800,0,0,0,39,0,0,0.00,0.74,0.82,25,744,-64.08,-65.00,-64.00,-64.00,-64.00,-64.00,13,5,-46.30,6.92,60.00,33.00,0,2,0.00,0.00,0.33,0.02,0.00,0.00,2,0,0,
1754585213800,0,0,0,39,0,0,0.00,0.74,0.82,22,734,-64.08,-65.00,-64.00,-64.00,-64.00,-64.00,12,5,-46.30,6.92,40.00,35.00,0,3,0.00,0.00,0.33,0.02,0.00,0.00,3,0,0,
1754585214800,0,0,0,39,0,0,0.00,2.18,0.82,30,749,-64.23,-65.00,-64.00,-64.00,-64.00,-64.00,13,5,-46.45,6.91,39.00,34.00,0,5,0.00,0.00,0.33,0.02,0.00,0.00,4,0,0,
1754585215800,0,0,0,39,0,0,0.00,2.18,0.82,30,766,-64.00,-64.00,-64.00,-64.00,-64.00,-64.00,12,5,-46.22,6.92,40.50,32.00,0,5,0.00,0.00,0.33,0.02,0.00,0.00,4,0,0,
1754585216800,0,0,0,39,0,0,0.00,2.18,0.82,30,764,-64.00,-64.00,-64.00,-64.00,-64.00,-64.00,13,5,-46.22,6.92,39.00,33.00,0,5,0.00,0.00,0.33,0.02,0.00,0.00,4,0,0,
1754585217800,0,0,0,39,0,0,0.00,0.74,0.82,20,754,-64.00,-64.00,-64.00,-64.00,-64.00,-64.00,12,5,-46.22,6.92,39.00,30.00,0,4,0.00,0.00,0.33,0.02,0.00,0.00,3,0,0,
1754585218800,0,0,0,39,0,0,0.00,0.74,0.82,20,744,-64.00,-64.00,-64.00,-64.00,-64.00,-64.00,13,5,-46.22,6.92,60.00,31.00,0,4,0.00,0.00,0.32,0.02,0.00,0.00,3,0,0,
1754585219800,0,0,0,39,0,0,0.00,2.18,0.82,45,759,-64.00,-64.00,-64.00,-64.00,-64.00,-64.00,12,5,-46.22,6.92,39.00,32.00,0,2,0.00,0.00,0.32,0.02,0.00,0.00,2,0,0,
1754585220800,0,0,0,39,0,0,0.00,2.18,0.82,45,776,-64.00,-64.00,-64.00,-64.00,-64.00,-64.00,13,5,-46.22,6.92,38.50,29.00,0,2,0.00,0.00,0.32,0.02,0.00,0.00,2,0,0,
1754585221800,0,0,0,39,0,0,0.00,2.18,0.82,45,774,-64.00,-64.00,-64.00,-64.00,-64.00,-64.00,12,5,-46.22,6.92,38.50,32.00,0,2,0.00,0.00,0.32,0.02,0.00,0.00,2,0,0,
1754585222800,0,0,0,39,0,0,0.00,0.74,0.82,25,764,-64.00,-64.00,-64.00,-64.00,-64.00,-64.00,13,5,-46.22,6.92,60.00,30.00,0,2,0.00,0.00,0.32,0.02,0.00,0.00,2,0,0,
1754585223800,0,0,0,39,0,0,0.00,0.74,0.82,40,754,-64.17,-65.00,-64.00,-64.00,-64.00,-64.00,12,5,-46.39,6.92,39.00,33.00,1,0,0.00,0.00,0.32,0.02,0.00,0.00,0,0,0,
1754585224800,0,0,0,39,0,0,0.00,2.18,0.82,90,769,-64.15,-65.00,-64.00,-64.00,-64.00,-64.00,13,5,-46.37,6.92,39.50,37.00,0,0,0.00,0.00,0.32,0.02,0.00,0.00,0,0,0,
1754585225800,0,0,0,39,0,0,0.00,2.18,0.82,90,786,-64.08,-65.00,-64.00,-64.00,-64.00,-64.00,12,5,-46.30,6.92,38.50,36.00,0,0,0.00,0.00,0.32,0.02,0.00,0.00,0,0,0,
1754585226800,0,0,0,39,0,0,0.00,2.18,0.82,90,784,-64.23,-65.00,-64.00,-64.00,-64.00,-64.00,13,5,-46.45,6.91,38.50,34.00,0,0,0.00,0.00,0.32,0.02,0.00,0.00,0,0,0,
1754585227800,0,0,0,39,0,0,0.00,0.74,0.82,40,774,-64.00,-64.00,-64.00,-64.00,-64.00,-64.00,12,5,-46.22,6.92,39.00,35.00,0,0,0.00,0.00,0.32,0.02,0.00,0.00,0,0,0,
1754585228800,0,0,0,39,0,0,0.00,0.74,0.82,40,764,-64.00,-64.00,-64.00,-64.00,-64.00,-64.00,13,5,-46.22,6.92,59.50,33.00,2,0,0.00,0.00,0.32,0.02,0.00,0.00,0,0,0,
1754585229800,0,0,0,39,0,0,0.00,2.18,0.86,90,779,-64.00,-64.00,-64.00,-64.00,-64.00,-64.00,12,5,-46.22,6.92,38.00,33.00,1,0,0.00,0.00,0.32,0.02,0.00,0.00,0,0,0,
1754585230800,0,0,0,39,0,0,0.00,2.18,0.82,90,796,-64.00,-64.00,-64.00,-64.00,-64.00,-64.00,13,5,-46.22,6.92,38.00,34.00,1,0,0.00,0.00,0.32,0.02,0.00,0.00,0,0,0,
1754585231800,0,0,0,39,0,0,0.00,2.18,0.82,90,794,-64.08,-65.00,-64.00,-64.00,-64.00,-64.00,12,5,-46.30,6.92,38.50,33.00,1,0,0.00,0.00,0.32,0.02,0.00,0.00,0,0,0,
1754585232800,0,0,0,39,0,0,0.00,0.74,0.82,40,784,-64.00,-64.00,-64.00,-64.00,-64.00,-64.00,13,5,-46.22,6.92,60.00,35.00,0,0,0.00,0.00,0.32,0.02,0.00,0.00,0,0,0,
1754585233800,0,0,0,39,0,0,0.00,0.74,0.82,40,774,-64.25,-65.00,-64.50,-64.00,-64.00,-64.00,12,5,-46.47,6.91,38.00,35.00,1,0,0.00,0.00,0.32,0.02,0.00,0.00,0,0,0,
1754585234800,0,0,0,39,0,0,71.00,1.46,0.96,60,779,-64.23,-65.00,-64.00,-64.00,-64.00,-64.00,13,5,-46.45,6.91,38.50,34.00,0,0,0.00,0.00,0.32,0.02,0.00,0.00,0,0,0,
1754585235800,0,0,0,39,0,0,13.00,2.18,0.86,130,806,-64.42,-65.00,-65.00,-64.00,-64.00,-64.00,12,5,-46.64,6.91,38.00,35.00,0,0,0.00,0.00,0.32,0.02,0.00,0.00,0,0,0,
1754585236800,0,0,0,39,0,0,88.00,2.18,0.86,130,804,-64.31,-65.00,-65.00,-64.00,-64.00,-64.00,13,5,-46.53,6.91,37.50,36.00,0,0,0.00,0.00,0.32,0.02,0.00,0.00,0,0,0,
1754585237800,0,0,0,39,0,0,25.00,1.46,0.89,65,804,-64.25,-65.00,-64.50,-64.00,-64.00,-64.00,12,5,-46.47,6.91,38.50,35.00,1,0,0.00,0.00,0.32,0.02,0.00,0.00,0,0,0,
1754585238800,0,0,0,39,0,0,76.00,0.74,0.76,40,774,-64.08,-65.00,-64.00,-64.00,-64.00,-64.00,13,106,-33.03,205.62,19.00,34.00,1,0,0.00,0.00,0.32,0.02,0.00,0.00,0,0,0,
1754585239800,0,0,0,39,0,0,0.00,0.00,0.13,5,165,-64.08,-65.00,-64.00,-64.00,-64.00,-64.00,12,5,-46.30,6.92,37.50,32.00,0,0,0.00,0.00,0.32,0.02,0.00,0.00,0,0,0,
1754585240800,0,0,0,39,0,0,0.00,2.18,0.76,90,774,-64.08,-65.00,-64.00,-64.00,-64.00,-64.00,13,5,-46.30,6.92,38.00,33.00,0,1,0.00,0.00,0.32,0.02,0.00,0.00,1,0,0,
1754585241800,0,0,0,39,0,0,0.00,0.74,0.86,75,486,-64.00,-64.00,-64.00,-64.00,-64.00,-64.00,12,5,-46.22,6.92,38.50,31.00,0,0,0.00,0.00,0.32,0.02,0.00,0.00,0,0,0,
1754585242800,0,0,0,39,0,0,0.00,2.18,0.75,90,789,-64.15,-65.00,-64.00,-64.00,-64.00,-64.00,13,5,-46.37,6.92,39.50,32.00,0,1,0.00,0.00,0.32,0.02,0.00,0.00,1,0,0,
1754585243800,0,0,0,39,0,0,0.00,0.74,0.85,75,471,-64.08,-65.00,-64.00,-64.00,-64.00,-64.00,12,5,-46.30,6.92,39.50,30.00,0,0,0.00,0.00,0.32,0.02,0.00,0.00,0,0,0,
1754585244800,0,0,0,39,1,1,0.00,1.50,1.48,129,376,-64.00,-64.00,-64.00,-64.00,-64.00,-64.00,13,5,-46.22,6.92,60.00,36.00,0,1,0.00,0.00,0.32,0.02,0.00,0.00,1,0,0,
1754585245800,0,0,0,39,0,0,0.00,0.74,0.78,40,699,-64.08,-65.00,-64.00,-64.00,-64.00,-64.00,12,5,-46.30,6.92,38.00,35.00,0,0,0.00,0.00,0.32,0.02,0.00,0.00,0,0,0,
1754585246800,0,0,0,39,0,0,0.00,0.74,0.78,40,711,-64.38,-65.00,-65.00,-64.00,-64.00,-64.00,13,5,-46.60,6.91,37.50,35.00,0,0,0.00,0.00,0.32,0.02,0.00,0.00,0,0,0,
1754585247800,0,0,0,39,0,0,0.00,0.74,0.74,75,396,-64.58,-65.00,-65.00,-65.00,-64.00,-64.00,12,5,-46.80,6.90,38.00,37.00,0,0,0.00,0.00,0.32,0.02,0.00,0.00,0,0,0,
1754585248800,0,0,0,39,0,0,0.00,0.74,0.78,40,714,-64.54,-65.00,-65.00,-65.00,-64.00,-64.00,13,5,-46.76,6.90,59.00,35.00,0,0,0.00,0.00,0.32,0.02,0.00,0.00,0,0,0,
1754585249800,0,0,0,39,0,0,0.00,0.74,0.82,40,699,-64.42,-65.00,-65.00,-64.00,-64.00,-64.00,12,5,-46.64,6.91,39.00,33.00,0,0,0.00,0.00,0.32,0.02,0.00,0.00,0,0,0,
1754585250800,0,0,0,39,0,0,0.00,0.74,0.78,80,709,-64.23,-65.00,-64.00,-64.00,-64.00,-64.00,13,5,-46.45,6.91,38.50,33.00,0,0,0.00,0.00,0.32,0.02,0.00,0.00,0,0,0,
1754585251800,0,0,0,39,0,0,0.00,2.18,0.78,81,729,-64.33,-65.00,-65.00,-64.00,-64.00,-64.00,12,5,-46.55,6.91,60.00,34.00,0,1,0.00,0.00,0.32,0.02,0.00,0.00,1,0,0,
1754585252800,0,0,0,39,0,0,0.00,0.74,1.22,75,466,-64.23,-65.00,-64.00,-64.00,-64.00,-64.00,13,5,-46.45,6.91,38.50,35.00,1,0,0.00,0.00,0.32,0.02,0.00,0.00,0,0,0,
1754585253800,0,0,0,39,3,2,0.00,4.75,2.39,199,741,-64.00,-64.00,-64.00,-64.00,-64.00,-64.00,12,5,-46.22,6.92,39.00,34.00,0,0,0.00,0.00,0.32,0.02,0.00,0.00,0,0,0,
1754585254800,0,0,0,39,0,0,0.00,0.74,0.78,35,421,-64.08,-65.00,-64.00,-64.00,-64.00,-64.00,13,5,-46.30,6.92,60.50,35.00,0,0,0.00,0.00,0.32,0.02,0.00,0.00,0,0,0,
1754585255800,0,0,0,39,0,0,0.00,0.74,0.78,40,719,-64.00,-64.00,-64.00,-64.00,-64.00,-64.00,12,5,-46.22,6.92,39.00,33.00,0,0,0.00,0.00,0.31,0.02,0.00,0.00,0,0,0,
1754585256800,0,0,0,39,0,0,0.00,2.18,0.82,90,729,-64.00,-64.00,-64.00,-64.00,-64.00,-64.00,13,5,-46.22,6.92,39.50,33.00,0,1,0.00,0.00,0.31,0.02,0.00,0.00,1,0,0,
1754585257800,0,0,0,39,0,0,0.00,2.18,0.82,81,741,-64.00,-64.00,-64.00,-64.00,-64.00,-64.00,12,5,-46.22,6.92,39.00,32.00,0,1,0.00,0.00,0.31,0.02,0.00,0.00,1,0,0,
1754585258800,0,0,0,39,0,0,0.00,2.18,0.82,90,744,-64.00,-64.00,-64.00,-64.00,-64.00,-64.00,13,5,-46.22,6.92,60.50,32.00,0,1,0.00,0.00,0.31,0.02,0.00,0.00,1,0,0,
1754585259800,0,0,0,39,0,0,0.00,0.74,0.82,40,729,-64.00,-64.00,-64.00,-64.00,-64.00,-64.00,12,5,-46.22,6.92,38.50,30.00,0,0,0.00,0.00,0.31,0.02,0.00,0.00,0,0,0,
1754585260800,0,0,0,39,0,0,0.00,0.74,0.78,40,729,-64.00,-64.00,-64.00,-64.00,-64.00,-64.00,13,5,-46.22,6.92,39.00,33.00,0,0,0.00,0.00,0.31,0.02,0.00,0.00,0,0,0,
1754585261800,0,0,0,39,0,0,0.00,2.18,0.82,63,739,-64.00,-64.00,-64.00,-64.00,-64.00,-64.00,12,5,-46.22,6.92,60.00,33.00,0,1,0.00,0.00,0.31,0.02,0.00,0.00,1,0,0,
1754585262800,0,0,0,39,0,0,0.00,2.18,0.82,45,756,-64.00,-64.00,-64.00,-64.00,-64.00,-64.00,13,5,-46.22,6.92,38.50,31.00,0,2,0.00,0.00,0.31,0.02,0.00,0.00,2,0,0,
1754585263800,0,0,0,39,0,0,0.00,2.18,0.82,36,754,-64.42,-69.00,-64.00,-64.00,-64.00,-64.00,12,5,-46.64,6.91,40.00,34.00,0,3,0.00,0.00,0.31,0.02,0.00,0.00,3,0,0,
1754585264800,0,0,0,39,0,0,0.00,0.74,0.82,20,739,-64.00,-64.00,-64.00,-64.00,-64.00,-64.00,13,5,-46.22,6.92,60.00,34.00,0,4,0.00,0.00,0.31,0.02,0.00,0.00,3,0,0,
1754585265800,0,0,0,39,0,0,0.00,0.74,0.82,26,739,-64.00,-64.00,-64.00,-64.00,-64.00,-64.00,12,5,-46.22,6.92,39.50,34.00,0,5,0.00,0.00,0.31,0.02,0.00,0.00,4,0,0,
1754585266800,0,0,0,39,0,0,0.00,2.18,0.82,34,749,-64.15,-65.00,-64.00,-64.00,-64.00,-64.00,13,5,-46.37,6.92,38.50,34.00,0,7,0.00,0.00,0.31,0.02,0.00,0.00,5,0,0,
1754585267800,0,0,0,39,0,0,0.00,2.18,0.82,30,766,-64.25,-65.00,-64.50,-64.00,-64.00,-64.00,12,5,-46.47,6.91,39.50,34.00,0,7,0.00,0.00,0.31,0.02,0.00,0.00,5,0,0,
1754585268800,0,0,0,39,0,0,0.00,2.18,0.82,34,764,-64.54,-65.00,-65.00,-65.00,-64.00,-64.00,13,5,-46.76,6.90,60.00,36.00,0,7,0.00,0.00,0.31,0.02,0.00,0.00,5,0,0,
1754585269800,0,0,0,39,0,0,0.00,0.74,0.82,20,749,-64.50,-65.00,-65.00,-64.50,-64.00,-64.00,12,5,-46.72,6.90,37.50,36.00,0,5,0.00,0.00,0.31,0.02,0.00,0.00,4,0,0,
1754585270800,0,0,0,39,0,0,0.00,0.74,0.82,22,749,-64.38,-65.00,-65.00,-64.00,-64.00,-64.00,13,5,-46.60,6.91,39.00,36.00,0,3,0.00,0.00,0.31,0.02,0.00,0.00,3,0,0,
1754585271800,0,0,0,39,0,0,0.00,2.18,0.82,63,759,-64.42,-65.00,-65.00,-64.00,-64.00,-64.00,12,5,-46.64,6.91,59.50,35.00,0,1,0.00,0.00,0.31,0.02,0.00,0.00,1,0,0,
1754585272800,0,0,0,39,0,0,0.00,2.18,0.82,63,776,-64.15,-65.00,-64.00,-64.00,-64.00,-64.00,13,5,-46.37,6.92,38.50,35.00,0,1,0.00,0.00,0.31,0.02,0.00,0.00,1,0,0,
1754585273800,0,0,0,39,0,0,0.00,2.18,0.82,88,774,-64.08,-65.00,-64.00,-64.00,-64.00,-64.00,12,5,-46.30,6.92,40.00,34.00,0,1,0.00,0.00,0.31,0.02,0.00,0.00,1,0,0,
1754585274800,0,0,0,39,0,0,0.00,0.74,0.82,31,759,-64.00,-64.00,-64.00,-64.00,-64.00,-64.00,13,5,-46.22,6.92,59.50,32.00,0,1,0.00,0.00,0.31,0.02,0.00,0.00,1,0,0,
1754585275800,0,0,0,39,0,0,0.00,0.74,0.82,40,759,-64.00,-64.00,-64.00,-64.00,-64.00,-64.00,12,5,-46.22,6.92,38.50,30.00,1,0,0.00,0.00,0.31,0.02,0.00,0.00,0,0,0,
1754585276800,0,0,0,39,0,0,0.00,2.18,0.82,90,769,-64.00,-64.00,-64.00,-64.00,-64.00,-64.00,13,5,-46.22,6.92,38.50,30.00,0,0,0.00,0.00,0.31,0.02,0.00,0.00,0,0,0,
1754585277800,0,0,0,39,0,0,0.00,2.18,0.82,90,786,-64.17,-65.00,-64.00,-64.00,-64.00,-64.00,12,5,-46.39,6.92,39.50,33.00,0,0,0.00,0.00,0.31,0.02,0.00,0.00,0,0,0,
1754585278800,0,0,0,39,0,0,0.00,2.18,0.82,90,784,-64.00,-64.00,-64.00,-64.00,-64.00,-64.00,13,5,-46.22,6.92,60.50,32.00,0,0,0.00,0.00,0.31,0.02,0.00,0.00,0,0,0,
1754585279800,0,0,0,39,0,0,0.00,0.74,0.82,40,769,-64.25,-65.00,-64.50,-64.00,-64.00,-64.00,12,5,-46.47,6.91,39.00,33.00,0,0,0.00,0.00,0.31,0.02,0.00,0.00,0,0,0,
1754585280800,0,0,0,39,0,0,0.00,0.74,0.82,40,769,-64.23,-65.00,-64.00,-64.00,-64.00,-64.00,13,5,-46.45,6.91,38.50,31.00,2,0,0.00,0.00,0.31,0.02,0.00,0.00,0,0,0,
1754585281800,0,0,0,39,0,0,0.00,2.18,0.86,90,779,-64.25,-65.00,-64.50,-64.00,-64.00,-64.00,12,5,-46.47,6.91,39.50,29.00,1,0,0.00,0.00,0.31,0.02,0.00,0.00,0,0,0,
1754585282800,0,0,0,39,0,0,0.00,2.18,0.82,90,796,-64.08,-65.00,-64.00,-64.00,-64.00,-64.00,13,5,-46.30,6.92,38.50,31.00,1,0,0.00,0.00,0.31,0.02,0.00,0.00,0,0,0,
1754585283800,0,0,0,39,0,0,0.00,2.18,0.82,90,794,-64.00,-64.00,-64.00,-64.00,-64.00,-64.00,12,5,-46.22,6.92,38.50,32.00,1,0,0.00,0.00,0.31,0.02,0.00,0.00,0,0,0,
1754585284800,0,0,0,39,0,0,0.00,0.74,0.82,40,779,-64.08,-65.00,-64.00,-64.00,-64.00,-64.00,13,5,-46.30,6.92,39.00,35.00,1,0,0.00,0.00,0.31,0.02,0.00,0.00,0,0,0,
1754585285800,0,0,0,39,0,0,74.00,0.74,0.82,40,779,-64.00,-64.00,-64.00,-64.00,-64.00,-64.00,12,5,-46.22,6.92,39.00,33.00,1,0,0.00,0.00,0.31,0.02,0.00,0.00,0,0,0,
1754585286800,0,0,0,39,0,0,40.00,1.46,0.96,60,779,-64.00,-64.00,-64.00,-64.00,-64.00,-64.00,13,5,-46.22,6.92,39.50,33.00,0,0,0.00,0.00,0.31,0.02,0.00,0.00,0,0,0,
1754585287800,0,0,0,39,0,0,75.00,2.18,0.86,90,806,-64.00,-64.00,-64.00,-64.00,-64.00,-64.00,12,5,-46.22,6.92,39.00,33.00,0,0,0.00,0.00,0.31,0.02,0.00,0.00,0,0,0,
1754585288800,0,0,0,39,0,0,41.00,1.46,0.86,105,804,-64.00,-64.00,-64.00,-64.00,-64.00,-64.00,13,5,-46.22,6.92,39.00,32.00,0,0,0.00,0.00,0.31,0.02,0.00,0.00,0,0,0,
1754585289800,0,0,0,39,0,0,32.00,2.18,0.86,130,789,-64.00,-64.00,-64.00,-64.00,-64.00,-64.00,12,106,-32.96,205.86,18.50,30.00,0,0,0.00,0.00,0.31,0.02,0.00,0.00,0,0,0,
1754585290800,0,0,0,39,0,0,0.00,0.00,0.11,5,165,-64.00,-64.00,-64.00,-64.00,-64.00,-64.00,13,5,-46.22,6.92,37.00,30.00,0,0,0.00,0.00,0.31,0.02,0.00,0.00,0,0,0,
1754585291800,0,0,0,39,0,0,0.00,0.74,0.84,80,774,-64.00,-64.00,-64.00,-64.00,-64.00,-64.00,12,5,-46.22,6.92,39.00,30.00,0,0,0.00,0.00,0.31,0.02,0.00,0.00,0,0,0,
1754585292800,0,0,0,39,0,0,0.00,2.18,0.76,90,789,-64.00,-64.00,-64.00,-64.00,-64.00,-64.00,13,5,-46.22,6.92,39.50,28.00,0,1,0.00,0.00,0.30,0.02,0.00,0.00,1,0,0,
1754585293800,0,0,0,39,0,0,0.00,0.74,0.86,35,471,-64.00,-64.00,-64.00,-64.00,-64.00,-64.00,12,5,-46.22,6.92,38.00,29.00,0,0,0.00,0.00,0.30,0.02,0.00,0.00,0,0,0,
1754585294800,0,0,0,39,0,0,0.00,2.18,0.75,90,804,-64.00,-64.00,-64.00,-64.00,-64.00,-64.00,13,5,-46.22,6.92,38.50,30.00,0,1,0.00,0.00,0.30,0.02,0.00,0.00,1,0,0,
1754585295800,0,0,0,39,0,0,0.00,0.74,0.85,75,456,-64.00,-64.00,-64.00,-64.00,-64.00,-64.00,12,5,-46.22,6.92,37.50,32.00,0,0,0.00,0.00,0.30,0.02,0.00,0.00,0,0,0,
1754585296800,0,0,0,39,0,0,0.00,0.74,0.82,35,471,-64.00,-64.00,-64.00,-64.00,-64.00,-64.00,13,5,-46.22,6.92,39.00,32.00,0,0,0.00,0.00,0.30,0.02,0.00,0.00,0,0,0,
1754585297800,0,0,0,39,0,0,0.00,0.74,0.82,75,471,-64.00,-64.00,-64.00,-64.00,-64.00,-64.00,12,5,-46.22,6.92,38.50,30.00,0,0,0.00,0.00,0.30,0.02,0.00,0.00,0,0,0,
1754585298800,0,0,0,39,0,0,0.00,0.74,0.82,75,471,-64.00,-64.00,-64.00,-64.00,-64.00,-64.00,13,5,-46.22,6.92,39.00,30.00,0,0,0.00,0.00,0.30,0.02,0.00,0.00,0,0,0,
1754585299800,0,0,0,39,0,0,0.00,0.74,0.82,75,471,-64.00,-64.00,-64.00,-64.00,-64.00,-64.00,12,5,-46.22,6.92,37.50,24.00,0,0,0.00,0.00,0.30,0.02,0.00,0.00,0,0,0,
1754585300800,0,0,0,39,0,0,0.00,0.74,0.82,35,456,-64.00,-64.00,-64.00,-64.00,-64.00,-64.00,13,5,-46.22,6.92,39.50,27.00,0,0,0.00,0.00,0.30,0.02,0.00,0.00,0,0,0,
1754585301800,0,0,0,39,0,0,0.00,0.74,0.82,75,471,-64.00,-64.00,-64.00,-64.00,-64.00,-64.00,12,5,-46.22,6.92,39.00,31.00,0,0,0.00,0.00,0.30,0.02,0.00,0.00,0,0,0,
1754585302800,0,0,0,39,0,0,0.00,0.74,0.82,75,471,-64.00,-64.00,-64.00,-64.00,-64.00,-64.00,13,5,-46.22,6.92,39.00,27.00,0,0,0.00,0.00,0.30,0.02,0.00,0.00,0,0,0,
1754585303800,0,0,0,39,0,0,0.00,0.74,0.82,75,471,-64.00,-64.00,-64.00,-64.00,-64.00,-64.00,12,5,-46.22,6.92,39.50,30.00,0,0,0.00,0.00,0.30,0.02,0.00,0.00,0,0,0,
1754585304800,0,0,0,39,0,0,0.00,0.74,0.82,75,471,-64.00,-64.00,-64.00,-64.00,-64.00,-64.00,13,5,-46.22,6.92,37.50,28.00,0,0,0.00,0.00,0.30,0.02,0.00,0.00,0,0,0,
1754585305800,0,0,0,39,0,0,0.00,0.74,0.82,75,456,-64.00,-64.00,-64.00,-64.00,-64.00,-64.00,12,5,-46.22,6.92,39.50,29.00,0,0,0.00,0.00,0.30,0.02,0.00,0.00,0,0,0,
1754585306800,0,0,0,39,0,0,0.00,0.74,0.82,75,471,-64.00,-64.00,-64.00,-64.00,-64.00,-64.00,13,5,-46.22,6.92,39.50,29.00,0,0,0.00,0.00,0.30,0.02,0.00,0.00,0,0,0,
1754585307800,0,0,0,39,0,0,0.00,0.74,0.82,75,471,-64.00,-64.00,-64.00,-64.00,-64.00,-64.00,12,5,-46.22,6.92,39.00,31.00,0,0,0.00,0.00,0.30,0.02,0.00,0.00,0,0,0,
1754585308800,0,0,0,39,1,1,0.00,1.46,1.48,60,411,-64.00,-64.00,-64.00,-64.00,-64.00,-64.00,13,5,-46.22,6.92,40.00,31.00,0,0,0.00,0.00,0.30,0.02,0.00,0.00,0,0,0,
1754585309800,0,0,0,39,0,0,0.00,0.74,0.78,80,699,-64.00,-64.00,-64.00,-64.00,-64.00,-64.00,12,5,-46.22,6.92,39.00,34.00,0,0,0.00,0.00,0.30,0.02,0.00,0.00,0,0,0,
1754585310800,0,0,0,39,0,0,0.00,0.74,0.78,40,716,-64.31,-65.00,-65.00,-64.00,-64.00,-64.00,13,5,-46.53,6.91,40.00,34.00,0,0,0.00,0.00,0.30,0.02,0.00,0.00,0,0,0,
1754585311800,0,0,0,39,0,0,0.00,0.74,0.74,75,391,-64.17,-65.00,-64.00,-64.00,-64.00,-64.00,12,5,-46.39,6.92,39.00,35.00,0,0,0.00,0.00,0.30,0.02,0.00,0.00,0,0,0,
1754585312800,0,0,0,39,0,0,0.00,0.74,0.78,40,714,-64.15,-65.00,-64.00,-64.00,-64.00,-64.00,13,5,-46.37,6.92,37.50,32.00,0,0,0.00,0.00,0.30,0.02,0.00,0.00,0,0,0,
1754585313800,1,51,0,39,0,0,0.00,0.74,0.82,56,704,-64.00,-64.00,-64.00,-64.00,-64.00,-64.00,9,5,-46.22,6.92,38.00,33.00,0,1,0.00,0.00,0.30,0.02,0.00,0.00,1,0,0,
1754585314800,1,51,0,39,0,0,0.00,0.00,0.22,66,1325,-64.00,-64.00,-64.00,-64.00,-64.00,-64.00,4,21,-39.99,33.61,29.00,30.00,0,2,0.20,0.00,0.30,0.02,0.00,0.00,2,0,0,
1754585315800,1,51,0,39,0,0,0.00,0.16,0.42,146,1280,,,,,,,0,21,,0.00,32.00,28.00,0,0,0.28,0.00,0.30,0.02,0.00,0.00,0,0,0,
1754585316800,1,51,0,39,0,0,0.00,0.00,0.00,234,45,,,,,,,0,5,,0.00,36.00,30.00,0,0,0.15,0.01,0.30,0.02,0.00,0.00,0,0,0,
1754585317800,1,51,0,39,0,0,0.00,0.68,0.48,215,696,,,,,,,0,5,,0.00,37.00,32.00,0,1,0.13,0.01,0.30,0.02,0.00,0.00,1,0,0,
1754585318800,1,51,0,39,0,0,0.00,0.00,0.00,206,671,,,,,,,0,5,,0.00,38.00,34.00,0,0,0.11,0.00,0.30,0.02,0.00,0.00,0,0,0,
1754585319800,1,51,0,39,8,3,0.00,3.38,3.26,315,787,-64.00,-64.00,-64.00,-64.00,-64.00,-64.00,1,21,-39.99,33.61,30.50,32.00,0,1,0.05,0.00,0.31,0.02,0.00,0.00,1,0,0,
1754585320800,1,51,0,39,1,1,235.00,13.74,4.10,760,2042,-64.00,-64.00,-64.00,-64.00,-64.00,-64.00,1,94,-33.48,179.71,7.00,29.00,0,1,0.20,0.07,0.31,0.02,0.00,0.00,1,0,0,
1754585321800,1,51,0,39,0,0,0.00,10.91,0.40,702,681,,,,,,,0,5,,0.00,39.00,29.00,0,0,0.15,0.05,0.31,0.02,0.00,0.00,0,0,0,
1754585322800,1,51,0,39,0,0,0.00,3.89,0.61,223,50,,,,,,,0,5,,0.00,37.00,29.00,0,0,0.05,0.02,0.31,0.02,0.00,0.00,0,0,0,
1754585323800,1,51,0,39,0,0,0.00,1.98,0.71,187,50,,,,,,,0,5,,0.00,35.50,31.00,0,0,0.02,0.01,0.31,0.02,0.00,0.00,0,0,0,
1754585324800,1,51,0,39,0,0,0.00,1.90,0.73,281,686,-64.00,-64.00,-64.00,-64.00,-64.00,-64.00,1,5,-46.22,6.92,38.50,31.00,0,1,0.01,0.00,0.31,0.02,0.00,0.00,1,0,0,
1754585325800,1,51,0,39,0,0,0.00,0.00,0.00,235,45,,,,,,,0,5,,0.00,36.50,30.00,0,0,0.04,0.00,0.31,0.02,0.00,0.00,0,0,0,
1754585326800,1,51,0,39,0,0,0.00,0.98,0.40,169,674,-64.00,-64.00,-64.00,-64.00,-64.00,-64.00,1,5,-46.22,6.92,40.00,29.00,0,0,0.02,0.00,0.31,0.02,0.00,0.00,0,0,0,
1754585327800,1,51,0,39,0,0,0.00,0.00,0.00,80,45,,,,,,,0,5,,0.00,38.50,25.00,0,0,0.04,0.01,0.31,0.02,0.00,0.00,0,0,0,
1754585328800,1,51,0,39,0,0,0.00,1.20,0.52,193,674,,,,,,,0,5,,0.00,37.00,29.00,0,0,0.02,0.01,0.31,0.02,0.00,0.00,0,0,0,
1754585329800,0,0,0,39,0,0,0.00,0.00,0.00,76,40,,,,,,,0,5,,0.00,40.00,33.00,0,0,0.04,0.00,0.31,0.02,0.00,0.00,0,0,0,
1754585330800,0,0,0,39,6,6,0.00,10.27,7.25,560,709,-64.00,-64.00,-64.00,-64.00,-64.00,-64.00,3,5,-46.22,6.92,39.00,32.00,1,1,0.02,0.00,0.31,0.02,0.00,0.00,1,0,0,
1754585331800,0,0,0,39,0,0,0.00,2.18,0.78,112,714,-64.00,-64.00,-64.00,-64.00,-64.00,-64.00,12,5,-46.22,6.92,39.00,33.00,1,1,0.01,0.00,0.31,0.02,0.00,0.00,1,0,0,
1754585332800,0,0,0,39,0,0,0.00,0.00,0.04,5,90,-64.00,-64.00,-64.00,-64.00,-64.00,-64.00,13,5,-46.22,6.92,38.00,33.00,1,0,0.00,0.00,0.31,0.02,0.00,0.00,0,0,0,
1754585333800,0,0,0,39,0,0,0.00,0.74,0.78,75,433,-64.00,-64.00,-64.00,-64.00,-64.00,-64.00,12,5,-46.22,6.92,39.00,31.00,2,0,0.00,0.00,0.31,0.02,0.00,0.00,0,0,0,
1754585334800,0,0,0,39,0,0,0.00,0.74,0.78,75,426,-64.00,-64.00,-64.00,-64.00,-64.00,-64.00,13,5,-46.22,6.92,40.00,30.00,2,0,0.00,0.00,0.31,0.02,0.00,0.00,0,0,0,
1754585335800,0,0,0,39,1,1,0.00,1.49,1.57,70,1045,-63.92,-64.00,-64.00,-64.00,-64.00,-63.00,12,5,-46.14,6.93,39.00,29.00,1,0,0.00,0.00,0.31,0.02,0.00,0.00,0,0,0,
1754585336800,0,0,0,39,0,0,246.00,1.46,0.80,65,719,-64.00,-64.00,-64.00,-64.00,-64.00,-64.00,13,5,-46.22,6.92,38.50,32.00,0,0,0.00,0.00,0.31,0.02,0.00,0.00,0,0,0,
1754585337800,0,0,0,39,0,0,209.00,2.18,0.82,90,746,-63.92,-65.00,-64.00,-64.00,-63.50,-63.00,12,5,-46.14,6.93,38.50,32.00,0,0,0.00,0.00,0.31,0.02,0.00,0.00,0,0,0,
1754585338800,0,0,0,39,0,0,118.00,2.18,0.82,90,744,-64.00,-64.00,-64.00,-64.00,-64.00,-64.00,13,5,-46.22,6.92,38.00,32.00,0,0,0.00,0.00,0.31,0.02,0.00,0.00,0,0,0,
1754585339800,0,0,0,39,0,0,46.00,1.46,0.82,65,744,-64.00,-65.00,-64.00,-64.00,-64.00,-63.00,12,5,-46.22,6.92,38.50,32.00,0,0,0.00,0.00,0.31,0.02,0.00,0.00,0,0,0,
1754585340800,0,0,0,39,0,0,137.00,2.18,0.82,90,719,-64.00,-64.00,-64.00,-64.00,-64.00,-64.00,13,106,-32.96,205.86,18.50,27.00,1,0,0.00,0.00,0.31,0.02,0.00,0.00,0,0,0,
1754585341800,0,0,0,39,0,0,0.00,0.00,0.02,5,105,-63.92,-64.00,-64.00,-64.00,-64.00,-63.00,12,5,-46.14,6.93,38.00,30.00,0,0,0.00,0.00,0.31,0.02,0.00,0.00,0,0,0,
1754585342800,0,0,0,39,0,0,0.00,0.74,0.82,40,719,-64.00,-64.00,-64.00,-64.00,-64.00,-64.00,13,5,-46.22,6.92,38.00,32.00,0,0,0.00,0.00,0.31,0.02,0.00,0.00,0,0,0,
1754585343800,0,0,0,39,0,0,0.00,2.18,0.82,130,751,-64.00,-64.00,-64.00,-64.00,-64.00,-64.00,12,5,-46.22,6.92,39.00,31.00,0,1,0.00,0.00,0.31,0.02,0.00,0.00,1,0,0,
1754585344800,0,0,0,39,0,0,0.00,2.18,0.82,130,749,-64.00,-64.00,-64.00,-64.00,-64.00,-64.00,13,5,-46.22,6.92,39.50,30.00,0,1,0.00,0.00,0.31,0.02,0.00,0.00,1,0,0,
1754585345800,0,0,0,39,0,0,0.00,2.18,0.82,130,754,-64.00,-64.00,-64.00,-64.00,-64.00,-64.00,12,5,-46.22,6.92,39.50,34.00,0,1,0.00,0.00,0.31,0.02,0.00,0.00,1,0,0,
1754585346800,0,0,0,39,0,0,0.00,0.74,0.78,40,739,-64.00,-64.00,-64.00,-64.00,-64.00,-64.00,13,5,-46.22,6.92,39.00,34.00,0,0,0.00,0.00,0.31,0.02,0.00,0.00,0,0,0,
1754585347800,0,0,0,39,0,0,0.00,0.74,0.82,40,739,-64.00,-64.00,-64.00,-64.00,-64.00,-64.00,12,5,-46.22,6.92,40.00,34.00,0,0,0.00,0.00,0.31,0.02,0.00,0.00,0,0,0,
1754585348800,0,0,0,39,0,0,0.00,2.18,0.82,81,749,-64.15,-65.00,-64.00,-64.00,-64.00,-64.00,13,5,-46.37,6.92,40.50,32.00,0,0,0.00,0.00,0.30,0.02,0.00,0.00,0,0,0,
1754585349800,0,0,0,39,0,0,0.00,2.18,0.82,90,764,-64.08,-65.00,-64.00,-64.00,-64.00,-64.00,12,5,-46.30,6.92,40.50,34.00,0,1,0.00,0.00,0.30,0.02,0.00,0.00,1,0,0,
1754585350800,0,0,0,39,0,0,0.00,2.18,0.82,90,764,-64.15,-65.00,-64.00,-64.00,-64.00,-64.00,13,5,-46.37,6.92,38.50,35.00,0,1,0.00,0.00,0.30,0.02,0.00,0.00,1,0,0,
1754585351800,0,0,0,39,0,0,0.00,0.74,0.78,80,749,-64.25,-65.00,-64.50,-64.00,-64.00,-64.00,12,5,-46.47,6.91,38.00,33.00,0,0,0.00,0.00,0.30,0.02,0.00,0.00,0,0,0,
1754585352800,0,0,0,39,0,0,0.00,0.74,0.82,40,749,-64.15,-65.00,-64.00,-64.00,-64.00,-64.00,13,5,-46.37,6.92,38.50,31.00,0,0,0.00,0.00,0.30,0.02,0.00,0.00,0,0,0,
1754585353800,0,0,0,39,0,0,0.00,2.18,0.82,90,759,-64.00,-64.00,-64.00,-64.00,-64.00,-64.00,12,5,-46.22,6.92,38.50,33.00,0,1,0.00,0.00,0.30,0.02,0.00,0.00,1,0,0,
1754585354800,0,0,0,39,0,0,0.00,2.18,0.82,81,771,-64.00,-64.00,-64.00,-64.00,-64.00,-64.00,13,5,-46.22,6.92,39.50,34.00,0,0,0.00,0.00,0.30,0.02,0.00,0.00,0,0,0,
1754585355800,0,0,0,39,0,0,0.00,2.18,0.82,90,774,-64.00,-64.00,-64.00,-64.00,-64.00,-64.00,12,5,-46.22,6.92,39.50,34.00,0,1,0.00,0.00,0.30,0.02,0.00,0.00,1,0,0,
1754585356800,0,0,0,39,0,0,0.00,0.74,0.89,40,759,-64.00,-64.00,-64.00,-64.00,-64.00,-64.00,13,5,-46.22,6.92,40.50,33.00,0,0,0.00,0.00,0.30,0.02,0.00,0.00,0,0,0,
1754585357800,0,0,0,39,0,0,0.00,0.74,0.76,40,759,-64.00,-64.00,-64.00,-64.00,-64.00,-64.00,12,5,-46.22,6.92,38.00,35.00,0,0,0.00,0.00,0.30,0.02,0.00,0.00,0,0,0,
1754585358800,0,0,0,39,0,0,0.00,2.18,0.82,90,769,-64.23,-65.00,-64.00,-64.00,-64.00,-64.00,13,5,-46.45,6.91,38.00,31.00,0,1,0.00,0.00,0.30,0.02,0.00,0.00,1,0,0,
1754585359800,0,0,0,39,0,0,0.00,2.18,0.82,90,786,-64.42,-65.00,-65.00,-64.00,-64.00,-64.00,12,5,-46.64,6.91,38.00,33.00,0,1,0.00,0.00,0.30,0.02,0.00,0.00,1,0,0,
1754585360800,0,0,0,39,0,0,0.00,2.18,0.82,130,784,-64.31,-65.00,-65.00,-64.00,-64.00,-64.00,13,5,-46.53,6.91,39.00,30.00,0,1,0.00,0.00,0.30,0.02,0.00,0.00,1,0,0,
1754585361800,0,0,0,39,0,0,0.00,0.74,0.87,40,764,-64.17,-65.00,-64.00,-64.00,-64.00,-64.00,12,5,-46.39,6.92,37.50,28.00,0,0,0.00,0.00,0.30,0.02,0.00,0.00,0,0,0,
1754585362800,0,0,0,39,0,0,0.00,0.74,0.78,40,769,-64.00,-64.00,-64.00,-64.00,-64.00,-64.00,13,5,-46.22,6.92,39.50,28.00,0,0,0.00,0.00,0.30,0.02,0.00,0.00,0,0,0,
1754585363800,0,0,0,39,0,0,0.00,0.74,0.90,80,769,-64.00,-64.00,-64.00,-64.00,-64.00,-64.00,12,5,-46.22,6.92,39.50,31.00,1,0,0.00,0.00,0.30,0.02,0.00,0.00,0,0,0,
1754585364800,0,0,0,39,0,0,0.00,2.18,0.79,90,791,-64.00,-64.00,-64.00,-64.00,-64.00,-64.00,13,5,-46.22,6.92,38.50,29.00,0,1,0.00,0.00,0.30,0.02,0.00,0.00,1,0,0,
1754585365800,0,0,0,39,0,0,0.00,2.18,0.82,90,794,-64.00,-64.00,-64.00,-64.00,-64.00,-64.00,12,5,-46.22,6.92,39.00,31.00,0,1,0.00,0.00,0.30,0.02,0.00,0.00,1,0,0,
1754585366800,0,0,0,39,0,0,0.00,2.18,0.89,130,784,-64.00,-64.00,-64.00,-64.00,-64.00,-64.00,13,5,-46.22,6.92,38.50,32.00,0,1,0.00,0.00,0.30,0.02,0.00,0.00,1,0,0,
1754585367800,0,0,0,39,0,0,0.00,0.74,0.82,80,779,-64.00,-64.00,-64.00,-64.00,-64.00,-64.00,12,5,-46.22,6.92,39.00,32.00,0,0,0.00,0.00,0.30,0.02,0.00,0.00,0,0,0,
1754585368800,0,0,0,39,0,0,0.00,0.74,1.19,40,779,-64.00,-64.00,-64.00,-64.00,-64.00,-64.00,13,5,-46.22,6.92,39.00,30.00,2,0,0.00,0.00,0.30,0.02,0.00,0.00,0,0,0,
1754585369800,0,0,0,39,0,0,0.00,2.18,0.66,125,801,-64.00,-64.00,-64.00,-64.00,-64.00,-64.00,12,5,-46.22,6.92,39.50,29.00,1,1,0.00,0.00,0.30,0.02,0.00,0.00,1,0,0,
1754585370800,0,0,0,39,0,0,0.00,2.18,0.86,90,804,-64.00,-64.00,-64.00,-64.00,-64.00,-64.00,13,5,-46.22,6.92,38.50,27.00,1,1,0.00,0.00,0.30,0.02,0.00,0.00,1,0,0,
1754585371800,0,0,0,39,0,0,0.00,2.18,0.75,130,789,-64.00,-64.00,-64.00,-64.00,-64.00,-64.00,12,5,-46.22,6.92,38.50,25.00,0,1,0.00,0.00,0.30,0.02,0.00,0.00,1,0,0,
1754585372800,0,0,0,39,0,0,0.00,0.74,0.85,75,471,-63.92,-64.00,-64.00,-64.00,-64.00,-63.00,13,5,-46.14,6.93,39.00,27.00,0,0,0.00,0.00,0.30,0.02,0.00,0.00,0,0,0,
1754585373800,0,0,0,39,0,0,0.00,0.74,0.82,75,471,-64.00,-64.00,-64.00,-64.00,-64.00,-64.00,12,5,-46.22,6.92,39.50,25.00,0,0,0.00,0.00,0.30,0.02,0.00,0.00,0,0,0,
1754585374800,0,0,0,39,0,0,0.00,2.18,0.76,90,801,-64.00,-64.00,-64.00,-64.00,-64.00,-64.00,13,5,-46.22,6.92,39.00,26.00,0,0,0.00,0.00,0.30,0.02,0.00,0.00,0,0,0,
1754585375800,0,0,0,39,0,0,0.00,2.18,0.78,63,789,-64.00,-64.00,-64.00,-64.00,-64.00,-64.00,12,5,-46.22,6.92,39.00,27.00,0,1,0.00,0.00,0.30,0.02,0.00,0.00,1,0,0,
1754585376800,0,0,0,39,0,0,0.00,0.74,0.85,36,456,-64.00,-64.00,-64.00,-64.00,-64.00,-64.00,13,5,-46.22,6.92,38.50,31.00,1,2,0.00,0.00,0.30,0.02,0.00,0.00,2,0,0,
1754585377800,0,0,0,39,0,0,0.00,0.74,0.82,26,471,-64.00,-64.00,-64.00,-64.00,-64.00,-64.00,12,5,-46.22,6.92,39.50,29.00,1,1,0.00,0.00,0.30,0.02,0.00,0.00,1,0,0,
1754585378800,0,0,0,39,1,1,0.00,1.50,1.48,129,451,-64.00,-64.00,-64.00,-64.00,-64.00,-64.00,13,5,-46.22,6.92,38.00,29.00,1,0,0.00,0.00,0.30,0.02,0.00,0.00,0,0,0,
1754585379800,0,0,0,39,6,3,0.00,7.25,3.50,202,719,-64.00,-64.00,-64.00,-64.00,-64.00,-64.00,12,5,-46.22,6.92,39.50,30.00,1,1,0.00,0.00,0.30,0.02,0.00,0.00,1,0,0,
1754585380800,0,0,0,39,0,0,0.00,0.74,0.78,25,711,-64.00,-64.00,-64.00,-64.00,-64.00,-64.00,13,5,-46.22,6.92,39.00,29.00,0,2,0.00,0.00,0.30,0.02,0.00,0.00,2,0,0,
1754585381800,0,0,0,39,0,0,0.00,0.74,0.74,17,391,-64.00,-64.00,-64.00,-64.00,-64.00,-64.00,12,5,-46.22,6.92,38.50,28.00,2,3,0.00,0.00,0.30,0.02,0.00,0.00,3,0,0,
1754585382800,0,0,0,39,0,0,0.00,0.74,0.78,25,714,-64.00,-64.00,-64.00,-64.00,-64.00,-64.00,13,5,-46.22,6.92,38.50,29.00,2,2,0.00,0.00,0.30,0.02,0.00,0.00,2,0,0,
1754585383800,0,0,0,39,0,0,0.00,0.74,0.82,41,709,-64.00,-64.00,-64.00,-64.00,-64.00,-64.00,12,5,-46.22,6.92,60.00,32.00,2,2,0.00,0.00,0.30,0.02,0.00,0.00,2,0,0,
1754585384800,0,0,0,39,2,1,185.50,2.93,1.41,107,719,-64.00,-64.00,-64.00,-64.00,-64.00,-64.00,13,5,-46.22,6.92,38.00,31.00,0,0,0.00,0.00,0.30,0.02,0.00,0.00,0,0,0,
1754585385800,0,0,0,39,1,1,0.00,2.71,1.37,130,471,-64.00,-64.00,-64.00,-64.00,-64.00,-64.00,12,5,-46.22,6.92,37.50,29.00,2,0,0.00,0.00,0.30,0.02,0.00,0.00,0,0,0,
1754585386800,0,0,0,39,3,2,270.33,5.77,2.46,202,779,-64.00,-64.00,-64.00,-64.00,-64.00,-64.00,13,5,-46.22,6.92,38.00,30.00,1,0,0.00,0.00,0.30,0.02,0.00,0.00,0,0,0,
1754585387800,0,0,0,39,1,2,287.00,3.22,2.70,136,471,-64.00,-64.00,-64.00,-64.00,-64.00,-64.00,12,5,-46.22,6.92,39.00,32.00,1,0,0.00,0.00,0.30,0.02,0.00,0.00,0,0,0,
1754585388800,1,52,0,39,0,0,0.00,0.00,0.10,5,699,-64.00,-64.00,-64.00,-64.00,-64.00,-64.00,10,5,-46.22,6.92,38.50,34.00,1,1,0.00,0.00,0.30,0.02,0.00,0.00,1,0,0,
1754585389800,1,52,0,39,0,0,0.00,0.02,0.64,196,1312,,,,,,,0,21,,0.00,31.00,34.00,0,1,0.24,0.00,0.30,0.02,0.00,0.00,1,0,0,
1754585390800,1,52,0,39,0,0,0.00,0.02,0.00,240,644,,,,,,,0,5,,0.00,36.50,29.00,0,0,0.25,0.02,0.30,0.02,0.00,0.00,0,0,0,
1754585391800,1,52,0,39,0,0,0.00,0.30,0.21,101,50,,,,,,,0,5,,0.00,37.50,32.00,0,0,0.09,0.01,0.30,0.02,0.00,0.00,0,0,0,
1754585392800,1,52,0,39,0,0,0.00,0.00,0.00,108,669,,,,,,,0,5,,0.00,38.00,30.00,0,0,0.09,0.01,0.30,0.02,0.00,0.00,0,0,0,
1754585393800,1,52,0,39,0,0,95.00,1.80,0.50,215,50,,,,,,,0,5,,0.00,38.00,33.00,0,0,0.03,0.00,0.30,0.02,0.00,0.00,0,0,0,
1754585394800,1,52,0,39,0,0,0.00,9.36,0.00,422,669,,,,,,,0,5,,0.00,35.50,34.00,0,2,0.06,0.01,0.30,0.02,0.00,0.00,2,0,0,
1754585395800,1,52,0,39,0,0,0.00,10.34,0.40,191,50,,,,,,,0,5,,0.00,37.50,32.00,0,1,0.02,0.01,0.30,0.02,0.00,0.00,1,0,0,
1754585396800,1,52,0,39,0,0,0.00,0.21,0.10,126,664,,,,,,,0,5,,0.00,37.00,35.00,0,0,0.06,0.00,0.30,0.02,0.00,0.00,0,0,0,
1754585397800,1,52,0,39,0,0,0.00,1.30,0.42,159,50,,,,,,,0,5,,0.00,37.00,34.00,0,0,0.02,0.00,0.30,0.02,0.00,0.00,0,0,0,
1754585398800,1,52,0,39,0,0,0.00,0.27,0.10,125,669,,,,,,,0,5,,0.00,37.50,34.00,0,0,0.06,0.00,0.30,0.02,0.00,0.00,0,0,0,
1754585399800,1,52,0,39,0,0,0.00,3.73,0.38,249,50,,,,,,,0,5,,0.00,38.00,34.00,0,1,0.02,0.00,0.30,0.02,0.00,0.00,1,0,0,
1754585400800,1,52,0,39,0,0,0.00,0.66,0.38,272,1317,,,,,,,0,5,,0.00,37.00,35.00,0,0,0.08,0.00,0.30,0.02,0.00,0.00,0,0,0,
1754585401800,1,52,0,39,0,0,0.00,1.50,0.31,274,50,,,,,,,0,5,,0.00,39.50,33.00,0,0,0.05,0.00,0.30,0.02,0.00,0.00,0,0,0,
1754585402800,1,52,0,39,0,0,0.00,0.78,0.21,162,669,,,,,,,0,5,,0.00,37.00,35.00,0,0,0.08,0.00,0.30,0.02,0.00,0.00,0,0,0,
1754585403800,1,52,0,39,0,0,47.00,2.42,0.29,217,50,,,,,,,0,5,,0.00,37.00,35.00,0,0,0.03,0.00,0.30,0.02,0.00,0.00,0,0,0,
1754585404800,1,52,0,39,0,0,0.00,2.24,0.19,206,669,,,,,,,0,5,,0.00,38.00,35.00,0,0,0.07,0.00,0.30,0.02,0.00,0.00,0,0,0,
1754585405800,1,52,0,39,0,0,0.00,1.33,0.21,163,50,,,,,,,0,5,,0.00,38.00,32.00,0,0,0.02,0.00,0.30,0.02,0.00,0.00,0,0,0,
1754585406800,1,52,0,39,0,0,0.00,1.39,0.31,213,664,,,,,,,0,5,,0.00,37.00,33.00,0,0,0.08,0.00,0.30,0.02,0.00,0.00,0,0,0,
1754585407800,1,52,0,39,0,0,0.00,1.52,0.21,173,50,,,,,,,0,5,,0.00,38.00,36.00,0,0,0.03,0.00,0.30,0.02,0.00,0.00,0,0,0,
1754585408800,1,52,0,39,0,0,0.00,1.58,0.31,219,669,,,,,,,0,5,,0.00,38.00,34.00,0,0,0.08,0.00,0.31,0.02,0.00,0.00,0,0,0,
1754585409800,1,52,0,39,0,0,99.00,1.90,0.19,197,50,,,,,,,0,5,,0.00,38.00,32.00,0,0,0.03,0.00,0.31,0.02,0.00,0.00,0,0,0,
1754585410800,1,52,0,39,0,0,0.00,3.19,0.30,278,664,,,,,,,0,5,,0.00,37.00,34.00,0,0,0.08,0.00,0.31,0.02,0.00,0.00,0,0,0,
1754585411800,1,52,0,39,0,0,0.00,0.64,0.10,133,50,,,,,,,0,5,,0.00,37.00,36.00,0,0,0.03,0.00,0.31,0.02,0.00,0.00,0,0,0,
1754585412800,1,52,0,39,0,0,0.00,2.56,0.42,298,669,,,,,,,0,5,,0.00,39.00,36.00,0,0,0.08,0.00,0.31,0.02,0.00,0.00,0,0,0,
1754585413800,1,52,0,39,0,0,0.00,0.64,0.10,138,50,,,,,,,0,5,,0.00,34.50,37.00,0,0,0.03,0.00,0.31,0.02,0.00,0.00,0,0,0,
1754585414800,1,52,0,39,0,0,0.00,2.56,0.42,293,669,,,,,,,0,5,,0.00,37.50,36.00,0,0,0.08,0.00,0.31,0.02,0.00,0.00,0,0,0,
1754585415800,1,52,0,39,0,0,0.00,0.00,0.00,81,50,,,,,,,0,5,,0.00,37.50,37.00,0,0,0.03,0.00,0.31,0.02,0.00,0.00,0,0,0,
1754585416800,1,52,0,39,0,0,0.00,5.46,0.46,412,664,,,,,,,0,5,,0.00,41.00,38.00,0,0,0.09,0.00,0.31,0.02,0.00,0.00,0,0,0,
1754585417800,0,0,0,39,0,0,0.00,0.00,0.00,85,50,,,,,,,0,5,,0.00,38.50,38.00,0,0,0.03,0.00,0.31,0.02,0.00,0.00,0,0,0,
1754585418800,0,0,0,39,12,11,0.00,17.41,12.61,938,724,-65.00,-65.00,-65.00,-65.00,-65.00,-65.00,6,5,-47.22,6.88,39.00,38.00,0,0,0.02,0.00,0.31,0.02,0.00,0.00,0,0,0,
1754585419800,0,0,0,39,17,10,0.00,19.55,11.35,736,759,-65.00,-65.00,-65.00,-65.00,-65.00,-65.00,12,5,-47.22,6.88,60.00,40.00,0,1,0.01,0.00,0.31,0.02,0.00,0.00,1,0,0,
1754585420800,0,0,0,39,0,0,0.00,2.18,0.78,130,729,-64.92,-65.00,-65.00,-65.00,-65.00,-64.00,13,5,-47.14,6.89,39.00,37.00,0,0,0.00,0.00,0.31,0.02,0.00,0.00,0,0,0,
1754585421800,0,0,0,39,0,0,0.00,0.74,0.74,35,428,-64.75,-65.00,-65.00,-65.00,-64.50,-64.00,12,5,-46.97,6.89,39.50,36.00,1,0,0.00,0.00,0.31,0.02,0.00,0.00,0,0,0,
1754585422800,0,0,0,39,0,0,0.00,0.74,0.78,75,421,-64.77,-65.00,-65.00,-65.00,-65.00,-64.00,13,5,-46.99,6.89,59.50,38.00,2,0,0.00,0.00,0.31,0.02,0.00,0.00,0,0,0,
1754585423800,0,0,0,39,0,0,0.00,0.74,0.78,75,426,-64.92,-65.00,-65.00,-65.00,-65.00,-64.00,12,5,-47.14,6.89,38.50,37.00,2,0,0.00,0.00,0.31,0.02,0.00,0.00,0,0,0,
1754585424800,0,0,0,39,0,0,0.00,0.74,0.82,40,719,-65.00,-65.00,-65.00,-65.00,-65.00,-65.00,13,5,-47.22,6.88,38.00,38.00,0,0,0.00,0.00,0.31,0.02,0.00,0.00,0,0,0,
1754585425800,0,0,0,39,0,0,0.00,2.18,0.82,90,729,-65.00,-65.00,-65.00,-65.00,-65.00,-65.00,12,5,-47.22,6.88,38.50,40.00,0,0,0.00,0.00,0.31,0.02,0.00,0.00,0,0,0,
1754585426800,0,0,0,39,0,0,0.00,2.18,0.82,90,746,-65.00,-65.00,-65.00,-65.00,-65.00,-65.00,13,5,-47.22,6.88,39.00,39.00,0,0,0.00,0.00,0.31,0.02,0.00,0.00,0,0,0,
1754585427800,0,0,0,39,0,0,0.00,2.18,0.82,90,739,-65.00,-65.00,-65.00,-65.00,-65.00,-65.00,12,5,-47.22,6.88,38.50,39.00,0,0,0.00,0.00,0.31,0.02,0.00,0.00,0,0,0,
1754585428800,0,0,0,39,0,0,0.00,0.74,0.82,40,734,-64.85,-65.00,-65.00,-65.00,-65.00,-64.00,13,5,-47.06,6.89,38.00,38.00,0,0,0.00,0.00,0.31,0.02,0.00,0.00,0,0,0,
1754585429800,0,0,0,39,0,0,0.00,0.74,0.82,40,729,-64.50,-65.00,-65.00,-64.50,-64.00,-64.00,12,5,-46.72,6.90,60.00,36.00,1,0,0.00,0.00,0.31,0.02,0.00,0.00,0,0,0,
1754585430800,0,0,0,39,0,0,0.00,2.18,0.82,90,739,-64.23,-65.00,-64.00,-64.00,-64.00,-64.00,13,5,-46.45,6.91,38.50,34.00,0,0,0.00,0.00,0.31,0.02,0.00,0.00,0,0,0,
1754585431800,0,0,0,39,0,0,0.00,2.18,0.82,90,756,-64.08,-65.00,-64.00,-64.00,-64.00,-64.00,12,5,-46.30,6.92,39.00,34.00,0,0,0.00,0.00,0.31,0.02,0.00,0.00,0,0,0,
1754585432800,0,0,0,39,0,0,0.00,2.18,0.82,90,749,-64.00,-64.00,-64.00,-64.00,-64.00,-64.00,13,5,-46.22,6.92,38.50,34.00,1,0,0.00,0.00,0.31,0.02,0.00,0.00,0,0,0,
1754585433800,0,0,0,39,0,0,0.00,0.74,0.82,40,744,-64.08,-65.00,-64.00,-64.00,-64.00,-64.00,12,5,-46.30,6.92,38.00,34.00,0,0,0.00,0.00,0.31,0.02,0.00,0.00,0,0,0,
1754585434800,0,0,0,39,0,0,0.00,0.74,0.82,40,739,-64.08,-65.00,-64.00,-64.00,-64.00,-64.00,13,5,-46.30,6.92,37.50,33.00,2,0,0.00,0.00,0.31,0.02,0.00,0.00,0,0,0,
1754585435800,0,0,0,39,0,0,0.00,2.18,0.82,90,749,-64.00,-64.00,-64.00,-64.00,-64.00,-64.00,12,5,-46.22,6.92,38.50,35.00,1,0,0.00,0.00,0.30,0.02,0.00,0.00,0,0,0,
1754585436800,0,0,0,39,0,0,0.00,2.18,0.82,90,766,-64.00,-64.00,-64.00,-64.00,-64.00,-64.00,13,5,-46.22,6.92,39.50,37.00,1,0,0.00,0.00,0.30,0.02,0.00,0.00,0,0,0,
1754585437800,0,0,0,39,0,0,0.00,2.18,0.80,90,749,-64.25,-65.00,-64.50,-64.00,-64.00,-64.00,12,5,-46.47,6.91,39.00,34.00,0,0,0.00,0.00,0.30,0.02,0.00,0.00,0,0,0,
1754585438800,0,0,0,39,0,0,156.00,0.74,0.85,40,764,-64.23,-65.00,-64.00,-64.00,-64.00,-64.00,13,5,-46.45,6.91,40.50,35.00,1,0,0.00,0.00,0.30,0.02,0.00,0.00,0,0,0,
1754585439800,0,0,0,39,0,0,173.00,0.74,0.82,40,749,-64.08,-65.00,-64.00,-64.00,-64.00,-64.00,12,5,-46.30,6.92,38.50,35.00,1,0,0.00,0.00,0.30,0.02,0.00,0.00,0,0,0,
1754585440800,0,0,0,39,0,0,18.00,1.46,0.80,105,749,-64.00,-64.00,-64.00,-64.00,-64.00,-64.00,13,5,-46.22,6.92,38.50,34.00,0,0,0.00,0.00,0.30,0.02,0.00,0.00,0,0,0,
1754585441800,0,0,0,39,0,0,212.00,1.46,0.82,65,776,-64.33,-65.00,-65.00,-64.00,-64.00,-64.00,12,5,-46.55,6.91,37.50,33.00,0,0,0.00,0.00,0.30,0.02,0.00,0.00,0,0,0,
1754585442800,0,0,0,39,4,1,247.00,6.59,2.12,293,769,-64.38,-65.00,-65.00,-64.00,-64.00,-64.00,13,106,-33.34,204.70,18.50,35.00,0,0,0.00,0.00,0.30,0.02,0.00,0.00,0,0,0,
1754585443800,0,0,0,39,0,0,0.00,0.00,0.02,5,165,-64.25,-65.00,-64.50,-64.00,-64.00,-64.00,12,5,-46.47,6.91,38.50,34.00,0,1,0.00,0.00,0.30,0.02,0.00,0.00,1,0,0,
1754585444800,0,0,0,39,0,3,0.00,0.74,3.19,40,744,-64.38,-65.00,-65.00,-64.00,-64.00,-64.00,13,5,-46.60,6.91,38.00,36.00,0,0,0.00,0.00,0.30,0.02,0.00,0.00,0,0,0,
1754585445800,0,0,0,39,0,0,0.00,0.74,0.82,80,759,-64.33,-65.00,-65.00,-64.00,-64.00,-64.00,12,5,-46.55,6.91,39.00,37.00,0,0,0.00,0.00,0.30,0.02,0.00,0.00,0,0,0,
1754585446800,0,0,0,39,0,0,0.00,2.18,0.82,90,769,-64.69,-65.00,-65.00,-65.00,-64.00,-64.00,13,5,-46.91,6.90,39.50,35.00,0,1,0.00,0.00,0.30,0.02,0.00,0.00,1,0,0,
1754585447800,0,0,0,39,0,0,0.00,2.18,0.82,81,781,-65.00,-65.00,-65.00,-65.00,-65.00,-65.00,12,5,-47.22,6.88,39.50,37.00,0,1,0.00,0.00,0.30,0.02,0.00,0.00,1,0,0,
1754585448800,0,0,0,39,0,0,0.00,2.18,0.82,90,784,-64.77,-65.00,-65.00,-65.00,-65.00,-64.00,13,5,-46.99,6.89,38.00,35.00,0,1,0.00,0.00,0.30,0.02,0.00,0.00,1,0,0,
1754585449800,0,0,0,39,0,0,0.00,0.74,0.78,80,769,-64.75,-65.00,-65.00,-65.00,-64.50,-64.00,12,5,-46.97,6.89,39.00,36.00,0,0,0.00,0.00,0.30,0.02,0.00,0.00,0,0,0,
1754585450800,0,0,0,39,0,0,0.00,0.74,0.90,40,769,-64.62,-65.00,-65.00,-65.00,-64.00,-64.00,13,5,-46.83,6.90,39.00,37.00,0,0,0.00,0.00,0.30,0.02,0.00,0.00,0,0,0,
1754585451800,0,0,0,39,0,0,0.00,2.18,0.79,63,779,-64.75,-65.00,-65.00,-65.00,-64.50,-64.00,12,5,-46.97,6.89,38.50,38.00,0,1,0.00,0.00,0.30,0.02,0.00,0.00,1,0,0,
1754585452800,0,0,0,39,0,0,0.00,2.18,0.82,42,791,-64.77,-65.00,-65.00,-65.00,-65.00,-64.00,13,5,-46.99,6.89,38.50,36.00,0,3,0.00,0.00,0.30,0.02,0.00,0.00,3,0,0,
1754585453800,0,0,0,39,0,0,0.00,2.18,0.82,61,794,-64.83,-65.00,-65.00,-65.00,-65.00,-64.00,12,5,-47.05,6.89,39.00,36.00,0,2,0.00,0.00,0.30,0.02,0.00,0.00,2,0,0,
1754585454800,0,0,0,39,0,0,0.00,0.74,0.78,33,779,-64.85,-65.00,-65.00,-65.00,-65.00,-64.00,13,5,-47.06,6.89,39.00,36.00,0,3,0.00,0.00,0.30,0.02,0.00,0.00,3,0,0,
1754585455800,0,0,0,39,0,0,0.00,0.74,1.22,20,779,-65.00,-65.00,-65.00,-65.00,-65.00,-65.00,12,5,-47.22,6.88,38.50,37.00,0,4,0.00,0.00,0.30,0.02,0.00,0.00,3,0,0,
1754585456800,0,0,0,39,0,0,0.00,2.18,0.66,31,789,-64.92,-65.00,-65.00,-65.00,-65.00,-64.00,13,5,-47.14,6.89,38.50,36.00,0,6,0.00,0.00,0.30,0.02,0.00,0.00,4,0,0,
1754585457800,0,0,0,39,0,0,0.00,2.18,0.86,30,801,-64.92,-65.00,-65.00,-65.00,-65.00,-64.00,12,5,-47.14,6.89,39.50,37.00,0,6,0.00,0.00,0.30,0.02,0.00,0.00,4,0,0,
1754585458800,0,0,0,39,0,0,0.00,2.18,0.86,36,804,-64.77,-65.00,-65.00,-65.00,-65.00,-64.00,13,5,-46.99,6.89,39.50,37.00,0,6,0.00,0.00,0.30,0.02,0.00,0.00,4,0,0,
1754585459800,0,0,0,39,0,0,0.00,0.74,0.75,20,789,-64.92,-65.00,-65.00,-65.00,-65.00,-64.00,12,5,-47.14,6.89,38.00,37.00,0,4,0.00,0.00,0.30,0.02,0.00,0.00,3,0,0,
1754585460800,0,0,0,39,0,0,0.00,0.74,0.89,25,789,-64.62,-65.00,-65.00,-65.00,-64.00,-64.00,13,5,-46.83,6.90,38.50,37.00,0,2,0.00,0.00,0.30,0.02,0.00,0.00,2,0,0,
1754585461800,0,0,0,39,0,0,0.00,2.18,0.76,130,789,-64.42,-65.00,-65.00,-64.00,-64.00,-64.00,12,5,-46.64,6.91,40.00,35.00,0,0,0.00,0.00,0.30,0.02,0.00,0.00,0,0,0,
1754585462800,0,0,0,39,0,0,0.00,0.74,0.86,35,471,-64.38,-65.00,-65.00,-64.00,-64.00,-64.00,13,5,-46.60,6.91,39.50,34.00,0,0,0.00,0.00,0.30,0.02,0.00,0.00,0,0,0,
1754585463800,0,0,0,39,0,0,0.00,2.18,0.75,90,789,-64.42,-65.00,-65.00,-64.00,-64.00,-64.00,12,5,-46.64,6.91,38.50,37.00,0,0,0.00,0.00,0.30,0.02,0.00,0.00,0,0,0,
1754585464800,0,0,0,39,0,0,0.00,0.74,0.85,35,471,-64.23,-65.00,-64.00,-64.00,-64.00,-64.00,13,5,-46.45,6.91,38.50,34.00,0,0,0.00,0.00,0.30,0.02,0.00,0.00,0,0,0,
1754585465800,0,0,0,39,0,0,0.00,0.74,0.82,75,471,-64.25,-65.00,-64.50,-64.00,-64.00,-64.00,12,5,-46.47,6.91,39.00,32.00,0,0,0.00,0.00,0.30,0.02,0.00,0.00,0,0,0,
1754585466800,0,0,0,39,0,0,0.00,0.74,0.82,35,471,-64.00,-64.00,-64.00,-64.00,-64.00,-64.00,13,5,-46.22,6.92,39.00,34.00,0,0,0.00,0.00,0.30,0.02,0.00,0.00,0,0,0,
1754585467800,0,0,0,39,0,0,0.00,0.74,0.82,75,471,-64.00,-64.00,-64.00,-64.00,-64.00,-64.00,12,5,-46.22,6.92,39.00,33.00,0,0,0.00,0.00,0.30,0.02,0.00,0.00,0,0,0,
1754585468800,0,0,0,39,0,0,0.00,0.74,0.82,75,456,-64.00,-64.00,-64.00,-64.00,-64.00,-64.00,13,5,-46.22,6.92,38.50,37.00,0,0,0.00,0.00,0.30,0.02,0.00,0.00,0,0,0,
1754585469800,0,0,0,39,0,0,0.00,0.74,0.82,75,471,-64.00,-64.00,-64.00,-64.00,-64.00,-64.00,12,5,-46.22,6.92,38.50,35.00,0,0,0.00,0.00,0.30,0.02,0.00,0.00,0,0,0,
1754585470800,0,0,0,39,0,0,0.00,0.74,0.82,75,471,-64.15,-65.00,-64.00,-64.00,-64.00,-64.00,13,5,-46.37,6.92,38.00,35.00,0,0,0.00,0.00,0.30,0.02,0.00,0.00,0,0,0,
1754585471800,0,0,0,39,1,1,0.00,1.50,1.48,129,431,-64.25,-65.00,-64.50,-64.00,-64.00,-64.00,12,5,-46.47,6.91,38.50,37.00,0,0,0.00,0.00,0.30,0.02,0.00,0.00,0,0,0,
1754585472800,0,0,0,39,0,0,0.00,0.74,0.78,40,699,-64.08,-65.00,-64.00,-64.00,-64.00,-64.00,13,5,-46.30,6.92,60.00,35.00,0,0,0.00,0.00,0.30,0.02,0.00,0.00,0,0,0,
1754585473800,0,0,0,39,0,0,0.00,0.74,0.78,40,716,-64.17,-65.00,-64.00,-64.00,-64.00,-64.00,12,5,-46.39,6.92,37.50,35.00,0,0,0.00,0.00,0.30,0.02,0.00,0.00,0,0,0,
1754585474800,0,0,0,39,0,0,0.00,0.74,0.74,75,391,-64.23,-65.00,-64.00,-64.00,-64.00,-64.00,13,5,-46.45,6.91,38.50,34.00,0,0,0.00,0.00,0.30,0.02,0.00,0.00,0,0,0,
1754585475800,0,0,0,39,0,0,0.00,0.74,0.78,40,714,-64.33,-65.00,-65.00,-64.00,-64.00,-64.00,12,5,-46.55,6.91,60.00,35.00,0,0,0.00,0.00,0.30,0.02,0.00,0.00,0,0,0,
1754585476800,0,0,0,39,0,0,0.00,0.74,0.82,40,704,-64.08,-65.00,-64.00,-64.00,-64.00,-64.00,13,5,-46.30,6.92,39.00,35.00,0,0,0.00,0.00,0.30,0.02,0.00,0.00,0,0,0,
1754585477800,0,0,0,39,0,0,0.00,0.74,0.78,40,709,-64.42,-65.00,-65.00,-64.00,-64.00,-64.00,12,5,-46.64,6.91,37.00,36.00,0,0,0.00,0.00,0.30,0.02,0.00,0.00,0,0,0,
1754585478800,0,0,0,39,0,0,0.00,2.18,0.78,90,741,-64.46,-65.00,-65.00,-64.00,-64.00,-64.00,13,5,-46.68,6.90,37.50,36.00,0,0,0.00,0.00,0.30,0.02,0.00,0.00,0,0,0,
1754585479800,0,0,0,39,0,0,437.00,0.74,0.78,75,421,-64.42,-65.00,-65.00,-64.00,-64.00,-64.00,12,5,-46.64,6.91,39.00,35.00,1,0,0.00,0.00,0.30,0.02,0.00,0.00,0,0,0,
1754585480800,0,0,0,39,0,0,109.00,0.74,0.78,35,426,-64.15,-65.00,-64.00,-64.00,-64.00,-64.00,13,5,-46.37,6.92,38.00,34.00,1,0,0.00,0.00,0.30,0.02,0.00,0.00,0,0,0,
1754585481800,0,0,0,39,0,0,423.00,0.74,0.78,75,426,-64.00,-64.00,-64.00,-64.00,-64.00,-64.00,12,5,-46.22,6.92,39.00,33.00,1,0,0.00,0.00,0.30,0.02,0.00,0.00,0,0,0,
1754585482800,0,0,0,39,0,0,0.00,0.74,0.78,40,719,-64.00,-64.00,-64.00,-64.00,-64.00,-64.00,13,5,-46.22,6.92,60.50,30.00,1,0,0.00,0.00,0.30,0.02,0.00,0.00,0,0,0,
1754585483800,0,0,0,39,0,0,0.00,2.18,0.82,81,724,-64.00,-64.00,-64.00,-64.00,-64.00,-64.00,12,5,-46.22,6.92,39.50,33.00,1,1,0.00,0.00,0.29,0.02,0.00,0.00,1,0,0,
1754585484800,0,0,0,39,0,0,0.00,2.18,0.82,90,744,-64.00,-64.00,-64.00,-64.00,-64.00,-64.00,13,5,-46.22,6.92,38.50,35.00,1,0,0.00,0.00,0.29,0.02,0.00,0.00,0,0,0,
1754585485800,0,0,0,39,0,0,0.00,2.18,0.82,90,744,-64.25,-65.00,-64.50,-64.00,-64.00,-64.00,12,5,-46.47,6.91,39.00,34.00,1,0,0.00,0.00,0.29,0.02,0.00,0.00,0,0,0,
1754585486800,0,0,0,39,0,0,0.00,0.74,0.82,40,734,-64.00,-64.00,-64.00,-64.00,-64.00,-64.00,13,5,-46.22,6.92,38.50,33.00,0,0,0.00,0.00,0.29,0.02,0.00,0.00,0,0,0,
1754585487800,0,0,0,39,0,0,0.00,0.74,0.78,40,729,-64.00,-64.00,-64.00,-64.00,-64.00,-64.00,12,5,-46.22,6.92,38.50,32.00,2,0,0.00,0.00,0.29,0.02,0.00,0.00,0,0,0,
1754585488800,0,0,0,39,0,0,0.00,2.18,0.80,130,724,-64.00,-64.00,-64.00,-64.00,-64.00,-64.00,13,5,-46.22,6.92,38.00,33.00,0,0,0.00,0.00,0.29,0.02,0.00,0.00,0,0,0,
1754585489800,0,0,0,39,0,0,0.00,2.18,0.82,81,751,-64.00,-64.00,-64.00,-64.00,-64.00,-64.00,12,5,-46.22,6.92,39.00,34.00,0,1,0.00,0.00,0.29,0.02,0.00,0.00,1,0,0,
1754585490800,0,0,0,39,0,0,108.00,1.46,0.82,65,754,-64.00,-64.00,-64.00,-64.00,-64.00,-64.00,13,5,-46.22,6.92,39.50,31.00,0,0,0.00,0.00,0.29,0.02,0.00,0.00,0,0,0,
1754585491800,0,0,0,39,0,0,84.00,1.46,0.85,65,754,-64.00,-64.00,-64.00,-64.00,-64.00,-64.00,12,5,-46.22,6.92,39.50,34.00,1,0,0.00,0.00,0.29,0.02,0.00,0.00,0,0,0,
1754585492800,0,0,0,39,0,0,89.00,0.74,0.78,40,739,-64.00,-64.00,-64.00,-64.00,-64.00,-64.00,13,5,-46.22,6.92,38.50,33.00,1,0,0.00,0.00,0.29,0.02,0.00,0.00,0,0,0,
1754585493800,0,0,0,39,0,0,21.00,0.74,0.80,80,724,-64.00,-64.00,-64.00,-64.00,-64.00,-64.00,12,106,-32.96,205.86,18.50,34.00,0,0,0.00,0.00,0.29,0.02,0.00,0.00,0,0,0,
1754585494800,0,0,0,39,0,0,0.00,1.46,0.82,65,766,-64.00,-64.00,-64.00,-64.00,-64.00,-64.00,13,106,-32.96,205.86,18.50,36.00,0,0,0.00,0.00,0.29,0.02,0.00,0.00,0,0,0,
1754585495800,0,0,0,39,0,0,0.00,2.16,0.06,80,125,-64.00,-64.00,-64.00,-64.00,-64.00,-64.00,12,5,-46.22,6.92,39.50,36.00,0,1,0.00,0.00,0.29,0.02,0.00,0.00,1,0,0,
1754585496800,1,49,0,39,0,0,0.00,2.18,0.82,90,764,-64.00,-64.00,-64.00,-64.00,-64.00,-64.00,10,5,-46.22,6.92,38.00,35.00,0,1,0.00,0.00,0.29,0.02,0.00,0.00,1,0,0,
1754585497800,1,49,0,39,0,0,0.00,2.21,0.78,211,1370,-64.17,-65.00,-64.00,-64.00,-64.00,-64.00,6,5,-46.39,6.92,36.00,32.00,0,1,0.03,0.00,0.29,0.02,0.00,0.00,1,0,0,
1754585498800,1,49,0,39,0,0,0.00,15.14,0.76,653,801,-64.31,-65.00,-65.00,-64.00,-64.00,-64.00,13,5,-46.53,6.91,38.50,32.00,0,0,0.02,0.00,0.29,0.02,0.00,0.00,0,0,0,
1754585499800,1,49,0,39,0,0,0.00,10.24,0.00,661,729,-64.25,-65.00,-64.50,-64.00,-64.00,-64.00,8,5,-46.47,6.91,39.00,34.00,1,2,0.08,0.00,0.29,0.02,0.00,0.00,2,0,0,
1754585500800,1,49,0,39,0,0,0.00,11.46,1.29,389,689,-64.50,-65.00,-65.00,-64.50,-64.00,-64.00,2,5,-46.72,6.90,38.00,33.00,0,2,0.07,0.00,0.30,0.02,0.00,0.00,2,0,0,
1754585501800,1,49,0,39,0,0,0.00,16.72,0.00,699,50,,,,,,,0,5,,0.00,38.00,38.00,0,0,0.02,0.00,0.30,0.02,0.00,0.00,0,0,0,
1754585502800,1,49,0,39,1,1,0.00,14.73,1.74,709,781,-64.91,-65.00,-65.00,-65.00,-65.00,-64.00,11,5,-47.13,6.89,36.00,35.00,0,0,0.03,0.00,0.30,0.02,0.00,0.00,0,0,0,
1754585503800,1,49,0,39,0,0,0.00,4.50,0.46,367,1325,-65.00,-65.00,-65.00,-65.00,-65.00,-65.00,2,5,-47.22,6.88,37.00,34.00,0,1,0.12,0.00,0.30,0.02,0.00,0.00,1,0,0,
1754585504800,1,49,0,39,1,1,0.00,3.70,1.14,135,1390,-64.23,-65.00,-64.00,-64.00,-64.00,-64.00,13,5,-46.45,6.91,40.00,31.00,0,1,0.06,0.00,0.30,0.02,0.00,0.00,1,0,0,
1754585505800,1,49,0,39,0,0,0.00,12.98,0.76,538,786,-64.17,-65.00,-64.00,-64.00,-64.00,-64.00,12,5,-46.39,6.92,38.50,33.00,0,0,0.03,0.00,0.30,0.02,0.00,0.00,0,0,0,
1754585506800,1,49,0,39,1,1,0.00,10.85,1.50,552,1375,-64.25,-65.00,-64.50,-64.00,-64.00,-64.00,8,5,-46.47,6.91,39.50,33.00,0,0,0.10,0.00,0.30,0.02,0.00,0.00,0,0,0,
1754585507800,1,49,0,39,0,0,0.00,4.32,0.02,200,789,-64.42,-65.00,-65.00,-64.00,-64.00,-64.00,12,5,-46.64,6.91,38.50,34.00,0,0,0.05,0.00,0.30,0.02,0.00,0.00,0,0,0,
1754585508800,1,49,0,39,0,0,0.00,0.00,0.00,112,1325,-64.80,-65.00,-65.00,-65.00,-65.00,-64.00,5,5,-47.02,6.89,37.50,36.00,0,0,0.08,0.00,0.30,0.02,0.00,0.00,0,0,0,
1754585509800,1,49,0,39,0,0,0.00,0.00,0.00,181,50,,,,,,,0,5,,0.00,37.50,37.00,0,0,0.05,0.00,0.30,0.02,0.00,0.00,0,0,0,
1754585510800,1,49,0,39,0,0,0.00,0.40,0.31,64,50,,,,,,,0,5,,0.00,37.50,35.00,0,0,0.02,0.00,0.30,0.02,0.00,0.00,0,0,0,
1754585511800,1,49,0,39,0,0,0.00,0.95,0.73,138,50,,,,,,,0,5,,0.00,38.00,36.00,0,0,0.01,0.00,0.30,0.02,0.00,0.00,0,0,0,
1754585512800,1,49,0,39,3,3,0.00,6.78,3.17,405,761,-64.50,-65.00,-65.00,-64.50,-64.00,-64.00,8,5,-46.72,6.90,39.00,32.00,0,1,0.02,0.00,0.30,0.02,0.00,0.00,1,0,0,
1754585513800,1,49,0,39,0,0,0.00,2.93,0.76,236,1392,-64.00,-64.00,-64.00,-64.00,-64.00,-64.00,7,5,-46.22,6.92,43.00,32.00,0,1,0.09,0.00,0.30,0.02,0.00,0.00,1,0,0,
1754585514800,1,49,0,39,0,0,0.00,15.97,0.78,737,774,-64.23,-65.00,-64.00,-64.00,-64.00,-64.00,13,5,-46.45,6.91,38.50,34.00,0,0,0.06,0.00,0.30,0.02,0.00,0.00,0,0,0,
1754585515800,1,49,0,39,0,0,0.00,16.58,0.78,703,789,-64.09,-65.00,-64.00,-64.00,-64.00,-64.00,11,5,-46.31,6.92,38.00,34.00,0,0,0.05,0.00,0.30,0.02,0.00,0.00,0,0,0,
1754585516800,1,49,0,39,0,0,0.00,8.66,1.18,464,1360,-64.00,-64.00,-64.00,-64.00,-64.00,-64.00,2,21,-39.99,33.61,31.50,32.00,0,0,0.05,0.00,0.30,0.02,0.00,0.00,0,0,0,
1754585517800,1,49,0,39,0,0,0.00,1.49,0.78,145,1355,-64.00,-64.00,-64.00,-64.00,-64.00,-64.00,8,5,-46.22,6.92,40.00,32.00,0,2,0.06,0.00,0.30,0.02,0.00,0.00,2,0,0,
1754585518800,1,49,0,39,0,0,0.00,8.66,0.76,290,784,-64.08,-65.00,-64.00,-64.00,-64.00,-64.00,13,5,-46.30,6.92,37.50,30.00,0,0,0.04,0.00,0.30,0.02,0.00,0.00,0,0,0,
1754585519800,1,49,0,39,0,0,0.00,10.12,0.00,583,406,-64.14,-65.00,-64.00,-64.00,-64.00,-64.00,7,5,-46.36,6.92,37.50,31.00,1,1,0.10,0.00,0.30,0.02,0.00,0.00,1,0,0,
1754585520800,1,49,0,39,1,1,0.00,11.33,1.53,541,804,-64.00,-64.00,-64.00,-64.00,-64.00,-64.00,5,5,-46.22,6.92,37.00,31.00,0,6,0.06,0.00,0.31,0.02,0.00,0.00,4,0,0,
1754585521800,1,49,0,39,0,0,0.00,0.02,1.26,31,1370,-64.00,-64.00,-64.00,-64.00,-64.00,-64.00,5,106,-32.96,205.86,5.00,33.00,0,7,0.08,0.00,0.31,0.02,0.00,0.00,5,0,0,
1754585522800,1,49,0,39,1,1,0.00,10.82,0.22,123,729,-64.00,-64.00,-64.00,-64.00,-64.00,-64.00,8,5,-46.22,6.92,37.50,32.00,0,3,0.11,0.00,0.31,0.02,0.00,0.00,3,0,0,
1754585523800,0,0,0,39,0,0,0.00,0.72,0.21,77,1360,-64.00,-64.00,-64.00,-64.00,-64.00,-64.00,7,5,-46.22,6.92,38.50,27.00,0,2,0.27,0.00,0.31,0.02,0.00,0.00,2,0,0,
1754585524800,0,0,0,39,1,1,0.00,9.41,1.50,251,1407,-64.00,-64.00,-64.00,-64.00,-64.00,-64.00,13,5,-46.22,6.92,38.00,32.00,0,0,0.11,0.00,0.31,0.02,0.00,0.00,0,0,0,
1754585525800,0,0,0,39,0,0,0.00,6.50,0.76,248,786,-64.17,-65.00,-64.00,-64.00,-64.00,-64.00,12,5,-46.39,6.92,38.50,34.00,0,0,0.04,0.00,0.31,0.02,0.00,0.00,0,0,0,
1754585526800,0,0,0,39,0,0,0.00,12.26,0.91,595,774,-64.23,-65.00,-64.00,-64.00,-64.00,-64.00,13,5,-46.45,6.91,38.50,33.00,0,0,0.01,0.00,0.31,0.02,0.00,0.00,0,0,0,
1754585527800,0,0,0,39,0,0,0.00,0.74,0.72,26,769,-64.00,-64.00,-64.00,-64.00,-64.00,-64.00,12,5,-46.22,6.92,39.00,35.00,0,1,0.00,0.00,0.31,0.02,0.00,0.00,1,0,0,
1754585528800,0,0,0,39,0,0,0.00,0.74,0.82,35,769,-64.00,-64.00,-64.00,-64.00,-64.00,-64.00,13,5,-46.22,6.92,37.50,33.00,1,0,0.00,0.00,0.31,0.02,0.00,0.00,0,0,0,
1754585529800,0,0,0,39,0,0,0.00,2.18,0.82,90,779,-64.08,-65.00,-64.00,-64.00,-64.00,-64.00,12,5,-46.30,6.92,38.50,35.00,0,1,0.00,0.00,0.31,0.02,0.00,0.00,1,0,0,
1754585530800,0,0,0,39,0,0,0.00,2.18,0.82,90,794,-64.00,-64.00,-64.00,-64.00,-64.00,-64.00,13,5,-46.22,6.92,38.50,33.00,0,1,0.00,0.00,0.31,0.02,0.00,0.00,1,0,0,
1754585531800,0,0,0,39,0,0,0.00,2.18,0.82,90,794,-64.00,-64.00,-64.00,-64.00,-64.00,-64.00,12,5,-46.22,6.92,39.50,36.00,0,1,0.00,0.00,0.31,0.02,0.00,0.00,1,0,0,
1754585532800,0,0,0,39,0,0,0.00,0.74,0.82,40,779,-64.15,-65.00,-64.00,-64.00,-64.00,-64.00,13,5,-46.37,6.92,39.50,33.00,0,0,0.00,0.00,0.31,0.02,0.00,0.00,0,0,0,
1754585533800,0,0,0,39,0,0,0.00,0.74,0.89,40,779,-64.17,-65.00,-64.00,-64.00,-64.00,-64.00,12,5,-46.39,6.92,39.00,33.00,2,0,0.00,0.00,0.31,0.02,0.00,0.00,0,0,0,
1754585534800,0,0,0,39,0,0,0.00,2.18,0.92,125,789,-64.23,-65.00,-64.00,-64.00,-64.00,-64.00,13,5,-46.45,6.91,40.00,36.00,1,1,0.00,0.00,0.31,0.02,0.00,0.00,1,0,0,
1754585535800,0,0,0,39,0,0,0.00,2.18,0.86,90,804,-64.08,-65.00,-64.00,-64.00,-64.00,-64.00,12,5,-46.30,6.92,39.50,33.00,1,1,0.00,0.00,0.31,0.02,0.00,0.00,1,0,0,
1754585536800,0,0,0,39,0,0,0.00,2.18,0.82,90,794,-64.31,-65.00,-65.00,-64.00,-64.00,-64.00,13,5,-46.53,6.91,39.00,36.00,1,1,0.00,0.00,0.31,0.02,0.00,0.00,1,0,0,
1754585537800,0,0,0,39,0,0,0.00,0.74,0.97,40,789,-64.33,-65.00,-65.00,-64.00,-64.00,-64.00,12,5,-46.55,6.91,40.00,35.00,2,0,0.00,0.00,0.31,0.02,0.00,0.00,0,0,0,
1754585538800,0,0,0,39,0,0,0.00,0.74,0.82,51,471,-64.46,-65.00,-65.00,-64.00,-64.00,-64.00,13,5,-46.68,6.90,39.00,35.00,2,1,0.00,0.00,0.31,0.02,0.00,0.00,1,0,0,
1754585539800,0,0,0,39,0,0,0.00,2.18,0.74,81,779,-64.67,-65.00,-65.00,-65.00,-64.00,-64.00,12,5,-46.89,6.90,39.00,37.00,1,1,0.00,0.00,0.31,0.02,0.00,0.00,1,0,0,
1754585540800,0,0,0,39,0,0,107.00,0.74,0.81,75,481,-64.54,-65.00,-65.00,-65.00,-64.00,-64.00,13,5,-46.76,6.90,39.00,32.00,1,0,0.00,0.00,0.31,0.02,0.00,0.00,0,0,0,
1754585541800,0,0,0,39,0,0,11.00,1.46,0.80,65,789,-64.50,-65.00,-65.00,-64.50,-64.00,-64.00,12,5,-46.72,6.90,38.50,33.00,0,0,0.00,0.00,0.30,0.02,0.00,0.00,0,0,0,
1754585542800,0,0,0,39,0,0,349.00,1.46,0.77,76,471,-64.31,-65.00,-65.00,-64.00,-64.00,-64.00,13,5,-46.53,6.91,39.00,33.00,1,1,0.00,0.00,0.30,0.02,0.00,0.00,1,0,0,
1754585543800,0,0,0,39,0,0,504.00,0.74,0.82,75,471,-64.08,-65.00,-64.00,-64.00,-64.00,-64.00,12,5,-46.30,6.92,38.50,31.00,1,0,0.00,0.00,0.30,0.02,0.00,0.00,0,0,0,
1754585544800,0,0,0,39,0,0,290.00,0.74,0.80,75,456,-64.08,-65.00,-64.00,-64.00,-64.00,-64.00,13,94,-33.55,179.51,18.00,32.00,1,0,0.00,0.00,0.30,0.02,0.00,0.00,0,0,0,
1754585545800,0,0,0,39,0,0,0.00,0.00,0.13,5,165,-64.00,-64.00,-64.00,-64.00,-64.00,-64.00,12,5,-46.22,6.92,37.50,31.00,1,0,0.00,0.00,0.30,0.02,0.00,0.00,0,0,0,
1754585546800,0,0,0,39,0,0,0.00,0.74,0.82,75,456,-64.00,-64.00,-64.00,-64.00,-64.00,-64.00,13,5,-46.22,6.92,38.00,30.00,0,0,0.00,0.00,0.30,0.02,0.00,0.00,0,0,0,
1754585547800,0,0,0,39,4,2,0.00,4.37,2.69,257,471,-64.17,-65.00,-64.00,-64.00,-64.00,-64.00,12,5,-46.39,6.92,40.00,35.00,0,1,0.00,0.00,0.30,0.02,0.00,0.00,1,0,0,
1754585548800,0,0,0,39,0,2,0.00,0.74,2.30,80,471,-64.00,-64.00,-64.00,-64.00,-64.00,-64.00,13,5,-46.22,6.92,37.50,33.00,0,0,0.00,0.00,0.30,0.02,0.00,0.00,0,0,0,
1754585549800,0,0,0,39,0,0,0.00,0.74,0.82,75,471,-64.17,-65.00,-64.00,-64.00,-64.00,-64.00,12,5,-46.39,6.92,38.50,36.00,0,0,0.00,0.00,0.30,0.02,0.00,0.00,0,0,0,
1754585550800,0,0,0,39,0,0,0.00,0.74,0.82,75,456,-64.15,-65.00,-64.00,-64.00,-64.00,-64.00,13,5,-46.37,6.92,39.00,30.00,0,0,0.00,0.00,0.30,0.02,0.00,0.00,0,0,0,
1754585551800,0,0,0,39,0,0,0.00,0.74,0.82,75,471,-64.17,-65.00,-64.00,-64.00,-64.00,-64.00,12,5,-46.39,6.92,39.00,31.00,0,0,0.00,0.00,0.30,0.02,0.00,0.00,0,0,0,
1754585552800,0,0,0,39,0,0,0.00,0.74,0.82,75,471,-64.31,-65.00,-65.00,-64.00,-64.00,-64.00,13,5,-46.53,6.91,39.50,33.00,0,0,0.00,0.00,0.30,0.02,0.00,0.00,0,0,0,
1754585553800,0,0,0,39,1,1,0.00,1.50,1.48,129,391,-64.08,-65.00,-64.00,-64.00,-64.00,-64.00,12,5,-46.30,6.92,39.50,32.00,0,1,0.00,0.00,0.30,0.02,0.00,0.00,1,0,0,
1754585554800,0,0,0,39,0,0,0.00,0.74,0.78,40,699,-64.23,-65.00,-64.00,-64.00,-64.00,-64.00,13,5,-46.45,6.91,60.00,35.00,0,0,0.00,0.00,0.30,0.02,0.00,0.00,0,0,0,
1754585555800,0,0,0,39,0,0,0.00,0.74,0.78,40,716,-64.17,-65.00,-64.00,-64.00,-64.00,-64.00,12,5,-46.39,6.92,40.50,36.00,0,0,0.00,0.00,0.30,0.02,0.00,0.00,0,0,0,
1754585556800,0,0,0,39,0,0,0.00,0.74,0.74,75,391,-64.23,-65.00,-64.00,-64.00,-64.00,-64.00,13,5,-46.45,6.91,37.50,35.00,0,0,0.00,0.00,0.30,0.02,0.00,0.00,0,0,0,
1754585557800,0,0,0,39,0,0,0.00,0.74,0.78,40,714,-64.42,-65.00,-65.00,-64.00,-64.00,-64.00,12,5,-46.64,6.91,60.50,33.00,0,0,0.00,0.00,0.30,0.02,0.00,0.00,0,0,0,
1754585558800,0,0,0,39,0,0,0.00,0.74,0.82,40,704,-64.23,-65.00,-64.00,-64.00,-64.00,-64.00,13,5,-46.45,6.91,39.50,31.00,0,0,0.00,0.00,0.30,0.02,0.00,0.00,0,0,0,
1754585559800,0,0,0,39,0,0,0.00,0.74,0.78,40,709,-64.17,-65.00,-64.00,-64.00,-64.00,-64.00,12,5,-46.39,6.92,40.00,32.00,0,0,0.00,0.00,0.30,0.02,0.00,0.00,0,0,0,
1754585560800,0,0,0,39,0,0,0.00,2.18,0.78,90,741,-64.31,-65.00,-65.00,-64.00,-64.00,-64.00,13,5,-46.53,6.91,39.00,33.00,0,1,0.00,0.00,0.30,0.02,0.00,0.00,1,0,0,
1754585561800,0,0,0,39,0,0,0.00,0.74,0.78,75,421,-64.00,-64.00,-64.00,-64.00,-64.00,-64.00,12,5,-46.22,6.92,39.00,32.00,0,0,0.00,0.00,0.30,0.02,0.00,0.00,0,0,0,
1754585562800,0,0,0,39,0,0,0.00,0.74,0.78,75,426,-64.23,-65.00,-64.00,-64.00,-64.00,-64.00,13,5,-46.45,6.91,39.00,33.00,0,0,0.00,0.00,0.30,0.02,0.00,0.00,0,0,0,
1754585563800,0,0,0,39,0,0,0.00,0.74,0.82,40,714,-64.00,-64.00,-64.00,-64.00,-64.00,-64.00,12,5,-46.22,6.92,39.50,31.00,0,0,0.00,0.00,0.30,0.02,0.00,0.00,0,0,0,
1754585564800,0,0,0,39,0,0,0.00,0.74,0.78,80,719,-64.15,-65.00,-64.00,-64.00,-64.00,-64.00,13,5,-46.37,6.92,59.50,31.00,0,0,0.00,0.00,0.30,0.02,0.00,0.00,0,0,0,
1754585565800,0,0,0,39,0,0,0.00,2.18,0.82,81,724,-64.00,-64.00,-64.00,-64.00,-64.00,-64.00,12,5,-46.22,6.92,39.50,35.00,0,0,0.00,0.00,0.30,0.02,0.00,0.00,0,0,0,
1754585566800,0,0,0,39,0,0,0.00,2.18,0.82,90,744,-64.31,-65.00,-65.00,-64.00,-64.00,-64.00,13,5,-46.53,6.91,38.00,37.00,0,1,0.00,0.00,0.30,0.02,0.00,0.00,1,0,0,
1754585567800,0,0,0,39,0,0,0.00,2.18,0.82,90,744,-64.67,-65.00,-65.00,-65.00,-64.00,-64.00,12,5,-46.89,6.90,59.50,37.00,0,1,0.00,0.00,0.30,0.02,0.00,0.00,1,0,0,
1754585568800,0,0,0,39,0,0,0.00,0.74,0.82,40,734,-64.46,-65.00,-65.00,-64.00,-64.00,-64.00,13,5,-46.68,6.90,38.00,37.00,0,0,0.00,0.00,0.30,0.02,0.00,0.00,0,0,0,
1754585569800,0,0,0,39,0,0,0.00,0.74,0.78,40,729,-64.33,-65.00,-65.00,-64.00,-64.00,-64.00,12,5,-46.55,6.91,39.00,36.00,0,0,0.00,0.00,0.30,0.02,0.00,0.00,0,0,0,
1754585570800,0,0,0,39,0,0,0.00,2.18,0.82,90,734,-64.46,-65.00,-65.00,-64.00,-64.00,-64.00,13,5,-46.68,6.90,60.00,37.00,0,1,0.00,0.00,0.30,0.02,0.00,0.00,1,0,0,
1754585571800,0,0,0,39,11,5,0.00,13.27,5.66,530,796,-64.33,-65.00,-65.00,-64.00,-64.00,-64.00,12,5,-46.55,6.91,39.00,35.00,0,0,0.00,0.00,0.30,0.02,0.00,0.00,0,0,0,
1754585572800,0,0,0,39,0,2,0.00,2.18,2.32,90,759,-64.00,-64.00,-64.00,-64.00,-64.00,-64.00,13,5,-46.22,6.92,38.00,34.00,0,1,0.00,0.00,0.30,0.02,0.00,0.00,1,0,0,
1754585573800,0,0,0,39,0,0,0.00,0.74,0.82,40,744,-64.00,-64.00,-64.00,-64.00,-64.00,-64.00,12,5,-46.22,6.92,39.00,33.00,0,0,0.00,0.00,0.30,0.02,0.00,0.00,0,0,0,
1754585574800,0,0,0,39,0,0,0.00,0.74,0.78,40,739,-64.15,-65.00,-64.00,-64.00,-64.00,-64.00,13,5,-46.37,6.92,60.00,32.00,0,0,0.00,0.00,0.30,0.02,0.00,0.00,0,0,0,
1754585575800,0,0,0,39,0,0,0.00,2.18,0.82,90,744,-64.00,-64.00,-64.00,-64.00,-64.00,-64.00,12,5,-46.22,6.92,38.50,31.00,0,1,0.00,0.00,0.30,0.02,0.00,0.00,1,0,0,
1754585576800,0,0,0,39,0,0,0.00,2.18,0.82,81,761,-64.23,-65.00,-64.00,-64.00,-64.00,-64.00,13,5,-46.45,6.91,39.00,33.00,0,0,0.00,0.00,0.30,0.02,0.00,0.00,0,0,0,
1754585577800,0,0,0,39,0,0,0.00,2.18,0.82,90,764,-64.25,-65.00,-64.50,-64.00,-64.00,-64.00,12,5,-46.47,6.91,60.00,35.00,0,1,0.00,0.00,0.30,0.02,0.00,0.00,1,0,0,
1754585578800,0,0,0,39,0,0,0.00,0.74,0.82,40,754,-64.31,-65.00,-65.00,-64.00,-64.00,-64.00,13,5,-46.53,6.91,39.50,34.00,0,0,0.00,0.00,0.30,0.02,0.00,0.00,0,0,0,
1754585579800,0,0,0,39,0,0,0.00,0.74,0.78,40,749,-64.58,-65.00,-65.00,-65.00,-64.00,-64.00,12,5,-46.80,6.90,39.00,37.00,0,0,0.00,0.00,0.30,0.02,0.00,0.00,0,0,0,
1754585580800,0,0,0,39,0,0,0.00,2.18,0.82,90,754,-64.46,-65.00,-65.00,-64.00,-64.00,-64.00,13,5,-46.68,6.90,60.00,37.00,0,1,0.00,0.00,0.30,0.02,0.00,0.00,1,0,0,
1754585581800,0,0,0,39,0,0,0.00,2.18,0.82,81,771,-64.42,-65.00,-65.00,-64.00,-64.00,-64.00,12,5,-46.64,6.91,39.00,36.00,0,0,0.00,0.00,0.30,0.02,0.00,0.00,0,0,0,
1754585582800,0,0,0,39,0,0,0.00,2.18,0.82,90,774,-64.31,-65.00,-65.00,-64.00,-64.00,-64.00,13,5,-46.53,6.91,38.00,35.00,0,1,0.00,0.00,0.30,0.02,0.00,0.00,1,0,0,
1754585583800,0,0,0,39,0,0,0.00,0.74,0.82,40,764,-64.33,-65.00,-65.00,-64.00,-64.00,-64.00,12,5,-46.55,6.91,38.00,32.00,0,0,0.00,0.00,0.30,0.02,0.00,0.00,0,0,0,
1754585584800,0,0,0,39,0,0,0.00,0.74,0.78,80,759,-64.23,-65.00,-64.00,-64.00,-64.00,-64.00,13,5,-46.45,6.91,60.00,34.00,1,0,0.00,0.00,0.30,0.02,0.00,0.00,0,0,0,
1754585585800,0,0,0,39,0,0,0.00,2.18,0.82,81,764,-64.25,-65.00,-64.50,-64.00,-64.00,-64.00,12,5,-46.47,6.91,38.50,32.00,1,1,0.00,0.00,0.30,0.02,0.00,0.00,1,0,0,
1754585586800,0,0,0,39,0,0,0.00,2.18,0.82,90,784,-64.23,-65.00,-64.00,-64.00,-64.00,-64.00,13,5,-46.45,6.91,39.00,30.00,1,1,0.00,0.00,0.30,0.02,0.00,0.00,1,0,0,
1754585587800,0,0,0,39,0,0,0.00,2.18,0.82,90,784,-64.08,-65.00,-64.00,-64.00,-64.00,-64.00,12,5,-46.30,6.92,39.50,33.00,1,1,0.00,0.00,0.30,0.02,0.00,0.00,1,0,0,
1754585588800,0,0,0,39,0,0,0.00,0.74,0.82,40,774,-64.00,-64.00,-64.00,-64.00,-64.00,-64.00,13,5,-46.22,6.92,38.00,32.00,0,0,0.00,0.00,0.30,0.02,0.00,0.00,0,0,0,
1754585589800,0,0,0,39,0,0,0.00,0.74,0.78,31,769,-64.00,-64.00,-64.00,-64.00,-64.00,-64.00,12,5,-46.22,6.92,39.00,32.00,2,1,0.00,0.00,0.30,0.02,0.00,0.00,1,0,0,
1754585590800,0,0,0,39,0,0,0.00,2.18,0.84,42,769,-64.00,-64.00,-64.00,-64.00,-64.00,-64.00,13,5,-46.22,6.92,38.00,33.00,1,3,0.00,0.00,0.30,0.02,0.00,0.00,3,0,0,
1754585591800,0,0,0,39,0,0,327.00,1.46,0.82,51,789,-64.00,-64.00,-64.00,-64.00,-64.00,-64.00,12,5,-46.22,6.92,39.00,32.00,0,2,0.00,0.00,0.30,0.02,0.00,0.00,2,0,0,
1754585592800,0,0,0,39,0,0,27.00,2.18,0.82,50,794,-64.08,-65.00,-64.00,-64.00,-64.00,-64.00,13,5,-46.30,6.92,38.00,31.00,0,3,0.00,0.00,0.30,0.02,0.00,0.00,3,0,0,
1754585593800,0,0,0,39,0,0,22.00,1.46,0.85,27,794,-64.00,-64.00,-64.00,-64.00,-64.00,-64.00,12,5,-46.22,6.92,40.50,31.00,1,4,0.00,0.00,0.30,0.02,0.00,0.00,3,0,0,
1754585594800,0,0,0,39,0,0,19.00,0.74,0.78,20,779,-64.00,-64.00,-64.00,-64.00,-64.00,-64.00,13,5,-46.22,6.92,39.00,32.00,1,5,0.00,0.00,0.29,0.02,0.00,0.00,4,0,0,
1754585595800,0,0,0,39,0,0,334.00,0.74,0.96,19,769,-64.33,-65.00,-65.00,-64.00,-64.00,-64.00,12,94,-33.81,178.86,18.00,34.00,0,6,0.00,0.00,0.29,0.02,0.00,0.00,4,0,0,
1754585596800,0,0,0,39,0,0,0.00,1.44,0.14,15,175,-64.00,-64.00,-64.00,-64.00,-64.00,-64.00,13,5,-46.22,6.92,38.00,35.00,0,4,0.00,0.00,0.29,0.02,0.00,0.00,3,0,0,
1754585597800,0,0,0,39,0,0,0.00,2.18,0.86,30,789,-64.08,-65.00,-64.00,-64.00,-64.00,-64.00,12,5,-46.30,6.92,38.00,34.00,0,4,0.00,0.00,0.29,0.02,0.00,0.00,3,0,0,
1754585598800,0,0,0,39,0,0,0.00,2.18,0.86,36,794,-64.15,-65.00,-64.00,-64.00,-64.00,-64.00,13,5,-46.37,6.92,39.50,34.00,0,4,0.00,0.00,0.29,0.02,0.00,0.00,3,0,0,
1754585599800,0,0,0,39,0,0,0.00,0.74,0.86,22,789,-64.08,-65.00,-64.00,-64.00,-64.00,-64.00,12,5,-46.30,6.92,39.50,35.00,0,2,0.00,0.00,0.29,0.02,0.00,0.00,2,0,0,
1754585600800,0,0,0,39,0,0,0.00,0.74,0.82,26,471,-64.23,-65.00,-64.00,-64.00,-64.00,-64.00,13,5,-46.45,6.91,38.00,33.00,0,0,0.00,0.00,0.29,0.02,0.00,0.00,0,0,0,
1754585601800,0,0,0,39,0,0,0.00,2.18,0.76,81,779,-64.17,-65.00,-64.00,-64.00,-64.00,-64.00,12,5,-46.39,6.92,39.00,34.00,0,0,0.00,0.00,0.29,0.02,0.00,0.00,0,0,0,
1754585602800,0,0,0,39,0,0,0.00,0.74,0.86,75,481,-64.08,-65.00,-64.00,-64.00,-64.00,-64.00,13,5,-46.30,6.92,39.00,34.00,0,0,0.00,0.00,0.29,0.02,0.00,0.00,0,0,0,
1754585603800,0,0,0,39,0,0,0.00,2.18,0.75,90,789,-64.17,-65.00,-64.00,-64.00,-64.00,-64.00,12,5,-46.39,6.92,38.50,36.00,0,1,0.00,0.00,0.29,0.02,0.00,0.00,1,0,0,
1754585604800,0,0,0,39,0,0,0.00,0.74,0.85,75,471,-64.15,-65.00,-64.00,-64.00,-64.00,-64.00,13,5,-46.37,6.92,39.00,37.00,0,0,0.00,0.00,0.29,0.02,0.00,0.00,0,0,0,
1754585605800,1,49,0,39,0,0,0.00,0.74,0.82,75,471,-64.45,-65.00,-65.00,-64.00,-64.00,-64.00,11,5,-46.67,6.90,38.50,37.00,0,0,0.00,0.00,0.29,0.02,0.00,0.00,0,0,0,
1754585606800,1,49,0,39,0,0,0.00,0.00,0.00,444,421,-64.80,-65.00,-65.00,-65.00,-65.00,-64.00,5,5,-47.02,6.89,37.00,36.00,1,1,0.05,0.00,0.29,0.02,0.00,0.00,1,0,0,
1754585607800,1,49,0,39,1,1,0.00,1.54,1.50,389,791,-64.83,-65.00,-65.00,-65.00,-65.00,-64.00,12,5,-47.05,6.89,36.50,32.00,0,0,0.05,0.00,0.29,0.02,0.00,0.00,0,0,0,
1754585608800,1,49,0,39,0,0,0.00,0.96,1.48,105,401,-64.77,-65.00,-65.00,-65.00,-65.00,-64.00,13,5,-46.99,6.89,37.00,30.00,0,1,0.03,0.00,0.29,0.02,0.00,0.00,1,0,0,
1754585609800,1,49,0,39,0,0,0.00,5.09,0.76,307,1355,-65.00,-65.00,-65.00,-65.00,-65.00,-65.00,7,5,-47.22,6.88,36.50,31.00,0,0,0.08,0.00,0.30,0.02,0.00,0.00,0,0,0,
1754585610800,1,49,0,39,0,0,0.00,7.97,1.29,418,1385,-64.75,-65.00,-65.00,-65.00,-64.50,-64.00,8,5,-46.97,6.89,39.00,32.00,0,0,0.17,0.00,0.30,0.02,0.00,0.00,0,0,0,
1754585611800,1,49,0,39,0,0,0.00,15.12,0.00,690,180,-64.42,-65.00,-65.00,-64.00,-64.00,-64.00,12,5,-46.64,6.91,38.50,34.00,0,0,0.07,0.00,0.30,0.02,0.00,0.00,0,0,0,
1754585612800,1,49,0,39,0,0,0.00,10.12,0.00,595,438,-64.57,-65.00,-65.00,-65.00,-64.00,-64.00,7,5,-46.79,6.90,38.50,33.00,1,1,0.08,0.00,0.30,0.02,0.00,0.00,1,0,0,
1754585613800,1,49,0,39,0,0,0.00,6.18,0.22,430,721,-64.33,-65.00,-65.00,-64.00,-64.00,-64.00,3,5,-46.55,6.91,37.00,32.00,0,1,0.09,0.00,0.30,0.02,0.00,0.00,1,0,0,
1754585614800,1,49,0,39,0,0,0.00,1.09,0.42,143,50,,,,,,,0,5,,0.00,36.50,32.00,0,0,0.03,0.00,0.30,0.02,0.00,0.00,0,0,0,
1754585615800,1,49,0,39,0,0,81.00,3.15,0.70,222,50,,,,,,,0,5,,0.00,39.00,32.00,0,0,0.01,0.00,0.30,0.02,0.00,0.00,0,0,0,
1754585616800,1,49,0,39,10,4,0.00,18.95,4.94,579,756,-64.12,-65.00,-64.00,-64.00,-64.00,-64.00,8,5,-46.34,6.92,38.00,32.00,0,2,0.04,0.00,0.30,0.02,0.00,0.00,2,0,0,
1754585617800,1,49,0,39,0,3,0.00,8.74,3.94,315,746,-64.42,-65.00,-65.00,-64.00,-64.00,-64.00,12,5,-46.64,6.91,38.50,34.00,0,0,0.03,0.00,0.30,0.02,0.00,0.00,0,0,0,
1754585618800,1,49,0,39,0,0,0.00,0.00,0.00,112,1330,-64.29,-65.00,-65.00,-64.00,-64.00,-64.00,7,5,-46.50,6.91,38.00,36.00,0,0,0.22,0.00,0.30,0.02,0.00,0.00,0,0,0,
1754585619800,1,49,0,39,0,0,0.00,0.00,0.00,173,40,,,,,,,0,5,,0.00,37.00,32.00,0,0,0.12,0.00,0.30,0.02,0.00,0.00,0,0,0,
1754585620800,1,49,0,39,0,0,0.00,0.05,0.21,23,50,,,,,,,0,5,,0.00,37.00,34.00,0,0,0.04,0.00,0.30,0.02,0.00,0.00,0,0,0,
1754585621800,1,49,0,39,0,0,0.00,0.17,0.73,40,50,,,,,,,0,5,,0.00,38.50,31.00,0,0,0.01,0.00,0.30,0.02,0.00,0.00,0,0,0,
1754585622800,1,49,0,39,3,3,0.00,6.55,3.27,325,721,-64.33,-65.00,-65.00,-64.00,-64.00,-64.00,6,5,-46.55,6.91,60.00,33.00,0,1,0.04,0.00,0.30,0.02,0.00,0.00,1,0,0,
1754585623800,1,49,0,39,0,0,0.00,0.00,0.00,0,694,-64.00,-64.00,-64.00,-64.00,-64.00,-64.00,8,5,-46.22,6.92,37.50,33.00,0,1,0.02,0.00,0.30,0.02,0.00,0.00,1,0,0,
1754585624800,1,49,0,39,0,0,0.00,8.69,0.76,524,1375,-64.67,-65.00,-65.00,-65.00,-64.00,-64.00,3,5,-46.89,6.90,38.50,34.00,0,0,0.26,0.00,0.30,0.02,0.00,0.00,0,0,0,
1754585625800,1,49,0,39,1,1,0.00,10.20,1.75,418,2026,-64.57,-65.00,-65.00,-65.00,-64.00,-64.00,7,5,-46.79,6.90,38.00,34.00,0,0,0.18,0.00,0.30,0.02,0.00,0.00,0,0,0,
1754585626800,1,49,0,39,0,0,0.00,9.36,0.00,445,724,-64.25,-65.00,-64.50,-64.00,-64.00,-64.00,8,5,-46.47,6.91,39.00,33.00,0,0,0.11,0.00,0.30,0.02,0.00,0.00,0,0,0,
1754585627800,1,49,0,39,0,0,0.00,16.61,0.78,832,836,-64.42,-65.00,-65.00,-64.00,-64.00,-64.00,12,5,-46.64,6.91,38.50,33.00,0,0,0.08,0.00,0.30,0.02,0.00,0.00,0,0,0,
1754585628800,1,49,0,39,1,1,0.00,11.54,1.53,565,478,-64.54,-65.00,-65.00,-65.00,-64.00,-64.00,13,5,-46.76,6.90,40.00,33.00,0,0,0.05,0.00,0.30,0.02,0.00,0.00,0,0,0,
1754585629800,1,49,0,39,0,0,0.00,0.00,0.04,5,401,-64.18,-65.00,-64.00,-64.00,-64.00,-64.00,11,5,-46.40,6.92,37.50,35.00,1,1,0.02,0.00,0.31,0.02,0.00,0.00,1,0,0,
1754585630800,1,49,0,39,1,1,0.00,2.29,1.50,714,766,-64.00,-64.00,-64.00,-64.00,-64.00,-64.00,7,5,-46.22,6.92,37.50,35.00,1,1,0.09,0.00,0.31,0.02,0.00,0.00,1,0,0,
1754585631800,1,49,0,39,0,0,0.00,0.00,0.10,0,689,,,,,,,0,5,,0.00,37.50,35.00,0,1,0.04,0.00,0.31,0.02,0.00,0.00,1,0,0,
1754585632800,1,49,0,39,0,0,0.00,9.41,0.76,301,1370,-64.43,-65.00,-65.00,-64.00,-64.00,-64.00,7,5,-46.65,6.91,38.00,35.00,0,0,0.09,0.00,0.31,0.02,0.00,0.00,0,0,0,
1754585633800,1,49,0,39,0,0,0.00,15.17,0.78,782,826,-64.45,-65.00,-65.00,-64.00,-64.00,-64.00,11,5,-46.67,6.90,38.00,32.00,0,0,0.07,0.00,0.31,0.02,0.00,0.00,0,0,0,
1754585634800,0,0,0,39,1,1,0.00,14.46,1.53,734,493,-64.15,-65.00,-64.00,-64.00,-64.00,-64.00,13,5,-46.37,6.92,38.00,35.00,2,0,0.03,0.00,0.31,0.02,0.00,0.00,0,0,0,
1754585635800,0,0,0,39,0,0,8.00,0.74,0.80,26,421,-64.08,-65.00,-64.00,-64.00,-64.00,-64.00,12,5,-46.30,6.92,38.50,30.00,0,1,0.01,0.00,0.31,0.02,0.00,0.00,1,0,0,
1754585636800,0,0,0,39,0,0,0.00,3.62,0.85,69,734,-64.00,-64.00,-64.00,-64.00,-64.00,-64.00,13,5,-46.22,6.92,38.50,26.00,1,3,0.00,0.00,0.31,0.02,0.00,0.00,3,0,0,
1754585637800,0,0,0,39,0,0,0.00,2.18,0.82,40,744,-64.00,-64.00,-64.00,-64.00,-64.00,-64.00,12,5,-46.22,6.92,39.00,27.00,1,2,0.00,0.00,0.31,0.02,0.00,0.00,2,0,0,
1754585638800,0,0,0,39,0,0,0.00,2.18,0.82,31,744,-64.00,-64.00,-64.00,-64.00,-64.00,-64.00,13,5,-46.22,6.92,39.00,26.00,1,3,0.00,0.00,0.31,0.02,0.00,0.00,3,0,0,
1754585639800,0,0,0,39,0,0,0.00,0.74,0.82,15,734,-64.00,-64.00,-64.00,-64.00,-64.00,-64.00,12,5,-46.22,6.92,39.50,30.00,0,4,0.00,0.00,0.31,0.02,0.00,0.00,3,0,0,
1754585640800,0,0,0,39,0,0,0.00,0.74,0.78,25,729,-64.00,-64.00,-64.00,-64.00,-64.00,-64.00,13,5,-46.22,6.92,60.00,31.00,2,2,0.00,0.00,0.31,0.02,0.00,0.00,2,0,0,
1754585641800,0,0,0,39,0,0,0.00,2.18,0.80,130,724,-64.08,-65.00,-64.00,-64.00,-64.00,-64.00,12,5,-46.30,6.92,38.50,30.00,0,0,0.00,0.00,0.31,0.02,0.00,0.00,0,0,0,
1754585642800,0,0,0,39,0,0,0.00,2.18,0.82,81,751,-64.00,-64.00,-64.00,-64.00,-64.00,-64.00,13,5,-46.22,6.92,40.00,32.00,0,1,0.00,0.00,0.31,0.02,0.00,0.00,1,0,0,
1754585643800,0,0,0,39,0,0,70.00,1.46,0.82,65,754,-64.00,-64.00,-64.00,-64.00,-64.00,-64.00,12,5,-46.22,6.92,39.00,32.00,0,0,0.00,0.00,0.31,0.02,0.00,0.00,0,0,0,
1754585644800,0,0,0,39,0,0,119.00,1.46,0.85,105,754,-64.08,-65.00,-64.00,-64.00,-64.00,-64.00,13,5,-46.30,6.92,38.50,32.00,1,0,0.00,0.00,0.31,0.02,0.00,0.00,0,0,0,
1754585645800,0,0,0,39,0,0,58.00,0.74,0.78,40,739,-64.00,-64.00,-64.00,-64.00,-64.00,-64.00,12,5,-46.22,6.92,39.50,34.00,1,0,0.00,0.00,0.31,0.02,0.00,0.00,0,0,0,
1754585646800,0,0,0,39,0,0,505.00,0.74,0.80,40,724,-64.23,-65.00,-64.00,-64.00,-64.00,-64.00,13,106,-33.19,205.16,18.50,35.00,0,0,0.00,0.00,0.31,0.02,0.00,0.00,0,0,0,
1754585647800,0,0,0,39,0,0,0.00,1.46,0.82,65,766,-64.17,-65.00,-64.00,-64.00,-64.00,-64.00,12,106,-33.12,205.35,19.00,35.00,0,0,0.00,0.00,0.31,0.02,0.00,0.00,0,0,0,
1754585648800,0,0,0,39,0,0,0.00,2.16,0.06,80,125,-64.15,-65.00,-64.00,-64.00,-64.00,-64.00,13,5,-46.37,6.92,38.50,36.00,0,1,0.00,0.00,0.31,0.02,0.00,0.00,1,0,0,
1754585649800,0,0,0,39,0,0,0.00,2.18,0.82,90,764,-64.33,-65.00,-65.00,-64.00,-64.00,-64.00,12,5,-46.55,6.91,39.50,37.00,0,1,0.00,0.00,0.31,0.02,0.00,0.00,1,0,0,
1754585650800,0,0,0,39,0,0,0.00,0.74,0.89,40,749,-64.08,-65.00,-64.00,-64.00,-64.00,-64.00,13,5,-46.30,6.92,40.00,36.00,0,0,0.00,0.00,0.30,0.02,0.00,0.00,0,0,0,
1754585651800,0,0,0,39,0,0,0.00,0.74,0.76,40,749,-64.42,-65.00,-65.00,-64.00,-64.00,-64.00,12,5,-46.64,6.91,38.00,36.00,0,0,0.00,0.00,0.30,0.02,0.00,0.00,0,0,0,
1754585652800,0,0,0,39,0,0,0.00,2.18,0.82,90,759,-64.15,-65.00,-64.00,-64.00,-64.00,-64.00,13,5,-46.37,6.92,38.00,37.00,0,1,0.00,0.00,0.30,0.02,0.00,0.00,1,0,0,
1754585653800,0,0,0,39,0,0,0.00,2.18,0.82,90,776,-64.58,-65.00,-65.00,-65.00,-64.00,-64.00,12,5,-46.80,6.90,38.50,38.00,0,1,0.00,0.00,0.30,0.02,0.00,0.00,1,0,0,
1754585654800,0,0,0,39,0,0,0.00,2.18,0.82,90,774,-64.38,-65.00,-65.00,-64.00,-64.00,-64.00,13,5,-46.60,6.91,38.00,36.00,0,1,0.00,0.00,0.30,0.02,0.00,0.00,1,0,0,
1754585655800,0,0,0,39,0,0,0.00,2.18,0.89,90,764,-64.33,-65.00,-65.00,-64.00,-64.00,-64.00,12,5,-46.55,6.91,39.50,35.00,0,1,0.00,0.00,0.30,0.02,0.00,0.00,1,0,0,
1754585656800,0,0,0,39,0,0,0.00,0.74,0.72,40,759,-64.38,-65.00,-65.00,-64.00,-64.00,-64.00,13,5,-46.60,6.91,38.50,32.00,0,0,0.00,0.00,0.30,0.02,0.00,0.00,0,0,0,
1754585657800,0,0,0,39,0,0,0.00,0.74,0.82,40,759,-64.58,-65.00,-65.00,-65.00,-64.00,-64.00,12,5,-46.80,6.90,38.50,32.00,0,0,0.00,0.00,0.30,0.02,0.00,0.00,0,0,0,
1754585658800,0,0,0,39,0,0,0.00,2.18,0.82,90,781,-64.38,-65.00,-65.00,-64.00,-64.00,-64.00,13,5,-46.60,6.91,37.00,34.00,0,1,0.00,0.00,0.30,0.02,0.00,0.00,1,0,0,
1754585659800,0,0,0,39,0,0,0.00,2.18,0.82,90,784,-64.33,-65.00,-65.00,-64.00,-64.00,-64.00,12,5,-46.55,6.91,39.50,32.00,0,1,0.00,0.00,0.30,0.02,0.00,0.00,1,0,0,
1754585660800,0,0,0,39,0,0,0.00,2.18,0.89,90,774,-64.15,-65.00,-64.00,-64.00,-64.00,-64.00,13,5,-46.37,6.92,37.50,32.00,0,1,0.00,0.00,0.30,0.02,0.00,0.00,1,0,0,
1754585661800,0,0,0,39,0,0,0.00,0.74,0.72,40,769,-64.25,-65.00,-64.50,-64.00,-64.00,-64.00,12,5,-46.47,6.91,39.00,36.00,0,0,0.00,0.00,0.30,0.02,0.00,0.00,0,0,0,
1754585662800,0,0,0,39,0,0,0.00,0.74,0.90,40,769,-64.23,-65.00,-64.00,-64.00,-64.00,-64.00,13,5,-46.45,6.91,39.00,33.00,0,0,0.00,0.00,0.30,0.02,0.00,0.00,0,0,0,
1754585663800,0,0,0,39,0,0,0.00,2.18,0.79,81,779,-64.17,-65.00,-64.00,-64.00,-64.00,-64.00,12,5,-46.39,6.92,39.00,33.00,0,1,0.00,0.00,0.30,0.02,0.00,0.00,1,0,0,
1754585664800,0,0,0,39,0,0,0.00,2.18,0.82,90,794,-64.31,-65.00,-65.00,-64.00,-64.00,-64.00,13,5,-46.53,6.91,38.50,35.00,0,0,0.00,0.00,0.30,0.02,0.00,0.00,0,0,0,
1754585665800,0,0,0,39,0,0,0.00,2.18,0.82,63,794,-64.25,-65.00,-64.50,-64.00,-64.00,-64.00,12,5,-46.47,6.91,38.00,35.00,0,1,0.00,0.00,0.30,0.02,0.00,0.00,1,0,0,
1754585666800,0,0,0,39,0,0,0.00,0.74,0.78,41,779,-64.00,-64.00,-64.00,-64.00,-64.00,-64.00,13,5,-46.22,6.92,39.00,37.00,0,2,0.00,0.00,0.30,0.02,0.00,0.00,2,0,0,
1754585667800,0,0,0,39,0,0,0.00,0.74,1.22,22,779,-64.25,-65.00,-64.50,-64.00,-64.00,-64.00,12,5,-46.47,6.91,39.00,34.00,0,3,0.00,0.00,0.30,0.02,0.00,0.00,3,0,0,
1754585668800,0,0,0,39,0,0,0.00,2.18,0.66,33,789,-64.08,-65.00,-64.00,-64.00,-64.00,-64.00,13,5,-46.30,6.92,39.50,35.00,0,5,0.00,0.00,0.30,0.02,0.00,0.00,4,0,0,
1754585669800,0,0,0,39,0,0,0.00,2.18,0.86,30,801,-64.33,-65.00,-65.00,-64.00,-64.00,-64.00,12,5,-46.55,6.91,37.50,34.00,0,5,0.00,0.00,0.30,0.02,0.00,0.00,4,0,0,
1754585670800,0,0,0,39,0,0,0.00,2.18,0.86,30,804,-64.38,-65.00,-65.00,-64.00,-64.00,-64.00,13,5,-46.60,6.91,38.50,33.00,0,5,0.00,0.00,0.30,0.02,0.00,0.00,4,0,0,
1754585671800,0,0,0,39,0,0,0.00,0.74,0.75,20,789,-64.42,-65.00,-65.00,-64.00,-64.00,-64.00,12,5,-46.64,6.91,38.00,34.00,0,4,0.00,0.00,0.30,0.02,0.00,0.00,3,0,0,
1754585672800,0,0,0,39,0,0,0.00,0.74,0.89,20,789,-64.54,-65.00,-65.00,-65.00,-64.00,-64.00,13,5,-46.76,6.90,39.00,33.00,0,5,0.00,0.00,0.30,0.02,0.00,0.00,4,0,0,
1754585673800,0,0,0,39,0,0,0.00,2.18,0.76,30,774,-64.33,-65.00,-65.00,-64.00,-64.00,-64.00,12,5,-46.55,6.91,38.50,33.00,0,5,0.00,0.00,0.30,0.02,0.00,0.00,4,0,0,
1754585674800,0,0,0,39,0,0,0.00,0.74,0.86,21,486,-64.23,-65.00,-64.00,-64.00,-64.00,-64.00,13,5,-46.45,6.91,38.50,31.00,0,5,0.00,0.00,0.30,0.02,0.00,0.00,4,0,0,
1754585675800,0,0,0,39,0,0,0.00,2.18,0.75,36,789,-64.17,-65.00,-64.00,-64.00,-64.00,-64.00,12,5,-46.39,6.92,38.00,33.00,0,3,0.00,0.00,0.30,0.02,0.00,0.00,3,0,0,
1754585676800,0,0,0,39,0,0,0.00,0.74,0.89,22,789,-64.23,-65.00,-64.00,-64.00,-64.00,-64.00,13,5,-46.45,6.91,38.50,34.00,0,3,0.02,0.00,0.30,0.02,0.00,0.00,3,0,0,
1754585677800,0,0,0,39,0,0,0.00,0.74,0.82,51,456,-64.33,-65.00,-65.00,-64.00,-64.00,-64.00,12,5,-46.55,6.91,40.50,35.00,0,1,0.01,0.00,0.30,0.02,0.00,0.00,1,0,0,
1754585678800,0,0,0,39,0,0,0.00,0.74,0.82,75,471,-64.38,-65.00,-65.00,-64.00,-64.00,-64.00,13,5,-46.60,6.91,39.00,37.00,0,0,0.00,0.00,0.30,0.02,0.00,0.00,0,0,0,
1754585679800,0,0,0,39,0,0,0.00,0.74,0.82,75,471,-64.42,-65.00,-65.00,-64.00,-64.00,-64.00,12,5,-46.64,6.91,39.50,34.00,0,0,0.00,0.00,0.30,0.02,0.00,0.00,0,0,0,
1754585680800,0,0,0,39,0,0,0.00,0.74,0.82,75,471,-64.46,-65.00,-65.00,-64.00,-64.00,-64.00,13,5,-46.68,6.90,38.50,34.00,0,0,0.00,0.00,0.30,0.02,0.00,0.00,0,0,0,
1754585681800,0,0,0,39,0,0,0.00,0.74,0.82,35,471,-64.08,-65.00,-64.00,-64.00,-64.00,-64.00,12,5,-46.30,6.92,40.00,32.00,0,0,0.00,0.00,0.30,0.02,0.00,0.00,0,0,0,
1754585682800,0,0,0,39,0,0,0.00,0.74,0.82,75,456,-64.00,-64.00,-64.00,-64.00,-64.00,-64.00,13,5,-46.22,6.92,39.00,32.00,1,0,0.00,0.00,0.30,0.02,0.00,0.00,0,0,0,
1754585683800,0,0,0,39,1,1,0.00,1.46,1.48,60,451,-64.00,-64.00,-64.00,-64.00,-64.00,-64.00,12,5,-46.22,6.92,39.00,34.00,1,0,0.00,0.00,0.30,0.02,0.00,0.00,0,0,0,
1754585684800,0,0,0,39,0,0,0.00,0.74,0.90,40,734,-64.23,-65.00,-64.00,-64.00,-64.00,-64.00,13,5,-46.45,6.91,39.50,35.00,1,0,0.00,0.00,0.30,0.02,0.00,0.00,0,0,0,
1754585685800,0,0,0,39,4,1,0.00,5.11,2.05,174,789,-64.33,-65.00,-65.00,-64.00,-64.00,-64.00,12,5,-46.55,6.91,39.50,35.00,0,0,0.00,0.00,0.30,0.02,0.00,0.00,0,0,0,
1754585686800,0,0,0,39,1,3,0.00,1.27,3.78,99,789,-64.31,-65.00,-65.00,-64.00,-64.00,-64.00,13,5,-46.53,6.91,38.50,37.00,1,0,0.00,0.00,0.30,0.02,0.00,0.00,0,0,0,
1754585687800,0,0,0,39,3,2,0.00,4.18,3.05,189,471,-64.42,-65.00,-65.00,-64.00,-64.00,-64.00,12,5,-46.64,6.91,39.50,37.00,1,0,0.00,0.00,0.30,0.02,0.00,0.00,0,0,0,
1754585688800,0,0,0,39,1,2,0.00,3.11,2.60,111,786,-64.77,-65.00,-65.00,-65.00,-65.00,-64.00,13,5,-46.99,6.89,38.00,36.00,1,1,0.00,0.00,0.30,0.02,0.00,0.00,1,0,0,
1754585689800,0,0,0,39,0,0,0.00,0.74,0.74,75,391,-64.42,-65.00,-65.00,-64.00,-64.00,-64.00,12,5,-46.64,6.91,59.50,34.00,2,0,0.00,0.00,0.30,0.02,0.00,0.00,0,0,0,
1754585690800,0,0,0,39,0,0,371.00,1.46,0.76,65,731,-64.38,-65.00,-65.00,-64.00,-64.00,-64.00,13,5,-46.60,6.91,39.00,34.00,0,0,0.00,0.00,0.30,0.02,0.00,0.00,0,0,0,
1754585691800,0,0,0,39,0,0,0.00,0.72,0.06,30,105,-64.08,-65.00,-64.00,-64.00,-64.00,-64.00,12,5,-46.30,6.92,38.00,34.00,2,1,0.00,0.00,0.30,0.02,0.00,0.00,1,0,0,
1754585692800,0,0,0,39,0,0,0.00,0.74,0.78,35,426,-64.00,-64.00,-64.00,-64.00,-64.00,-64.00,13,5,-46.22,6.92,38.50,36.00,2,0,0.00,0.00,0.30,0.02,0.00,0.00,0,0,0,
1754585693800,0,0,0,39,1,1,507.00,1.49,1.57,110,1040,-64.25,-65.00,-64.50,-64.00,-64.00,-64.00,12,5,-46.47,6.91,38.50,32.00,1,0,0.00,0.00,0.30,0.02,0.00,0.00,0,0,0,
1754585694800,0,0,0,39,0,0,48.00,0.74,0.78,80,719,-64.08,-65.00,-64.00,-64.00,-64.00,-64.00,13,5,-46.30,6.92,39.00,31.00,1,0,0.00,0.00,0.30,0.02,0.00,0.00,0,0,0,
1754585695800,0,0,0,39,0,0,448.00,1.46,0.80,65,719,-64.08,-65.00,-64.00,-64.00,-64.00,-64.00,12,5,-46.30,6.92,38.00,32.00,0,0,0.00,0.00,0.30,0.02,0.00,0.00,0,0,0,
1754585696800,0,0,0,39,0,0,484.00,1.46,0.82,56,744,-64.23,-65.00,-64.00,-64.00,-64.00,-64.00,13,5,-46.45,6.91,39.00,34.00,0,0,0.00,0.00,0.30,0.02,0.00,0.00,0,0,0,
1754585697800,0,0,0,39,0,0,53.00,2.18,0.82,90,729,-64.17,-65.00,-64.00,-64.00,-64.00,-64.00,12,106,-33.12,205.35,19.50,32.00,0,0,0.00,0.00,0.30,0.02,0.00,0.00,0,0,0,
1754585698800,0,0,0,39,0,0,0.00,1.44,0.06,55,120,-64.31,-65.00,-65.00,-64.00,-64.00,-64.00,13,5,-46.53,6.91,38.00,34.00,0,1,0.00,0.00,0.30,0.02,0.00,0.00,1,0,0,
1754585699800,0,0,0,39,0,0,0.00,0.74,0.78,40,714,-64.33,-65.00,-65.00,-64.00,-64.00,-64.00,12,5,-46.55,6.91,38.50,34.00,0,0,0.00,0.00,0.30,0.02,0.00,0.00,0,0,0,
1754585700800,0,0,0,39,0,0,0.00,0.74,0.82,40,729,-64.23,-65.00,-64.00,-64.00,-64.00,-64.00,13,5,-46.45,6.91,38.50,32.00,0,0,0.00,0.00,0.30,0.02,0.00,0.00,0,0,0,
1754585701800,0,0,0,39,0,0,0.00,2.18,0.82,90,739,-64.17,-65.00,-64.00,-64.00,-64.00,-64.00,12,5,-46.39,6.92,38.00,33.00,0,1,0.00,0.00,0.30,0.02,0.00,0.00,1,0,0,
1754585702800,0,0,0,39,0,0,0.00,2.18,0.82,121,751,-64.08,-65.00,-64.00,-64.00,-64.00,-64.00,13,5,-46.30,6.92,39.00,29.00,0,0,0.00,0.00,0.30,0.02,0.00,0.00,0,0,0,
1754585703800,0,0,0,39,0,0,0.00,2.18,0.82,90,754,-64.00,-64.00,-64.00,-64.00,-64.00,-64.00,12,5,-46.22,6.92,39.00,29.00,0,1,0.00,0.00,0.30,0.02,0.00,0.00,1,0,0,
1754585704800,0,0,0,39,0,0,0.00,0.74,0.78,40,739,-64.00,-64.00,-64.00,-64.00,-64.00,-64.00,13,5,-46.22,6.92,39.50,30.00,0,0,0.00,0.00,0.29,0.02,0.00,0.00,0,0,0,
1754585705800,0,0,0,39,0,0,0.00,0.74,0.82,40,739,-64.00,-64.00,-64.00,-64.00,-64.00,-64.00,12,5,-46.22,6.92,39.50,29.00,0,0,0.00,0.00,0.29,0.02,0.00,0.00,0,0,0,
1754585706800,0,0,0,39,0,0,0.00,2.18,0.82,90,749,-64.00,-64.00,-64.00,-64.00,-64.00,-64.00,13,5,-46.22,6.92,38.50,33.00,0,1,0.00,0.00,0.29,0.02,0.00,0.00,1,0,0,
1754585707800,0,0,0,39,0,0,0.00,2.18,0.82,90,766,-64.00,-64.00,-64.00,-64.00,-64.00,-64.00,12,5,-46.22,6.92,39.00,32.00,0,1,0.00,0.00,0.29,0.02,0.00,0.00,1,0,0,
1754585708800,1,49,0,39,0,0,0.00,2.18,0.82,90,764,-64.00,-64.00,-64.00,-64.00,-64.00,-64.00,10,5,-46.22,6.92,38.00,36.00,0,1,0.00,0.00,0.29,0.02,0.00,0.00,1,0,0,
1754585709800,1,49,0,39,0,0,0.00,0.00,0.22,112,1325,,,,,,,0,21,,0.00,32.00,37.00,0,0,0.05,0.00,0.30,0.02,0.00,0.00,0,0,0,
1754585710800,1,49,0,39,1,1,0.00,2.99,1.59,151,1370,-64.50,-65.00,-65.00,-64.50,-64.00,-64.00,12,5,-46.72,6.90,38.50,33.00,0,2,0.09,0.00,0.30,0.02,0.00,0.00,2,0,0,
1754585711800,1,49,0,39,0,0,0.00,4.45,0.76,196,1370,-64.29,-65.00,-65.00,-64.00,-64.00,-64.00,7,5,-46.50,6.91,39.00,35.00,0,1,0.23,0.00,0.30,0.02,0.00,0.00,1,0,0,
1754585712800,1,49,0,39,0,0,0.00,9.41,0.78,484,1365,-64.62,-65.00,-65.00,-65.00,-64.00,-64.00,8,5,-46.84,6.90,37.00,33.00,0,0,0.21,0.00,0.30,0.02,0.00,0.00,0,0,0,
1754585713800,1,49,0,39,7,1,0.00,22.58,2.08,747,786,-64.83,-65.00,-65.00,-65.00,-65.00,-64.00,6,5,-47.05,6.89,38.00,33.00,0,0,0.10,0.00,0.30,0.02,0.00,0.00,0,0,0,
1754585714800,1,49,0,39,0,0,0.00,8.85,0.78,507,1375,-64.75,-65.00,-65.00,-65.00,-64.50,-64.00,8,5,-46.97,6.89,39.50,34.00,0,0,0.15,0.00,0.30,0.02,0.00,0.00,0,0,0,
1754585715800,1,49,0,39,0,0,0.00,6.48,0.00,419,1347,-64.40,-65.00,-65.00,-64.00,-64.00,-64.00,5,5,-46.62,6.91,38.50,36.00,0,0,0.16,0.00,0.30,0.02,0.00,0.00,0,0,0,
1754585716800,1,49,0,39,0,0,0.00,14.44,0.00,633,45,,,,,,,0,5,,0.00,39.50,31.00,0,0,0.09,0.01,0.30,0.02,0.00,0.00,0,0,0,
1754585717800,1,49,0,39,0,0,0.00,12.66,0.30,615,50,,,,,,,0,5,,0.00,40.00,28.00,0,0,0.03,0.00,0.30,0.02,0.00,0.00,0,0,0,
1754585718800,1,49,0,39,1,1,0.00,3.84,5.13,402,1352,-64.33,-65.00,-65.00,-64.00,-64.00,-64.00,3,5,-46.55,6.91,44.50,26.00,0,1,0.12,0.02,0.30,0.02,0.00,0.00,1,0,0,
1754585719800,1,49,0,39,0,0,122.00,8.72,0.78,511,1375,-64.17,-65.00,-64.00,-64.00,-64.00,-64.00,6,5,-46.39,6.92,43.50,28.00,0,1,0.14,0.01,0.30,0.02,0.00,0.00,1,0,0,
1754585720800,1,49,0,39,0,0,0.00,10.19,0.78,569,1392,-64.00,-64.00,-64.00,-64.00,-64.00,-64.00,8,5,-46.22,6.92,41.00,30.00,0,1,0.15,0.01,0.30,0.02,0.00,0.00,1,0,0,
1754585721800,1,49,0,39,0,0,0.00,15.84,0.00,741,190,-64.00,-64.00,-64.00,-64.00,-64.00,-64.00,12,5,-46.22,6.92,39.00,32.00,0,0,0.06,0.00,0.30,0.02,0.00,0.00,0,0,0,
1754585722800,1,49,0,39,0,0,0.00,10.08,0.00,527,438,-65.00,-65.00,-65.00,-65.00,-65.00,-65.00,6,5,-47.22,6.88,38.00,33.00,1,0,0.08,0.00,0.30,0.02,0.00,0.00,0,0,0,
1754585723800,1,49,0,39,0,0,0.00,11.55,0.22,704,821,-64.60,-65.00,-65.00,-65.00,-64.00,-64.00,5,5,-46.82,6.90,38.50,34.00,1,6,0.07,0.00,0.31,0.02,0.00,0.00,4,0,0,
1754585724800,0,0,0,39,0,0,0.00,0.00,0.00,0,175,-64.44,-65.00,-65.00,-64.00,-64.00,-64.00,9,5,-46.66,6.91,39.00,34.00,2,6,0.03,0.00,0.30,0.02,0.00,0.00,4,0,0,
1754585725800,0,0,0,39,2,2,0.00,4.16,7.10,51,804,-64.25,-65.00,-64.50,-64.00,-64.00,-64.00,12,5,-46.47,6.91,37.50,35.00,1,8,0.01,0.00,0.30,0.02,0.00,0.00,5,0,0,
1754585726800,0,0,0,39,0,0,0.00,2.26,1.68,25,771,-64.00,-64.00,-64.00,-64.00,-64.00,-64.00,13,5,-46.22,6.92,38.00,35.00,0,10,0.00,0.00,0.30,0.02,0.00,0.00,6,0,0,
1754585727800,0,0,0,39,0,0,0.00,0.74,0.74,12,431,-64.00,-64.00,-64.00,-64.00,-64.00,-64.00,12,5,-46.22,6.92,38.50,33.00,0,9,0.00,0.00,0.30,0.02,0.00,0.00,6,0,0,
1754585728800,0,0,0,39,0,0,0.00,2.18,0.82,25,776,-64.00,-64.00,-64.00,-64.00,-64.00,-64.00,13,5,-46.22,6.92,38.50,32.00,0,8,0.00,0.00,0.30,0.02,0.00,0.00,5,0,0,
1754585729800,0,0,0,39,0,0,0.00,2.18,0.82,30,769,-64.17,-65.00,-64.00,-64.00,-64.00,-64.00,12,5,-46.39,6.92,39.50,33.00,0,10,0.00,0.00,0.30,0.02,0.00,0.00,6,0,0,
1754585730800,0,0,0,39,0,0,0.00,0.74,0.82,20,764,-64.23,-65.00,-64.00,-64.00,-64.00,-64.00,13,5,-46.45,6.91,38.50,32.00,0,8,0.00,0.00,0.30,0.02,0.00,0.00,5,0,0,
1754585731800,0,0,0,39,0,0,0.00,0.74,0.82,20,759,-64.17,-65.00,-64.00,-64.00,-64.00,-64.00,12,5,-46.39,6.92,39.00,33.00,0,6,0.00,0.00,0.30,0.02,0.00,0.00,4,0,0,
1754585732800,0,0,0,39,0,0,0.00,2.18,0.82,30,769,-64.38,-65.00,-65.00,-64.00,-64.00,-64.00,13,5,-46.60,6.91,59.50,37.00,0,6,0.00,0.00,0.30,0.02,0.00,0.00,4,0,0,
1754585733800,0,0,0,39,0,0,0.00,2.18,0.82,30,786,-64.00,-64.00,-64.00,-64.00,-64.00,-64.00,12,5,-46.22,6.92,38.50,35.00,0,6,0.00,0.00,0.30,0.02,0.00,0.00,4,0,0,
1754585734800,0,0,0,39,0,0,0.00,2.18,0.82,30,779,-64.15,-65.00,-64.00,-64.00,-64.00,-64.00,13,5,-46.37,6.92,38.50,32.00,0,6,0.00,0.00,0.30,0.02,0.00,0.00,4,0,0,
1754585735800,0,0,0,39,0,0,0.00,0.74,0.82,20,774,-64.33,-65.00,-65.00,-64.00,-64.00,-64.00,12,5,-46.55,6.91,59.50,33.00,0,4,0.00,0.00,0.30,0.02,0.00,0.00,3,0,0,
1754585736800,0,0,0,39,0,0,0.00,0.74,0.82,22,769,-64.62,-65.00,-65.00,-65.00,-64.00,-64.00,13,5,-46.83,6.90,37.50,34.00,1,2,0.00,0.00,0.30,0.02,0.00,0.00,2,0,0,
1754585737800,0,0,0,39,0,0,0.00,2.18,0.86,63,779,-64.67,-65.00,-65.00,-65.00,-64.00,-64.00,12,5,-46.89,6.90,38.50,32.00,0,2,0.00,0.00,0.30,0.02,0.00,0.00,2,0,0,
1754585738800,0,0,0,39,0,0,0.00,2.18,0.82,82,791,-65.00,-65.00,-65.00,-65.00,-65.00,-65.00,13,5,-47.22,6.88,38.50,35.00,0,2,0.00,0.00,0.30,0.02,0.00,0.00,2,0,0,
1754585739800,0,0,0,39,8,4,0.00,9.94,4.54,297,789,-65.00,-65.00,-65.00,-65.00,-65.00,-65.00,12,5,-47.22,6.88,38.50,39.00,1,2,0.00,0.00,0.30,0.02,0.00,0.00,2,0,0,
1754585740800,0,0,0,39,0,2,0.00,0.74,2.50,31,461,-65.00,-65.00,-65.00,-65.00,-65.00,-65.00,13,5,-47.22,6.88,39.00,40.00,2,1,0.00,0.00,0.30,0.02,0.00,0.00,1,0,0,
1754585741800,0,0,0,39,0,0,0.00,0.74,0.82,25,779,-65.00,-65.00,-65.00,-65.00,-65.00,-65.00,12,5,-47.22,6.88,38.50,39.00,2,2,0.00,0.00,0.30,0.02,0.00,0.00,2,0,0,
1754585742800,0,0,0,39,2,1,0.00,4.37,1.63,63,789,-65.00,-65.00,-65.00,-65.00,-65.00,-65.00,13,5,-47.22,6.88,39.00,39.00,1,4,0.00,0.00,0.30,0.02,0.00,0.00,3,0,0,
1754585743800,0,0,0,39,0,0,0.00,2.18,0.86,34,801,-65.00,-65.00,-65.00,-65.00,-65.00,-65.00,12,5,-47.22,6.88,38.50,38.00,1,4,0.00,0.00,0.30,0.02,0.00,0.00,3,0,0,
1754585744800,0,0,0,39,0,0,513.00,1.46,0.84,29,789,-64.92,-65.00,-65.00,-65.00,-65.00,-64.00,13,5,-47.14,6.89,38.50,37.00,0,3,0.00,0.00,0.30,0.02,0.00,0.00,3,0,0,
1754585745800,0,0,0,39,0,0,66.00,1.46,0.89,27,804,-64.67,-65.00,-65.00,-65.00,-64.00,-64.00,12,5,-46.89,6.90,38.50,37.00,1,3,0.00,0.00,0.30,0.02,0.00,0.00,3,0,0,
1754585746800,0,0,0,39,0,0,67.00,0.74,0.78,20,789,-64.69,-65.00,-65.00,-65.00,-64.00,-64.00,13,5,-46.91,6.90,38.50,36.00,1,4,0.00,0.00,0.30,0.02,0.00,0.00,3,0,0,
1754585747800,0,0,0,39,0,0,467.00,0.74,0.84,20,789,-64.50,-65.00,-65.00,-64.50,-64.00,-64.00,12,5,-46.72,6.90,39.00,35.00,0,5,0.00,0.00,0.30,0.02,0.00,0.00,4,0,0,
1754585748800,0,0,0,39,0,0,334.00,2.18,0.74,33,456,-64.00,-64.00,-64.00,-64.00,-64.00,-64.00,13,94,-33.48,179.71,18.00,34.00,1,4,0.00,0.00,0.30,0.02,0.00,0.00,3,0,0,
1754585749800,0,0,0,39,0,0,0.00,0.00,0.14,5,180,-64.33,-65.00,-65.00,-64.00,-64.00,-64.00,12,5,-46.55,6.91,38.00,34.00,0,3,0.00,0.00,0.30,0.02,0.00,0.00,3,0,0,
1754585750800,0,0,0,39,0,0,0.00,2.18,0.75,45,774,-64.15,-65.00,-64.00,-64.00,-64.00,-64.00,13,5,-46.37,6.92,39.50,33.00,0,3,0.00,0.00,0.30,0.02,0.00,0.00,3,0,0,
1754585751800,0,0,0,39,0,0,0.00,0.74,0.85,36,471,-64.25,-65.00,-64.50,-64.00,-64.00,-64.00,12,5,-46.47,6.91,38.00,35.00,0,1,0.00,0.00,0.30,0.02,0.00,0.00,1,0,0,
1754585752800,0,0,0,39,0,0,0.00,0.74,0.82,75,471,-64.31,-65.00,-65.00,-64.00,-64.00,-64.00,13,5,-46.53,6.91,38.50,36.00,0,0,0.00,0.00,0.30,0.02,0.00,0.00,0,0,0,
1754585753800,0,0,0,39,1,1,0.00,1.50,1.48,129,381,-64.42,-65.00,-65.00,-64.00,-64.00,-64.00,12,5,-46.64,6.91,39.00,35.00,0,1,0.00,0.00,0.30,0.02,0.00,0.00,1,0,0,
1754585754800,0,0,0,39,0,0,0.00,0.74,0.78,40,694,-64.38,-65.00,-65.00,-64.00,-64.00,-64.00,13,5,-46.60,6.91,59.50,37.00,0,0,0.00,0.00,0.30,0.02,0.00,0.00,0,0,0,
1754585755800,0,0,0,39,0,0,0.00,0.74,0.78,40,711,-64.33,-65.00,-65.00,-64.00,-64.00,-64.00,12,5,-46.55,6.91,38.00,34.00,0,0,0.00,0.00,0.30,0.02,0.00,0.00,0,0,0,
1754585756800,0,0,0,39,0,0,0.00,0.74,0.74,75,396,-64.38,-65.00,-65.00,-64.00,-64.00,-64.00,13,5,-46.60,6.91,38.50,37.00,0,0,0.00,0.00,0.30,0.02,0.00,0.00,0,0,0,
1754585757800,0,0,0,39,0,0,0.00,0.74,0.78,40,714,-64.42,-65.00,-65.00,-64.00,-64.00,-64.00,12,5,-46.64,6.91,38.50,36.00,0,0,0.00,0.00,0.30,0.02,0.00,0.00,0,0,0,
1754585758800,0,0,0,39,0,0,0.00,0.74,0.78,40,709,-64.46,-65.00,-65.00,-64.00,-64.00,-64.00,13,5,-46.68,6.90,59.50,37.00,0,0,0.00,0.00,0.30,0.02,0.00,0.00,0,0,0,
1754585759800,0,0,0,39,0,0,0.00,2.18,0.78,90,724,-64.75,-65.00,-65.00,-65.00,-64.50,-64.00,12,5,-46.97,6.89,38.50,39.00,0,1,0.00,0.00,0.30,0.02,0.00,0.00,1,0,0,
1754585760800,0,0,0,39,0,0,0.00,0.74,0.74,75,428,-64.85,-65.00,-65.00,-65.00,-65.00,-64.00,13,5,-47.06,6.89,39.00,36.00,0,0,0.00,0.00,0.30,0.02,0.00,0.00,0,0,0,
1754585761800,0,0,0,39,0,0,0.00,0.74,0.78,75,426,-64.83,-65.00,-65.00,-65.00,-65.00,-64.00,12,5,-47.05,6.89,60.00,36.00,0,0,0.00,0.00,0.30,0.02,0.00,0.00,0,0,0,
1754585762800,0,0,0,39,0,0,0.00,0.74,0.78,35,426,-64.77,-65.00,-65.00,-65.00,-65.00,-64.00,13,5,-46.99,6.89,39.00,38.00,0,0,0.00,0.00,0.30,0.02,0.00,0.00,0,0,0,
1754585763800,0,0,0,39,0,0,0.00,0.74,0.82,40,719,-64.67,-65.00,-65.00,-65.00,-64.00,-64.00,12,5,-46.89,6.90,38.00,34.00,0,0,0.00,0.00,0.30,0.02,0.00,0.00,0,0,0,
1754585764800,0,0,0,39,0,0,0.00,2.18,0.82,90,724,-64.54,-65.00,-65.00,-65.00,-64.00,-64.00,13,5,-46.76,6.90,60.00,35.00,0,1,0.00,0.00,0.30,0.02,0.00,0.00,1,0,0,
1754585765800,0,0,0,39,0,0,0.00,2.18,0.86,90,801,-64.58,-65.00,-65.00,-65.00,-64.00,-64.00,12,5,-46.80,6.90,39.50,33.00,0,1,0.00,0.00,0.30,0.02,0.00,0.00,1,0,0,
1754585766800,0,0,0,39,3,2,0.00,4.79,2.58,231,739,-64.38,-65.00,-65.00,-64.00,-64.00,-64.00,13,5,-46.60,6.91,39.00,32.00,0,0,0.00,0.00,0.30,0.02,0.00,0.00,0,0,0,
1754585767800,0,0,0,39,0,0,0.00,2.18,0.82,90,744,-64.25,-65.00,-64.50,-64.00,-64.00,-64.00,12,5,-46.47,6.91,39.00,34.00,0,1,0.00,0.00,0.30,0.02,0.00,0.00,1,0,0,
1754585768800,0,0,0,39,0,0,0.00,0.74,0.82,40,724,-64.46,-65.00,-65.00,-64.00,-64.00,-64.00,13,5,-46.68,6.90,60.00,36.00,0,0,0.00,0.00,0.30,0.02,0.00,0.00,0,0,0,
1754585769800,0,0,0,39,0,0,0.00,0.74,0.78,40,724,-64.17,-65.00,-64.00,-64.00,-64.00,-64.00,12,5,-46.39,6.92,39.50,36.00,0,0,0.00,0.00,0.30,0.02,0.00,0.00,0,0,0,
1754585770800,0,0,0,39,0,0,0.00,2.18,0.82,90,751,-64.15,-65.00,-64.00,-64.00,-64.00,-64.00,13,5,-46.37,6.92,40.00,35.00,0,1,0.00,0.00,0.30,0.02,0.00,0.00,1,0,0,
1754585771800,0,0,0,39,0,0,0.00,2.18,0.82,130,754,-64.00,-64.00,-64.00,-64.00,-64.00,-64.00,12,5,-46.22,6.92,60.50,34.00,0,1,0.00,0.00,0.30,0.02,0.00,0.00,1,0,0,
1754585772800,0,0,0,39,0,0,0.00,2.18,0.82,90,754,-64.00,-64.00,-64.00,-64.00,-64.00,-64.00,13,5,-46.22,6.92,38.50,33.00,0,1,0.00,0.00,0.30,0.02,0.00,0.00,1,0,0,
1754585773800,0,0,0,39,0,0,0.00,0.74,0.82,40,744,-64.00,-64.00,-64.00,-64.00,-64.00,-64.00,12,5,-46.22,6.92,38.50,33.00,0,0,0.00,0.00,0.30,0.02,0.00,0.00,0,0,0,
1754585774800,0,0,0,39,0,0,0.00,0.74,0.78,40,734,-64.00,-64.00,-64.00,-64.00,-64.00,-64.00,13,5,-46.22,6.92,60.00,31.00,0,0,0.00,0.00,0.30,0.02,0.00,0.00,0,0,0,
1754585775800,0,0,0,39,0,0,0.00,2.18,0.82,81,749,-64.08,-65.00,-64.00,-64.00,-64.00,-64.00,12,5,-46.30,6.92,39.50,32.00,0,0,0.00,0.00,0.30,0.02,0.00,0.00,0,0,0,
1754585776800,0,0,0,39,0,0,0.00,2.18,0.82,90,764,-64.15,-65.00,-64.00,-64.00,-64.00,-64.00,13,5,-46.37,6.92,39.00,32.00,0,1,0.00,0.00,0.30,0.02,0.00,0.00,1,0,0,
1754585777800,0,0,0,39,0,0,0.00,2.18,0.82,90,764,-64.00,-64.00,-64.00,-64.00,-64.00,-64.00,12,5,-46.22,6.92,39.00,33.00,0,1,0.00,0.00,0.30,0.02,0.00,0.00,1,0,0,
1754585778800,0,0,0,39,0,0,0.00,0.74,0.82,40,754,-64.15,-65.00,-64.00,-64.00,-64.00,-64.00,13,5,-46.37,6.92,60.00,33.00,0,0,0.00,0.00,0.30,0.02,0.00,0.00,0,0,0,
1754585779800,1,52,0,39,0,0,0.00,0.74,0.78,80,744,-64.44,-65.00,-65.00,-64.00,-64.00,-64.00,9,5,-46.66,6.91,37.50,32.00,0,0,0.00,0.00,0.30,0.02,0.00,0.00,0,0,0,
1754585780800,1,52,0,39,0,0,0.00,0.00,0.04,0,719,,,,,,,0,5,,0.00,37.00,32.00,0,0,0.00,0.00,0.30,0.02,0.00,0.00,0,0,0,
1754585781800,1,52,0,39,0,0,0.00,0.00,0.00,277,686,,,,,,,0,5,,0.00,38.00,34.00,0,0,0.07,0.00,0.30,0.02,0.00,0.00,0,0,0,
1754585782800,1,52,0,39,0,0,0.00,0.00,0.00,21,50,,,,,,,0,5,,0.00,36.50,34.00,0,0,0.02,0.00,0.30,0.02,0.00,0.00,0,0,0,
1754585783800,1,52,0,39,0,0,0.00,0.17,0.95,147,686,,,,,,,0,21,,0.00,30.00,38.00,0,0,0.01,0.00,0.30,0.02,0.00,0.00,0,0,0,
1754585784800,1,52,0,39,0,0,0.00,0.26,0.96,269,1936,,,,,,,0,106,,0.00,5.00,34.00,0,0,0.18,0.00,0.30,0.02,0.00,0.00,0,0,0,
1754585785800,1,52,0,39,0,0,0.00,0.92,1.59,138,1382,-65.00,-65.00,-65.00,-65.00,-65.00,-65.00,1,5,-47.22,6.88,37.00,36.00,0,1,0.13,0.00,0.30,0.02,0.00,0.00,1,0,0,
1754585786800,1,52,0,39,0,0,0.00,0.14,0.64,153,1312,,,,,,,0,21,,0.00,30.50,35.00,0,1,0.22,0.00,0.30,0.02,0.00,0.00,1,0,0,
1754585787800,1,52,0,39,0,0,0.00,0.14,0.00,267,654,,,,,,,0,5,,0.00,37.50,35.00,0,0,0.20,0.02,0.30,0.02,0.00,0.00,0,0,0,
1754585788800,1,52,0,39,0,0,0.00,0.54,0.42,185,691,-65.00,-65.00,-65.00,-65.00,-65.00,-65.00,1,21,-40.99,33.30,29.00,37.00,0,1,0.08,0.01,0.30,0.02,0.00,0.00,1,0,0,
1754585789800,1,52,0,39,0,0,0.00,7.60,0.00,458,676,,,,,,,0,5,,0.00,38.50,34.00,0,3,0.14,0.02,0.30,0.02,0.00,0.00,3,0,0,
1754585790800,1,52,0,39,0,0,0.00,6.88,0.71,255,691,,,,,,,0,21,,0.00,30.50,36.00,0,1,0.05,0.01,0.30,0.02,0.00,0.00,1,0,0,
1754585791800,1,52,0,39,0,0,0.00,7.66,0.00,460,676,,,,,,,0,5,,0.00,36.50,32.00,0,3,0.12,0.02,0.30,0.02,0.00,0.00,3,0,0,
1754585792800,0,0,0,39,4,4,242.88,13.09,6.02,452,711,-64.00,-64.00,-64.00,-64.00,-64.00,-64.00,2,5,-46.22,6.92,40.00,36.00,0,0,0.05,0.01,0.30,0.02,0.00,0.00,0,0,0,
1754585793800,0,0,0,39,0,0,0.00,1.46,0.85,51,764,-64.42,-65.00,-65.00,-64.00,-64.00,-64.00,12,5,-46.64,6.91,38.50,35.00,0,0,0.02,0.01,0.30,0.02,0.00,0.00,0,0,0,
1754585794800,0,0,0,39,0,0,0.00,0.74,0.78,35,744,-64.31,-65.00,-65.00,-64.00,-64.00,-64.00,13,5,-46.53,6.91,39.00,35.00,1,0,0.01,0.01,0.30,0.02,0.00,0.00,0,0,0,
1754585795800,0,0,0,39,0,0,473.00,2.18,0.80,76,749,-64.33,-65.00,-65.00,-64.00,-64.00,-64.00,12,5,-46.55,6.91,38.50,36.00,0,1,0.00,0.01,0.30,0.02,0.00,0.00,1,0,0,
1754585796800,0,0,0,39,0,0,6.00,1.46,0.82,100,774,-64.46,-65.00,-65.00,-64.00,-64.00,-64.00,13,5,-46.68,6.90,39.50,37.00,0,0,0.00,0.00,0.30,0.02,0.00,0.00,0,0,0,
1754585797800,0,0,0,39,0,0,496.00,2.18,0.82,67,774,-64.33,-65.00,-65.00,-64.00,-64.00,-64.00,12,5,-46.55,6.91,38.00,35.00,0,1,0.00,0.00,0.30,0.02,0.00,0.00,1,0,0,
1754585798800,0,0,0,39,0,0,69.00,1.46,0.85,36,764,-64.15,-65.00,-64.00,-64.00,-64.00,-64.00,13,5,-46.37,6.92,39.50,34.00,1,2,0.00,0.00,0.30,0.02,0.00,0.00,2,0,0,
1754585799800,0,0,0,39,0,0,495.00,0.74,0.76,26,744,-64.25,-65.00,-64.50,-64.00,-64.00,-64.00,12,106,-33.21,205.10,18.50,34.00,1,1,0.00,0.00,0.30,0.02,0.00,0.00,1,0,0,
1754585800800,0,0,0,39,0,0,0.00,0.02,0.82,10,771,-64.08,-65.00,-64.00,-64.00,-64.00,-64.00,13,106,-33.03,205.62,18.50,34.00,0,0,0.00,0.00,0.30,0.02,0.00,0.00,0,0,0,
1754585801800,0,0,0,39,0,0,0.00,2.16,0.06,80,145,-64.00,-64.00,-64.00,-64.00,-64.00,-64.00,12,5,-46.22,6.92,38.00,35.00,0,1,0.00,0.00,0.30,0.02,0.00,0.00,1,0,0,
1754585802800,0,0,0,39,0,0,0.00,2.18,0.82,90,784,-64.15,-65.00,-64.00,-64.00,-64.00,-64.00,13,5,-46.37,6.92,39.00,35.00,0,1,0.00,0.00,0.30,0.02,0.00,0.00,1,0,0,
1754585803800,0,0,0,39,0,0,0.00,2.18,0.89,90,774,-64.08,-65.00,-64.00,-64.00,-64.00,-64.00,12,5,-46.30,6.92,39.00,33.00,0,1,0.00,0.00,0.30,0.02,0.00,0.00,1,0,0,
1754585804800,0,0,0,39,0,0,0.00,0.74,0.76,40,769,-64.23,-65.00,-64.00,-64.00,-64.00,-64.00,13,5,-46.45,6.91,39.50,33.00,0,0,0.00,0.00,0.30,0.02,0.00,0.00,0,0,0,
1754585805800,0,0,0,39,0,0,0.00,0.74,0.90,40,769,-64.00,-64.00,-64.00,-64.00,-64.00,-64.00,12,5,-46.22,6.92,40.00,33.00,0,0,0.00,0.00,0.30,0.02,0.00,0.00,0,0,0,
1754585806800,0,0,0,39,0,0,0.00,2.18,0.79,90,791,-64.00,-64.00,-64.00,-64.00,-64.00,-64.00,13,5,-46.22,6.92,40.00,31.00,0,1,0.00,0.00,0.30,0.02,0.00,0.00,1,0,0,
1754585807800,0,0,0,39,0,0,0.00,2.18,0.82,90,794,-64.00,-64.00,-64.00,-64.00,-64.00,-64.00,12,5,-46.22,6.92,39.50,32.00,0,1,0.00,0.00,0.30,0.02,0.00,0.00,1,0,0,
1754585808800,0,0,0,39,0,0,0.00,2.18,0.89,90,784,-64.00,-64.00,-64.00,-64.00,-64.00,-64.00,13,5,-46.22,6.92,39.50,30.00,0,1,0.00,0.00,0.30,0.02,0.00,0.00,1,0,0,
1754585809800,0,0,0,39,0,0,0.00,0.74,0.82,40,779,-64.00,-64.00,-64.00,-64.00,-64.00,-64.00,12,5,-46.22,6.92,39.50,33.00,0,0,0.00,0.00,0.30,0.02,0.00,0.00,0,0,0,
1754585810800,0,0,0,39,0,0,0.00,0.74,1.19,40,779,-64.00,-64.00,-64.00,-64.00,-64.00,-64.00,13,5,-46.22,6.92,39.00,31.00,0,0,0.00,0.00,0.30,0.02,0.00,0.00,0,0,0,
1754585811800,0,0,0,39,0,0,0.00,2.18,0.66,125,801,-64.00,-64.00,-64.00,-64.00,-64.00,-64.00,12,5,-46.22,6.92,39.50,33.00,0,1,0.00,0.00,0.30,0.02,0.00,0.00,1,0,0,
1754585812800,0,0,0,39,0,0,0.00,2.18,0.86,130,804,-64.00,-64.00,-64.00,-64.00,-64.00,-64.00,13,5,-46.22,6.92,39.00,33.00,0,1,0.00,0.00,0.30,0.02,0.00,0.00,1,0,0,
1754585813800,0,0,0,39,0,0,0.00,2.18,0.75,90,789,-64.08,-65.00,-64.00,-64.00,-64.00,-64.00,12,5,-46.30,6.92,39.50,30.00,0,1,0.00,0.00,0.30,0.02,0.00,0.00,1,0,0,
1754585814800,0,0,0,39,0,0,0.00,0.74,0.85,35,471,-64.00,-64.00,-64.00,-64.00,-64.00,-64.00,13,5,-46.22,6.92,39.00,33.00,0,0,0.00,0.00,0.30,0.02,0.00,0.00,0,0,0,
1754585815800,0,0,0,39,0,0,0.00,0.74,0.82,75,471,-64.17,-65.00,-64.00,-64.00,-64.00,-64.00,12,5,-46.39,6.92,38.50,34.00,0,0,0.00,0.00,0.30,0.02,0.00,0.00,0,0,0,
1754585816800,0,0,0,39,0,0,0.00,2.18,0.76,90,786,-64.08,-65.00,-64.00,-64.00,-64.00,-64.00,13,5,-46.30,6.92,37.50,35.00,0,0,0.00,0.00,0.30,0.02,0.00,0.00,0,0,0,
1754585817800,0,0,0,39,0,0,0.00,2.18,0.78,63,789,-64.33,-65.00,-65.00,-64.00,-64.00,-64.00,12,5,-46.55,6.91,38.50,34.00,0,1,0.00,0.00,0.30,0.02,0.00,0.00,1,0,0,
1754585818800,0,0,0,39,0,0,0.00,0.74,0.85,36,471,-64.08,-65.00,-64.00,-64.00,-64.00,-64.00,13,5,-46.30,6.92,38.50,35.00,0,2,0.00,0.00,0.30,0.02,0.00,0.00,2,0,0,
1754585819800,0,0,0,39,0,0,0.00,0.74,0.82,26,471,-64.25,-65.00,-64.50,-64.00,-64.00,-64.00,12,5,-46.47,6.91,39.50,33.00,0,1,0.00,0.00,0.30,0.02,0.00,0.00,1,0,0,
1754585820800,0,0,0,39,0,0,0.00,0.74,0.82,75,456,-64.15,-65.00,-64.00,-64.00,-64.00,-64.00,13,5,-46.37,6.92,38.00,34.00,0,0,0.00,0.00,0.30,0.02,0.00,0.00,0,0,0,
1754585821800,0,0,0,39,0,0,0.00,0.74,0.82,35,471,-64.00,-64.00,-64.00,-64.00,-64.00,-64.00,12,5,-46.22,6.92,39.00,34.00,0,0,0.00,0.00,0.30,0.02,0.00,0.00,0,0,0,
1754585822800,0,0,0,39,0,0,0.00,0.74,0.82,75,471,-64.00,-64.00,-64.00,-64.00,-64.00,-64.00,13,5,-46.22,6.92,38.00,31.00,0,0,0.00,0.00,0.30,0.02,0.00,0.00,0,0,0,
1754585823800,0,0,0,39,0,0,0.00,0.74,0.82,75,471,-64.00,-64.00,-64.00,-64.00,-64.00,-64.00,12,5,-46.22,6.92,39.50,34.00,0,0,0.00,0.00,0.30,0.02,0.00,0.00,0,0,0,
1754585824800,0,0,0,39,0,0,0.00,0.74,0.82,75,471,-64.00,-64.00,-64.00,-64.00,-64.00,-64.00,13,5,-46.22,6.92,39.50,29.00,0,0,0.00,0.00,0.30,0.02,0.00,0.00,0,0,0,
1754585825800,0,0,0,39,0,0,0.00,0.74,0.82,75,456,-64.08,-65.00,-64.00,-64.00,-64.00,-64.00,12,5,-46.30,6.92,39.50,34.00,0,0,0.00,0.00,0.30,0.02,0.00,0.00,0,0,0,
1754585826800,0,0,0,39,0,0,0.00,0.74,0.82,75,471,-64.00,-64.00,-64.00,-64.00,-64.00,-64.00,13,5,-46.22,6.92,39.00,33.00,0,0,0.00,0.00,0.30,0.02,0.00,0.00,0,0,0,
1754585827800,0,0,0,39,0,0,0.00,0.74,0.82,75,471,-64.00,-64.00,-64.00,-64.00,-64.00,-64.00,12,5,-46.22,6.92,39.00,35.00,0,0,0.00,0.00,0.30,0.02,0.00,0.00,0,0,0,
1754585828800,0,0,0,39,0,0,0.00,0.74,0.82,35,471,-64.00,-64.00,-64.00,-64.00,-64.00,-64.00,13,5,-46.22,6.92,40.00,33.00,0,0,0.00,0.00,0.30,0.02,0.00,0.00,0,0,0,
1754585829800,0,0,0,39,0,0,0.00,0.74,0.82,75,471,-64.08,-65.00,-64.00,-64.00,-64.00,-64.00,12,5,-46.30,6.92,37.50,35.00,0,0,0.00,0.00,0.30,0.02,0.00,0.00,0,0,0,
1754585830800,0,0,0,39,1,1,0.00,1.50,1.48,129,426,-64.15,-65.00,-64.00,-64.00,-64.00,-64.00,13,5,-46.37,6.92,60.00,35.00,0,0,0.00,0.00,0.30,0.02,0.00,0.00,0,0,0,
1754585831800,0,0,0,39,0,0,0.00,0.74,0.78,40,699,-64.17,-65.00,-64.00,-64.00,-64.00,-64.00,12,5,-46.39,6.92,38.00,36.00,0,0,0.00,0.00,0.30,0.02,0.00,0.00,0,0,0,
1754585832800,0,0,0,39,0,0,0.00,0.74,0.78,40,716,-64.54,-65.00,-65.00,-65.00,-64.00,-64.00,13,5,-46.76,6.90,38.50,35.00,0,0,0.00,0.00,0.30,0.02,0.00,0.00,0,0,0,
1754585833800,0,0,0,39,0,0,0.00,0.74,0.74,75,396,-64.33,-65.00,-65.00,-64.00,-64.00,-64.00,12,5,-46.55,6.91,37.50,32.00,0,0,0.00,0.00,0.30,0.02,0.00,0.00,0,0,0,
1754585834800,0,0,0,39,0,0,0.00,0.74,0.78,40,714,-64.62,-65.00,-65.00,-65.00,-64.00,-64.00,13,5,-46.83,6.90,60.00,35.00,0,0,0.00,0.00,0.29,0.02,0.00,0.00,0,0,0,
1754585835800,0,0,0,39,0,0,0.00,0.74,0.82,40,699,-64.75,-65.00,-65.00,-65.00,-64.50,-64.00,12,5,-46.97,6.89,38.50,35.00,1,0,0.00,0.00,0.29,0.02,0.00,0.00,0,0,0,
1754585836800,0,0,0,39,0,0,0.00,0.74,0.78,40,709,-64.62,-65.00,-65.00,-65.00,-64.00,-64.00,13,5,-46.83,6.90,39.00,36.00,1,0,0.00,0.00,0.29,0.02,0.00,0.00,0,0,0,
1754585837800,0,0,0,39,0,0,0.00,2.18,0.78,90,741,-64.92,-65.00,-65.00,-65.00,-65.00,-64.00,12,5,-47.14,6.89,38.50,37.00,1,0,0.00,0.00,0.29,0.02,0.00,0.00,0,0,0,
1754585838800,0,0,0,39,0,0,432.00,0.74,0.78,75,426,-64.62,-65.00,-65.00,-65.00,-64.00,-64.00,13,5,-46.83,6.90,39.50,38.00,1,0,0.00,0.00,0.29,0.02,0.00,0.00,0,0,0,
1754585839800,0,0,0,39,0,0,22.00,0.74,0.78,35,426,-64.67,-65.00,-65.00,-65.00,-64.00,-64.00,12,5,-46.89,6.90,38.50,36.00,1,0,0.00,0.00,0.29,0.02,0.00,0.00,0,0,0,
1754585840800,0,0,0,39,0,0,130.00,0.74,0.76,35,411,-64.77,-65.00,-65.00,-65.00,-65.00,-64.00,13,94,-34.25,177.78,17.50,35.00,1,0,0.00,0.00,0.29,0.02,0.00,0.00,0,0,0,
1754585841800,0,0,0,39,0,0,0.00,0.74,0.81,80,729,-65.00,-65.00,-65.00,-65.00,-65.00,-65.00,12,5,-47.22,6.88,36.50,38.00,2,0,0.00,0.00,0.29,0.02,0.00,0.00,0,0,0,
1754585842800,0,0,0,39,0,0,0.00,2.18,0.82,81,729,-65.00,-65.00,-65.00,-65.00,-65.00,-65.00,13,5,-47.22,6.88,38.00,38.00,1,1,0.00,0.00,0.29,0.02,0.00,0.00,1,0,0,
1754585843800,1,50,0,39,0,0,0.00,0.00,0.04,5,714,-65.00,-65.00,-65.00,-65.00,-65.00,-65.00,10,5,-47.22,6.88,35.00,38.00,0,0,0.00,0.00,0.29,0.02,0.00,0.00,0,0,0,
1754585844800,1,50,0,39,0,0,0.00,0.02,0.22,196,1312,-65.00,-65.00,-65.00,-65.00,-65.00,-65.00,1,5,-47.22,6.88,37.00,38.00,0,1,0.11,0.00,0.30,0.02,0.00,0.00,1,0,0,
1754585845800,1,50,0,39,0,0,0.00,8.79,1.06,409,1283,-65.00,-65.00,-65.00,-65.00,-65.00,-65.00,1,5,-47.22,6.88,37.50,38.00,0,0,0.14,0.02,0.30,0.02,0.00,0.00,0,0,0,
1754585846800,1,50,0,39,0,0,0.00,4.64,0.76,358,696,-65.00,-65.00,-65.00,-65.00,-65.00,-65.00,1,5,-47.22,6.88,36.50,35.00,0,0,0.05,0.01,0.30,0.02,0.00,0.00,0,0,0,
1754585847800,1,50,0,39,0,0,0.00,0.00,0.00,187,35,,,,,,,0,5,,0.00,37.50,37.00,0,0,0.06,0.01,0.30,0.02,0.00,0.00,0,0,0,
1754585848800,1,50,0,39,0,0,0.00,0.57,0.42,103,50,,,,,,,0,5,,0.00,38.50,35.00,0,0,0.02,0.00,0.30,0.02,0.00,0.00,0,0,0,
1754585849800,1,50,0,39,0,0,0.00,2.84,0.66,175,50,,,,,,,0,5,,0.00,38.00,37.00,0,0,0.01,0.00,0.30,0.02,0.00,0.00,0,0,0,
1754585850800,1,50,0,39,0,0,0.00,0.00,0.83,5,50,,,,,,,0,5,,0.00,36.50,37.00,0,0,0.00,0.00,0.30,0.02,0.00,0.00,0,0,0,
1754585851800,1,50,0,39,0,0,0.00,0.00,0.00,287,681,-65.00,-65.00,-65.00,-65.00,-65.00,-65.00,1,5,-47.22,6.88,38.50,36.00,0,0,0.05,0.00,0.30,0.02,0.00,0.00,0,0,0,
1754585852800,1,50,0,39,0,0,0.00,2.82,0.38,191,50,,,,,,,0,5,,0.00,36.50,37.00,0,0,0.02,0.00,0.30,0.02,0.00,0.00,0,0,0,
1754585853800,1,50,0,39,0,0,0.00,1.01,0.73,138,50,,,,,,,0,5,,0.00,37.50,36.00,0,0,0.01,0.00,0.30,0.02,0.00,0.00,0,0,0,
1754585854800,1,50,0,39,0,0,0.00,3.14,0.67,216,50,,,,,,,0,5,,0.00,38.00,36.00,0,0,0.00,0.00,0.30,0.02,0.00,0.00,0,0,0,
1754585855800,1,50,0,39,4,4,0.00,6.78,4.97,332,796,-65.00,-65.00,-65.00,-65.00,-65.00,-65.00,11,5,-47.22,6.88,38.00,35.00,0,1,0.02,0.00,0.30,0.02,0.00,0.00,1,0,0,
1754585856800,1,50,0,39,0,0,0.00,0.02,0.22,114,1382,-64.88,-65.00,-65.00,-65.00,-65.00,-64.00,8,5,-47.09,6.89,36.00,34.00,0,1,0.07,0.00,0.30,0.02,0.00,0.00,1,0,0,
1754585857800,1,50,0,39,0,0,0.00,0.14,0.22,199,1951,-65.00,-65.00,-65.00,-65.00,-65.00,-65.00,2,5,-47.22,6.88,38.50,37.00,0,1,0.17,0.00,0.30,0.02,0.00,0.00,1,0,0,
1754585858800,1,50,0,39,2,2,0.00,10.45,3.29,604,1343,-65.00,-65.00,-65.00,-65.00,-65.00,-65.00,7,5,-47.22,6.88,37.50,36.00,0,0,0.14,0.01,0.30,0.02,0.00,0.00,0,0,0,
1754585859800,1,50,0,39,0,0,0.00,4.34,0.21,388,1966,-64.00,-64.00,-64.00,-64.00,-64.00,-64.00,3,5,-46.22,6.92,39.00,41.00,0,1,0.21,0.01,0.30,0.02,0.00,0.00,1,0,0,
1754585860800,1,50,0,39,1,1,0.00,1.51,2.84,178,1308,-64.57,-65.00,-65.00,-65.00,-64.00,-64.00,7,5,-46.79,6.90,38.00,34.00,0,0,0.18,0.01,0.30,0.02,0.00,0.00,0,0,0,
1754585861800,1,50,0,39,0,0,0.00,0.00,0.22,82,1325,-65.00,-65.00,-65.00,-65.00,-65.00,-65.00,3,21,-40.99,33.30,30.50,39.00,0,1,0.18,0.04,0.30,0.02,0.00,0.00,1,0,0,
1754585862800,1,50,0,39,0,0,0.00,0.32,1.88,325,1968,-65.00,-65.00,-65.00,-65.00,-65.00,-65.00,2,106,-33.96,202.91,5.50,37.00,0,0,0.30,0.03,0.30,0.02,0.00,0.00,0,0,0,
1754585863800,1,50,0,39,2,2,0.00,6.64,0.40,348,1325,-64.75,-65.00,-65.00,-65.00,-64.50,-64.00,4,5,-46.97,6.89,37.50,37.00,0,0,0.31,0.02,0.30,0.02,0.00,0.00,0,0,0,
1754585864800,1,50,0,39,0,0,0.00,15.96,0.00,690,50,,,,,,,0,5,,0.00,37.50,35.00,0,0,0.13,0.02,0.30,0.02,0.00,0.00,0,0,0,
1754585865800,1,50,0,39,0,0,0.00,10.64,0.40,495,50,,,,,,,0,5,,0.00,38.00,39.00,0,0,0.05,0.01,0.30,0.02,0.00,0.00,0,0,0,
1754585866800,1,50,0,39,0,0,0.00,0.00,0.73,5,50,,,,,,,0,5,,0.00,35.00,36.00,0,0,0.02,0.01,0.30,0.02,0.00,0.00,0,0,0,
1754585867800,0,0,0,39,0,0,0.00,2.16,0.28,331,681,-65.00,-65.00,-65.00,-65.00,-65.00,-65.00,1,5,-47.22,6.88,37.50,37.00,0,0,0.07,0.00,0.30,0.02,0.00,0.00,0,0,0,
1754585868800,0,0,0,39,0,0,0.00,0.17,0.10,99,50,,,,,,,0,5,,0.00,39.50,37.00,0,0,0.02,0.00,0.30,0.02,0.00,0.00,0,0,0,
1754585869800,0,0,0,39,0,0,0.00,1.01,0.73,143,50,,,,,,,0,5,,0.00,38.00,38.00,0,0,0.01,0.00,0.30,0.02,0.00,0.00,0,0,0,
1754585870800,0,0,0,39,0,0,0.00,7.42,0.67,454,50,,,,,,,0,5,,0.00,38.00,39.00,0,0,0.00,0.00,0.30,0.02,0.00,0.00,0,0,0,
1754585871800,0,0,0,39,4,4,0.00,6.33,4.26,309,721,-65.00,-65.00,-65.00,-65.00,-65.00,-65.00,7,5,-47.22,6.88,37.50,40.00,0,0,0.00,0.00,0.30,0.02,0.00,0.00,0,0,0,
1754585872800,0,0,0,39,0,0,0.00,2.18,0.82,90,746,-65.00,-65.00,-65.00,-65.00,-65.00,-65.00,13,5,-47.22,6.88,38.50,36.00,0,1,0.00,0.00,0.30,0.02,0.00,0.00,1,0,0,
1754585873800,0,0,0,39,0,0,0.00,2.18,0.82,90,754,-65.00,-65.00,-65.00,-65.00,-65.00,-65.00,12,5,-47.22,6.88,59.50,36.00,0,1,0.00,0.00,0.30,0.02,0.00,0.00,1,0,0,
1754585874800,0,0,0,39,0,0,0.00,2.18,0.82,90,754,-64.92,-65.00,-65.00,-65.00,-65.00,-64.00,13,5,-47.14,6.89,38.50,39.00,0,1,0.00,0.00,0.30,0.02,0.00,0.00,1,0,0,
1754585875800,0,0,0,39,0,0,0.00,0.74,0.82,40,744,-65.00,-65.00,-65.00,-65.00,-65.00,-65.00,12,5,-47.22,6.88,38.50,38.00,0,0,0.00,0.00,0.30,0.02,0.00,0.00,0,0,0,
1754585876800,0,0,0,39,0,0,0.00,0.74,0.78,40,734,-65.00,-65.00,-65.00,-65.00,-65.00,-65.00,13,5,-47.22,6.88,59.50,37.00,0,0,0.00,0.00,0.30,0.02,0.00,0.00,0,0,0,
1754585877800,0,0,0,39,0,0,0.00,2.18,0.82,81,749,-65.00,-65.00,-65.00,-65.00,-65.00,-65.00,12,5,-47.22,6.88,39.50,37.00,0,0,0.00,0.00,0.30,0.02,0.00,0.00,0,0,0,
1754585878800,0,0,0,39,0,0,0.00,2.18,0.82,90,764,-65.00,-65.00,-65.00,-65.00,-65.00,-65.00,13,5,-47.22,6.88,38.50,38.00,0,1,0.00,0.00,0.30,0.02,0.00,0.00,1,0,0,
1754585879800,0,0,0,39,0,0,0.00,2.18,0.82,90,764,-65.00,-65.00,-65.00,-65.00,-65.00,-65.00,12,5,-47.22,6.88,39.50,38.00,0,1,0.00,0.00,0.30,0.02,0.00,0.00,1,0,0,
1754585880800,0,0,0,39,0,0,0.00,0.74,0.82,40,754,-64.92,-65.00,-65.00,-65.00,-65.00,-64.00,13,5,-47.14,6.89,59.50,37.00,0,0,0.00,0.00,0.30,0.02,0.00,0.00,0,0,0,
1754585881800,0,0,0,39,0,0,0.00,0.74,0.78,40,744,-64.67,-65.00,-65.00,-65.00,-64.00,-64.00,12,5,-46.89,6.90,39.00,37.00,0,0,0.00,0.00,0.30,0.02,0.00,0.00,0,0,0,
1754585882800,0,0,0,39,0,0,0.00,2.18,0.82,81,759,-64.69,-65.00,-65.00,-65.00,-64.00,-64.00,13,5,-46.91,6.90,38.00,35.00,0,0,0.00,0.00,0.30,0.02,0.00,0.00,0,0,0,
1754585883800,0,0,0,39,0,0,0.00,2.18,0.82,90,774,-64.83,-65.00,-65.00,-65.00,-65.00,-64.00,12,5,-47.05,6.89,60.00,36.00,0,1,0.00,0.00,0.30,0.02,0.00,0.00,1,0,0,
1754585884800,0,0,0,39,0,0,0.00,2.18,0.82,90,774,-64.92,-65.00,-65.00,-65.00,-65.00,-64.00,13,5,-47.14,6.89,38.00,37.00,0,1,0.00,0.00,0.30,0.02,0.00,0.00,1,0,0,
1754585885800,0,0,0,39,0,0,0.00,0.74,0.82,40,764,-64.83,-65.00,-65.00,-65.00,-65.00,-64.00,12,5,-47.05,6.89,38.00,36.00,0,0,0.00,0.00,0.30,0.02,0.00,0.00,0,0,0,
1754585886800,0,0,0,39,0,0,0.00,0.74,0.78,80,754,-64.69,-65.00,-65.00,-65.00,-64.00,-64.00,13,5,-46.91,6.90,60.00,37.00,1,0,0.00,0.00,0.30,0.02,0.00,0.00,0,0,0,
1754585887800,0,0,0,39,0,0,0.00,2.18,0.82,81,769,-64.75,-65.00,-65.00,-65.00,-64.50,-64.00,12,5,-46.97,6.89,39.00,35.00,0,1,0.00,0.00,0.30,0.02,0.00,0.00,1,0,0,
1754585888800,0,0,0,39,0,0,0.00,2.18,0.82,90,784,-64.62,-65.00,-65.00,-65.00,-64.00,-64.00,13,5,-46.83,6.90,38.00,32.00,0,1,0.00,0.00,0.30,0.02,0.00,0.00,1,0,0,
1754585889800,0,0,0,39,0,0,0.00,2.18,0.82,90,784,-64.42,-65.00,-65.00,-64.00,-64.00,-64.00,12,5,-46.64,6.91,38.00,34.00,0,1,0.00,0.00,0.30,0.02,0.00,0.00,1,0,0,
1754585890800,0,0,0,39,0,0,0.00,0.74,0.82,40,774,-64.23,-65.00,-64.00,-64.00,-64.00,-64.00,13,5,-46.45,6.91,60.00,34.00,0,0,0.00,0.00,0.30,0.02,0.00,0.00,0,0,0,
1754585891800,0,0,0,39,0,0,0.00,0.74,0.78,31,764,-64.25,-65.00,-64.50,-64.00,-64.00,-64.00,12,5,-46.47,6.91,39.50,33.00,2,1,0.00,0.00,0.30,0.02,0.00,0.00,1,0,0,
1754585892800,0,0,0,39,0,0,0.00,2.18,0.86,42,779,-64.08,-65.00,-64.00,-64.00,-64.00,-64.00,13,5,-46.30,6.92,38.00,35.00,1,3,0.00,0.00,0.30,0.02,0.00,0.00,3,0,0,
1754585893800,0,0,0,39,0,0,0.00,2.18,0.82,45,794,-64.08,-65.00,-64.00,-64.00,-64.00,-64.00,12,5,-46.30,6.92,38.50,35.00,1,2,0.00,0.00,0.30,0.02,0.00,0.00,2,0,0,
1754585894800,0,0,0,39,0,0,0.00,2.18,0.82,47,794,-64.23,-65.00,-64.00,-64.00,-64.00,-64.00,13,5,-46.45,6.91,39.50,34.00,1,3,0.00,0.00,0.30,0.02,0.00,0.00,3,0,0,
1754585895800,0,0,0,39,0,0,0.00,0.74,0.82,20,784,-64.33,-65.00,-65.00,-64.00,-64.00,-64.00,12,5,-46.55,6.91,38.00,35.00,0,4,0.00,0.00,0.30,0.02,0.00,0.00,3,0,0,
1754585896800,0,0,0,39,0,0,0.00,0.74,0.78,20,774,-64.46,-65.00,-65.00,-64.00,-64.00,-64.00,13,5,-46.68,6.90,39.00,35.00,1,5,0.00,0.00,0.30,0.02,0.00,0.00,4,0,0,
1754585897800,0,0,0,39,0,0,468.00,2.18,0.96,29,779,-64.33,-65.00,-65.00,-64.00,-64.00,-64.00,12,5,-46.55,6.91,38.00,33.00,0,5,0.00,0.00,0.30,0.02,0.00,0.00,4,0,0,
1754585898800,0,0,0,39,0,0,98.00,1.46,0.86,25,804,-64.54,-65.00,-65.00,-65.00,-64.00,-64.00,13,5,-46.76,6.90,39.00,35.00,0,5,0.00,0.00,0.30,0.02,0.00,0.00,4,0,0,
1754585899800,0,0,0,39,0,0,55.00,2.18,0.86,34,804,-64.17,-65.00,-64.00,-64.00,-64.00,-64.00,12,5,-46.39,6.92,40.00,32.00,0,3,0.00,0.00,0.30,0.02,0.00,0.00,3,0,0,
1754585900800,0,0,0,39,0,0,119.00,1.46,0.77,24,471,-64.15,-65.00,-64.00,-64.00,-64.00,-64.00,13,5,-46.37,6.92,39.00,32.00,1,3,0.00,0.00,0.30,0.02,0.00,0.00,3,0,0,
1754585901800,0,0,0,39,0,0,351.00,0.74,0.80,51,456,-64.00,-64.00,-64.00,-64.00,-64.00,-64.00,12,94,-33.48,179.71,18.00,35.00,1,1,0.00,0.00,0.30,0.02,0.00,0.00,1,0,0,
1754585902800,0,0,0,39,0,0,97.00,0.74,0.86,40,801,-64.00,-64.00,-64.00,-64.00,-64.00,-64.00,13,106,-32.96,205.86,18.50,32.00,0,0,0.00,0.00,0.30,0.02,0.00,0.00,0,0,0,
1754585903800,0,0,0,39,0,0,0.00,1.44,0.02,55,150,-64.00,-64.00,-64.00,-64.00,-64.00,-64.00,12,5,-46.22,6.92,39.00,35.00,0,1,0.00,0.00,0.30,0.02,0.00,0.00,1,0,0,
1754585904800,0,0,0,39,0,0,0.00,2.18,0.78,90,789,-64.00,-64.00,-64.00,-64.00,-64.00,-64.00,13,5,-46.22,6.92,39.50,33.00,0,1,0.00,0.00,0.30,0.02,0.00,0.00,1,0,0,
1754585905800,0,0,0,39,0,0,0.00,0.74,0.85,75,471,-64.00,-64.00,-64.00,-64.00,-64.00,-64.00,12,5,-46.22,6.92,39.50,35.00,0,0,0.00,0.00,0.30,0.02,0.00,0.00,0,0,0,
1754585906800,0,0,0,39,0,0,0.00,0.74,0.82,75,471,-64.23,-65.00,-64.00,-64.00,-64.00,-64.00,13,5,-46.45,6.91,39.00,33.00,0,0,0.00,0.00,0.30,0.02,0.00,0.00,0,0,0,
1754585907800,0,0,0,39,0,0,0.00,0.74,0.82,75,456,-64.42,-65.00,-65.00,-64.00,-64.00,-64.00,12,5,-46.64,6.91,38.50,35.00,0,0,0.00,0.00,0.30,0.02,0.00,0.00,0,0,0,
1754585908800,0,0,0,39,0,0,0.00,0.74,0.82,75,471,-64.46,-65.00,-65.00,-64.00,-64.00,-64.00,13,5,-46.68,6.90,39.50,34.00,0,0,0.00,0.00,0.30,0.02,0.00,0.00,0,0,0,
1754585909800,0,0,0,39,0,0,0.00,0.74,0.82,35,471,-64.17,-65.00,-64.00,-64.00,-64.00,-64.00,12,5,-46.39,6.92,39.50,30.00,0,0,0.00,0.00,0.30,0.02,0.00,0.00,0,0,0,
1754585910800,0,0,0,39,0,0,0.00,0.74,0.82,75,471,-64.08,-65.00,-64.00,-64.00,-64.00,-64.00,13,5,-46.30,6.92,39.50,33.00,0,0,0.00,0.00,0.30,0.02,0.00,0.00,0,0,0,
1754585911800,0,0,0,39,0,0,0.00,0.74,0.82,75,471,-64.00,-64.00,-64.00,-64.00,-64.00,-64.00,12,5,-46.22,6.92,38.50,32.00,0,0,0.00,0.00,0.30,0.02,0.00,0.00,0,0,0,
1754585912800,0,0,0,39,1,1,0.00,1.46,1.48,60,386,-64.00,-64.00,-64.00,-64.00,-64.00,-64.00,13,5,-46.22,6.92,60.00,32.00,0,0,0.00,0.00,0.30,0.02,0.00,0.00,0,0,0,
1754585913800,0,0,0,39,0,0,0.00,0.74,0.78,40,699,-64.00,-64.00,-64.00,-64.00,-64.00,-64.00,12,5,-46.22,6.92,38.00,32.00,0,0,0.00,0.00,0.30,0.02,0.00,0.00,0,0,0,
1754585914800,0,0,0,39,0,0,0.00,0.74,0.78,40,731,-64.00,-64.00,-64.00,-64.00,-64.00,-64.00,13,5,-46.22,6.92,40.00,32.00,0,0,0.00,0.00,0.30,0.02,0.00,0.00,0,0,0,
1754585915800,0,0,0,39,8,2,0.00,8.49,2.87,274,789,-64.00,-64.00,-64.00,-64.00,-64.00,-64.00,12,5,-46.22,6.92,40.00,33.00,0,1,0.00,0.00,0.30,0.02,0.00,0.00,1,0,0,
1754585916800,0,0,0,39,0,3,0.00,0.74,3.17,40,401,-64.00,-64.00,-64.00,-64.00,-64.00,-64.00,13,5,-46.22,6.92,60.00,30.00,0,0,0.00,0.00,0.30,0.02,0.00,0.00,0,0,0,
1754585917800,0,0,0,39,0,0,0.00,0.74,0.82,40,704,-64.00,-64.00,-64.00,-64.00,-64.00,-64.00,12,5,-46.22,6.92,40.50,32.00,0,0,0.00,0.00,0.30,0.02,0.00,0.00,0,0,0,
1754585918800,0,0,0,39,0,0,0.00,0.74,0.78,40,709,-64.00,-64.00,-64.00,-64.00,-64.00,-64.00,13,5,-46.22,6.92,38.00,31.00,0,0,0.00,0.00,0.30,0.02,0.00,0.00,0,0,0,
1754585919800,0,0,0,39,0,0,0.00,2.18,0.78,90,781,-64.00,-64.00,-64.00,-64.00,-64.00,-64.00,12,5,-46.22,6.92,38.00,30.00,0,1,0.00,0.00,0.30,0.02,0.00,0.00,1,0,0,
1754585920800,0,0,0,39,5,2,0.00,7.19,2.91,232,739,-64.00,-64.00,-64.00,-64.00,-64.00,-64.00,13,5,-46.22,6.92,38.50,30.00,0,0,0.00,0.00,0.30,0.02,0.00,0.00,0,0,0,
1754585921800,0,0,0,39,0,0,0.00,0.74,0.78,75,426,-64.00,-64.00,-64.00,-64.00,-64.00,-64.00,12,5,-46.22,6.92,38.50,29.00,0,0,0.00,0.00,0.30,0.02,0.00,0.00,0,0,0,
1754585922800,0,0,0,39,0,0,0.00,0.74,0.82,40,709,-64.23,-65.00,-64.00,-64.00,-64.00,-64.00,13,5,-46.45,6.91,60.00,33.00,0,0,0.00,0.00,0.30,0.02,0.00,0.00,0,0,0,
1754585923800,0,0,0,39,0,0,0.00,0.74,0.78,40,719,-64.25,-65.00,-64.50,-64.00,-64.00,-64.00,12,5,-46.47,6.91,39.00,31.00,0,0,0.00,0.00,0.30,0.02,0.00,0.00,0,0,0,
1754585924800,0,0,0,39,0,0,0.00,2.18,0.82,81,729,-64.08,-65.00,-64.00,-64.00,-64.00,-64.00,13,5,-46.30,6.92,39.00,35.00,0,0,0.00,0.00,0.30,0.02,0.00,0.00,0,0,0,
1754585925800,0,0,0,39,0,0,0.00,2.18,0.82,90,744,-64.17,-65.00,-64.00,-64.00,-64.00,-64.00,12,5,-46.39,6.92,38.00,34.00,0,1,0.00,0.00,0.30,0.02,0.00,0.00,1,0,0,
1754585926800,0,0,0,39,0,0,0.00,2.18,0.82,90,744,-64.15,-65.00,-64.00,-64.00,-64.00,-64.00,13,5,-46.37,6.92,60.00,35.00,0,1,0.00,0.00,0.30,0.02,0.00,0.00,1,0,0,
1754585927800,0,0,0,39,0,0,0.00,0.74,0.82,40,729,-64.33,-65.00,-65.00,-64.00,-64.00,-64.00,12,5,-46.55,6.91,39.00,37.00,0,0,0.00,0.00,0.30,0.02,0.00,0.00,0,0,0,
1754585928800,0,0,0,39,0,0,0.00,0.74,0.78,40,729,-64.38,-65.00,-65.00,-64.00,-64.00,-64.00,13,5,-46.60,6.91,38.50,36.00,0,0,0.00,0.00,0.30,0.02,0.00,0.00,0,0,0,
1754585929800,0,0,0,39,0,0,0.00,2.18,0.82,81,739,-64.58,-65.00,-65.00,-65.00,-64.00,-64.00,12,5,-46.80,6.90,59.50,35.00,0,0,0.00,0.00,0.30,0.02,0.00,0.00,0,0,0,
1754585930800,0,0,0,39,0,0,0.00,2.18,0.82,90,754,-64.62,-65.00,-65.00,-65.00,-64.00,-64.00,13,5,-46.83,6.90,38.00,36.00,0,1,0.00,0.00,0.30,0.02,0.00,0.00,1,0,0,
1754585931800,0,0,0,39,0,0,0.00,2.18,0.82,90,754,-64.33,-65.00,-65.00,-64.00,-64.00,-64.00,12,5,-46.55,6.91,38.00,34.00,0,1,0.00,0.00,0.30,0.02,0.00,0.00,1,0,0,
1754585932800,0,0,0,39,0,0,0.00,0.74,0.82,40,739,-64.62,-65.00,-65.00,-65.00,-64.00,-64.00,13,5,-46.83,6.90,60.00,33.00,0,0,0.00,0.00,0.29,0.02,0.00,0.00,0,0,0,
1754585933800,0,0,0,39,0,0,0.00,0.74,0.78,40,739,-64.50,-65.00,-65.00,-64.50,-64.00,-64.00,12,5,-46.72,6.90,39.50,34.00,0,0,0.00,0.00,0.29,0.02,0.00,0.00,0,0,0,
1754585934800,0,0,0,39,0,0,0.00,2.18,0.82,81,749,-64.23,-65.00,-64.00,-64.00,-64.00,-64.00,13,5,-46.45,6.91,39.00,35.00,0,0,0.00,0.00,0.29,0.02,0.00,0.00,0,0,0,
1754585935800,0,0,0,39,0,0,0.00,2.18,0.82,90,764,-64.25,-65.00,-64.50,-64.00,-64.00,-64.00,12,5,-46.47,6.91,38.00,33.00,0,1,0.00,0.00,0.29,0.02,0.00,0.00,1,0,0,
1754585936800,0,0,0,39,0,0,0.00,2.18,0.82,90,764,-64.15,-65.00,-64.00,-64.00,-64.00,-64.00,13,5,-46.37,6.92,60.00,35.00,0,1,0.00,0.00,0.29,0.02,0.00,0.00,1,0,0,
1754585937800,0,0,0,39,0,0,0.00,0.74,0.82,40,749,-64.08,-65.00,-64.00,-64.00,-64.00,-64.00,12,5,-46.30,6.92,39.00,35.00,0,0,0.00,0.00,0.29,0.02,0.00,0.00,0,0,0,
1754585938800,0,0,0,39,0,0,0.00,0.74,0.78,80,749,-64.46,-65.00,-65.00,-64.00,-64.00,-64.00,13,5,-46.68,6.90,38.50,36.00,1,0,0.00,0.00,0.29,0.02,0.00,0.00,0,0,0,
1754585939800,0,0,0,39,0,0,0.00,2.18,0.82,81,759,-64.50,-65.00,-65.00,-64.50,-64.00,-64.00,12,5,-46.72,6.90,59.50,35.00,0,1,0.00,0.00,0.29,0.02,0.00,0.00,1,0,0,
1754585940800,0,0,0,39,0,0,0.00,2.18,0.82,90,774,-64.69,-65.00,-65.00,-65.00,-64.00,-64.00,13,5,-46.91,6.90,39.50,38.00,0,1,0.00,0.00,0.29,0.02,0.00,0.00,1,0,0,
1754585941800,0,0,0,39,0,0,0.00,2.18,0.82,90,774,-64.67,-65.00,-65.00,-65.00,-64.00,-64.00,12,5,-46.89,6.90,38.00,37.00,0,0,0.00,0.00,0.29,0.02,0.00,0.00,0,0,0,
1754585942800,0,0,0,39,0,0,0.00,0.74,0.82,56,759,-64.54,-65.00,-65.00,-65.00,-64.00,-64.00,13,5,-46.76,6.90,60.00,38.00,0,1,0.00,0.00,0.29,0.02,0.00,0.00,1,0,0,
1754585943800,0,0,0,39,0,0,0.00,0.74,0.78,25,759,-64.50,-65.00,-65.00,-64.50,-64.00,-64.00,12,5,-46.72,6.90,39.00,37.00,2,2,0.00,0.00,0.29,0.02,0.00,0.00,2,0,0,
1754585944800,0,0,0,39,0,0,0.00,2.18,0.82,34,769,-64.46,-65.00,-65.00,-64.00,-64.00,-64.00,13,5,-46.68,6.90,39.00,36.00,1,4,0.00,0.00,0.29,0.02,0.00,0.00,3,0,0,
1754585945800,0,0,0,39,0,0,0.00,2.18,0.82,36,784,-64.50,-65.00,-65.00,-64.50,-64.00,-64.00,12,5,-46.72,6.90,39.00,35.00,1,3,0.00,0.00,0.29,0.02,0.00,0.00,3,0,0,
1754585946800,1,51,0,39,0,0,0.00,0.00,0.04,5,754,-64.80,-65.00,-65.00,-65.00,-65.00,-64.00,10,5,-47.02,6.89,39.00,32.00,0,4,0.00,0.00,0.29,0.02,0.00,0.00,3,0,0,
1754585947800,1,51,0,39,0,0,0.00,0.30,0.98,150,1966,-64.50,-65.00,-65.00,-64.50,-64.00,-64.00,2,5,-46.72,6.90,39.00,31.00,0,3,0.14,0.00,0.29,0.02,0.00,0.00,3,0,0,
1754585948800,1,51,0,39,0,0,0.00,1.60,0.21,160,1312,-65.00,-65.00,-65.00,-65.00,-65.00,-65.00,1,5,-47.22,6.88,38.50,34.00,0,3,0.22,0.00,0.30,0.02,0.00,0.00,3,0,0,
1754585949800,1,51,0,39,0,0,0.00,1.92,1.36,234,2585,-65.00,-65.00,-65.00,-65.00,-65.00,-65.00,1,5,-47.22,6.88,35.50,33.00,0,2,0.35,0.01,0.30,0.02,0.00,0.00,2,0,0,
1754585950800,1,51,0,39,0,0,0.00,0.02,0.64,199,1312,,,,,,,0,21,,0.00,30.50,32.00,0,0,0.39,0.01,0.30,0.02,0.00,0.00,0,0,0,
1754585951800,1,51,0,39,0,0,0.00,0.27,0.62,207,1312,-65.00,-65.00,-65.00,-65.00,-65.00,-65.00,1,21,-40.99,33.30,30.50,34.00,0,0,0.43,0.01,0.30,0.02,0.00,0.00,0,0,0,
1754585952800,1,51,0,39,0,0,0.00,1.72,0.61,200,1312,,,,,,,0,21,,0.00,32.50,36.00,0,2,0.46,0.03,0.30,0.02,0.00,0.00,2,0,0,
1754585953800,1,51,0,39,1,1,0.00,16.73,1.34,655,1420,-65.00,-65.00,-65.00,-65.00,-65.00,-65.00,4,5,-47.22,6.88,39.00,33.00,0,0,0.21,0.02,0.30,0.02,0.00,0.00,0,0,0,
1754585954800,1,51,0,39,0,0,0.00,1.46,0.62,248,1312,-65.00,-65.00,-65.00,-65.00,-65.00,-65.00,1,21,-40.99,33.30,32.00,36.00,0,1,0.28,0.02,0.30,0.02,0.00,0.00,1,0,0,
1754585955800,1,51,0,39,1,1,0.00,1.55,2.42,183,1363,-64.88,-65.00,-65.00,-65.00,-65.00,-64.00,8,5,-47.09,6.89,38.00,35.00,0,0,0.16,0.02,0.30,0.02,0.00,0.00,0,0,0,
1754585956800,1,51,0,39,0,0,0.00,0.02,0.64,196,1951,-65.00,-65.00,-65.00,-65.00,-65.00,-65.00,1,21,-40.99,33.30,31.00,38.00,0,1,0.25,0.05,0.30,0.02,0.00,0.00,1,0,0,
1754585957800,1,51,0,39,1,1,0.00,10.34,1.84,553,1353,-64.75,-65.00,-65.00,-65.00,-64.50,-64.00,4,5,-46.97,6.89,38.00,34.00,0,0,0.17,0.04,0.30,0.02,0.00,0.00,0,0,0,
1754585958800,1,51,0,39,0,0,0.00,3.62,0.21,363,1966,-65.00,-65.00,-65.00,-65.00,-65.00,-65.00,1,5,-47.22,6.88,37.00,34.00,0,1,0.23,0.03,0.30,0.02,0.00,0.00,1,0,0,
1754585959800,1,51,0,39,1,1,0.00,4.47,1.82,233,1268,-65.00,-65.00,-65.00,-65.00,-65.00,-65.00,1,5,-47.22,6.88,39.00,33.00,0,2,0.30,0.04,0.31,0.02,0.00,0.00,2,0,0,
1754585960800,1,51,0,39,0,0,0.00,10.08,0.00,410,669,,,,,,,0,5,,0.00,36.50,34.00,0,2,0.19,0.04,0.31,0.02,0.00,0.00,2,0,0,
1754585961800,1,51,0,39,0,0,0.00,11.12,0.30,202,50,,,,,,,0,5,,0.00,36.50,33.00,0,1,0.07,0.02,0.31,0.02,0.00,0.00,1,0,0,
1754585962800,1,51,0,39,0,0,0.00,0.16,0.21,118,664,,,,,,,0,5,,0.00,38.00,33.00,0,0,0.09,0.01,0.31,0.02,0.00,0.00,0,0,0,
1754585963800,1,51,0,39,0,0,506.00,1.94,0.30,158,50,,,,,,,0,5,,0.00,38.00,34.00,0,0,0.03,0.00,0.31,0.02,0.00,0.00,0,0,0,
1754585964800,1,51,0,39,0,0,0.00,0.99,0.19,147,669,,,,,,,0,5,,0.00,38.00,32.00,0,0,0.07,0.00,0.31,0.02,0.00,0.00,0,0,0,
1754585965800,1,51,0,39,0,0,0.00,0.74,0.31,131,50,,,,,,,0,5,,0.00,35.00,33.00,0,0,0.03,0.00,0.31,0.02,0.00,0.00,0,0,0,
1754585966800,1,51,0,39,0,0,0.00,0.40,0.21,126,664,,,,,,,0,5,,0.00,39.00,32.00,0,0,0.08,0.00,0.31,0.02,0.00,0.00,0,0,0,
1754585967800,1,51,0,39,0,0,0.00,0.73,0.21,125,50,,,,,,,0,5,,0.00,38.00,28.00,0,0,0.03,0.00,0.31,0.02,0.00,0.00,0,0,0,
1754585968800,0,0,0,39,0,0,0.00,0.79,0.31,165,669,,,,,,,0,5,,0.00,40.00,33.00,0,0,0.08,0.00,0.31,0.02,0.00,0.00,0,0,0,
1754585969800,0,0,0,39,0,0,0.00,0.92,0.21,140,50,,,,,,,0,5,,0.00,40.00,30.00,0,0,0.03,0.00,0.31,0.02,0.00,0.00,0,0,0,
1754585970800,0,0,0,39,6,6,0.00,10.96,6.57,412,739,-64.00,-64.00,-64.00,-64.00,-64.00,-64.00,8,5,-46.22,6.92,39.50,33.00,0,2,0.02,0.00,0.31,0.02,0.00,0.00,2,0,0,
1754585971800,0,0,0,39,0,0,0.00,2.18,0.82,57,769,-64.00,-64.00,-64.00,-64.00,-64.00,-64.00,12,5,-46.22,6.92,39.00,32.00,0,2,0.01,0.00,0.31,0.02,0.00,0.00,2,0,0,
1754585972800,0,0,0,39,0,0,0.00,2.18,0.82,57,781,-64.00,-64.00,-64.00,-64.00,-64.00,-64.00,13,5,-46.22,6.92,39.00,30.00,0,2,0.00,0.00,0.31,0.02,0.00,0.00,2,0,0,
1754585973800,0,0,0,39,0,0,0.00,2.18,0.82,51,784,-64.00,-64.00,-64.00,-64.00,-64.00,-64.00,12,5,-46.22,6.92,40.00,30.00,0,2,0.00,0.00,0.31,0.02,0.00,0.00,2,0,0,
1754585974800,0,0,0,39,0,0,0.00,0.74,0.89,31,769,-64.00,-64.00,-64.00,-64.00,-64.00,-64.00,13,5,-46.22,6.92,38.00,30.00,0,1,0.00,0.00,0.31,0.02,0.00,0.00,1,0,0,
1754585975800,0,0,0,39,0,0,0.00,0.74,0.83,56,769,-64.00,-64.00,-64.00,-64.00,-64.00,-64.00,12,5,-46.22,6.92,39.00,32.00,1,1,0.00,0.00,0.31,0.02,0.00,0.00,1,0,0,
1754585976800,0,0,0,39,0,0,0.00,2.18,0.79,90,779,-64.00,-64.00,-64.00,-64.00,-64.00,-64.00,13,5,-46.22,6.92,39.00,30.00,0,0,0.00,0.00,0.31,0.02,0.00,0.00,0,0,0,
1754585977800,0,0,0,39,0,0,0.00,2.18,0.82,130,796,-64.00,-64.00,-64.00,-64.00,-64.00,-64.00,12,5,-46.22,6.92,39.00,30.00,0,0,0.00,0.00,0.31,0.02,0.00,0.00,0,0,0,
1754585978800,0,0,0,39,0,0,0.00,2.18,0.82,90,794,-64.00,-64.00,-64.00,-64.00,-64.00,-64.00,13,5,-46.22,6.92,39.00,27.00,0,0,0.00,0.00,0.31,0.02,0.00,0.00,0,0,0,
1754585979800,0,0,0,39,0,0,0.00,0.74,0.89,40,779,-64.00,-64.00,-64.00,-64.00,-64.00,-64.00,12,5,-46.22,6.92,39.00,27.00,0,0,0.00,0.00,0.31,0.02,0.00,0.00,0,0,0,
1754585980800,0,0,0,39,0,0,0.00,0.74,1.15,40,779,-64.00,-64.00,-64.00,-64.00,-64.00,-64.00,13,5,-46.22,6.92,39.00,29.00,2,0,0.00,0.00,0.31,0.02,0.00,0.00,0,0,0,
1754585981800,0,0,0,39,0,0,0.00,2.18,0.66,125,789,-64.17,-65.00,-64.00,-64.00,-64.00,-64.00,12,5,-46.39,6.92,40.00,31.00,1,0,0.00,0.00,0.31,0.02,0.00,0.00,0,0,0,
1754585982800,0,0,0,39,0,0,0.00,2.18,0.86,90,806,-64.00,-64.00,-64.00,-64.00,-64.00,-64.00,13,5,-46.22,6.92,39.00,32.00,1,0,0.00,0.00,0.31,0.02,0.00,0.00,0,0,0,
1754585983800,0,0,0,39,0,0,0.00,2.18,0.86,130,804,-64.08,-65.00,-64.00,-64.00,-64.00,-64.00,12,5,-46.30,6.92,39.50,32.00,1,0,0.00,0.00,0.31,0.02,0.00,0.00,0,0,0,
1754585984800,0,0,0,39,0,0,0.00,0.74,0.86,40,789,-64.15,-65.00,-64.00,-64.00,-64.00,-64.00,13,5,-46.37,6.92,38.50,34.00,0,0,0.00,0.00,0.31,0.02,0.00,0.00,0,0,0,
1754585985800,0,0,0,39,4,1,0.00,5.15,2.12,239,789,-64.42,-65.00,-65.00,-64.00,-64.00,-64.00,12,5,-46.64,6.91,39.00,37.00,0,0,0.00,0.00,0.31,0.02,0.00,0.00,0,0,0,
1754585986800,0,0,0,39,1,1,0.00,1.80,1.42,111,486,-64.23,-65.00,-64.00,-64.00,-64.00,-64.00,13,5,-46.45,6.91,39.00,33.00,0,1,0.00,0.00,0.31,0.02,0.00,0.00,1,0,0,
1754585987800,0,0,0,39,3,2,0.00,4.77,3.02,231,789,-64.33,-65.00,-65.00,-64.00,-64.00,-64.00,12,5,-46.55,6.91,39.50,33.00,1,1,0.00,0.00,0.31,0.02,0.00,0.00,1,0,0,
1754585988800,0,0,0,39,1,2,0.00,3.11,2.61,151,789,-64.46,-65.00,-65.00,-64.00,-64.00,-64.00,13,5,-46.68,6.90,38.50,32.00,0,1,0.00,0.00,0.30,0.02,0.00,0.00,1,0,0,
1754585989800,0,0,0,39,0,0,0.00,0.74,0.85,75,471,-64.50,-65.00,-65.00,-64.50,-64.00,-64.00,12,5,-46.72,6.90,38.50,35.00,1,0,0.00,0.00,0.30,0.02,0.00,0.00,0,0,0,
1754585990800,0,0,0,39,0,0,0.00,0.74,0.82,75,471,-64.54,-65.00,-65.00,-65.00,-64.00,-64.00,13,5,-46.76,6.90,39.00,36.00,1,0,0.00,0.00,0.30,0.02,0.00,0.00,0,0,0,
1754585991800,0,0,0,39,0,0,0.00,0.74,0.82,75,471,-64.83,-65.00,-65.00,-65.00,-65.00,-64.00,12,5,-47.05,6.89,39.50,37.00,1,0,0.00,0.00,0.30,0.02,0.00,0.00,0,0,0,
1754585992800,0,0,0,39,0,0,0.00,0.74,0.82,75,471,-65.00,-65.00,-65.00,-65.00,-65.00,-65.00,13,5,-47.22,6.88,38.50,36.00,1,0,0.00,0.00,0.30,0.02,0.00,0.00,0,0,0,
1754585993800,0,0,0,39,1,1,0.00,1.46,1.48,60,446,-64.92,-65.00,-65.00,-65.00,-65.00,-64.00,12,5,-47.14,6.89,39.00,36.00,2,0,0.00,0.00,0.30,0.02,0.00,0.00,0,0,0,
1754585994800,0,0,0,39,0,0,0.00,0.74,0.78,40,699,-64.69,-65.00,-65.00,-65.00,-64.00,-64.00,13,5,-46.91,6.90,39.00,37.00,2,0,0.00,0.00,0.30,0.02,0.00,0.00,0,0,0,
1754585995800,0,0,0,39,0,0,0.00,0.74,0.78,40,716,-65.00,-65.00,-65.00,-65.00,-65.00,-65.00,12,5,-47.22,6.88,37.00,37.00,0,0,0.00,0.00,0.30,0.02,0.00,0.00,0,0,0,
1754585996800,0,0,0,39,0,0,0.00,0.74,0.74,35,396,-64.92,-65.00,-65.00,-65.00,-65.00,-64.00,13,5,-47.14,6.89,38.00,37.00,2,0,0.00,0.00,0.30,0.02,0.00,0.00,0,0,0,
1754585997800,0,0,0,39,0,0,0.00,0.74,0.78,40,714,-64.75,-65.00,-65.00,-65.00,-64.50,-64.00,12,5,-46.97,6.89,38.50,35.00,2,0,0.00,0.00,0.30,0.02,0.00,0.00,0,0,0,
1754585998800,0,0,0,39,0,0,0.00,0.74,0.82,80,704,-64.38,-65.00,-65.00,-64.00,-64.00,-64.00,13,5,-46.60,6.91,38.50,35.00,1,0,0.00,0.00,0.30,0.02,0.00,0.00,0,0,0,
1754585999800,0,0,0,39,0,0,129.00,0.74,0.78,40,709,-64.50,-65.00,-65.00,-64.50,-64.00,-64.00,12,5,-46.72,6.90,40.00,32.00,1,0,0.00,0.00,0.30,0.02,0.00,0.00,0,0,0,
1754586000800,0,0,0,39,0,0,0.00,0.00,0.00,5,75,-64.00,-64.00,-64.00,-64.00,-64.00,-64.00,13,5,-46.22,6.92,39.00,35.00,0,0,0.00,0.00,0.30,0.02,0.00,0.00,0,0,0,
1754586001800,0,0,0,39,0,0,0.00,2.18,0.82,90,751,-64.33,-65.00,-65.00,-64.00,-64.00,-64.00,12,5,-46.55,6.91,39.00,34.00,1,1,0.00,0.00,0.30,0.02,0.00,0.00,1,0,0,
1754586002800,0,0,0,39,1,1,239.00,1.49,1.50,110,1065,-64.00,-64.00,-64.00,-64.00,-64.00,-64.00,13,5,-46.22,6.92,38.00,33.00,0,0,0.07,0.00,0.30,0.02,0.00,0.00,0,0,0,
1754586003800,0,0,0,39,0,0,500.00,16.58,0.74,750,456,-64.00,-64.00,-64.00,-64.00,-64.00,-64.00,12,94,-33.48,179.71,17.50,33.00,1,0,0.02,0.00,0.30,0.02,0.00,0.00,0,0,0,
1754586004800,0,0,0,39,0,0,0.00,0.00,0.06,5,95,-64.00,-64.00,-64.00,-64.00,-64.00,-64.00,13,5,-46.22,6.92,38.50,33.00,2,0,0.01,0.00,0.30,0.02,0.00,0.00,0,0,0,
1754586005800,0,0,0,39,0,0,0.00,2.18,0.82,90,416,-64.00,-64.00,-64.00,-64.00,-64.00,-64.00,12,5,-46.22,6.92,38.50,31.00,1,1,0.00,0.00,0.30,0.02,0.00,0.00,1,0,0,
1754586006800,0,0,0,39,0,0,0.00,2.18,0.82,81,729,-64.00,-64.00,-64.00,-64.00,-64.00,-64.00,13,5,-46.22,6.92,39.00,32.00,1,0,0.00,0.00,0.30,0.02,0.00,0.00,0,0,0,
1754586007800,0,0,0,39,0,0,0.00,2.18,0.82,90,744,-64.00,-64.00,-64.00,-64.00,-64.00,-64.00,12,5,-46.22,6.92,40.00,34.00,1,1,0.00,0.00,0.30,0.02,0.00,0.00,1,0,0,
1754586008800,0,0,0,39,0,0,0.00,2.18,0.82,90,744,-64.00,-64.00,-64.00,-64.00,-64.00,-64.00,13,5,-46.22,6.92,40.00,34.00,1,1,0.00,0.00,0.30,0.02,0.00,0.00,1,0,0,
1754586009800,0,0,0,39,0,0,0.00,0.74,0.78,40,729,-64.00,-64.00,-64.00,-64.00,-64.00,-64.00,12,5,-46.22,6.92,38.50,34.00,0,0,0.00,0.00,0.30,0.02,0.00,0.00,0,0,0,
1754586010800,0,0,0,39,0,0,0.00,0.74,0.82,40,729,-64.23,-65.00,-64.00,-64.00,-64.00,-64.00,13,5,-46.45,6.91,38.00,35.00,1,0,0.00,0.00,0.30,0.02,0.00,0.00,0,0,0,
1754586011800,0,0,0,39,0,0,0.00,2.18,0.82,130,739,-64.42,-65.00,-65.00,-64.00,-64.00,-64.00,12,5,-46.64,6.91,38.50,35.00,1,1,0.00,0.00,0.30,0.02,0.00,0.00,1,0,0,
1754586012800,0,0,0,39,0,0,0.00,2.18,0.82,81,751,-64.15,-65.00,-64.00,-64.00,-64.00,-64.00,13,5,-46.37,6.92,38.50,34.00,1,0,0.00,0.00,0.30,0.02,0.00,0.00,0,0,0,
1754586013800,0,0,0,39,7,1,0.00,8.86,2.12,308,754,-64.00,-64.00,-64.00,-64.00,-64.00,-64.00,12,5,-46.22,6.92,39.50,34.00,1,1,0.00,0.00,0.30,0.02,0.00,0.00,1,0,0,
1754586014800,0,0,0,39,0,0,0.00,0.74,0.78,40,739,-64.00,-64.00,-64.00,-64.00,-64.00,-64.00,13,5,-46.22,6.92,38.00,33.00,0,0,0.00,0.00,0.30,0.02,0.00,0.00,0,0,0,
1754586015800,0,0,0,39,0,0,0.00,0.74,0.82,40,739,-64.08,-65.00,-64.00,-64.00,-64.00,-64.00,12,5,-46.30,6.92,38.50,32.00,1,0,0.00,0.00,0.30,0.02,0.00,0.00,0,0,0,
1754586016800,0,0,0,39,0,0,0.00,2.18,0.82,90,749,-64.00,-64.00,-64.00,-64.00,-64.00,-64.00,13,5,-46.22,6.92,39.00,33.00,1,1,0.00,0.00,0.30,0.02,0.00,0.00,1,0,0,
1754586017800,0,0,0,39,0,0,0.00,2.18,0.82,90,766,-64.00,-64.00,-64.00,-64.00,-64.00,-64.00,12,5,-46.22,6.92,38.50,32.00,1,0,0.00,0.00,0.30,0.02,0.00,0.00,0,0,0,
1754586018800,0,0,0,39,0,0,0.00,2.18,0.82,63,764,-64.00,-64.00,-64.00,-64.00,-64.00,-64.00,13,5,-46.22,6.92,39.00,30.00,1,1,0.00,0.00,0.30,0.02,0.00,0.00,1,0,0,
1754586019800,0,0,0,39,0,0,0.00,0.74,0.89,25,749,-64.00,-64.00,-64.00,-64.00,-64.00,-64.00,12,5,-46.22,6.92,39.00,31.00,0,2,0.00,0.00,0.30,0.02,0.00,0.00,2,0,0,
1754586020800,0,0,0,39,0,0,0.00,0.74,0.72,33,749,-64.00,-64.00,-64.00,-64.00,-64.00,-64.00,13,5,-46.22,6.92,39.50,30.00,0,3,0.00,0.00,0.30,0.02,0.00,0.00,3,0,0,
1754586021800,0,0,0,39,0,0,0.00,0.74,0.82,28,749,-64.00,-64.00,-64.00,-64.00,-64.00,-64.00,12,5,-46.22,6.92,38.00,32.00,1,4,0.00,0.00,0.30,0.02,0.00,0.00,3,0,0,
1754586022800,0,0,0,39,0,0,0.00,2.18,0.82,30,771,-64.00,-64.00,-64.00,-64.00,-64.00,-64.00,13,5,-46.22,6.92,39.50,32.00,1,6,0.00,0.00,0.30,0.02,0.00,0.00,4,0,0,
1754586023800,0,0,0,39,0,0,0.00,2.18,0.82,36,774,-64.00,-64.00,-64.00,-64.00,-64.00,-64.00,12,5,-46.22,6.92,39.00,27.00,1,6,0.00,0.00,0.30,0.02,0.00,0.00,4,0,0,
1754586024800,0,0,0,39,0,0,0.00,2.18,0.89,30,764,-64.00,-64.00,-64.00,-64.00,-64.00,-64.00,13,5,-46.22,6.92,39.50,30.00,0,6,0.00,0.00,0.30,0.02,0.00,0.00,4,0,0,
1754586025800,0,0,0,39,0,0,0.00,0.74,0.72,20,759,-64.00,-64.00,-64.00,-64.00,-64.00,-64.00,12,5,-46.22,6.92,39.00,30.00,0,5,0.00,0.00,0.30,0.02,0.00,0.00,4,0,0,
1754586026800,0,0,0,39,0,0,0.00,0.74,0.82,20,759,-64.00,-64.00,-64.00,-64.00,-64.00,-64.00,13,5,-46.22,6.92,39.50,32.00,1,5,0.00,0.00,0.30,0.02,0.00,0.00,4,0,0,
1754586027800,0,0,0,39,0,0,0.00,2.18,0.82,36,781,-64.00,-64.00,-64.00,-64.00,-64.00,-64.00,12,5,-46.22,6.92,39.00,32.00,1,3,0.00,0.00,0.30,0.02,0.00,0.00,3,0,0,
1754586028800,0,0,0,39,0,0,0.00,2.18,0.82,36,784,-64.00,-64.00,-64.00,-64.00,-64.00,-64.00,13,5,-46.22,6.92,39.50,30.00,1,3,0.00,0.00,0.30,0.02,0.00,0.00,3,0,0,
1754586029800,0,0,0,39,0,0,0.00,2.18,0.82,36,784,-64.00,-64.00,-64.00,-64.00,-64.00,-64.00,12,5,-46.22,6.92,38.50,27.00,1,3,0.00,0.00,0.30,0.02,0.00,0.00,3,0,0,
1754586030800,0,0,0,39,0,0,0.00,0.74,0.78,22,769,-64.00,-64.00,-64.00,-64.00,-64.00,-64.00,13,5,-46.22,6.92,39.00,33.00,0,3,0.00,0.00,0.30,0.02,0.00,0.00,3,0,0,
1754586031800,0,0,0,39,0,0,0.00,0.74,0.90,31,769,-64.25,-65.00,-64.50,-64.00,-64.00,-64.00,12,5,-46.47,6.91,38.50,33.00,2,1,0.00,0.00,0.30,0.02,0.00,0.00,1,0,0,
1754586032800,0,0,0,39,0,0,0.00,2.18,0.79,81,779,-64.00,-64.00,-64.00,-64.00,-64.00,-64.00,13,5,-46.22,6.92,39.00,32.00,1,1,0.00,0.00,0.30,0.02,0.00,0.00,1,0,0,
1754586033800,0,0,0,39,0,0,0.00,2.18,0.82,90,794,-64.00,-64.00,-64.00,-64.00,-64.00,-64.00,12,5,-46.22,6.92,40.00,30.00,1,0,0.00,0.00,0.30,0.02,0.00,0.00,0,0,0,
1754586034800,0,0,0,39,0,0,0.00,2.18,0.89,90,784,-64.00,-64.00,-64.00,-64.00,-64.00,-64.00,13,5,-46.22,6.92,39.50,30.00,0,0,0.00,0.00,0.30,0.02,0.00,0.00,0,0,0,
1754586035800,0,0,0,39,0,0,0.00,0.74,0.82,40,774,-64.00,-64.00,-64.00,-64.00,-64.00,-64.00,12,5,-46.22,6.92,38.50,27.00,0,0,0.00,0.00,0.30,0.02,0.00,0.00,0,0,0,
1754586036800,0,0,0,39,0,0,0.00,0.74,1.12,40,779,-64.00,-64.00,-64.00,-64.00,-64.00,-64.00,13,5,-46.22,6.92,39.00,27.00,3,0,0.00,0.00,0.30,0.02,0.00,0.00,0,0,0,
1754586037800,0,0,0,39,0,0,0.00,2.18,0.74,125,801,-64.00,-64.00,-64.00,-64.00,-64.00,-64.00,12,5,-46.22,6.92,38.00,30.00,2,0,0.00,0.00,0.30,0.02,0.00,0.00,0,0,0,
1754586038800,0,0,0,39,0,0,0.00,2.18,0.86,90,804,-64.00,-64.00,-64.00,-64.00,-64.00,-64.00,13,5,-46.22,6.92,38.50,30.00,2,0,0.00,0.00,0.30,0.02,0.00,0.00,0,0,0,
1754586039800,0,0,0,39,0,0,0.00,2.18,0.75,90,789,-64.00,-64.00,-64.00,-64.00,-64.00,-64.00,12,5,-46.22,6.92,40.00,29.00,0,0,0.00,0.00,0.30,0.02,0.00,0.00,0,0,0,
1754586040800,0,0,0,39,0,0,0.00,0.74,0.85,75,471,-64.00,-64.00,-64.00,-64.00,-64.00,-64.00,13,5,-46.22,6.92,38.50,33.00,1,0,0.00,0.00,0.30,0.02,0.00,0.00,0,0,0,
1754586041800,0,0,0,39,0,0,0.00,0.74,0.82,75,471,-64.00,-64.00,-64.00,-64.00,-64.00,-64.00,12,5,-46.22,6.92,39.00,33.00,1,0,0.00,0.00,0.30,0.02,0.00,0.00,0,0,0,
1754586042800,0,0,0,39,4,1,0.00,6.55,2.06,215,801,-64.00,-64.00,-64.00,-64.00,-64.00,-64.00,13,5,-46.22,6.92,39.50,32.00,0,1,0.00,0.00,0.30,0.02,0.00,0.00,1,0,0,
1754586043800,0,0,0,39,0,3,0.00,2.18,3.19,90,789,-64.00,-64.00,-64.00,-64.00,-64.00,-64.00,12,5,-46.22,6.92,40.00,29.00,0,0,0.00,0.00,0.30,0.02,0.00,0.00,0,0,0,
1754586044800,0,0,0,39,0,0,0.00,0.74,0.85,75,456,-64.00,-64.00,-64.00,-64.00,-64.00,-64.00,13,5,-46.22,6.92,39.50,30.00,2,0,0.00,0.00,0.30,0.02,0.00,0.00,0,0,0,
1754586045800,0,0,0,39,0,0,0.00,0.74,0.82,75,471,-64.00,-64.00,-64.00,-64.00,-64.00,-64.00,12,5,-46.22,6.92,39.50,33.00,2,0,0.00,0.00,0.30,0.02,0.00,0.00,0,0,0,
1754586046800,0,0,0,39,1,1,0.00,1.50,1.48,129,461,-64.00,-64.00,-64.00,-64.00,-64.00,-64.00,13,5,-46.22,6.92,39.50,33.00,2,0,0.00,0.00,0.30,0.02,0.00,0.00,0,0,0,
1754586047800,0,0,0,39,0,0,0.00,0.74,0.78,40,699,-64.00,-64.00,-64.00,-64.00,-64.00,-64.00,12,5,-46.22,6.92,38.00,32.00,0,0,0.00,0.00,0.30,0.02,0.00,0.00,0,0,0,
1754586048800,0,0,0,39,0,0,0.00,0.74,0.78,40,711,-64.00,-64.00,-64.00,-64.00,-64.00,-64.00,13,5,-46.22,6.92,39.00,31.00,0,0,0.00,0.00,0.30,0.02,0.00,0.00,0,0,0,
1754586049800,0,0,0,39,0,0,0.00,0.74,0.74,75,391,-64.00,-64.00,-64.00,-64.00,-64.00,-64.00,12,5,-46.22,6.92,38.50,32.00,1,0,0.00,0.00,0.30,0.02,0.00,0.00,0,0,0,
1754586050800,0,0,0,39,0,0,38.00,0.74,0.78,40,714,-64.00,-64.00,-64.00,-64.00,-64.00,-64.00,13,5,-46.22,6.92,38.00,33.00,1,0,0.00,0.00,0.30,0.02,0.00,0.00,0,0,0,
1754586051800,0,0,0,39,0,0,115.00,0.74,0.78,40,709,-64.00,-64.00,-64.00,-64.00,-64.00,-64.00,12,5,-46.22,6.92,37.50,32.00,1,0,0.00,0.00,0.30,0.02,0.00,0.00,0,0,0,
1754586052800,0,0,0,39,0,0,0.00,0.00,0.00,5,70,-64.00,-64.00,-64.00,-64.00,-64.00,-64.00,13,5,-46.22,6.92,37.50,30.00,1,0,0.00,0.00,0.30,0.02,0.00,0.00,0,0,0,
1754586053800,0,0,0,39,0,0,0.00,2.18,0.78,90,734,-64.00,-64.00,-64.00,-64.00,-64.00,-64.00,12,5,-46.22,6.92,39.00,31.00,1,1,0.00,0.00,0.30,0.02,0.00,0.00,1,0,0,
1754586054800,0,0,0,39,0,0,0.00,0.74,0.78,75,438,-64.15,-65.00,-64.00,-64.00,-64.00,-64.00,13,5,-46.37,6.92,39.00,34.00,1,0,0.00,0.00,0.30,0.02,0.00,0.00,0,0,0,
1754586055800,0,0,0,39,0,0,0.00,0.74,0.78,75,426,-64.08,-65.00,-64.00,-64.00,-64.00,-64.00,12,5,-46.30,6.92,39.00,32.00,1,0,0.00,0.00,0.30,0.02,0.00,0.00,0,0,0,
1754586056800,0,0,0,39,0,0,0.00,0.74,0.83,75,406,-64.00,-64.00,-64.00,-64.00,-64.00,-64.00,13,5,-46.22,6.92,39.50,32.00,0,0,0.00,0.00,0.30,0.02,0.00,0.00,0,0,0,
1754586057800,0,0,0,39,0,0,0.00,0.74,0.78,40,719,-64.00,-64.00,-64.00,-64.00,-64.00,-64.00,12,5,-46.22,6.92,40.00,29.00,1,0,0.00,0.00,0.30,0.02,0.00,0.00,0,0,0,
1754586058800,0,0,0,39,0,0,0.00,2.18,0.82,90,729,-64.00,-64.00,-64.00,-64.00,-64.00,-64.00,13,5,-46.22,6.92,40.50,30.00,1,1,0.00,0.00,0.29,0.02,0.00,0.00,1,0,0,
1754586059800,0,0,0,39,0,0,0.00,2.18,0.82,90,741,-64.00,-64.00,-64.00,-64.00,-64.00,-64.00,12,5,-46.22,6.92,39.50,32.00,1,1,0.00,0.00,0.29,0.02,0.00,0.00,1,0,0,
1754586060800,0,0,0,39,0,0,0.00,2.18,0.82,90,744,-64.00,-64.00,-64.00,-64.00,-64.00,-64.00,13,5,-46.22,6.92,40.00,33.00,1,1,0.00,0.00,0.29,0.02,0.00,0.00,1,0,0,
1754586061800,0,0,0,39,0,0,0.00,2.18,0.89,130,734,-64.25,-65.00,-64.50,-64.00,-64.00,-64.00,12,5,-46.47,6.91,39.50,31.00,0,1,0.00,0.00,0.29,0.02,0.00,0.00,1,0,0,
1754586062800,0,0,0,39,0,0,0.00,0.74,0.72,40,729,-63.92,-65.00,-64.00,-64.00,-64.00,-63.00,13,5,-46.14,6.93,39.50,35.00,0,0,0.00,0.00,0.29,0.02,0.00,0.00,0,0,0,
1754586063800,0,0,0,39,0,0,0.00,0.74,0.82,40,729,-64.08,-65.00,-64.00,-64.00,-64.00,-64.00,12,5,-46.30,6.92,39.50,33.00,1,0,0.00,0.00,0.29,0.02,0.00,0.00,0,0,0,
1754586064800,0,0,0,39,0,0,0.00,2.18,0.82,81,739,-64.00,-64.00,-64.00,-64.00,-64.00,-64.00,13,5,-46.22,6.92,38.50,32.00,1,1,0.00,0.00,0.29,0.02,0.00,0.00,1,0,0,
1754586065800,0,0,0,39,0,0,0.00,2.18,0.82,90,754,-64.00,-64.00,-64.00,-64.00,-64.00,-64.00,12,5,-46.22,6.92,38.00,29.00,1,1,0.00,0.00,0.29,0.02,0.00,0.00,1,0,0,
1754586066800,0,0,0,39,0,0,0.00,2.18,0.82,90,754,-64.23,-65.00,-64.00,-64.00,-64.00,-64.00,13,5,-46.45,6.91,37.50,30.00,1,1,0.00,0.00,0.29,0.02,0.00,0.00,1,0,0,
1754586067800,0,0,0,39,0,0,0.00,0.74,0.78,40,739,-64.42,-65.00,-65.00,-64.00,-64.00,-64.00,12,5,-46.64,6.91,38.50,33.00,0,0,0.00,0.00,0.29,0.02,0.00,0.00,0,0,0,
1754586068800,0,0,0,39,0,0,0.00,0.74,0.82,40,739,-64.31,-65.00,-65.00,-64.00,-64.00,-64.00,13,5,-46.53,6.91,38.00,31.00,1,0,0.00,0.00,0.29,0.02,0.00,0.00,0,0,0,
1754586069800,0,0,0,39,0,0,0.00,2.18,0.82,63,749,-64.67,-65.00,-65.00,-65.00,-64.00,-64.00,12,5,-46.89,6.90,37.50,32.00,1,1,0.00,0.00,0.29,0.02,0.00,0.00,1,0,0,
1754586070800,0,0,0,39,0,0,0.00,2.18,0.82,42,761,-64.38,-65.00,-65.00,-64.00,-64.00,-64.00,13,5,-46.60,6.91,38.00,36.00,1,3,0.00,0.00,0.29,0.02,0.00,0.00,3,0,0,
1754586071800,1,50,0,39,0,0,0.00,2.18,0.82,45,764,-64.50,-65.00,-65.00,-64.50,-64.00,-64.00,12,5,-46.72,6.90,37.00,36.00,1,2,0.00,0.00,0.29,0.02,0.00,0.00,2,0,0,
1754586072800,1,50,0,39,0,0,0.00,0.00,0.22,71,1340,-64.00,-64.00,-64.00,-64.00,-64.00,-64.00,1,21,-39.99,33.61,32.00,31.00,0,2,0.05,0.00,0.29,0.02,0.00,0.00,2,0,0,
1754586073800,1,50,0,39,1,1,0.00,0.05,1.71,143,1280,-64.00,-64.00,-64.00,-64.00,-64.00,-64.00,1,94,-33.48,179.71,5.00,36.00,0,0,0.15,0.00,0.29,0.02,0.00,0.00,0,0,0,
1754586074800,1,50,0,39,0,0,0.00,10.17,0.40,498,50,,,,,,,0,5,,0.00,38.00,34.00,0,1,0.09,0.01,0.29,0.02,0.00,0.00,1,0,0,
1754586075800,1,50,0,39,0,0,0.00,0.00,0.73,5,50,,,,,,,0,5,,0.00,38.50,34.00,0,0,0.03,0.01,0.29,0.02,0.00,0.00,0,0,0,
1754586076800,1,50,0,39,0,0,0.00,2.16,0.61,310,1327,-64.00,-64.00,-64.00,-64.00,-64.00,-64.00,1,5,-46.22,6.92,38.50,37.00,0,1,0.09,0.01,0.30,0.02,0.00,0.00,1,0,0,
1754586077800,1,50,0,39,0,0,0.00,0.00,0.00,170,40,,,,,,,0,5,,0.00,36.50,35.00,0,0,0.07,0.00,0.30,0.02,0.00,0.00,0,0,0,
1754586078800,1,50,0,39,2,2,0.00,11.06,2.79,494,741,-64.14,-65.00,-64.00,-64.00,-64.00,-64.00,7,5,-46.36,6.92,36.00,35.00,0,0,0.06,0.00,0.30,0.02,0.00,0.00,0,0,0,
1754586079800,1,50,0,39,0,0,0.00,8.64,0.00,494,1360,-64.67,-65.00,-65.00,-65.00,-64.00,-64.00,6,5,-46.89,6.90,36.50,35.00,0,0,0.09,0.00,0.30,0.02,0.00,0.00,0,0,0,
1754586080800,1,50,0,39,0,0,0.00,12.16,0.00,532,40,,,,,,,0,5,,0.00,38.50,36.00,0,0,0.07,0.01,0.30,0.02,0.00,0.00,0,0,0,
1754586081800,1,50,0,39,0,0,0.00,14.46,0.09,658,50,,,,,,,0,5,,0.00,39.00,34.00,0,0,0.02,0.00,0.30,0.02,0.00,0.00,0,0,0,
1754586082800,1,50,0,39,0,0,0.00,0.17,0.73,40,50,,,,,,,0,5,,0.00,39.00,37.00,0,0,0.01,0.00,0.30,0.02,0.00,0.00,0,0,0,
1754586083800,1,50,0,39,0,0,0.00,2.26,0.58,295,681,-65.00,-65.00,-65.00,-65.00,-65.00,-65.00,1,5,-47.22,6.88,38.50,32.00,0,1,0.08,0.02,0.30,0.02,0.00,0.00,1,0,0,
1754586084800,1,50,0,39,0,0,0.00,0.00,0.00,166,50,,,,,,,0,5,,0.00,37.00,35.00,0,0,0.03,0.01,0.30,0.02,0.00,0.00,0,0,0,
1754586085800,1,50,0,39,0,0,0.00,0.89,0.62,134,50,,,,,,,0,5,,0.00,38.50,37.00,0,0,0.01,0.00,0.30,0.02,0.00,0.00,0,0,0,
1754586086800,1,50,0,39,0,0,0.00,7.49,0.70,384,50,,,,,,,0,5,,0.00,37.50,36.00,0,0,0.00,0.00,0.30,0.02,0.00,0.00,0,0,0,
1754586087800,1,50,0,39,0,0,0.00,0.86,0.62,217,681,-65.00,-65.00,-65.00,-65.00,-65.00,-65.00,1,5,-47.22,6.88,39.00,36.00,0,1,0.00,0.00,0.30,0.02,0.00,0.00,1,0,0,
1754586088800,1,50,0,39,0,0,0.00,0.00,0.00,231,50,,,,,,,0,5,,0.00,36.50,36.00,0,0,0.03,0.01,0.30,0.02,0.00,0.00,0,0,0,
1754586089800,1,50,0,39,0,0,138.00,1.86,0.48,164,50,,,,,,,0,5,,0.00,37.50,36.00,0,0,0.01,0.01,0.30,0.02,0.00,0.00,0,0,0,
1754586090800,1,50,0,39,0,0,0.00,2.84,0.71,219,50,,,,,,,0,5,,0.00,38.50,39.00,0,0,0.00,0.00,0.30,0.02,0.00,0.00,0,0,0,
1754586091800,1,50,0,39,0,0,0.00,3.39,0.66,336,686,-65.00,-65.00,-65.00,-65.00,-65.00,-65.00,1,5,-47.22,6.88,38.50,38.00,0,1,0.00,0.00,0.30,0.02,0.00,0.00,1,0,0,
1754586092800,1,50,0,39,0,0,0.00,0.00,0.00,235,45,,,,,,,0,5,,0.00,39.00,37.00,0,0,0.03,0.01,0.30,0.02,0.00,0.00,0,0,0,
1754586093800,1,50,0,39,0,0,0.00,0.98,0.42,118,50,,,,,,,0,5,,0.00,37.00,38.00,0,0,0.01,0.01,0.30,0.02,0.00,0.00,0,0,0,
1754586094800,1,50,0,39,0,0,0.00,3.62,0.70,244,50,,,,,,,0,5,,0.00,38.00,36.00,0,0,0.00,0.00,0.30,0.02,0.00,0.00,0,0,0,
1754586095800,1,50,0,39,4,4,0.00,5.59,5.82,463,684,-65.00,-65.00,-65.00,-65.00,-65.00,-65.00,1,5,-47.22,6.88,37.00,36.00,0,0,0.00,0.00,0.30,0.02,0.00,0.00,0,0,0,
1754586096800,1,50,0,39,0,0,0.00,13.03,0.00,647,125,-64.50,-65.00,-65.00,-64.50,-64.00,-64.00,8,5,-46.72,6.90,36.50,30.00,1,7,0.02,0.01,0.30,0.02,0.00,0.00,5,0,0,
1754586097800,0,0,0,39,1,1,0.00,14.54,7.64,279,784,-64.42,-65.00,-65.00,-64.00,-64.00,-64.00,12,5,-46.64,6.91,39.00,31.00,2,14,0.01,0.00,0.30,0.02,0.00,0.00,8,0,0,
1754586098800,0,0,0,39,0,0,0.00,2.18,0.82,30,761,-64.23,-65.00,-64.00,-64.00,-64.00,-64.00,13,5,-46.45,6.91,39.50,32.00,1,15,0.00,0.00,0.30,0.02,0.00,0.00,9,0,0,
1754586099800,0,0,0,39,8,4,0.00,9.94,4.54,59,764,-64.17,-65.00,-64.00,-64.00,-64.00,-64.00,12,5,-46.39,6.92,38.50,33.00,1,14,0.00,0.00,0.30,0.02,0.00,0.00,8,0,0,
1754586100800,0,0,0,39,0,0,0.00,0.74,0.82,20,749,-64.08,-65.00,-64.00,-64.00,-64.00,-64.00,13,5,-46.30,6.92,39.00,34.00,1,12,0.00,0.00,0.30,0.02,0.00,0.00,7,0,0,
1754586101800,0,0,0,39,0,0,127.00,0.74,0.78,20,749,-64.33,-65.00,-65.00,-64.00,-64.00,-64.00,12,5,-46.55,6.91,38.50,35.00,1,10,0.00,0.00,0.30,0.02,0.00,0.00,6,0,0,
1754586102800,0,0,0,39,0,0,250.00,1.46,0.80,27,749,-64.31,-65.00,-65.00,-64.00,-64.00,-64.00,13,5,-46.53,6.91,38.50,33.00,0,8,0.00,0.00,0.30,0.02,0.00,0.00,5,0,0,
1754586103800,0,0,0,39,0,0,31.00,2.18,0.82,30,774,-64.33,-65.00,-65.00,-64.00,-64.00,-64.00,12,5,-46.55,6.91,39.00,35.00,0,7,0.00,0.00,0.30,0.02,0.00,0.00,5,0,0,
1754586104800,0,0,0,39,0,0,512.00,1.46,0.82,25,774,-64.54,-65.00,-65.00,-65.00,-64.00,-64.00,13,5,-46.76,6.90,38.50,35.00,0,7,0.00,0.00,0.30,0.02,0.00,0.00,5,0,0,
1754586105800,0,0,0,39,0,0,149.00,2.18,0.82,33,759,-64.42,-65.00,-65.00,-64.00,-64.00,-64.00,12,106,-33.37,204.61,18.50,33.00,0,7,0.00,0.00,0.30,0.02,0.00,0.00,5,0,0,
1754586106800,0,0,0,39,0,0,0.00,0.00,0.02,5,135,-64.15,-65.00,-64.00,-64.00,-64.00,-64.00,13,5,-46.37,6.92,38.00,34.00,0,6,0.00,0.00,0.30,0.02,0.00,0.00,4,0,0,
1754586107800,0,0,0,39,0,0,0.00,0.74,0.82,20,744,-64.00,-64.00,-64.00,-64.00,-64.00,-64.00,12,5,-46.22,6.92,38.50,34.00,0,4,0.00,0.00,0.30,0.02,0.00,0.00,3,0,0,
1754586108800,0,0,0,39,0,0,0.00,2.18,0.82,34,769,-64.00,-64.00,-64.00,-64.00,-64.00,-64.00,13,5,-46.22,6.92,39.50,32.00,0,3,0.00,0.00,0.30,0.02,0.00,0.00,3,0,0,
1754586109800,0,0,0,39,0,0,0.00,2.18,0.82,45,784,-64.00,-64.00,-64.00,-64.00,-64.00,-64.00,12,5,-46.22,6.92,39.00,32.00,0,3,0.00,0.00,0.30,0.02,0.00,0.00,3,0,0,
1754586110800,0,0,0,39,0,0,0.00,2.18,0.82,45,784,-64.08,-65.00,-64.00,-64.00,-64.00,-64.00,13,5,-46.30,6.92,40.50,32.00,0,3,0.00,0.00,0.30,0.02,0.00,0.00,3,0,0,
1754586111800,0,0,0,39,0,0,0.00,0.74,0.78,25,769,-64.00,-64.00,-64.00,-64.00,-64.00,-64.00,12,5,-46.22,6.92,39.00,32.00,0,1,0.00,0.00,0.30,0.02,0.00,0.00,1,0,0,
1754586112800,0,0,0,39,0,0,0.00,0.74,0.90,40,769,-64.00,-64.00,-64.00,-64.00,-64.00,-64.00,13,5,-46.22,6.92,39.00,29.00,0,0,0.00,0.00,0.30,0.02,0.00,0.00,0,0,0,
1754586113800,0,0,0,39,0,0,0.00,2.18,0.79,81,779,-64.00,-64.00,-64.00,-64.00,-64.00,-64.00,12,5,-46.22,6.92,40.00,33.00,0,0,0.00,0.00,0.30,0.02,0.00,0.00,0,0,0,
1754586114800,0,0,0,39,0,0,0.00,2.18,0.82,130,794,-63.92,-64.00,-64.00,-64.00,-64.00,-63.00,13,5,-46.14,6.93,39.50,34.00,0,1,0.00,0.00,0.30,0.02,0.00,0.00,1,0,0,
1754586115800,0,0,0,39,0,0,0.00,2.18,0.87,90,794,-64.00,-64.00,-64.00,-64.00,-64.00,-64.00,12,5,-46.22,6.92,39.00,33.00,0,1,0.00,0.00,0.30,0.02,0.00,0.00,1,0,0,
1754586116800,0,0,0,39,0,0,0.00,0.74,0.84,40,769,-63.77,-64.00,-64.00,-64.00,-64.00,-63.00,13,5,-45.99,6.93,40.00,33.00,0,0,0.00,0.00,0.30,0.02,0.00,0.00,0,0,0,
1754586117800,0,0,0,39,0,0,0.00,0.74,1.19,40,779,-63.83,-64.00,-64.00,-64.00,-64.00,-63.00,12,5,-46.05,6.93,38.50,32.00,0,0,0.00,0.00,0.30,0.02,0.00,0.00,0,0,0,
1754586118800,0,0,0,39,0,0,0.00,2.18,0.66,125,801,-64.00,-64.00,-64.00,-64.00,-64.00,-64.00,13,5,-46.22,6.92,39.50,30.00,0,1,0.00,0.00,0.29,0.02,0.00,0.00,1,0,0,
1754586119800,0,0,0,39,0,0,0.00,2.18,0.86,90,804,-64.00,-64.00,-64.00,-64.00,-64.00,-64.00,12,5,-46.22,6.92,39.50,28.00,0,1,0.00,0.00,0.29,0.02,0.00,0.00,1,0,0,
1754586120800,0,0,0,39,0,0,0.00,2.18,0.75,90,799,-64.00,-64.00,-64.00,-64.00,-64.00,-64.00,13,5,-46.22,6.92,39.00,30.00,0,1,0.00,0.00,0.29,0.02,0.00,0.00,1,0,0,
1754586121800,0,0,0,39,0,0,0.00,0.74,0.85,35,461,-64.00,-64.00,-64.00,-64.00,-64.00,-64.00,12,5,-46.22,6.92,39.50,30.00,0,0,0.00,0.00,0.29,0.02,0.00,0.00,0,0,0,
1754586122800,0,0,0,39,0,0,0.00,0.74,0.82,75,471,-64.00,-64.00,-64.00,-64.00,-64.00,-64.00,13,5,-46.22,6.92,39.50,29.00,0,0,0.00,0.00,0.29,0.02,0.00,0.00,0,0,0,
1754586123800,0,0,0,39,0,0,0.00,2.18,0.76,90,796,-64.00,-64.00,-64.00,-64.00,-64.00,-64.00,12,5,-46.22,6.92,39.00,31.00,0,1,0.00,0.00,0.29,0.02,0.00,0.00,1,0,0,
1754586124800,0,0,0,39,0,0,0.00,2.18,0.78,90,789,-63.92,-64.00,-64.00,-64.00,-64.00,-63.00,13,5,-46.14,6.93,38.50,25.00,0,1,0.00,0.00,0.29,0.02,0.00,0.00,1,0,0,
1754586125800,1,52,0,39,0,0,0.00,0.74,0.85,35,471,-63.80,-64.00,-64.00,-64.00,-64.00,-63.00,10,5,-46.02,6.93,38.50,27.00,0,0,0.00,0.00,0.29,0.02,0.00,0.00,0,0,0,
1754586126800,1,52,0,39,0,0,0.00,0.00,0.00,10,739,-64.00,-64.00,-64.00,-64.00,-64.00,-64.00,3,5,-46.22,6.92,38.50,24.00,1,0,0.03,0.00,0.30,0.02,0.00,0.00,0,0,0,
1754586127800,1,52,0,39,0,0,0.00,0.00,0.00,594,719,-63.00,-63.00,-63.00,-63.00,-63.00,-63.00,1,5,-45.22,6.97,38.50,25.00,0,1,0.09,0.00,0.30,0.02,0.00,0.00,1,0,0,
1754586128800,1,52,0,39,0,0,0.00,0.00,0.00,60,50,,,,,,,0,5,,0.00,37.50,24.00,0,0,0.03,0.00,0.30,0.02,0.00,0.00,0,0,0,
1754586129800,1,52,0,39,0,0,0.00,0.31,0.74,249,1327,,,,,,,0,21,,0.00,31.00,28.00,0,0,0.09,0.00,0.30,0.02,0.00,0.00,0,0,0,
1754586130800,1,52,0,39,0,0,0.00,1.72,0.61,258,1312,,,,,,,0,21,,0.00,32.00,28.00,0,0,0.19,0.00,0.30,0.02,0.00,0.00,0,0,0,
1754586131800,1,52,0,39,0,0,0.00,0.94,0.40,174,1280,,,,,,,0,21,,0.00,31.00,31.00,0,0,0.27,0.00,0.30,0.02,0.00,0.00,0,0,0,
1754586132800,1,52,0,39,0,0,0.00,9.82,1.07,505,1292,,,,,,,0,5,,0.00,37.00,29.00,0,3,0.31,0.02,0.30,0.02,0.00,0.00,3,0,0,
1754586133800,1,52,0,39,0,0,0.00,15.12,0.00,309,50,,,,,,,0,5,,0.00,38.50,27.00,0,6,0.11,0.01,0.30,0.02,0.00,0.00,4,0,0,
1754586134800,1,52,0,39,0,0,0.00,3.89,0.61,133,50,,,,,,,0,5,,0.00,38.00,31.00,0,0,0.04,0.00,0.30,0.02,0.00,0.00,0,0,0,
1754586135800,1,52,0,39,0,0,0.00,4.14,0.70,244,50,,,,,,,0,5,,0.00,38.00,28.00,0,1,0.01,0.00,0.30,0.02,0.00,0.00,1,0,0,
1754586136800,1,52,0,39,0,0,0.00,1.63,0.62,255,681,,,,,,,0,5,,0.00,39.00,32.00,0,1,0.01,0.00,0.30,0.02,0.00,0.00,1,0,0,
1754586137800,1,52,0,39,0,0,0.00,0.00,0.00,235,50,,,,,,,0,5,,0.00,37.00,31.00,0,0,0.03,0.00,0.30,0.02,0.00,0.00,0,0,0,
1754586138800,1,52,0,39,0,0,0.00,0.94,0.42,149,669,,,,,,,0,5,,0.00,37.50,31.00,0,0,0.01,0.09,0.30,0.02,0.00,0.00,0,0,0,
1754586139800,1,52,0,39,0,0,0.00,0.00,0.00,75,50,,,,,,,0,5,,0.00,37.00,27.00,0,0,0.04,0.04,0.30,0.02,0.00,0.00,0,0,0,
1754586140800,1,52,0,39,0,0,0.00,3.51,0.46,275,669,,,,,,,0,5,,0.00,37.50,29.00,0,0,0.02,0.02,0.30,0.02,0.00,0.00,0,0,0,
1754586141800,1,52,0,39,0,0,0.00,0.00,0.00,75,45,,,,,,,0,5,,0.00,36.00,33.00,0,0,0.04,0.01,0.30,0.02,0.00,0.00,0,0,0,
1754586142800,1,52,0,39,0,0,0.00,1.57,0.52,215,674,,,,,,,0,5,,0.00,37.00,29.00,0,0,0.02,0.01,0.30,0.02,0.00,0.00,0,0,0,
1754586143800,0,0,0,39,0,0,0.00,0.00,0.00,75,45,,,,,,,0,5,,0.00,38.50,32.00,0,0,0.04,0.00,0.30,0.02,0.00,0.00,0,0,0,
1754586144800,0,0,0,39,10,10,0.00,15.70,10.35,701,704,-64.00,-64.00,-64.00,-64.00,-64.00,-64.00,3,5,-46.22,6.92,39.50,31.00,1,1,0.02,0.00,0.30,0.02,0.00,0.00,1,0,0,
1754586145800,0,0,0,39,0,0,0.00,2.18,0.78,76,714,-64.00,-64.00,-64.00,-64.00,-64.00,-64.00,12,5,-46.22,6.92,39.00,30.00,0,1,0.01,0.00,0.30,0.02,0.00,0.00,1,0,0,
1754586146800,0,0,0,39,0,0,0.00,0.74,0.78,75,711,-64.00,-64.00,-64.00,-64.00,-64.00,-64.00,13,5,-46.22,6.92,38.50,32.00,0,0,0.00,0.00,0.30,0.02,0.00,0.00,0,0,0,
1754586147800,0,0,0,39,0,0,0.00,0.74,0.74,70,391,-64.00,-64.00,-64.00,-64.00,-64.00,-64.00,12,5,-46.22,6.92,39.00,30.00,2,0,0.00,0.00,0.30,0.02,0.00,0.00,0,0,0,
1754586148800,0,0,0,39,0,0,0.00,0.74,0.78,35,714,-64.00,-64.00,-64.00,-64.00,-64.00,-64.00,13,5,-46.22,6.92,39.00,31.00,2,0,0.00,0.00,0.30,0.02,0.00,0.00,0,0,0,
1754586149800,0,0,0,39,0,0,0.00,0.74,0.78,40,709,-64.00,-64.00,-64.00,-64.00,-64.00,-64.00,12,5,-46.22,6.92,40.50,30.00,2,0,0.00,0.00,0.30,0.02,0.00,0.00,0,0,0,
1754586150800,0,0,0,39,0,0,92.00,0.74,0.76,40,719,-63.92,-64.00,-64.00,-64.00,-64.00,-63.00,13,5,-46.14,6.93,38.50,27.00,0,0,0.00,0.00,0.30,0.02,0.00,0.00,0,0,0,
1754586151800,0,0,0,39,0,0,0.00,1.44,0.02,55,95,-64.00,-64.00,-64.00,-64.00,-64.00,-64.00,12,5,-46.22,6.92,39.50,27.00,2,0,0.00,0.00,0.30,0.02,0.00,0.00,0,0,0,
1754586152800,0,0,0,39,0,0,0.00,0.74,0.78,26,438,-64.00,-64.00,-64.00,-64.00,-64.00,-64.00,13,5,-46.22,6.92,40.00,29.00,2,1,0.00,0.00,0.30,0.02,0.00,0.00,1,0,0,
1754586153800,0,0,0,39,0,0,0.00,0.74,0.78,35,411,-64.00,-64.00,-64.00,-64.00,-64.00,-64.00,12,5,-46.22,6.92,40.00,31.00,1,0,0.00,0.00,0.30,0.02,0.00,0.00,0,0,0,
1754586154800,0,0,0,39,1,1,84.00,1.49,1.57,70,1060,-64.00,-64.00,-64.00,-64.00,-64.00,-64.00,13,5,-46.22,6.92,39.00,29.00,1,0,0.00,0.00,0.30,0.02,0.00,0.00,0,0,0,
1754586155800,0,0,0,39,0,0,65.00,0.74,0.80,40,719,-64.00,-64.00,-64.00,-64.00,-64.00,-64.00,12,5,-46.22,6.92,39.00,30.00,0,0,0.00,0.00,0.30,0.02,0.00,0.00,0,0,0,
1754586156800,0,0,0,39,0,0,56.00,2.18,0.82,81,736,-64.00,-64.00,-64.00,-64.00,-64.00,-64.00,13,5,-46.22,6.92,39.00,32.00,0,1,0.00,0.00,0.30,0.02,0.00,0.00,1,0,0,
1754586157800,0,0,0,39,0,0,0.00,1.44,0.06,37,110,-64.00,-64.00,-64.00,-64.00,-64.00,-64.00,12,5,-46.22,6.92,37.50,32.00,0,1,0.00,0.00,0.30,0.02,0.00,0.00,1,0,0,
1754586158800,0,0,0,39,0,0,0.00,2.18,0.82,45,729,-64.00,-64.00,-64.00,-64.00,-64.00,-64.00,13,5,-46.22,6.92,39.50,30.00,0,2,0.00,0.00,0.30,0.02,0.00,0.00,2,0,0,
1754586159800,0,0,0,39,0,0,0.00,2.18,0.89,47,734,-64.00,-64.00,-64.00,-64.00,-64.00,-64.00,12,5,-46.22,6.92,39.00,27.00,0,3,0.00,0.00,0.30,0.02,0.00,0.00,3,0,0,
1754586160800,0,0,0,39,0,0,0.00,0.74,0.72,20,729,-63.85,-64.00,-64.00,-64.00,-64.00,-63.00,13,5,-46.06,6.93,38.00,30.00,0,4,0.00,0.00,0.30,0.02,0.00,0.00,3,0,0,
1754586161800,0,0,0,39,0,0,0.00,0.74,0.82,20,729,-64.00,-64.00,-64.00,-64.00,-64.00,-64.00,12,5,-46.22,6.92,39.50,27.00,0,5,0.00,0.00,0.30,0.02,0.00,0.00,4,0,0,
1754586162800,0,0,0,39,0,0,0.00,2.18,0.82,30,739,-64.00,-64.00,-64.00,-64.00,-64.00,-64.00,13,5,-46.22,6.92,38.50,27.00,0,7,0.00,0.00,0.30,0.02,0.00,0.00,5,0,0,
1754586163800,0,0,0,39,0,0,0.00,2.18,0.82,30,754,-64.00,-64.00,-64.00,-64.00,-64.00,-64.00,12,5,-46.22,6.92,40.00,26.00,0,7,0.00,0.00,0.30,0.02,0.00,0.00,5,0,0,
1754586164800,0,0,0,39,0,0,0.00,2.18,0.82,34,754,-64.00,-64.00,-64.00,-64.00,-64.00,-64.00,13,5,-46.22,6.92,38.50,27.00,0,7,0.00,0.00,0.30,0.02,0.00,0.00,5,0,0,
1754586165800,0,0,0,39,0,0,0.00,0.74,0.78,20,739,-63.92,-64.00,-64.00,-64.00,-64.00,-63.00,12,5,-46.14,6.93,38.50,32.00,0,5,0.00,0.00,0.30,0.02,0.00,0.00,4,0,0,
1754586166800,0,0,0,39,0,0,0.00,0.74,0.82,22,739,-64.00,-64.00,-64.00,-64.00,-64.00,-64.00,13,5,-46.22,6.92,39.00,29.00,0,3,0.00,0.00,0.30,0.02,0.00,0.00,3,0,0,
1754586167800,0,0,0,39,0,0,0.00,2.18,0.82,63,749,-64.00,-64.00,-64.00,-64.00,-64.00,-64.00,12,5,-46.22,6.92,39.50,31.00,0,1,0.00,0.00,0.30,0.02,0.00,0.00,1,0,0,
1754586168800,1,51,0,39,0,0,0.00,2.18,0.82,82,761,-64.00,-64.00,-64.00,-64.00,-64.00,-64.00,10,5,-46.22,6.92,37.00,32.00,0,2,0.00,0.00,0.30,0.02,0.00,0.00,2,0,0,
1754586169800,1,51,0,39,0,0,0.00,0.00,0.00,117,1325,-64.00,-64.00,-64.00,-64.00,-64.00,-64.00,1,5,-46.22,6.92,36.50,32.00,0,0,0.05,0.00,0.30,0.02,0.00,0.00,0,0,0,
1754586170800,1,51,0,39,0,0,0.00,0.00,0.00,181,50,,,,,,,0,5,,0.00,39.00,30.00,0,0,0.04,0.00,0.30,0.02,0.00,0.00,0,0,0,
1754586171800,1,51,0,39,0,0,0.00,0.10,0.42,25,50,,,,,,,0,5,,0.00,38.00,29.00,0,0,0.01,0.00,0.30,0.02,0.00,0.00,0,0,0,
1754586172800,1,51,0,39,0,0,92.00,0.89,0.70,105,50,,,,,,,0,5,,0.00,37.00,28.00,0,0,0.00,0.00,0.30,0.02,0.00,0.00,0,0,0,
1754586173800,1,51,0,39,0,0,0.00,1.44,0.30,301,681,,,,,,,0,5,,0.00,36.50,29.00,0,0,0.06,0.00,0.30,0.02,0.00,0.00,0,0,0,
1754586174800,1,51,0,39,0,0,0.00,0.17,0.10,94,50,,,,,,,0,5,,0.00,38.50,29.00,0,0,0.02,0.00,0.30,0.02,0.00,0.00,0,0,0,
1754586175800,1,51,0,39,0,0,0.00,1.01,0.73,138,50,,,,,,,0,5,,0.00,37.50,30.00,0,0,0.01,0.00,0.30,0.02,0.00,0.00,0,0,0,
1754586176800,1,51,0,39,0,0,0.00,3.17,0.70,213,50,,,,,,,0,5,,0.00,36.50,30.00,0,0,0.00,0.00,0.30,0.02,0.00,0.00,0,0,0,
1754586177800,1,51,0,39,0,0,0.00,0.58,0.42,341,681,,,,,,,0,5,,0.00,39.50,28.00,0,1,0.07,0.03,0.30,0.02,0.00,0.00,1,0,0,
1754586178800,1,51,0,39,0,0,0.00,0.00,0.00,80,50,,,,,,,0,5,,0.00,39.50,25.00,0,0,0.02,0.01,0.30,0.02,0.00,0.00,0,0,0,
1754586179800,1,51,0,39,0,0,0.00,8.02,0.67,489,50,,,,,,,0,5,,0.00,38.50,25.00,0,0,0.01,0.00,0.30,0.02,0.00,0.00,0,0,0,
1754586180800,1,51,0,39,0,0,0.00,1.40,0.73,178,50,,,,,,,0,5,,0.00,38.00,25.00,0,0,0.00,0.00,0.30,0.02,0.00,0.00,0,0,0,
1754586181800,1,51,0,39,0,0,0.00,2.94,0.46,445,686,-64.00,-64.00,-64.00,-64.00,-64.00,-64.00,1,5,-46.22,6.92,36.00,31.00,0,1,0.07,0.03,0.30,0.02,0.00,0.00,1,0,0,
1754586182800,1,51,0,39,0,0,0.00,0.00,0.00,80,50,,,,,,,0,5,,0.00,36.50,24.00,0,0,0.02,0.01,0.30,0.02,0.00,0.00,0,0,0,
1754586183800,0,0,0,39,0,0,0.00,1.39,0.62,166,50,,,,,,,0,5,,0.00,41.00,27.00,0,0,0.01,0.01,0.30,0.02,0.00,0.00,0,0,0,
1754586184800,0,0,0,39,0,0,0.00,3.62,0.70,284,50,,,,,,,0,5,,0.00,39.50,26.00,0,0,0.00,0.00,0.30,0.02,0.00,0.00,0,0,0,
1754586185800,0,0,0,39,8,8,0.00,11.43,8.73,586,716,-64.00,-64.00,-64.00,-64.00,-64.00,-64.00,5,5,-46.22,6.92,40.00,27.00,0,1,0.00,0.00,0.30,0.02,0.00,0.00,1,0,0,
1754586186800,0,0,0,39,0,0,0.00,2.18,0.78,57,761,-64.00,-64.00,-64.00,-64.00,-64.00,-64.00,13,5,-46.22,6.92,40.00,27.00,0,2,0.00,0.00,0.30,0.02,0.00,0.00,2,0,0,
1754586187800,0,0,0,39,0,0,0.00,2.18,0.82,90,759,-64.00,-64.00,-64.00,-64.00,-64.00,-64.00,12,5,-46.22,6.92,38.00,28.00,0,0,0.00,0.00,0.30,0.02,0.00,0.00,0,0,0,
1754586188800,0,0,0,39,0,0,0.00,0.74,0.82,80,754,-64.00,-64.00,-64.00,-64.00,-64.00,-64.00,13,5,-46.22,6.92,37.50,29.00,0,0,0.00,0.00,0.30,0.02,0.00,0.00,0,0,0,
1754586189800,0,0,0,39,0,0,0.00,0.74,0.78,40,749,-64.00,-64.00,-64.00,-64.00,-64.00,-64.00,12,5,-46.22,6.92,60.00,29.00,0,0,0.00,0.00,0.30,0.02,0.00,0.00,0,0,0,
1754586190800,0,0,0,39,0,0,0.00,2.18,0.82,130,759,-64.00,-64.00,-64.00,-64.00,-64.00,-64.00,13,5,-46.22,6.92,38.50,32.00,0,0,0.00,0.00,0.30,0.02,0.00,0.00,0,0,0,
1754586191800,0,0,0,39,0,0,0.00,2.18,0.82,81,771,-64.00,-64.00,-64.00,-64.00,-64.00,-64.00,12,5,-46.22,6.92,38.00,33.00,0,1,0.00,0.00,0.30,0.02,0.00,0.00,1,0,0,
1754586192800,0,0,0,39,0,0,0.00,2.18,0.82,90,769,-64.00,-64.00,-64.00,-64.00,-64.00,-64.00,13,5,-46.22,6.92,59.50,33.00,0,0,0.00,0.00,0.30,0.02,0.00,0.00,0,0,0,
1754586193800,0,0,0,39,0,0,0.00,0.74,0.82,40,764,-64.00,-64.00,-64.00,-64.00,-64.00,-64.00,12,5,-46.22,6.92,38.50,32.00,0,0,0.00,0.00,0.30,0.02,0.00,0.00,0,0,0,
1754586194800,0,0,0,39,0,0,0.00,0.74,0.78,80,759,-64.31,-65.00,-65.00,-64.00,-64.00,-64.00,13,5,-46.53,6.91,39.00,33.00,1,0,0.00,0.00,0.30,0.02,0.00,0.00,0,0,0,
1754586195800,0,0,0,39,0,0,0.00,2.18,0.82,81,769,-64.17,-65.00,-64.00,-64.00,-64.00,-64.00,12,5,-46.39,6.92,38.50,34.00,0,1,0.00,0.00,0.30,0.02,0.00,0.00,1,0,0,
1754586196800,0,0,0,39,0,0,0.00,2.18,0.82,130,784,-64.31,-65.00,-65.00,-64.00,-64.00,-64.00,13,5,-46.53,6.91,59.50,35.00,0,0,0.00,0.00,0.30,0.02,0.00,0.00,0,0,0,
1754586197800,0,0,0,39,0,0,0.00,2.18,0.82,90,779,-64.58,-65.00,-65.00,-65.00,-64.00,-64.00,12,5,-46.80,6.90,39.50,37.00,1,0,0.00,0.00,0.30,0.02,0.00,0.00,0,0,0,
1754586198800,0,0,0,39,0,0,0.00,0.74,0.82,40,774,-64.54,-65.00,-65.00,-65.00,-64.00,-64.00,13,5,-46.76,6.90,39.00,37.00,0,0,0.00,0.00,0.30,0.02,0.00,0.00,0,0,0,
1754586199800,0,0,0,39,0,0,0.00,0.74,0.78,40,769,-64.75,-65.00,-65.00,-65.00,-64.50,-64.00,12,5,-46.97,6.89,60.00,39.00,2,0,0.00,0.00,0.30,0.02,0.00,0.00,0,0,0,
1754586200800,0,0,0,39,0,0,0.00,2.18,0.86,81,779,-64.85,-65.00,-65.00,-65.00,-65.00,-64.00,13,5,-47.06,6.89,39.00,38.00,1,1,0.00,0.00,0.30,0.02,0.00,0.00,1,0,0,
1754586201800,0,0,0,39,0,0,0.00,2.18,0.82,90,794,-64.83,-65.00,-65.00,-65.00,-65.00,-64.00,12,5,-47.05,6.89,38.00,36.00,1,0,0.00,0.00,0.30,0.02,0.00,0.00,0,0,0,
1754586202800,0,0,0,39,0,0,0.00,2.18,0.80,90,779,-64.54,-65.00,-65.00,-65.00,-64.00,-64.00,13,5,-46.76,6.90,39.00,37.00,0,0,0.00,0.00,0.30,0.02,0.00,0.00,0,0,0,
1754586203800,0,0,0,39,0,0,33.00,0.74,0.85,40,794,-64.42,-65.00,-65.00,-64.00,-64.00,-64.00,12,5,-46.64,6.91,38.00,33.00,1,0,0.00,0.00,0.30,0.02,0.00,0.00,0,0,0,
1754586204800,0,0,0,39,0,0,52.00,0.74,0.78,80,779,-64.23,-65.00,-64.00,-64.00,-64.00,-64.00,13,5,-46.45,6.91,38.00,32.00,1,0,0.00,0.00,0.30,0.02,0.00,0.00,0,0,0,
1754586205800,0,0,0,39,0,0,502.00,1.46,0.96,100,779,-64.17,-65.00,-64.00,-64.00,-64.00,-64.00,12,5,-46.39,6.92,38.50,32.00,0,0,0.00,0.00,0.29,0.02,0.00,0.00,0,0,0,
1754586206800,0,0,0,39,0,0,122.00,1.46,0.86,65,804,-64.31,-65.00,-65.00,-64.00,-64.00,-64.00,13,5,-46.53,6.91,38.50,34.00,0,0,0.00,0.00,0.29,0.02,0.00,0.00,0,0,0,
1754586207800,0,0,0,39,0,0,56.00,2.18,0.86,90,789,-64.25,-65.00,-64.50,-64.00,-64.00,-64.00,12,106,-33.21,205.10,18.50,36.00,0,0,0.00,0.00,0.29,0.02,0.00,0.00,0,0,0,
1754586208800,0,0,0,39,0,0,0.00,1.44,0.02,55,165,-64.38,-65.00,-65.00,-64.00,-64.00,-64.00,13,5,-46.60,6.91,37.50,34.00,1,1,0.00,0.00,0.29,0.02,0.00,0.00,1,0,0,
1754586209800,0,0,0,39,0,0,0.00,0.74,0.85,35,456,-64.25,-65.00,-64.50,-64.00,-64.00,-64.00,12,5,-46.47,6.91,39.00,33.00,0,0,0.00,0.00,0.29,0.02,0.00,0.00,0,0,0,
1754586210800,0,0,0,39,0,0,0.00,0.74,0.82,75,471,-64.08,-65.00,-64.00,-64.00,-64.00,-64.00,13,5,-46.30,6.92,38.00,32.00,0,0,0.00,0.00,0.29,0.02,0.00,0.00,0,0,0,
1754586211800,1,49,0,39,0,0,0.00,2.18,0.76,90,801,-64.00,-64.00,-64.00,-64.00,-64.00,-64.00,12,5,-46.22,6.92,38.00,32.00,0,1,0.00,0.00,0.29,0.02,0.00,0.00,1,0,0,
1754586212800,1,49,0,39,1,1,0.00,1.49,1.48,159,1295,-64.00,-64.00,-64.00,-64.00,-64.00,-64.00,2,106,-32.96,205.86,5.50,34.00,0,0,0.07,0.00,0.30,0.02,0.00,0.00,0,0,0,
1754586213800,1,49,0,39,0,0,72.00,3.01,0.97,218,1327,-64.50,-65.00,-65.00,-64.50,-64.00,-64.00,2,5,-46.72,6.90,42.00,28.00,0,3,0.14,0.00,0.30,0.02,0.00,0.00,3,0,0,
1754586214800,1,49,0,39,0,0,0.00,1.44,0.02,19,789,-64.08,-65.00,-64.00,-64.00,-64.00,-64.00,13,5,-46.30,6.92,37.00,28.00,0,2,0.08,0.00,0.30,0.02,0.00,0.00,2,0,0,
1754586215800,1,49,0,39,8,2,0.00,21.45,2.70,761,789,-64.00,-64.00,-64.00,-64.00,-64.00,-64.00,4,5,-46.22,6.92,39.00,29.00,0,0,0.03,0.00,0.30,0.02,0.00,0.00,0,0,0,
1754586216800,1,49,0,39,0,0,0.00,9.43,0.78,502,1365,-64.14,-65.00,-64.00,-64.00,-64.00,-64.00,7,5,-46.36,6.92,39.50,31.00,0,0,0.09,0.00,0.30,0.02,0.00,0.00,0,0,0,
1754586217800,1,49,0,39,0,0,0.00,10.48,1.04,438,2009,-64.57,-65.00,-65.00,-65.00,-64.00,-64.00,7,5,-46.79,6.90,38.50,33.00,0,1,0.17,0.01,0.30,0.02,0.00,0.00,1,0,0,
1754586218800,1,49,0,39,0,0,0.00,10.24,0.78,529,1400,-64.12,-65.00,-64.00,-64.00,-64.00,-64.00,8,5,-46.34,6.92,38.00,31.00,0,0,0.16,0.01,0.30,0.02,0.00,0.00,0,0,0,
1754586219800,1,49,0,39,0,0,0.00,15.12,0.00,725,185,-64.50,-65.00,-65.00,-64.50,-64.00,-64.00,10,5,-46.72,6.90,35.50,32.00,0,0,0.06,0.00,0.30,0.02,0.00,0.00,0,0,0,
1754586220800,1,49,0,39,0,0,0.00,10.20,0.00,667,421,-64.00,-64.00,-64.00,-64.00,-64.00,-64.00,8,5,-46.22,6.92,38.50,31.00,1,1,0.08,0.00,0.30,0.02,0.00,0.00,1,0,0,
1754586221800,1,49,0,39,1,1,0.00,11.94,1.50,451,711,-65.00,-65.00,-65.00,-65.00,-65.00,-65.00,2,5,-47.22,6.88,38.00,29.00,0,4,0.07,0.00,0.30,0.02,0.00,0.00,3,0,0,
1754586222800,1,49,0,39,0,0,0.00,14.02,2.05,270,771,-64.00,-64.00,-64.00,-64.00,-64.00,-64.00,4,5,-46.22,6.92,37.00,29.00,0,1,0.03,0.00,0.30,0.02,0.00,0.00,1,0,0,
1754586223800,1,49,0,39,0,0,0.00,5.76,0.21,354,1330,-64.00,-64.00,-64.00,-64.00,-64.00,-64.00,1,21,-39.99,33.61,28.50,30.00,0,0,0.22,0.00,0.30,0.02,0.00,0.00,0,0,0,
1754586224800,1,49,0,39,1,1,0.00,13.06,1.54,522,1415,-64.00,-64.00,-64.00,-64.00,-64.00,-64.00,6,5,-46.22,6.92,38.00,33.00,0,0,0.14,0.00,0.30,0.02,0.00,0.00,0,0,0,
1754586225800,0,0,0,39,0,0,0.00,15.94,0.78,747,789,-64.00,-64.00,-64.00,-64.00,-64.00,-64.00,7,5,-46.22,6.92,39.50,32.00,0,0,0.10,0.00,0.30,0.02,0.00,0.00,0,0,0,
1754586226800,0,0,0,39,0,0,0.00,16.58,1.25,743,789,-64.00,-64.00,-64.00,-64.00,-64.00,-64.00,13,5,-46.22,6.92,38.50,33.00,0,0,0.03,0.00,0.30,0.02,0.00,0.00,0,0,0,
1754586227800,0,0,0,39,0,0,0.00,6.50,0.81,315,729,-64.00,-64.00,-64.00,-64.00,-64.00,-64.00,12,5,-46.22,6.92,39.50,27.00,0,0,0.01,0.00,0.30,0.02,0.00,0.00,0,0,0,
1754586228800,0,0,0,39,0,0,0.00,0.74,0.74,46,428,-64.00,-64.00,-64.00,-64.00,-64.00,-64.00,13,5,-46.22,6.92,39.00,32.00,0,1,0.00,0.00,0.30,0.02,0.00,0.00,1,0,0,
1754586229800,0,0,0,39,0,0,0.00,0.74,0.78,70,421,-64.00,-64.00,-64.00,-64.00,-64.00,-64.00,12,5,-46.22,6.92,40.50,31.00,0,0,0.00,0.00,0.30,0.02,0.00,0.00,0,0,0,
1754586230800,0,0,0,39,0,0,0.00,0.74,0.78,70,426,-64.00,-64.00,-64.00,-64.00,-64.00,-64.00,13,5,-46.22,6.92,38.50,32.00,0,0,0.00,0.00,0.30,0.02,0.00,0.00,0,0,0,
1754586231800,0,0,0,39,0,0,0.00,0.74,0.82,35,719,-64.00,-64.00,-64.00,-64.00,-64.00,-64.00,12,5,-46.22,6.92,38.50,32.00,0,0,0.00,0.00,0.30,0.02,0.00,0.00,0,0,0,
1754586232800,0,0,0,39,0,0,0.00,2.18,0.82,85,729,-64.00,-64.00,-64.00,-64.00,-64.00,-64.00,13,5,-46.22,6.92,60.00,34.00,0,0,0.00,0.00,0.30,0.02,0.00,0.00,0,0,0,
1754586233800,0,0,0,39,0,0,0.00,2.18,0.82,63,746,-64.00,-64.00,-64.00,-64.00,-64.00,-64.00,12,5,-46.22,6.92,38.00,32.00,0,2,0.00,0.00,0.30,0.02,0.00,0.00,2,0,0,
1754586234800,0,0,0,39,0,0,0.00,2.18,0.82,63,739,-64.00,-64.00,-64.00,-64.00,-64.00,-64.00,13,5,-46.22,6.92,38.50,32.00,0,2,0.00,0.00,0.30,0.02,0.00,0.00,2,0,0,
1754586235800,0,0,0,39,0,0,0.00,0.74,0.82,31,734,-64.00,-64.00,-64.00,-64.00,-64.00,-64.00,12,5,-46.22,6.92,59.50,30.00,0,0,0.00,0.00,0.30,0.02,0.00,0.00,0,0,0,
1754586236800,0,0,0,39,0,0,0.00,0.74,0.82,40,729,-64.00,-64.00,-64.00,-64.00,-64.00,-64.00,13,5,-46.22,6.92,39.00,30.00,0,0,0.00,0.00,0.30,0.02,0.00,0.00,0,0,0,
1754586237800,0,0,0,39,0,0,0.00,2.18,0.82,130,739,-64.00,-64.00,-64.00,-64.00,-64.00,-64.00,12,5,-46.22,6.92,38.50,27.00,0,1,0.00,0.00,0.30,0.02,0.00,0.00,1,0,0,
1754586238800,0,0,0,39,0,0,0.00,2.18,0.82,90,756,-64.00,-64.00,-64.00,-64.00,-64.00,-64.00,13,5,-46.22,6.92,39.00,30.00,0,1,0.00,0.00,0.30,0.02,0.00,0.00,1,0,0,
1754586239800,0,0,0,39,0,0,0.00,2.18,0.82,90,749,-64.00,-64.00,-64.00,-64.00,-64.00,-64.00,12,5,-46.22,6.92,38.50,29.00,0,1,0.00,0.00,0.30,0.02,0.00,0.00,1,0,0,
1754586240800,0,0,0,39,0,0,0.00,0.74,0.82,40,744,-64.00,-64.00,-64.00,-64.00,-64.00,-64.00,13,5,-46.22,6.92,40.00,34.00,0,0,0.00,0.00,0.30,0.02,0.00,0.00,0,0,0,
1754586241800,0,0,0,39,0,0,0.00,0.74,0.82,40,739,-64.00,-64.00,-64.00,-64.00,-64.00,-64.00,12,5,-46.22,6.92,39.00,30.00,0,0,0.00,0.00,0.30,0.02,0.00,0.00,0,0,0,
1754586242800,0,0,0,39,0,0,0.00,2.18,0.82,90,749,-64.00,-64.00,-64.00,-64.00,-64.00,-64.00,13,5,-46.22,6.92,60.00,26.00,0,1,0.00,0.00,0.30,0.02,0.00,0.00,1,0,0,
1754586243800,0,0,0,39,0,0,0.00,2.18,0.82,90,766,-64.00,-64.00,-64.00,-64.00,-64.00,-64.00,12,5,-46.22,6.92,38.00,30.00,0,0,0.00,0.00,0.30,0.02,0.00,0.00,0,0,0,
1754586244800,0,0,0,39,0,0,0.00,2.18,0.82,63,759,-67.38,-106.00,-64.00,-64.00,-64.00,-64.00,13,5,-49.60,6.79,38.50,32.00,0,1,0.00,0.00,0.30,0.02,0.00,0.00,1,0,0,
1754586245800,0,0,0,39,0,0,0.00,0.74,0.82,25,754,-64.00,-64.00,-64.00,-64.00,-64.00,-64.00,12,5,-46.22,6.92,60.00,32.00,0,2,0.00,0.00,0.30,0.02,0.00,0.00,2,0,0,
1754586246800,0,0,0,39,0,0,0.00,0.74,0.82,22,749,-64.00,-64.00,-64.00,-64.00,-64.00,-64.00,13,5,-46.22,6.92,38.00,31.00,1,3,0.00,0.00,0.30,0.02,0.00,0.00,3,0,0,
1754586247800,0,0,0,39,0,0,0.00,2.18,0.82,30,759,-64.08,-65.00,-64.00,-64.00,-64.00,-64.00,12,5,-46.30,6.92,38.00,32.00,0,4,0.00,0.00,0.30,0.02,0.00,0.00,3,0,0,
1754586248800,0,0,0,39,0,0,0.00,2.18,0.82,30,776,-64.08,-65.00,-64.00,-64.00,-64.00,-64.00,13,5,-46.30,6.92,38.50,33.00,0,6,0.00,0.00,0.30,0.02,0.00,0.00,4,0,0,
1754586249800,0,0,0,39,0,0,0.00,2.18,0.82,30,769,-64.17,-65.00,-64.00,-64.00,-64.00,-64.00,12,5,-46.39,6.92,39.50,34.00,1,6,0.00,0.00,0.30,0.02,0.00,0.00,4,0,0,
1754586250800,0,0,0,39,0,0,0.00,0.74,0.82,20,764,-64.00,-64.00,-64.00,-64.00,-64.00,-64.00,13,5,-46.22,6.92,38.00,35.00,0,5,0.00,0.00,0.30,0.02,0.00,0.00,4,0,0,
1754586251800,0,0,0,39,0,0,0.00,0.74,0.82,20,759,-64.00,-64.00,-64.00,-64.00,-64.00,-64.00,12,5,-46.22,6.92,38.50,34.00,2,6,0.00,0.00,0.30,0.02,0.00,0.00,4,0,0,
1754586252800,0,0,0,39,0,0,0.00,2.18,0.82,30,769,-64.23,-65.00,-64.00,-64.00,-64.00,-64.00,13,5,-46.45,6.91,39.00,35.00,1,6,0.00,0.00,0.30,0.02,0.00,0.00,4,0,0,
1754586253800,0,0,0,39,0,0,0.00,2.18,0.80,30,781,-64.17,-65.00,-64.00,-64.00,-64.00,-64.00,12,5,-46.39,6.92,38.00,34.00,1,6,0.00,0.00,0.30,0.02,0.00,0.00,4,0,0,
1754586254800,0,0,0,39,0,0,92.00,1.46,0.82,25,774,-64.08,-65.00,-64.00,-64.00,-64.00,-64.00,13,5,-46.30,6.92,39.00,35.00,0,6,0.00,0.00,0.30,0.02,0.00,0.00,4,0,0,
1754586255800,0,0,0,39,0,0,85.00,1.46,0.85,25,784,-64.00,-64.00,-64.00,-64.00,-64.00,-64.00,12,5,-46.22,6.92,39.00,30.00,1,6,0.00,0.00,0.30,0.02,0.00,0.00,4,0,0,
1754586256800,0,0,0,39,0,0,38.00,0.74,0.82,20,769,-64.00,-64.00,-64.00,-64.00,-64.00,-64.00,13,5,-46.22,6.92,40.00,32.00,1,4,0.00,0.00,0.30,0.02,0.00,0.00,3,0,0,
1754586257800,0,0,0,39,0,0,284.00,0.74,0.84,25,769,-64.00,-64.00,-64.00,-64.00,-64.00,-64.00,12,5,-46.22,6.92,39.00,29.00,0,2,0.00,0.00,0.30,0.02,0.00,0.00,2,0,0,
1754586258800,0,0,0,39,0,0,146.00,2.18,0.82,45,791,-64.00,-64.00,-64.00,-64.00,-64.00,-64.00,13,5,-46.22,6.92,38.50,31.00,0,2,0.00,0.00,0.30,0.02,0.00,0.00,2,0,0,
1754586259800,0,0,0,39,0,0,0.00,1.44,0.06,25,160,-64.00,-64.00,-64.00,-64.00,-64.00,-64.00,12,5,-46.22,6.92,38.00,33.00,0,3,0.00,0.00,0.30,0.02,0.00,0.00,3,0,0,
1754586260800,0,0,0,39,0,0,0.00,2.18,0.82,45,779,-64.00,-64.00,-64.00,-64.00,-64.00,-64.00,13,5,-46.22,6.92,39.00,33.00,0,3,0.00,0.00,0.30,0.02,0.00,0.00,3,0,0,
1754586261800,0,0,0,39,0,0,0.00,0.74,0.89,25,779,-64.00,-64.00,-64.00,-64.00,-64.00,-64.00,12,5,-46.22,6.92,39.00,31.00,0,1,0.00,0.00,0.30,0.02,0.00,0.00,1,0,0,
1754586262800,0,0,0,39,0,0,0.00,0.74,1.15,40,779,-64.00,-64.00,-64.00,-64.00,-64.00,-64.00,13,5,-46.22,6.92,40.00,33.00,0,0,0.00,0.00,0.30,0.02,0.00,0.00,0,0,0,
1754586263800,0,0,0,39,0,0,0.00,2.18,0.66,125,789,-64.00,-64.00,-64.00,-64.00,-64.00,-64.00,12,5,-46.22,6.92,38.00,34.00,0,1,0.00,0.00,0.30,0.02,0.00,0.00,1,0,0,
1754586264800,0,0,0,39,0,0,0.00,2.18,0.86,90,806,-64.00,-64.00,-64.00,-64.00,-64.00,-64.00,13,5,-46.22,6.92,38.50,34.00,0,1,0.00,0.00,0.30,0.02,0.00,0.00,1,0,0,
1754586265800,0,0,0,39,0,0,0.00,2.18,0.86,90,804,-64.00,-64.00,-64.00,-64.00,-64.00,-64.00,12,5,-46.22,6.92,39.50,29.00,0,1,0.00,0.00,0.30,0.02,0.00,0.00,1,0,0,
1754586266800,0,0,0,39,0,0,0.00,0.74,0.86,80,789,-64.00,-64.00,-64.00,-64.00,-64.00,-64.00,13,5,-46.22,6.92,38.50,32.00,0,0,0.00,0.00,0.30,0.02,0.00,0.00,0,0,0,
1754586267800,0,0,0,39,0,0,0.00,0.74,0.82,40,789,-64.00,-64.00,-64.00,-64.00,-64.00,-64.00,12,5,-46.22,6.92,38.50,29.00,0,0,0.00,0.00,0.30,0.02,0.00,0.00,0,0,0,
1754586268800,0,0,0,39,0,0,0.00,2.18,0.76,90,789,-64.00,-64.00,-64.00,-64.00,-64.00,-64.00,13,5,-46.22,6.92,38.00,29.00,0,1,0.00,0.00,0.30,0.02,0.00,0.00,1,0,0,
1754586269800,0,0,0,39,0,0,0.00,0.74,0.86,75,471,-63.92,-64.00,-64.00,-64.00,-64.00,-63.00,12,5,-46.14,6.93,39.50,30.00,0,0,0.00,0.00,0.30,0.02,0.00,0.00,0,0,0,
1754586270800,0,0,0,39,0,0,0.00,2.18,0.75,90,789,-63.77,-64.00,-64.00,-64.00,-64.00,-63.00,13,5,-45.99,6.93,39.50,27.00,0,1,0.00,0.00,0.30,0.02,0.00,0.00,1,0,0,
1754586271800,0,0,0,39,0,0,0.00,0.74,0.85,35,471,-63.67,-64.00,-64.00,-64.00,-63.00,-63.00,12,5,-45.89,6.94,39.00,25.00,0,0,0.00,0.00,0.30,0.02,0.00,0.00,0,0,0,
1754586272800,0,0,0,39,1,1,0.00,1.50,1.48,129,401,-63.69,-64.00,-64.00,-64.00,-63.00,-63.00,13,5,-45.91,6.94,39.00,27.00,0,1,0.00,0.00,0.30,0.02,0.00,0.00,1,0,0,
1754586273800,0,0,0,39,0,0,0.00,0.74,0.78,80,699,-63.67,-64.00,-64.00,-64.00,-63.00,-63.00,12,5,-45.89,6.94,39.00,28.00,0,0,0.00,0.00,0.30,0.02,0.00,0.00,0,0,0,
1754586274800,1,52,0,39,0,0,0.00,0.74,0.78,40,711,-63.90,-64.00,-64.00,-64.00,-64.00,-63.00,10,5,-46.12,6.93,37.50,31.00,0,0,0.00,0.00,0.29,0.02,0.00,0.00,0,0,0,
1754586275800,1,52,0,39,0,0,0.00,0.00,0.00,301,411,,,,,,,0,5,,0.00,38.00,24.00,1,0,0.06,0.00,0.30,0.02,0.00,0.00,0,0,0,
1754586276800,1,52,0,39,0,0,0.00,0.00,0.00,707,731,-64.00,-64.00,-64.00,-64.00,-64.00,-64.00,1,5,-46.22,6.92,37.50,28.00,0,1,0.09,0.00,0.30,0.02,0.00,0.00,1,0,0,
1754586277800,1,52,0,39,0,0,0.00,0.00,0.00,67,50,,,,,,,0,5,,0.00,39.50,24.00,0,0,0.03,0.00,0.30,0.02,0.00,0.00,0,0,0,
1754586278800,1,52,0,39,0,0,0.00,0.13,0.10,26,50,,,,,,,0,5,,0.00,38.50,31.00,0,0,0.01,0.00,0.30,0.02,0.00,0.00,0,0,0,
1754586279800,1,52,0,39,0,0,0.00,0.54,0.42,343,681,,,,,,,0,5,,0.00,37.50,28.00,0,1,0.06,0.03,0.30,0.02,0.00,0.00,1,0,0,
1754586280800,1,52,0,39,0,0,0.00,0.14,0.27,284,686,,,,,,,0,5,,0.00,38.00,29.00,0,1,0.08,0.01,0.30,0.02,0.00,0.00,1,0,0,
1754586281800,1,52,0,39,0,0,0.00,0.00,0.00,5,50,,,,,,,0,5,,0.00,39.00,25.00,0,0,0.03,0.01,0.30,0.02,0.00,0.00,0,0,0,
1754586282800,1,52,0,39,0,0,0.00,2.94,0.62,362,1327,,,,,,,0,5,,0.00,37.50,31.00,0,0,0.09,0.01,0.30,0.02,0.00,0.00,0,0,0,
1754586283800,1,52,0,39,0,0,0.00,0.00,0.00,144,35,,,,,,,0,5,,0.00,39.00,31.00,0,0,0.08,0.00,0.30,0.02,0.00,0.00,0,0,0,
1754586284800,1,52,0,39,0,0,345569.00,2.35,0.71,382,1332,,,,,,,0,5,,0.00,39.00,31.00,0,0,0.11,0.00,0.30,0.02,0.00,0.00,0,0,0,
1754586285800,1,52,0,39,0,0,0.00,11.40,0.00,365,35,,,,,,,0,5,,0.00,37.50,31.00,0,2,0.08,0.01,0.30,0.02,0.00,0.00,2,0,0,
1754586286800,1,52,0,39,0,0,0.00,2.09,0.78,257,696,,,,,,,0,5,,0.00,38.00,32.00,0,0,0.10,0.01,0.30,0.02,0.00,0.00,0,0,0,
1754586287800,1,52,0,39,0,0,0.00,1.98,0.80,231,1921,,,,,,,0,21,,0.00,31.50,33.00,0,2,0.20,0.03,0.30,0.02,0.00,0.00,2,0,0,
1754586288800,1,52,0,39,0,0,0.00,2.18,0.54,300,346,,,,,,,0,5,,0.00,38.00,34.00,0,0,0.19,0.04,0.30,0.02,0.00,0.00,0,0,0,
1754586289800,1,52,0,39,0,0,0.00,5.36,0.84,399,681,,,,,,,0,21,,0.00,29.50,35.00,0,0,0.10,0.02,0.30,0.02,0.00,0.00,0,0,0,
1754586290800,1,52,0,39,2,1,0.00,2.26,1.01,355,1968,,,,,,,0,21,,0.00,30.50,33.00,0,1,0.23,0.01,0.30,0.02,0.00,0.00,1,0,0,
1754586291800,1,52,0,39,1,0,0.00,3.66,0.61,329,1312,,,,,,,0,21,,0.00,28.50,35.00,0,1,0.30,0.01,0.30,0.02,0.00,0.00,1,0,0,
1754586292800,1,52,0,39,0,0,0.00,3.64,0.62,329,1312,,,,,,,0,21,,0.00,31.50,35.00,0,1,0.36,0.01,0.30,0.02,0.00,0.00,1,0,0,
1754586293800,1,52,0,39,1,0,0.00,4.67,0.80,364,1317,,,,,,,0,5,,0.00,35.50,32.00,0,2,0.43,0.05,0.30,0.02,0.00,0.00,2,0,0,
1754586294800,0,0,0,39,3,2,398.67,7.10,4.31,382,1941,-64.00,-64.00,-64.00,-64.00,-64.00,-64.00,1,5,-46.22,6.92,38.00,35.00,0,1,0.41,0.06,0.30,0.02,0.00,0.00,1,0,0,
1754586295800,0,0,0,39,6,3,0.00,22.36,16.38,876,1415,-64.17,-65.00,-64.00,-64.00,-64.00,-64.00,12,5,-46.39,6.92,39.50,35.00,0,0,0.16,0.04,0.30,0.02,0.00,0.00,0,0,0,
1754586296800,0,0,0,39,1,3,0.00,15.67,3.72,712,789,-64.00,-64.00,-64.00,-64.00,-64.00,-64.00,13,5,-46.22,6.92,38.00,33.00,0,0,0.06,0.02,0.30,0.02,0.00,0.00,0,0,0,
1754586297800,0,0,0,39,3,2,0.00,14.70,2.50,713,789,-64.08,-65.00,-64.00,-64.00,-64.00,-64.00,12,5,-46.30,6.92,38.50,33.00,1,0,0.02,0.01,0.30,0.02,0.00,0.00,0,0,0,
1754586298800,0,0,0,39,1,1,0.00,1.71,2.15,113,769,-64.00,-64.00,-64.00,-64.00,-64.00,-64.00,13,5,-46.22,6.92,60.00,31.00,1,0,0.01,0.01,0.30,0.02,0.00,0.00,0,0,0,
1754586299800,0,0,0,39,0,0,0.00,2.18,0.76,90,736,-64.00,-64.00,-64.00,-64.00,-64.00,-64.00,12,5,-46.22,6.92,37.50,33.00,1,0,0.00,0.01,0.30,0.02,0.00,0.00,0,0,0,
1754586300800,0,0,0,39,0,0,0.00,0.00,0.06,5,110,-64.00,-64.00,-64.00,-64.00,-64.00,-64.00,13,5,-46.22,6.92,39.50,33.00,1,1,0.00,0.00,0.30,0.02,0.00,0.00,1,0,0,
1754586301800,0,0,0,39,0,0,0.00,0.74,0.78,75,411,-64.00,-64.00,-64.00,-64.00,-64.00,-64.00,12,5,-46.22,6.92,39.50,32.00,2,0,0.00,0.00,0.30,0.02,0.00,0.00,0,0,0,
1754586302800,0,0,0,39,0,0,0.00,0.74,0.78,75,426,-64.00,-64.00,-64.00,-64.00,-64.00,-64.00,13,5,-46.22,6.92,39.00,32.00,2,0,0.00,0.00,0.30,0.02,0.00,0.00,0,0,0,
1754586303800,0,0,0,39,1,1,0.00,1.49,1.53,110,1050,-64.00,-64.00,-64.00,-64.00,-64.00,-64.00,12,5,-46.22,6.92,38.50,34.00,2,0,0.00,0.00,0.30,0.02,0.00,0.00,0,0,0,
1754586304800,0,0,0,39,0,0,0.00,2.18,0.80,81,719,-64.15,-65.00,-64.00,-64.00,-64.00,-64.00,13,5,-46.37,6.92,38.00,35.00,1,1,0.00,0.00,0.30,0.02,0.00,0.00,1,0,0,
1754586305800,0,0,0,39,0,0,0.00,2.18,0.82,81,736,-64.25,-65.00,-64.50,-64.00,-64.00,-64.00,12,5,-46.47,6.91,37.50,35.00,0,1,0.00,0.00,0.30,0.02,0.00,0.00,1,0,0,
1754586306800,0,0,0,39,0,0,134.00,1.46,0.82,65,744,-64.00,-64.00,-64.00,-64.00,-64.00,-64.00,13,5,-46.22,6.92,39.00,33.00,0,0,0.00,0.00,0.30,0.02,0.00,0.00,0,0,0,
1754586307800,0,0,0,39,0,0,489.00,1.46,0.85,65,744,-64.00,-64.00,-64.00,-64.00,-64.00,-64.00,12,5,-46.22,6.92,40.50,32.00,1,0,0.00,0.00,0.30,0.02,0.00,0.00,0,0,0,
1754586308800,0,0,0,39,0,0,452.00,0.74,0.78,40,729,-64.00,-64.00,-64.00,-64.00,-64.00,-64.00,13,5,-46.22,6.92,40.50,32.00,1,0,0.00,0.00,0.30,0.02,0.00,0.00,0,0,0,
1754586309800,0,0,0,39,0,0,509.00,0.74,0.80,40,714,-64.00,-64.00,-64.00,-64.00,-64.00,-64.00,12,106,-32.96,205.86,18.50,30.00,0,0,0.00,0.00,0.30,0.02,0.00,0.00,0,0,0,
1754586310800,0,0,0,39,0,0,498.00,2.18,0.82,90,751,-64.00,-64.00,-64.00,-64.00,-64.00,-64.00,13,106,-32.96,205.86,19.00,27.00,0,0,0.00,0.00,0.30,0.02,0.00,0.00,0,0,0,
1754586311800,0,0,0,39,0,0,0.00,1.44,0.06,46,115,-64.00,-64.00,-64.00,-64.00,-64.00,-64.00,12,5,-46.22,6.92,39.00,27.00,0,0,0.00,0.00,0.30,0.02,0.00,0.00,0,0,0,
1754586312800,0,0,0,39,0,0,0.00,2.18,0.82,90,754,-64.00,-64.00,-64.00,-64.00,-64.00,-64.00,13,5,-46.22,6.92,39.50,30.00,0,1,0.00,0.00,0.30,0.02,0.00,0.00,1,0,0,
1754586313800,0,0,0,39,0,0,0.00,0.74,0.89,80,789,-63.92,-64.00,-64.00,-64.00,-64.00,-63.00,12,5,-46.14,6.93,40.00,30.00,0,0,0.00,0.00,0.30,0.02,0.00,0.00,0,0,0,
1754586314800,0,0,0,39,7,1,0.00,7.50,2.06,310,739,-64.00,-64.00,-64.00,-64.00,-64.00,-64.00,13,5,-46.22,6.92,40.00,30.00,0,1,0.00,0.00,0.30,0.02,0.00,0.00,1,0,0,
1754586315800,0,0,0,39,0,0,0.00,2.18,0.82,90,749,-64.00,-64.00,-64.00,-64.00,-64.00,-64.00,12,5,-46.22,6.92,39.50,27.00,0,1,0.00,0.00,0.30,0.02,0.00,0.00,1,0,0,
1754586316800,0,0,0,39,0,0,0.00,2.18,0.82,90,766,-64.00,-64.00,-64.00,-64.00,-64.00,-64.00,13,5,-46.22,6.92,39.50,25.00,0,1,0.00,0.00,0.30,0.02,0.00,0.00,1,0,0,
1754586317800,0,0,0,39,0,0,0.00,2.18,0.82,90,764,-64.00,-64.00,-64.00,-64.00,-64.00,-64.00,12,5,-46.22,6.92,39.00,27.00,0,1,0.00,0.00,0.30,0.02,0.00,0.00,1,0,0,
1754586318800,0,0,0,39,0,0,0.00,2.18,0.87,90,754,-64.00,-64.00,-64.00,-64.00,-64.00,-64.00,13,5,-46.22,6.92,38.50,30.00,0,1,0.00,0.00,0.30,0.02,0.00,0.00,1,0,0,
1754586319800,0,0,0,39,0,0,0.00,0.74,0.74,40,749,-64.00,-64.00,-64.00,-64.00,-64.00,-64.00,12,5,-46.22,6.92,39.50,33.00,0,0,0.00,0.00,0.30,0.02,0.00,0.00,0,0,0,
1754586320800,0,0,0,39,0,0,0.00,0.74,0.82,31,749,-64.00,-64.00,-64.00,-64.00,-64.00,-64.00,13,5,-46.22,6.92,39.50,29.00,0,1,0.00,0.00,0.30,0.02,0.00,0.00,1,0,0,
1754586321800,0,0,0,39,0,0,0.00,2.18,0.82,45,771,-64.00,-64.00,-64.00,-64.00,-64.00,-64.00,12,5,-46.22,6.92,39.00,30.00,0,2,0.00,0.00,0.30,0.02,0.00,0.00,2,0,0,
1754586322800,0,0,0,39,0,0,0.00,2.18,0.82,47,774,-64.00,-64.00,-64.00,-64.00,-64.00,-64.00,13,5,-46.22,6.92,39.00,27.00,0,3,0.00,0.00,0.30,0.02,0.00,0.00,3,0,0,
1754586323800,0,0,0,39,0,0,0.00,2.18,0.82,30,774,-64.00,-64.00,-64.00,-64.00,-64.00,-64.00,12,5,-46.22,6.92,39.00,26.00,0,4,0.00,0.00,0.30,0.02,0.00,0.00,3,0,0,
1754586324800,0,0,0,39,0,0,0.00,0.74,0.78,20,759,-64.00,-64.00,-64.00,-64.00,-64.00,-64.00,13,5,-46.22,6.92,39.50,27.00,0,5,0.00,0.00,0.30,0.02,0.00,0.00,4,0,0,
1754586325800,0,0,0,39,0,0,0.00,0.74,0.82,20,759,-64.00,-64.00,-64.00,-64.00,-64.00,-64.00,12,5,-46.22,6.92,39.50,27.00,0,6,0.00,0.00,0.30,0.02,0.00,0.00,4,0,0,
1754586326800,0,0,0,39,0,0,0.00,2.18,0.82,30,769,-64.00,-64.00,-64.00,-64.00,-64.00,-64.00,13,5,-46.22,6.92,38.50,30.00,0,8,0.00,0.00,0.30,0.02,0.00,0.00,5,0,0,
1754586327800,0,0,0,39,0,0,0.00,2.18,0.82,30,784,-64.00,-64.00,-64.00,-64.00,-64.00,-64.00,12,5,-46.22,6.92,39.50,32.00,0,8,0.00,0.00,0.30,0.02,0.00,0.00,5,0,0,
1754586328800,0,0,0,39,0,0,0.00,2.18,0.82,34,784,-64.08,-65.00,-64.00,-64.00,-64.00,-64.00,13,5,-46.30,6.92,38.00,32.00,0,6,0.00,0.00,0.30,0.02,0.00,0.00,4,0,0,
1754586329800,0,0,0,39,0,0,0.00,0.74,0.78,24,769,-64.00,-64.00,-64.00,-64.00,-64.00,-64.00,12,5,-46.22,6.92,39.50,33.00,0,6,0.00,0.00,0.30,0.02,0.00,0.00,4,0,0,
1754586330800,0,0,0,39,0,0,0.00,0.74,0.90,20,769,-64.23,-65.00,-64.00,-64.00,-64.00,-64.00,13,5,-46.45,6.91,38.00,33.00,0,4,0.00,0.00,0.30,0.02,0.00,0.00,3,0,0,
1754586331800,0,0,0,39,0,0,0.00,2.18,0.79,45,779,-64.00,-64.00,-64.00,-64.00,-64.00,-64.00,12,5,-46.22,6.92,39.00,32.00,0,2,0.00,0.00,0.30,0.02,0.00,0.00,2,0,0,
1754586332800,0,0,0,39,0,0,0.00,2.18,0.82,42,791,-64.08,-65.00,-64.00,-64.00,-64.00,-64.00,13,5,-46.30,6.92,40.00,32.00,0,3,0.00,0.00,0.30,0.02,0.00,0.00,3,0,0,
1754586333800,0,0,0,39,0,0,0.00,2.18,0.82,63,794,-64.00,-64.00,-64.00,-64.00,-64.00,-64.00,12,5,-46.22,6.92,39.00,33.00,0,1,0.00,0.00,0.30,0.02,0.00,0.00,1,0,0,
1754586334800,0,0,0,39,0,0,0.00,0.74,0.78,31,779,-64.00,-64.00,-64.00,-64.00,-64.00,-64.00,13,5,-46.22,6.92,39.00,33.00,0,1,0.00,0.00,0.30,0.02,0.00,0.00,1,0,0,
1754586335800,0,0,0,39,0,0,0.00,0.74,1.22,40,779,-64.00,-64.00,-64.00,-64.00,-64.00,-64.00,12,5,-46.22,6.92,38.00,32.00,1,0,0.00,0.00,0.30,0.02,0.00,0.00,0,0,0,
1754586336800,0,0,0,39,0,0,0.00,2.18,0.66,125,789,-64.00,-64.00,-64.00,-64.00,-64.00,-64.00,13,5,-46.22,6.92,39.00,32.00,0,0,0.00,0.00,0.30,0.02,0.00,0.00,0,0,0,
1754586337800,0,0,0,39,0,0,0.00,2.18,0.86,81,801,-64.17,-65.00,-64.00,-64.00,-64.00,-64.00,12,5,-46.39,6.92,39.50,33.00,0,1,0.00,0.00,0.30,0.02,0.00,0.00,1,0,0,
1754586338800,0,0,0,39,0,0,0.00,2.18,0.86,90,804,-64.08,-65.00,-64.00,-64.00,-64.00,-64.00,13,5,-46.30,6.92,39.00,35.00,0,0,0.00,0.00,0.30,0.02,0.00,0.00,0,0,0,
1754586339800,0,0,0,39,3,2,0.00,3.35,2.55,187,789,-64.17,-65.00,-64.00,-64.00,-64.00,-64.00,12,5,-46.39,6.92,38.50,34.00,0,0,0.00,0.00,0.30,0.02,0.00,0.00,0,0,0,
1754586340800,0,0,0,39,0,0,0.00,0.74,0.89,40,789,-64.08,-65.00,-64.00,-64.00,-64.00,-64.00,13,5,-46.30,6.92,40.00,33.00,0,0,0.00,0.00,0.30,0.02,0.00,0.00,0,0,0,
1754586341800,0,0,0,39,0,0,0.00,2.18,0.76,90,774,-64.00,-64.00,-64.00,-64.00,-64.00,-64.00,12,5,-46.22,6.92,38.00,32.00,0,0,0.00,0.00,0.30,0.02,0.00,0.00,0,0,0,
1754586342800,0,0,0,39,6,1,0.00,6.30,2.19,317,486,-64.00,-64.00,-64.00,-64.00,-64.00,-64.00,13,5,-46.22,6.92,37.00,32.00,0,0,0.00,0.00,0.30,0.02,0.00,0.00,0,0,0,
1754586343800,0,0,0,39,0,0,0.00,2.18,0.75,90,789,-64.00,-64.00,-64.00,-64.00,-64.00,-64.00,12,5,-46.22,6.92,38.00,31.00,0,0,0.00,0.00,0.30,0.02,0.00,0.00,0,0,0,
1754586344800,0,0,0,39,0,0,0.00,0.74,0.85,75,471,-64.00,-64.00,-64.00,-64.00,-64.00,-64.00,13,5,-46.22,6.92,39.00,30.00,0,0,0.00,0.00,0.30,0.02,0.00,0.00,0,0,0,
1754586345800,0,0,0,39,0,0,0.00,0.74,0.82,75,456,-64.00,-64.00,-64.00,-64.00,-64.00,-64.00,12,5,-46.22,6.92,39.00,29.00,1,0,0.00,0.00,0.30,0.02,0.00,0.00,0,0,0,
1754586346800,0,0,0,39,0,0,0.00,0.74,0.82,75,471,-64.00,-64.00,-64.00,-64.00,-64.00,-64.00,13,5,-46.22,6.92,40.00,30.00,1,0,0.00,0.00,0.30,0.02,0.00,0.00,0,0,0,
1754586347800,0,0,0,39,0,0,0.00,0.74,0.82,75,471,-64.00,-64.00,-64.00,-64.00,-64.00,-64.00,12,5,-46.22,6.92,41.00,30.00,1,0,0.00,0.00,0.30,0.02,0.00,0.00,0,0,0,
1754586348800,0,0,0,39,0,0,0.00,0.74,0.82,75,471,-64.00,-64.00,-64.00,-64.00,-64.00,-64.00,13,5,-46.22,6.92,39.00,31.00,1,0,0.00,0.00,0.30,0.02,0.00,0.00,0,0,0,
1754586349800,0,0,0,39,0,0,0.00,0.74,0.82,75,471,-64.00,-64.00,-64.00,-64.00,-64.00,-64.00,12,5,-46.22,6.92,38.00,29.00,1,0,0.00,0.00,0.30,0.02,0.00,0.00,0,0,0,
1754586350800,0,0,0,39,0,0,0.00,0.74,0.82,75,456,-64.00,-64.00,-64.00,-64.00,-64.00,-64.00,13,5,-46.22,6.92,40.00,33.00,2,0,0.00,0.00,0.30,0.02,0.00,0.00,0,0,0,
1754586351800,0,0,0,39,0,0,0.00,0.74,0.82,75,471,-64.00,-64.00,-64.00,-64.00,-64.00,-64.00,12,5,-46.22,6.92,39.50,29.00,2,0,0.00,0.00,0.30,0.02,0.00,0.00,0,0,0,
1754586352800,0,0,0,39,1,1,0.00,1.46,1.48,60,461,-64.00,-64.00,-64.00,-64.00,-64.00,-64.00,13,5,-46.22,6.92,38.50,32.00,2,0,0.00,0.00,0.30,0.02,0.00,0.00,0,0,0,
1754586353800,0,0,0,39,0,0,0.00,0.74,0.78,80,699,-64.00,-64.00,-64.00,-64.00,-64.00,-64.00,12,5,-46.22,6.92,39.00,32.00,2,0,0.00,0.00,0.30,0.02,0.00,0.00,0,0,0,
1754586354800,0,0,0,39,0,0,0.00,0.74,0.78,40,716,-64.00,-64.00,-64.00,-64.00,-64.00,-64.00,13,5,-46.22,6.92,39.50,32.00,0,0,0.00,0.00,0.29,0.02,0.00,0.00,0,0,0,
1754586355800,0,0,0,39,0,0,0.00,0.74,0.74,75,391,-64.00,-64.00,-64.00,-64.00,-64.00,-64.00,12,5,-46.22,6.92,40.00,29.00,1,0,0.00,0.00,0.29,0.02,0.00,0.00,0,0,0,
1754586356800,0,0,0,39,0,0,98.00,0.74,0.78,40,714,-64.00,-64.00,-64.00,-64.00,-64.00,-64.00,13,5,-46.22,6.92,39.00,27.00,1,0,0.00,0.00,0.29,0.02,0.00,0.00,0,0,0,
1754586357800,0,0,0,39,0,0,77.00,0.74,0.82,40,704,-64.00,-64.00,-64.00,-64.00,-64.00,-64.00,12,5,-46.22,6.92,39.50,30.00,1,0,0.00,0.00,0.29,0.02,0.00,0.00,0,0,0,
1754586358800,0,0,0,39,0,0,501.00,0.74,0.78,40,709,-63.92,-64.00,-64.00,-64.00,-64.00,-63.00,13,5,-46.14,6.93,40.00,29.00,1,0,0.00,0.00,0.29,0.02,0.00,0.00,0,0,0,
1754586359800,0,0,0,39,0,0,0.00,0.00,0.00,5,70,-64.00,-64.00,-64.00,-64.00,-64.00,-64.00,12,5,-46.22,6.92,39.50,30.00,1,0,0.00,0.00,0.29,0.02,0.00,0.00,0,0,0,
1754586360800,0,0,0,39,0,0,0.00,2.18,0.82,90,756,-64.00,-64.00,-64.00,-64.00,-64.00,-64.00,13,5,-46.22,6.92,40.00,27.00,1,1,0.00,0.00,0.29,0.02,0.00,0.00,1,0,0,
1754586361800,0,0,0,39,0,0,0.00,0.74,0.78,75,426,-64.00,-64.00,-64.00,-64.00,-64.00,-64.00,12,5,-46.22,6.92,38.50,25.00,1,0,0.00,0.00,0.29,0.02,0.00,0.00,0,0,0,
1754586362800,0,0,0,39,0,0,0.00,0.74,0.83,35,401,-64.00,-64.00,-64.00,-64.00,-64.00,-64.00,13,5,-46.22,6.92,38.50,28.00,0,0,0.00,0.00,0.29,0.02,0.00,0.00,0,0,0,
1754586363800,0,0,0,39,0,0,0.00,0.74,0.74,40,719,-63.83,-64.00,-64.00,-64.00,-64.00,-63.00,12,5,-46.05,6.93,39.00,28.00,0,0,0.00,0.00,0.29,0.02,0.00,0.00,0,0,0,
1754586364800,0,0,0,39,0,0,0.00,0.74,0.82,80,719,-63.77,-64.00,-64.00,-64.00,-64.00,-63.00,13,5,-45.99,6.93,38.50,30.00,1,0,0.00,0.00,0.29,0.02,0.00,0.00,0,0,0,
1754586365800,0,0,0,39,0,0,0.00,2.18,0.82,81,729,-64.00,-64.00,-64.00,-64.00,-64.00,-64.00,12,5,-46.22,6.92,39.50,27.00,1,1,0.00,0.00,0.29,0.02,0.00,0.00,1,0,0,
1754586366800,0,0,0,39,0,0,0.00,2.18,0.82,90,744,-64.00,-64.00,-64.00,-64.00,-64.00,-64.00,13,5,-46.22,6.92,39.50,29.00,1,1,0.00,0.00,0.29,0.02,0.00,0.00,1,0,0,
1754586367800,0,0,0,39,0,0,0.00,2.18,0.82,90,744,-64.00,-64.00,-64.00,-64.00,-64.00,-64.00,12,5,-46.22,6.92,39.00,25.00,1,1,0.00,0.00,0.29,0.02,0.00,0.00,1,0,0,
1754586368800,0,0,0,39,0,0,0.00,0.74,0.78,40,729,-64.00,-64.00,-64.00,-64.00,-64.00,-64.00,13,5,-46.22,6.92,39.50,32.00,0,0,0.00,0.00,0.29,0.02,0.00,0.00,0,0,0,
1754586369800,0,0,0,39,0,0,0.00,0.74,0.82,40,729,-63.92,-64.00,-64.00,-64.00,-64.00,-63.00,12,5,-46.14,6.93,39.00,26.00,1,0,0.00,0.00,0.29,0.02,0.00,0.00,0,0,0,
1754586370800,0,0,0,39,0,0,0.00,2.18,0.82,90,739,-63.85,-64.00,-64.00,-64.00,-64.00,-63.00,13,5,-46.06,6.93,39.00,27.00,1,0,0.00,0.00,0.29,0.02,0.00,0.00,0,0,0,
1754586371800,0,0,0,39,0,0,0.00,2.18,0.82,57,751,-63.92,-64.00,-64.00,-64.00,-64.00,-63.00,12,5,-46.14,6.93,40.00,27.00,1,2,0.00,0.00,0.29,0.02,0.00,0.00,2,0,0,
1754586372800,0,0,0,39,0,0,0.00,2.18,0.82,88,754,-63.85,-64.00,-64.00,-64.00,-64.00,-63.00,13,5,-46.06,6.93,39.50,27.00,1,1,0.00,0.00,0.29,0.02,0.00,0.00,1,0,0,
1754586373800,0,0,0,39,0,0,0.00,0.74,0.89,25,739,-63.83,-64.00,-64.00,-64.00,-64.00,-63.00,12,5,-46.05,6.93,40.00,27.00,0,2,0.00,0.00,0.29,0.02,0.00,0.00,2,0,0,
1754586374800,0,0,0,39,0,0,0.00,0.74,0.76,22,739,-63.69,-64.00,-64.00,-64.00,-63.00,-63.00,13,5,-45.91,6.94,39.50,27.00,1,3,0.00,0.00,0.29,0.02,0.00,0.00,3,0,0,
1754586375800,0,0,0,39,0,0,0.00,2.18,0.82,38,749,-63.58,-64.00,-64.00,-64.00,-63.00,-63.00,12,5,-45.80,6.94,39.50,27.00,1,5,0.00,0.00,0.29,0.02,0.00,0.00,4,0,0,
1754586376800,0,0,0,39,0,0,0.00,2.18,0.82,30,766,-63.54,-64.00,-64.00,-64.00,-63.00,-63.00,13,5,-45.76,6.94,40.50,27.00,1,5,0.00,0.00,0.29,0.02,0.00,0.00,4,0,0,
1754586377800,0,0,0,39,0,0,0.00,2.18,0.82,30,764,-63.75,-64.00,-64.00,-64.00,-63.50,-63.00,12,5,-45.97,6.93,39.00,26.00,1,5,0.00,0.00,0.29,0.02,0.00,0.00,4,0,0,
1754586378800,0,0,0,39,0,0,0.00,0.74,0.89,20,744,-64.00,-64.00,-64.00,-64.00,-64.00,-64.00,13,5,-46.22,6.92,39.00,30.00,0,4,0.00,0.00,0.29,0.02,0.00,0.00,3,0,0,
1754586379800,1,52,0,39,0,0,0.00,0.74,0.72,28,749,-64.00,-64.00,-64.00,-64.00,-64.00,-64.00,10,5,-46.22,6.92,39.00,26.00,0,4,0.00,0.00,0.29,0.02,0.00,0.00,3,0,0,
1754586380800,1,52,0,39,0,0,0.00,0.00,0.22,71,1340,,,,,,,0,21,,0.00,31.00,33.00,0,2,0.20,0.00,0.29,0.02,0.00,0.00,2,0,0,
1754586381800,1,52,0,39,0,0,0.00,0.16,0.42,151,1280,,,,,,,0,21,,0.00,29.00,31.00,0,0,0.28,0.00,0.29,0.02,0.00,0.00,0,0,0,
1754586382800,1,52,0,39,0,0,0.00,0.00,0.00,239,50,,,,,,,0,5,,0.00,37.00,30.00,0,0,0.13,0.00,0.29,0.02,0.00,0.00,0,0,0,
1754586383800,1,52,0,39,0,0,0.00,0.41,0.83,278,1327,,,,,,,0,21,,0.00,32.50,32.00,0,0,0.15,0.00,0.29,0.02,0.00,0.00,0,0,0,
1754586384800,1,52,0,39,0,0,0.00,5.84,0.00,334,1290,,,,,,,0,5,,0.00,38.50,29.00,0,2,0.28,0.02,0.29,0.02,0.00,0.00,2,0,0,
1754586385800,1,52,0,39,0,0,0.00,13.95,0.30,240,50,,,,,,,0,5,,0.00,34.50,27.00,0,0,0.10,0.01,0.29,0.02,0.00,0.00,0,0,0,
1754586386800,1,52,0,39,0,0,0.00,3.14,0.69,211,50,,,,,,,0,5,,0.00,36.50,29.00,0,0,0.03,0.00,0.29,0.02,0.00,0.00,0,0,0,
1754586387800,1,52,0,39,0,0,345605.00,2.30,0.73,364,1332,,,,,,,0,5,,0.00,38.50,34.00,0,0,0.09,0.00,0.30,0.02,0.00,0.00,0,0,0,
1754586388800,1,52,0,39,0,0,0.00,0.14,0.40,242,1285,,,,,,,0,5,,0.00,39.00,33.00,0,1,0.27,0.00,0.30,0.02,0.00,0.00,1,0,0,
1754586389800,1,52,0,39,0,0,0.00,0.54,0.21,85,50,,,,,,,0,5,,0.00,37.50,34.00,0,0,0.09,0.00,0.30,0.02,0.00,0.00,0,0,0,
1754586390800,1,52,0,39,0,0,0.00,3.28,0.69,223,50,,,,,,,0,5,,0.00,38.00,30.00,0,0,0.03,0.00,0.30,0.02,0.00,0.00,0,0,0,
1754586391800,1,52,0,39,0,0,0.00,0.86,0.83,200,681,,,,,,,0,21,,0.00,30.50,34.00,0,1,0.02,0.00,0.30,0.02,0.00,0.00,1,0,0,
1754586392800,1,52,0,39,0,0,0.00,1.73,0.40,372,1936,,,,,,,0,5,,0.00,38.50,30.00,0,0,0.19,0.00,0.30,0.02,0.00,0.00,0,0,0,
1754586393800,1,52,0,39,0,0,0.00,0.35,0.10,104,50,,,,,,,0,5,,0.00,37.50,29.00,0,0,0.10,0.00,0.30,0.02,0.00,0.00,0,0,0,
1754586394800,1,52,0,39,0,0,0.00,3.62,0.70,254,50,,,,,,,0,5,,0.00,38.50,30.00,0,0,0.04,0.00,0.30,0.02,0.00,0.00,0,0,0,
1754586395800,1,52,0,39,0,0,0.00,1.46,0.92,268,686,,,,,,,0,21,,0.00,31.00,30.00,0,1,0.02,0.00,0.30,0.02,0.00,0.00,1,0,0,
1754586396800,1,52,0,39,0,0,0.00,1.81,0.40,318,1936,,,,,,,0,5,,0.00,38.50,35.00,0,0,0.19,0.00,0.30,0.02,0.00,0.00,0,0,0,
1754586397800,1,52,0,39,0,0,0.00,0.00,0.00,129,50,,,,,,,0,5,,0.00,39.00,32.00,0,0,0.10,0.00,0.30,0.02,0.00,0.00,0,0,0,
1754586398800,1,52,0,39,0,0,0.00,8.47,0.69,493,50,,,,,,,0,5,,0.00,38.50,33.00,0,1,0.04,0.00,0.30,0.02,0.00,0.00,1,0,0,
1754586399800,1,52,0,39,0,0,0.00,1.66,1.00,263,686,,,,,,,0,21,,0.00,30.50,33.00,0,1,0.02,0.00,0.30,0.02,0.00,0.00,1,0,0,
1754586400800,1,52,0,39,0,0,0.00,1.82,0.40,263,1312,,,,,,,0,5,,0.00,39.00,33.00,0,1,0.14,0.00,0.30,0.02,0.00,0.00,1,0,0,
1754586401800,1,52,0,39,8,8,0.00,17.38,8.36,911,1912,,,,,,,0,5,,0.00,38.00,33.00,0,0,0.17,0.02,0.30,0.02,0.00,0.00,0,0,0,
1754586402800,1,52,0,39,0,0,0.00,4.56,0.83,305,691,,,,,,,0,21,,0.00,31.50,35.00,0,0,0.06,0.04,0.30,0.02,0.00,0.00,0,0,0,
1754586403800,1,52,0,39,0,0,0.00,0.00,0.00,243,676,,,,,,,0,5,,0.00,38.00,32.00,0,0,0.13,0.03,0.30,0.02,0.00,0.00,0,0,0,
1754586404800,1,52,0,39,0,0,0.00,2.86,0.69,280,691,,,,,,,0,21,,0.00,32.50,33.00,0,1,0.05,0.01,0.30,0.02,0.00,0.00,1,0,0,
1754586405800,0,0,0,39,0,0,0.00,0.27,0.82,207,1312,,,,,,,0,21,,0.00,30.50,32.00,0,1,0.17,0.01,0.30,0.02,0.00,0.00,1,0,0,
1754586406800,0,0,0,39,2,2,0.00,15.40,4.22,690,2024,-64.00,-64.00,-64.00,-64.00,-64.00,-64.00,10,5,-46.22,6.92,37.50,33.00,0,2,0.09,0.01,0.30,0.02,0.00,0.00,2,0,0,
1754586407800,0,0,0,39,0,0,495.00,15.14,0.77,718,466,-64.00,-64.00,-64.00,-64.00,-64.00,-64.00,12,5,-46.22,6.92,38.50,33.00,1,0,0.04,0.00,0.30,0.02,0.00,0.00,0,0,0,
1754586408800,0,0,0,39,0,0,5.00,1.46,0.80,105,774,-64.00,-64.00,-64.00,-64.00,-64.00,-64.00,13,5,-46.22,6.92,38.50,34.00,0,0,0.01,0.00,0.30,0.02,0.00,0.00,0,0,0,
1754586409800,0,0,0,39,0,0,157.00,2.18,0.82,90,784,-64.17,-65.00,-64.00,-64.00,-64.00,-64.00,12,5,-46.39,6.92,39.50,32.00,0,0,0.01,0.00,0.30,0.02,0.00,0.00,0,0,0,
1754586410800,0,0,0,39,0,0,114.00,1.46,0.85,65,784,-64.00,-64.00,-64.00,-64.00,-64.00,-64.00,13,5,-46.22,6.92,39.50,33.00,1,0,0.00,0.00,0.30,0.02,0.00,0.00,0,0,0,
1754586411800,0,0,0,39,0,0,45.00,0.74,0.76,80,754,-64.00,-64.00,-64.00,-64.00,-64.00,-64.00,12,106,-32.96,205.86,19.50,32.00,1,0,0.00,0.00,0.30,0.02,0.00,0.00,0,0,0,
1754586412800,0,0,0,39,0,0,0.00,0.00,0.14,5,463,-64.00,-64.00,-64.00,-64.00,-64.00,-64.00,13,5,-46.22,6.92,39.00,35.00,0,0,0.00,0.00,0.30,0.02,0.00,0.00,0,0,0,
1754586413800,0,0,0,39,0,0,0.00,2.18,0.79,121,461,-64.00,-64.00,-64.00,-64.00,-64.00,-64.00,12,5,-46.22,6.92,40.00,32.00,0,0,0.00,0.00,0.30,0.02,0.00,0.00,0,0,0,
1754586414800,0,0,0,39,0,0,0.00,2.18,0.82,90,794,-64.08,-65.00,-64.00,-64.00,-64.00,-64.00,13,5,-46.30,6.92,38.50,29.00,0,1,0.00,0.00,0.30,0.02,0.00,0.00,1,0,0,
1754586415800,0,0,0,39,0,0,0.00,2.18,0.82,90,794,-64.17,-65.00,-64.00,-64.00,-64.00,-64.00,12,5,-46.39,6.92,39.50,31.00,0,1,0.00,0.00,0.30,0.02,0.00,0.00,1,0,0,
1754586416800,0,0,0,39,0,0,0.00,0.74,0.78,80,779,-64.00,-64.00,-64.00,-64.00,-64.00,-64.00,13,5,-46.22,6.92,40.00,28.00,0,0,0.00,0.00,0.30,0.02,0.00,0.00,0,0,0,
1754586417800,0,0,0,39,0,0,0.00,0.74,1.22,40,779,-64.17,-65.00,-64.00,-64.00,-64.00,-64.00,12,5,-46.39,6.92,39.00,29.00,0,0,0.00,0.00,0.30,0.02,0.00,0.00,0,0,0,
1754586418800,0,0,0,39,0,0,0.00,2.18,0.66,125,789,-64.00,-64.00,-64.00,-64.00,-64.00,-64.00,13,5,-46.22,6.92,39.00,29.00,0,0,0.00,0.00,0.30,0.02,0.00,0.00,0,0,0,
1754586419800,0,0,0,39,0,0,0.00,2.18,0.86,130,804,-64.00,-64.00,-64.00,-64.00,-64.00,-64.00,12,5,-46.22,6.92,40.00,30.00,0,1,0.00,0.00,0.30,0.02,0.00,0.00,1,0,0,
1754586420800,0,0,0,39,0,0,0.00,2.18,0.86,130,779,-64.62,-72.00,-64.00,-64.00,-64.00,-64.00,13,5,-46.83,6.90,39.50,31.00,0,1,0.06,0.00,0.30,0.02,0.00,0.00,1,0,0,
1754586421800,0,0,0,39,0,0,0.00,2.18,0.76,90,804,-64.00,-64.00,-64.00,-64.00,-64.00,-64.00,12,5,-46.22,6.92,39.00,27.00,0,1,0.02,0.00,0.30,0.02,0.00,0.00,1,0,0,
1754586422800,0,0,0,39,0,0,0.00,0.74,0.85,35,471,-63.85,-64.00,-64.00,-64.00,-64.00,-63.00,13,5,-46.06,6.93,39.00,27.00,0,0,0.01,0.00,0.30,0.02,0.00,0.00,0,0,0,
1754586423800,0,0,0,39,0,0,0.00,2.18,0.76,81,774,-63.83,-64.00,-64.00,-64.00,-64.00,-63.00,12,5,-46.05,6.93,39.00,28.00,0,0,0.00,0.00,0.30,0.02,0.00,0.00,0,0,0,
1754586424800,0,0,0,39,0,0,0.00,0.74,0.86,75,486,-63.77,-64.00,-64.00,-64.00,-64.00,-63.00,13,5,-45.99,6.93,39.00,27.00,0,0,0.00,0.00,0.30,0.02,0.00,0.00,0,0,0,
1754586425800,0,0,0,39,0,0,0.00,2.18,0.75,130,789,-64.00,-64.00,-64.00,-64.00,-64.00,-64.00,12,5,-46.22,6.92,38.50,28.00,0,1,0.00,0.00,0.30,0.02,0.00,0.00,1,0,0,
1754586426800,0,0,0,39,0,0,0.00,0.74,0.85,35,471,-63.92,-64.00,-64.00,-64.00,-64.00,-63.00,13,5,-46.14,6.93,39.00,27.00,0,0,0.00,0.00,0.30,0.02,0.00,0.00,0,0,0,
1754586427800,0,0,0,39,0,0,0.00,0.74,0.82,75,456,-64.00,-64.00,-64.00,-64.00,-64.00,-64.00,12,5,-46.22,6.92,38.00,28.00,0,0,0.00,0.00,0.30,0.02,0.00,0.00,0,0,0,
1754586428800,0,0,0,39,0,0,0.00,0.74,0.82,75,471,-63.92,-64.00,-64.00,-64.00,-64.00,-63.00,13,5,-46.14,6.93,39.00,25.00,0,0,0.00,0.00,0.30,0.02,0.00,0.00,0,0,0,
1754586429800,0,0,0,39,0,0,0.00,0.74,0.82,75,471,-64.00,-64.00,-64.00,-64.00,-64.00,-64.00,12,5,-46.22,6.92,38.00,26.00,0,0,0.00,0.00,0.30,0.02,0.00,0.00,0,0,0,
1754586430800,0,0,0,39,0,0,0.00,0.74,0.82,75,471,-64.00,-64.00,-64.00,-64.00,-64.00,-64.00,13,5,-46.22,6.92,39.00,27.00,0,0,0.00,0.00,0.30,0.02,0.00,0.00,0,0,0,
1754586431800,0,0,0,39,0,0,0.00,0.74,0.82,75,471,-64.00,-64.00,-64.00,-64.00,-64.00,-64.00,12,5,-46.22,6.92,39.00,33.00,0,0,0.00,0.00,0.30,0.02,0.00,0.00,0,0,0,
1754586432800,0,0,0,39,0,0,0.00,0.74,0.82,75,456,-64.00,-64.00,-64.00,-64.00,-64.00,-64.00,13,5,-46.22,6.92,39.00,31.00,0,0,0.00,0.00,0.30,0.02,0.00,0.00,0,0,0,
1754586433800,0,0,0,39,0,0,0.00,0.74,0.82,35,471,-64.00,-64.00,-64.00,-64.00,-64.00,-64.00,12,5,-46.22,6.92,39.00,31.00,0,0,0.00,0.00,0.30,0.02,0.00,0.00,0,0,0,
1754586434800,0,0,0,39,1,1,0.00,1.50,1.48,129,421,-64.00,-64.00,-64.00,-64.00,-64.00,-64.00,13,5,-46.22,6.92,38.00,33.00,0,1,0.00,0.00,0.30,0.02,0.00,0.00,1,0,0,
1754586435800,0,0,0,39,0,0,0.00,0.74,0.78,40,699,-64.00,-64.00,-64.00,-64.00,-64.00,-64.00,12,5,-46.22,6.92,38.50,32.00,0,0,0.00,0.00,0.30,0.02,0.00,0.00,0,0,0,
1754586436800,0,0,0,39,0,0,0.00,0.74,0.78,40,716,-64.00,-64.00,-64.00,-64.00,-64.00,-64.00,13,5,-46.22,6.92,39.50,32.00,0,0,0.00,0.00,0.30,0.02,0.00,0.00,0,0,0,
1754586437800,0,0,0,39,0,0,0.00,0.74,0.74,75,391,-64.00,-64.00,-64.00,-64.00,-64.00,-64.00,12,5,-46.22,6.92,38.00,35.00,0,0,0.00,0.00,0.30,0.02,0.00,0.00,0,0,0,
1754586438800,0,0,0,39,0,0,0.00,0.74,0.78,40,714,-64.00,-64.00,-64.00,-64.00,-64.00,-64.00,13,5,-46.22,6.92,39.00,33.00,0,0,0.00,0.00,0.30,0.02,0.00,0.00,0,0,0,
1754586439800,0,0,0,39,0,0,0.00,0.74,0.82,40,709,-64.00,-64.00,-64.00,-64.00,-64.00,-64.00,12,5,-46.22,6.92,60.00,32.00,0,0,0.00,0.00,0.30,0.02,0.00,0.00,0,0,0,
1754586440800,0,0,0,39,0,0,0.00,2.18,0.78,130,729,-64.00,-64.00,-64.00,-64.00,-64.00,-64.00,13,5,-46.22,6.92,38.50,30.00,0,0,0.00,0.00,0.30,0.02,0.00,0.00,0,0,0,
1754586441800,0,0,0,39,0,0,0.00,2.18,0.78,63,741,-64.00,-64.00,-64.00,-64.00,-64.00,-64.00,12,5,-46.22,6.92,40.00,31.00,0,1,0.00,0.00,0.30,0.02,0.00,0.00,1,0,0,
1754586442800,0,0,0,39,0,0,0.00,0.74,0.78,36,421,-64.00,-64.00,-64.00,-64.00,-64.00,-64.00,13,5,-46.22,6.92,60.50,31.00,2,2,0.00,0.00,0.30,0.02,0.00,0.00,2,0,0,
1754586443800,0,0,0,39,0,0,0.00,0.74,0.78,51,426,-64.00,-64.00,-64.00,-64.00,-64.00,-64.00,12,5,-46.22,6.92,40.50,26.00,2,1,0.00,0.00,0.30,0.02,0.00,0.00,1,0,0,
1754586444800,0,0,0,39,0,0,0.00,0.74,0.82,80,719,-64.00,-64.00,-64.00,-64.00,-64.00,-64.00,13,5,-46.22,6.92,39.50,32.00,0,0,0.00,0.00,0.30,0.02,0.00,0.00,0,0,0,
1754586445800,0,0,0,39,0,0,0.00,2.18,0.82,90,729,-64.00,-64.00,-64.00,-64.00,-64.00,-64.00,12,5,-46.22,6.92,39.50,30.00,0,0,0.00,0.00,0.30,0.02,0.00,0.00,0,0,0,
1754586446800,0,0,0,39,0,0,0.00,2.18,0.82,63,746,-64.00,-64.00,-64.00,-64.00,-64.00,-64.00,13,5,-46.22,6.92,38.50,30.00,0,1,0.00,0.00,0.30,0.02,0.00,0.00,1,0,0,
1754586447800,0,0,0,39,0,0,0.00,2.18,0.82,45,739,-63.92,-64.00,-64.00,-64.00,-64.00,-63.00,12,5,-46.14,6.93,39.00,33.00,0,2,0.00,0.00,0.30,0.02,0.00,0.00,2,0,0,
1754586448800,0,0,0,39,0,0,0.00,0.74,0.82,22,734,-64.00,-64.00,-64.00,-64.00,-64.00,-64.00,13,5,-46.22,6.92,38.50,32.00,0,3,0.00,0.00,0.30,0.02,0.00,0.00,3,0,0,
1754586449800,0,0,0,39,0,0,0.00,0.74,0.82,20,729,-64.00,-64.00,-64.00,-64.00,-64.00,-64.00,12,5,-46.22,6.92,60.00,29.00,1,4,0.00,0.00,0.30,0.02,0.00,0.00,3,0,0,
1754586450800,0,0,0,39,0,0,0.00,2.18,0.82,30,739,-64.00,-64.00,-64.00,-64.00,-64.00,-64.00,13,5,-46.22,6.92,38.50,30.00,0,6,0.00,0.00,0.30,0.02,0.00,0.00,4,0,0,
1754586451800,0,0,0,39,0,0,0.00,2.18,0.82,36,756,-64.00,-64.00,-64.00,-64.00,-64.00,-64.00,12,5,-46.22,6.92,39.50,27.00,0,6,0.00,0.00,0.30,0.02,0.00,0.00,4,0,0,
1754586452800,0,0,0,39,0,0,0.00,2.18,0.82,36,749,-64.00,-64.00,-64.00,-64.00,-64.00,-64.00,13,5,-46.22,6.92,38.50,30.00,1,6,0.00,0.00,0.30,0.02,0.00,0.00,4,0,0,
1754586453800,0,0,0,39,0,0,0.00,0.74,0.82,20,744,-64.00,-64.00,-64.00,-64.00,-64.00,-64.00,12,5,-46.22,6.92,39.00,30.00,0,5,0.00,0.00,0.30,0.02,0.00,0.00,4,0,0,
1754586454800,0,0,0,39,0,0,0.00,0.74,0.82,20,739,-64.00,-64.00,-64.00,-64.00,-64.00,-64.00,13,5,-46.22,6.92,39.00,27.00,2,5,0.00,0.00,0.30,0.02,0.00,0.00,4,0,0,
1754586455800,0,0,0,39,0,0,0.00,2.18,0.82,36,749,-64.00,-64.00,-64.00,-64.00,-64.00,-64.00,12,5,-46.22,6.92,38.50,28.00,1,3,0.00,0.00,0.30,0.02,0.00,0.00,3,0,0,
1754586456800,0,0,0,39,0,0,0.00,2.18,0.82,36,766,-63.92,-64.00,-64.00,-64.00,-64.00,-63.00,13,5,-46.14,6.93,39.50,30.00,1,3,0.00,0.00,0.30,0.02,0.00,0.00,3,0,0,
1754586457800,0,0,0,39,0,0,0.00,2.18,0.80,36,749,-64.00,-64.00,-64.00,-64.00,-64.00,-64.00,12,5,-46.22,6.92,39.50,30.00,0,3,0.00,0.00,0.30,0.02,0.00,0.00,3,0,0,
1754586458800,0,0,0,39,0,0,85.00,0.74,0.85,22,764,-64.00,-64.00,-64.00,-64.00,-64.00,-64.00,13,5,-46.22,6.92,39.00,32.00,1,3,0.00,0.00,0.29,0.02,0.00,0.00,3,0,0,
1754586459800,0,0,0,39,9,5,418.40,11.10,5.97,298,764,-64.00,-64.00,-64.00,-64.00,-64.00,-64.00,12,5,-46.22,6.92,39.00,33.00,0,1,0.00,0.00,0.29,0.02,0.00,0.00,1,0,0,
1754586460800,0,0,0,39,0,0,50.00,2.18,0.82,115,759,-64.00,-64.00,-64.00,-64.00,-64.00,-64.00,13,5,-46.22,6.92,39.00,33.00,0,0,0.00,0.00,0.29,0.02,0.00,0.00,0,0,0,
1754586461800,0,0,0,39,0,0,381.00,1.46,0.82,65,776,-64.00,-64.00,-64.00,-64.00,-64.00,-64.00,12,5,-46.22,6.92,38.50,33.00,0,0,0.00,0.00,0.29,0.02,0.00,0.00,0,0,0,
1754586462800,0,0,0,39,0,0,144.00,2.18,0.82,90,759,-64.23,-65.00,-64.00,-64.00,-64.00,-64.00,13,106,-33.19,205.16,18.50,35.00,0,0,0.00,0.00,0.29,0.02,0.00,0.00,0,0,0,
1754586463800,0,0,0,39,0,0,0.00,1.44,0.06,55,150,-64.08,-65.00,-64.00,-64.00,-64.00,-64.00,12,5,-46.30,6.92,37.50,33.00,0,1,0.00,0.00,0.29,0.02,0.00,0.00,1,0,0,
1754586464800,0,0,0,39,0,0,0.00,0.74,0.87,40,744,-64.00,-64.00,-64.00,-64.00,-64.00,-64.00,13,5,-46.22,6.92,39.50,29.00,0,0,0.00,0.00,0.29,0.02,0.00,0.00,0,0,0,
1754586465800,0,0,0,39,0,0,0.00,0.74,0.78,40,759,-64.33,-65.00,-65.00,-64.00,-64.00,-64.00,12,5,-46.55,6.91,40.00,32.00,0,0,0.00,0.00,0.29,0.02,0.00,0.00,0,0,0,
1754586466800,0,0,0,39,0,0,0.00,2.18,0.82,90,769,-64.31,-65.00,-65.00,-64.00,-64.00,-64.00,13,5,-46.53,6.91,39.00,33.00,0,1,0.00,0.00,0.29,0.02,0.00,0.00,1,0,0,
1754586467800,0,0,0,39,0,0,0.00,2.18,0.82,90,786,-64.33,-65.00,-65.00,-64.00,-64.00,-64.00,12,5,-46.55,6.91,38.50,33.00,0,1,0.00,0.00,0.29,0.02,0.00,0.00,1,0,0,
1754586468800,0,0,0,39,0,0,0.00,2.18,0.82,90,784,-64.00,-64.00,-64.00,-64.00,-64.00,-64.00,13,5,-46.22,6.92,39.00,30.00,0,1,0.00,0.00,0.29,0.02,0.00,0.00,1,0,0,
1754586469800,0,0,0,39,0,0,0.00,0.74,0.89,40,769,-64.00,-64.00,-64.00,-64.00,-64.00,-64.00,12,5,-46.22,6.92,38.50,29.00,0,0,0.00,0.00,0.29,0.02,0.00,0.00,0,0,0,
1754586470800,0,0,0,39,0,0,0.00,0.74,0.83,80,769,-64.00,-64.00,-64.00,-64.00,-64.00,-64.00,13,5,-46.22,6.92,40.00,30.00,0,0,0.00,0.00,0.29,0.02,0.00,0.00,0,0,0,
1754586471800,0,0,0,39,0,0,0.00,2.18,0.79,90,779,-64.00,-64.00,-64.00,-64.00,-64.00,-64.00,12,5,-46.22,6.92,38.00,30.00,0,1,0.00,0.00,0.29,0.02,0.00,0.00,1,0,0,
1754586472800,0,0,0,39,0,0,0.00,2.18,0.82,81,791,-64.00,-64.00,-64.00,-64.00,-64.00,-64.00,13,5,-46.22,6.92,39.00,31.00,0,0,0.00,0.00,0.29,0.02,0.00,0.00,0,0,0,
1754586473800,0,0,0,39,0,0,0.00,2.18,0.82,130,794,-64.00,-64.00,-64.00,-64.00,-64.00,-64.00,12,5,-46.22,6.92,38.50,29.00,0,1,0.00,0.00,0.29,0.02,0.00,0.00,1,0,0,
1754586474800,0,0,0,39,0,0,0.00,0.74,0.78,80,779,-64.00,-64.00,-64.00,-64.00,-64.00,-64.00,13,5,-46.22,6.92,38.50,29.00,0,0,0.00,0.00,0.29,0.02,0.00,0.00,0,0,0,
1754586475800,0,0,0,39,0,0,0.00,0.74,1.22,40,779,-64.00,-64.00,-64.00,-64.00,-64.00,-64.00,12,5,-46.22,6.92,39.50,30.00,0,0,0.00,0.00,0.29,0.02,0.00,0.00,0,0,0,
1754586476800,0,0,0,39,0,0,0.00,2.18,0.66,125,789,-64.00,-64.00,-64.00,-64.00,-64.00,-64.00,13,5,-46.22,6.92,38.00,32.00,0,1,0.00,0.00,0.29,0.02,0.00,0.00,1,0,0,
1754586477800,0,0,0,39,0,0,0.00,2.18,0.86,81,801,-64.25,-65.00,-64.50,-64.00,-64.00,-64.00,12,5,-46.47,6.91,38.00,32.00,0,0,0.00,0.00,0.29,0.02,0.00,0.00,0,0,0,
1754586478800,0,0,0,39,0,0,0.00,2.18,0.86,130,804,-64.23,-65.00,-64.00,-64.00,-64.00,-64.00,13,5,-46.45,6.91,39.00,32.00,0,1,0.00,0.00,0.29,0.02,0.00,0.00,1,0,0,
1754586479800,0,0,0,39,0,0,0.00,0.74,0.75,40,789,-64.00,-64.00,-64.00,-64.00,-64.00,-64.00,12,5,-46.22,6.92,40.00,32.00,0,0,0.00,0.00,0.29,0.02,0.00,0.00,0,0,0,
1754586480800,0,0,0,39,0,0,0.00,0.74,0.89,80,789,-64.00,-64.00,-64.00,-64.00,-64.00,-64.00,13,5,-46.22,6.92,39.00,30.00,0,0,0.00,0.00,0.29,0.02,0.00,0.00,0,0,0,
1754586481800,0,0,0,39,0,0,0.00,2.18,0.76,130,789,-64.00,-64.00,-64.00,-64.00,-64.00,-64.00,12,5,-46.22,6.92,38.50,35.00,0,1,0.00,0.00,0.29,0.02,0.00,0.00,1,0,0,
1754586482800,0,0,0,39,0,0,0.00,0.74,0.86,75,471,-64.00,-64.00,-64.00,-64.00,-64.00,-64.00,13,5,-46.22,6.92,39.00,31.00,0,0,0.00,0.00,0.29,0.02,0.00,0.00,0,0,0,
1754586483800,0,0,0,39,0,0,0.00,2.18,0.75,90,789,-64.00,-64.00,-64.00,-64.00,-64.00,-64.00,12,5,-46.22,6.92,38.50,33.00,0,1,0.00,0.00,0.29,0.02,0.00,0.00,1,0,0,
1754586484800,0,0,0,39,0,0,0.00,0.74,0.85,75,471,-64.08,-65.00,-64.00,-64.00,-64.00,-64.00,13,5,-46.30,6.92,39.00,29.00,0,0,0.00,0.00,0.29,0.02,0.00,0.00,0,0,0,
1754586485800,0,0,0,39,0,0,0.00,0.74,0.82,35,471,-64.08,-65.00,-64.00,-64.00,-64.00,-64.00,12,5,-46.30,6.92,39.00,31.00,0,0,0.00,0.00,0.29,0.02,0.00,0.00,0,0,0,
1754586486800,0,0,0,39,1,1,0.00,1.46,1.48,60,421,-64.31,-65.00,-65.00,-64.00,-64.00,-64.00,13,5,-46.53,6.91,39.50,30.00,0,0,0.00,0.00,0.29,0.02,0.00,0.00,0,0,0,
1754586487800,0,0,0,39,0,0,0.00,0.74,0.78,40,699,-64.17,-65.00,-64.00,-64.00,-64.00,-64.00,12,5,-46.39,6.92,38.50,33.00,0,0,0.00,0.00,0.29,0.02,0.00,0.00,0,0,0,
1754586488800,0,0,0,39,0,0,0.00,0.74,0.78,40,709,-64.08,-65.00,-64.00,-64.00,-64.00,-64.00,13,5,-46.30,6.92,60.00,32.00,0,0,0.00,0.00,0.29,0.02,0.00,0.00,0,0,0,
1754586489800,0,0,0,39,0,0,0.00,0.74,0.78,80,714,-64.25,-65.00,-64.50,-64.00,-64.00,-64.00,12,5,-46.47,6.91,39.50,34.00,0,0,0.00,0.00,0.29,0.02,0.00,0.00,0,0,0,
1754586490800,0,0,0,39,0,0,0.00,0.74,0.78,80,714,-64.00,-64.00,-64.00,-64.00,-64.00,-64.00,13,5,-46.22,6.92,40.00,35.00,0,0,0.00,0.00,0.29,0.02,0.00,0.00,0,0,0,
1754586491800,0,0,0,39,0,0,0.00,0.74,0.78,40,709,-64.08,-65.00,-64.00,-64.00,-64.00,-64.00,12,5,-46.30,6.92,38.00,34.00,0,0,0.00,0.00,0.29,0.02,0.00,0.00,0,0,0,
1754586492800,0,0,0,39,0,0,0.00,2.18,0.78,81,729,-64.00,-64.00,-64.00,-64.00,-64.00,-64.00,13,5,-46.22,6.92,60.00,32.00,0,1,0.00,0.00,0.29,0.02,0.00,0.00,1,0,0,
1754586493800,0,0,0,39,0,0,0.00,0.74,0.78,35,421,-64.00,-64.00,-64.00,-64.00,-64.00,-64.00,12,5,-46.22,6.92,39.00,32.00,2,0,0.00,0.00,0.29,0.02,0.00,0.00,0,0,0,
1754586494800,0,0,0,39,0,0,0.00,0.74,0.78,35,426,-64.00,-64.00,-64.00,-64.00,-64.00,-64.00,13,5,-46.22,6.92,39.00,31.00,2,0,0.00,0.00,0.29,0.02,0.00,0.00,0,0,0,
1754586495800,0,0,0,39,0,0,0.00,0.74,0.78,75,426,-64.00,-64.00,-64.00,-64.00,-64.00,-64.00,12,5,-46.22,6.92,59.50,33.00,2,0,0.00,0.00,0.29,0.02,0.00,0.00,0,0,0,
1754586496800,0,0,0,39,0,0,0.00,0.74,0.78,80,719,-64.00,-64.00,-64.00,-64.00,-64.00,-64.00,13,5,-46.22,6.92,39.00,32.00,0,0,0.00,0.00,0.29,0.02,0.00,0.00,0,0,0,
1754586497800,0,0,0,39,0,0,0.00,2.18,0.82,57,729,-64.00,-64.00,-64.00,-64.00,-64.00,-64.00,12,5,-46.22,6.92,39.50,32.00,0,2,0.00,0.00,0.29,0.02,0.00,0.00,2,0,0,
1754586498800,0,0,0,39,0,0,0.00,2.18,0.82,88,739,-64.00,-64.00,-64.00,-64.00,-64.00,-64.00,13,5,-46.22,6.92,60.00,33.00,0,1,0.00,0.00,0.29,0.02,0.00,0.00,1,0,0,
1754586499800,0,0,0,39,0,0,0.00,2.18,0.82,45,744,-64.00,-64.00,-64.00,-64.00,-64.00,-64.00,12,5,-46.22,6.92,39.00,32.00,0,2,0.00,0.00,0.29,0.02,0.00,0.00,2,0,0,
1754586500800,0,0,0,39,0,0,0.00,0.74,0.82,22,734,-64.00,-64.00,-64.00,-64.00,-64.00,-64.00,13,5,-46.22,6.92,39.50,30.00,0,3,0.00,0.00,0.29,0.02,0.00,0.00,3,0,0,
1754586501800,0,0,0,39,0,0,0.00,0.74,0.78,28,729,-64.00,-64.00,-64.00,-64.00,-64.00,-64.00,12,5,-46.22,6.92,39.00,32.00,1,4,0.00,0.00,0.29,0.02,0.00,0.00,3,0,0,
1754586502800,0,0,0,39,0,0,0.00,2.18,0.82,36,739,-64.00,-64.00,-64.00,-64.00,-64.00,-64.00,13,5,-46.22,6.92,60.00,30.00,0,6,0.00,0.00,0.29,0.02,0.00,0.00,4,0,0,
1754586503800,0,0,0,39,0,0,0.00,2.18,0.82,30,749,-64.00,-64.00,-64.00,-64.00,-64.00,-64.00,12,5,-46.22,6.92,40.50,30.00,1,6,0.00,0.00,0.29,0.02,0.00,0.00,4,0,0,
1754586504800,0,0,0,39,0,0,0.00,2.18,0.82,30,754,-64.00,-64.00,-64.00,-64.00,-64.00,-64.00,13,5,-46.22,6.92,38.50,26.00,1,6,0.00,0.00,0.29,0.02,0.00,0.00,4,0,0,
1754586505800,0,0,0,39,0,0,0.00,0.74,0.82,28,744,-64.00,-64.00,-64.00,-64.00,-64.00,-64.00,12,5,-46.22,6.92,60.00,30.00,0,4,0.00,0.00,0.29,0.02,0.00,0.00,3,0,0,
1754586506800,0,0,0,39,0,0,0.00,0.74,0.78,41,739,-64.00,-64.00,-64.00,-64.00,-64.00,-64.00,13,5,-46.22,6.92,38.50,30.00,2,2,0.00,0.00,0.29,0.02,0.00,0.00,2,0,0,
1754586507800,0,0,0,39,0,0,0.00,2.18,0.82,121,749,-64.00,-64.00,-64.00,-64.00,-64.00,-64.00,12,5,-46.22,6.92,38.50,27.00,1,1,0.00,0.00,0.29,0.02,0.00,0.00,1,0,0,
1754586508800,0,0,0,39,0,0,0.00,2.18,0.80,130,749,-63.92,-64.00,-64.00,-64.00,-64.00,-63.00,13,5,-46.14,6.93,39.00,30.00,0,0,0.00,0.00,0.29,0.02,0.00,0.00,0,0,0,
1754586509800,0,0,0,39,0,0,35.00,1.46,0.82,105,764,-64.00,-64.00,-64.00,-64.00,-64.00,-64.00,12,5,-46.22,6.92,38.50,32.00,0,0,0.00,0.00,0.29,0.02,0.00,0.00,0,0,0,
1754586510800,0,0,0,39,0,0,90.00,1.46,0.85,105,764,-64.00,-64.00,-64.00,-64.00,-64.00,-64.00,13,5,-46.22,6.92,39.50,34.00,1,0,0.00,0.00,0.29,0.02,0.00,0.00,0,0,0,
1754586511800,0,0,0,39,0,0,129.00,0.74,0.78,40,749,-64.00,-64.00,-64.00,-64.00,-64.00,-64.00,12,5,-46.22,6.92,39.00,32.00,1,0,0.00,0.00,0.29,0.02,0.00,0.00,0,0,0,
1754586512800,0,0,0,39,0,0,74.00,0.74,0.80,40,749,-64.00,-64.00,-64.00,-64.00,-64.00,-64.00,13,5,-46.22,6.92,38.00,32.00,0,0,0.00,0.00,0.29,0.02,0.00,0.00,0,0,0,
1754586513800,0,0,0,39,0,0,189.00,2.18,0.82,121,759,-64.00,-64.00,-64.00,-64.00,-64.00,-64.00,12,106,-32.96,205.86,19.00,30.00,0,0,0.00,0.00,0.29,0.02,0.00,0.00,0,0,0,
1754586514800,0,0,0,39,0,0,0.00,1.44,0.06,55,150,-64.00,-64.00,-64.00,-64.00,-64.00,-64.00,13,5,-46.22,6.92,38.50,32.00,0,1,0.00,0.00,0.29,0.02,0.00,0.00,1,0,0,
1754586515800,1,49,0,39,8,2,0.00,9.97,2.83,350,744,-64.00,-64.00,-64.00,-64.00,-64.00,-64.00,10,5,-46.22,6.92,39.50,27.00,0,0,0.00,0.00,0.29,0.02,0.00,0.00,0,0,0,
1754586516800,1,49,0,39,1,1,0.00,8.73,1.48,503,1395,-64.00,-64.00,-64.00,-64.00,-64.00,-64.00,7,5,-46.22,6.92,38.00,25.00,0,0,0.15,0.00,0.29,0.02,0.00,0.00,0,0,0,
1754586517800,1,49,0,39,0,0,0.00,15.84,0.00,755,200,-64.00,-64.00,-64.00,-64.00,-64.00,-64.00,12,5,-46.22,6.92,39.50,31.00,0,0,0.05,0.00,0.29,0.02,0.00,0.00,0,0,0,
1754586518800,1,49,0,39,0,0,0.00,2.21,0.95,135,458,-64.00,-64.00,-64.00,-64.00,-64.00,-64.00,13,5,-46.22,6.92,39.00,30.00,0,0,0.02,0.00,0.29,0.02,0.00,0.00,0,0,0,
1754586519800,1,49,0,39,1,1,0.00,8.05,1.48,443,1355,-64.00,-64.00,-64.00,-64.00,-64.00,-64.00,7,5,-46.22,6.92,39.00,28.00,0,0,0.09,0.00,0.29,0.02,0.00,0.00,0,0,0,
1754586520800,1,49,0,39,0,0,0.00,9.46,0.78,407,1390,-64.00,-64.00,-64.00,-64.00,-64.00,-64.00,8,5,-46.22,6.92,39.50,29.00,0,1,0.11,0.00,0.29,0.02,0.00,0.00,1,0,0,
1754586521800,1,49,0,39,0,0,0.00,15.84,0.00,746,190,-64.00,-64.00,-64.00,-64.00,-64.00,-64.00,9,5,-46.22,6.92,39.00,31.00,1,0,0.04,0.00,0.29,0.02,0.00,0.00,0,0,0,
1754586522800,1,49,0,39,0,0,0.00,3.65,1.07,185,483,-64.00,-64.00,-64.00,-64.00,-64.00,-64.00,6,5,-46.22,6.92,38.50,30.00,0,0,0.03,0.00,0.29,0.02,0.00,0.00,0,0,0,
1754586523800,1,49,0,39,1,1,0.00,6.53,1.48,308,1360,-64.00,-64.00,-64.00,-64.00,-64.00,-64.00,7,5,-46.22,6.92,41.50,28.00,0,1,0.08,0.00,0.29,0.02,0.00,0.00,1,0,0,
1754586524800,1,49,0,39,0,0,0.00,3.60,0.02,157,789,-64.00,-64.00,-64.00,-64.00,-64.00,-64.00,13,5,-46.22,6.92,37.50,31.00,0,0,0.05,0.00,0.29,0.02,0.00,0.00,0,0,0,
1754586525800,1,49,0,39,1,1,0.00,1.49,2.01,164,1325,-64.00,-64.00,-64.00,-64.00,-64.00,-64.00,3,106,-32.96,205.86,5.00,32.00,0,0,0.20,0.00,0.29,0.02,0.00,0.00,0,0,0,
1754586526800,1,49,0,39,0,0,0.00,1.52,0.21,124,656,-64.00,-64.00,-64.00,-64.00,-64.00,-64.00,1,21,-39.99,33.61,31.50,29.00,0,1,0.21,0.00,0.29,0.02,0.00,0.00,1,0,0,
1754586527800,1,49,0,39,0,0,0.00,2.93,0.78,134,1400,-64.00,-64.00,-64.00,-64.00,-64.00,-64.00,12,5,-46.22,6.92,38.50,30.00,0,2,0.11,0.02,0.29,0.02,0.00,0.00,2,0,0,
1754586528800,1,49,0,39,0,0,0.00,11.54,0.76,407,779,-64.00,-64.00,-64.00,-64.00,-64.00,-64.00,13,5,-46.22,6.92,38.50,29.00,0,0,0.07,0.01,0.29,0.02,0.00,0.00,0,0,0,
1754586529800,1,49,0,39,1,1,0.00,11.61,1.50,681,1370,-64.00,-64.00,-64.00,-64.00,-64.00,-64.00,5,5,-46.22,6.92,43.00,31.00,0,0,0.11,0.01,0.29,0.02,0.00,0.00,0,0,0,
1754586530800,1,49,0,39,0,0,0.00,10.10,0.78,558,1380,-64.00,-64.00,-64.00,-64.00,-64.00,-64.00,7,5,-46.22,6.92,37.50,34.00,0,0,0.11,0.00,0.29,0.02,0.00,0.00,0,0,0,
1754586531800,1,49,0,39,0,0,0.00,5.04,0.02,220,766,-64.00,-64.00,-64.00,-64.00,-64.00,-64.00,10,5,-46.22,6.92,38.50,34.00,0,0,0.05,0.00,0.29,0.02,0.00,0.00,0,0,0,
1754586532800,1,49,0,39,1,1,0.00,4.45,1.52,251,1380,-64.11,-65.00,-64.00,-64.00,-64.00,-64.00,9,5,-46.33,6.92,41.00,32.00,0,0,0.08,0.00,0.29,0.02,0.00,0.00,0,0,0,
1754586533800,1,49,0,39,0,0,0.00,5.76,0.02,341,716,-64.00,-64.00,-64.00,-64.00,-64.00,-64.00,5,5,-46.22,6.92,39.00,33.00,0,0,0.08,0.00,0.30,0.02,0.00,0.00,0,0,0,
1754586534800,1,49,0,39,0,0,0.00,2.26,0.97,207,1297,-64.00,-64.00,-64.00,-64.00,-64.00,-64.00,2,21,-39.99,33.61,32.50,30.00,0,1,0.10,0.00,0.30,0.02,0.00,0.00,1,0,0,
1754586535800,1,49,0,39,1,1,0.00,6.63,1.54,280,1996,-64.00,-64.00,-64.00,-64.00,-64.00,-64.00,5,5,-46.22,6.92,43.00,31.00,0,3,0.21,0.04,0.30,0.02,0.00,0.00,3,0,0,
1754586536800,1,49,0,39,0,0,0.00,11.65,1.50,282,1370,-64.00,-64.00,-64.00,-64.00,-64.00,-64.00,9,5,-46.22,6.92,40.00,31.00,0,2,0.29,0.02,0.30,0.02,0.00,0.00,2,0,0,
1754586537800,1,49,0,39,0,0,0.00,6.48,0.02,192,731,-64.00,-64.00,-64.00,-64.00,-64.00,-64.00,6,5,-46.22,6.92,37.00,32.00,0,0,0.19,0.01,0.30,0.02,0.00,0.00,0,0,0,
1754586538800,0,0,0,39,0,0,0.00,15.86,0.76,775,841,-64.25,-65.00,-64.50,-64.00,-64.00,-64.00,8,5,-46.47,6.91,39.50,32.00,0,0,0.08,0.01,0.30,0.02,0.00,0.00,0,0,0,
1754586539800,0,0,0,39,0,0,0.00,8.69,1.63,402,488,-64.33,-65.00,-65.00,-64.00,-64.00,-64.00,12,5,-46.55,6.91,39.00,33.00,0,1,0.03,0.01,0.30,0.02,0.00,0.00,1,0,0,
1754586540800,0,0,0,39,0,0,0.00,0.74,0.86,40,789,-64.23,-65.00,-64.00,-64.00,-64.00,-64.00,13,5,-46.45,6.91,38.50,32.00,0,0,0.01,0.01,0.30,0.02,0.00,0.00,0,0,0,
1754586541800,0,0,0,39,0,0,0.00,2.18,0.76,90,789,-64.25,-65.00,-64.50,-64.00,-64.00,-64.00,12,5,-46.47,6.91,38.50,34.00,0,1,0.00,0.00,0.30,0.02,0.00,0.00,1,0,0,
1754586542800,0,0,0,39,0,0,0.00,0.74,0.86,35,471,-64.15,-65.00,-64.00,-64.00,-64.00,-64.00,13,5,-46.37,6.92,38.50,35.00,0,0,0.00,0.00,0.30,0.02,0.00,0.00,0,0,0,
1754586543800,0,0,0,39,0,0,0.00,2.18,0.75,90,804,-64.00,-64.00,-64.00,-64.00,-64.00,-64.00,12,5,-46.22,6.92,37.50,33.00,0,1,0.00,0.00,0.30,0.02,0.00,0.00,1,0,0,
1754586544800,0,0,0,39,0,0,0.00,0.74,0.85,75,456,-64.23,-65.00,-64.00,-64.00,-64.00,-64.00,13,5,-46.45,6.91,38.50,34.00,0,0,0.00,0.00,0.30,0.02,0.00,0.00,0,0,0,
1754586545800,0,0,0,39,0,0,0.00,0.74,0.82,75,471,-64.33,-65.00,-65.00,-64.00,-64.00,-64.00,12,5,-46.55,6.91,39.00,34.00,0,0,0.00,0.00,0.30,0.02,0.00,0.00,0,0,0,
1754586546800,0,0,0,39,0,0,0.00,0.74,0.82,35,471,-64.38,-65.00,-65.00,-64.00,-64.00,-64.00,13,5,-46.60,6.91,38.50,34.00,0,0,0.00,0.00,0.30,0.02,0.00,0.00,0,0,0,
1754586547800,0,0,0,39,0,0,0.00,0.74,0.82,35,471,-64.50,-65.00,-65.00,-64.50,-64.00,-64.00,12,5,-46.72,6.90,38.00,32.00,0,0,0.00,0.00,0.30,0.02,0.00,0.00,0,0,0,
1754586548800,0,0,0,39,1,1,0.00,1.46,1.48,60,441,-64.54,-65.00,-65.00,-65.00,-64.00,-64.00,13,5,-46.76,6.90,59.50,37.00,0,0,0.00,0.00,0.30,0.02,0.00,0.00,0,0,0,
1754586549800,0,0,0,39,0,0,0.00,0.74,0.78,40,694,-64.25,-65.00,-64.50,-64.00,-64.00,-64.00,12,5,-46.47,6.91,37.50,35.00,1,0,0.00,0.00,0.30,0.02,0.00,0.00,0,0,0,
1754586550800,0,0,0,39,0,0,0.00,0.74,0.78,40,716,-64.46,-65.00,-65.00,-64.00,-64.00,-64.00,13,5,-46.68,6.90,37.50,34.00,0,0,0.00,0.00,0.30,0.02,0.00,0.00,0,0,0,
1754586551800,0,0,0,39,0,0,0.00,0.74,0.74,75,396,-64.50,-65.00,-65.00,-64.50,-64.00,-64.00,12,5,-46.72,6.90,59.00,34.00,1,0,0.00,0.00,0.30,0.02,0.00,0.00,0,0,0,
1754586552800,0,0,0,39,0,0,0.00,0.74,0.78,40,714,-64.31,-65.00,-65.00,-64.00,-64.00,-64.00,13,5,-46.53,6.91,38.00,35.00,1,0,0.00,0.00,0.30,0.02,0.00,0.00,0,0,0,
1754586553800,0,0,0,39,0,0,0.00,0.74,0.82,40,704,-64.33,-65.00,-65.00,-64.00,-64.00,-64.00,12,5,-46.55,6.91,38.00,35.00,1,0,0.00,0.00,0.30,0.02,0.00,0.00,0,0,0,
1754586554800,0,0,0,39,0,0,0.00,0.74,0.78,80,704,-64.23,-65.00,-64.00,-64.00,-64.00,-64.00,13,5,-46.45,6.91,59.50,34.00,2,0,0.00,0.00,0.30,0.02,0.00,0.00,0,0,0,
1754586555800,0,0,0,39,0,0,0.00,2.18,0.76,90,731,-64.00,-64.00,-64.00,-64.00,-64.00,-64.00,12,5,-46.22,6.92,38.00,34.00,0,0,0.00,0.00,0.30,0.02,0.00,0.00,0,0,0,
1754586556800,0,0,0,39,0,0,0.00,0.00,0.06,5,105,-64.00,-64.00,-64.00,-64.00,-64.00,-64.00,13,5,-46.22,6.92,38.50,33.00,2,1,0.00,0.00,0.30,0.02,0.00,0.00,1,0,0,
1754586557800,0,0,0,39,0,0,0.00,0.74,0.78,26,426,-64.00,-64.00,-64.00,-64.00,-64.00,-64.00,12,5,-46.22,6.92,39.00,35.00,2,0,0.00,0.00,0.30,0.02,0.00,0.00,0,0,0,
1754586558800,0,0,0,39,0,0,0.00,0.74,0.78,35,426,-64.00,-64.00,-64.00,-64.00,-64.00,-64.00,13,5,-46.22,6.92,38.50,35.00,2,0,0.00,0.00,0.30,0.02,0.00,0.00,0,0,0,
1754586559800,0,0,0,39,1,1,0.00,1.49,1.53,110,1045,-64.00,-64.00,-64.00,-64.00,-64.00,-64.00,12,5,-46.22,6.92,39.00,34.00,1,0,0.00,0.00,0.30,0.02,0.00,0.00,0,0,0,
1754586560800,0,0,0,39,0,0,162.00,2.18,0.80,57,719,-64.00,-64.00,-64.00,-64.00,-64.00,-64.00,13,5,-46.22,6.92,38.00,33.00,0,2,0.00,0.00,0.30,0.02,0.00,0.00,2,0,0,
1754586561800,0,0,0,39,0,0,181.00,1.46,0.82,47,744,-64.00,-64.00,-64.00,-64.00,-64.00,-64.00,12,5,-46.22,6.92,38.50,34.00,0,1,0.00,0.00,0.30,0.02,0.00,0.00,1,0,0,
1754586562800,0,0,0,39,0,0,47.00,2.18,0.82,51,744,-64.00,-64.00,-64.00,-64.00,-64.00,-64.00,13,5,-46.22,6.92,39.50,33.00,0,2,0.00,0.00,0.30,0.02,0.00,0.00,2,0,0,
1754586563800,0,0,0,39,0,0,92.00,1.46,0.85,32,744,-64.00,-64.00,-64.00,-64.00,-64.00,-64.00,12,5,-46.22,6.92,39.00,33.00,1,3,0.00,0.00,0.30,0.02,0.00,0.00,3,0,0,
1754586564800,0,0,0,39,0,0,203.00,0.74,0.76,20,714,-64.00,-64.00,-64.00,-64.00,-64.00,-64.00,13,106,-32.96,205.86,19.00,32.00,1,4,0.00,0.00,0.30,0.02,0.00,0.00,3,0,0,
1754586565800,0,0,0,39,0,0,0.00,0.00,0.06,5,105,-64.00,-64.00,-64.00,-64.00,-64.00,-64.00,12,5,-46.22,6.92,38.50,33.00,0,5,0.00,0.00,0.30,0.02,0.00,0.00,4,0,0,
1754586566800,0,0,0,39,0,0,0.00,2.18,0.82,30,739,-64.00,-64.00,-64.00,-64.00,-64.00,-64.00,13,5,-46.22,6.92,39.00,36.00,0,5,0.00,0.00,0.30,0.02,0.00,0.00,4,0,0,
1754586567800,0,0,0,39,0,0,0.00,2.18,0.82,30,751,-64.50,-65.00,-65.00,-64.50,-64.00,-64.00,12,5,-46.72,6.90,38.00,33.00,0,5,0.00,0.00,0.30,0.02,0.00,0.00,4,0,0,
1754586568800,0,0,0,39,0,0,0.00,2.18,0.82,30,749,-64.54,-65.00,-65.00,-65.00,-64.00,-64.00,13,5,-46.76,6.90,38.50,34.00,0,5,0.00,0.00,0.29,0.02,0.00,0.00,4,0,0,
1754586569800,0,0,0,39,0,0,0.00,0.74,0.89,20,744,-64.25,-65.00,-64.50,-64.00,-64.00,-64.00,12,5,-46.47,6.91,38.50,34.00,0,3,0.00,0.00,0.29,0.02,0.00,0.00,3,0,0,
1754586570800,0,0,0,39,0,0,0.00,0.74,0.76,25,734,-64.15,-65.00,-64.00,-64.00,-64.00,-64.00,13,5,-46.37,6.92,38.00,32.00,0,1,0.00,0.00,0.29,0.02,0.00,0.00,1,0,0,
1754586571800,0,0,0,39,0,0,0.00,2.18,0.82,130,749,-64.17,-65.00,-64.00,-64.00,-64.00,-64.00,12,5,-46.39,6.92,37.50,34.00,0,1,0.00,0.00,0.29,0.02,0.00,0.00,1,0,0,
1754586572800,0,0,0,39,0,0,0.00,2.18,0.82,90,761,-64.08,-65.00,-64.00,-64.00,-64.00,-64.00,13,5,-46.30,6.92,39.00,30.00,0,1,0.00,0.00,0.29,0.02,0.00,0.00,1,0,0,
1754586573800,0,0,0,39,0,0,0.00,2.18,0.82,90,764,-64.00,-64.00,-64.00,-64.00,-64.00,-64.00,12,5,-46.22,6.92,38.50,27.00,0,1,0.00,0.00,0.29,0.02,0.00,0.00,1,0,0,
1754586574800,0,0,0,39,0,0,0.00,2.18,0.89,90,764,-64.00,-64.00,-64.00,-64.00,-64.00,-64.00,13,5,-46.22,6.92,41.00,29.00,0,1,0.00,0.00,0.29,0.02,0.00,0.00,1,0,0,
1754586575800,0,0,0,39,0,0,0.00,0.74,0.72,80,739,-64.00,-64.00,-64.00,-64.00,-64.00,-64.00,12,5,-46.22,6.92,38.00,30.00,0,0,0.00,0.00,0.29,0.02,0.00,0.00,0,0,0,
1754586576800,0,0,0,39,0,0,0.00,0.74,0.82,40,749,-64.00,-64.00,-64.00,-64.00,-64.00,-64.00,13,5,-46.22,6.92,38.50,31.00,0,0,0.00,0.00,0.29,0.02,0.00,0.00,0,0,0,
1754586577800,0,0,0,39,0,0,0.00,2.18,0.82,90,771,-64.00,-64.00,-64.00,-64.00,-64.00,-64.00,12,5,-46.22,6.92,39.50,29.00,0,1,0.00,0.00,0.29,0.02,0.00,0.00,1,0,0,
1754586578800,0,0,0,39,0,0,0.00,2.18,0.82,90,774,-63.54,-64.00,-64.00,-64.00,-63.00,-63.00,13,5,-45.76,6.94,39.00,31.00,0,1,0.00,0.00,0.29,0.02,0.00,0.00,1,0,0,
1754586579800,0,0,0,39,0,0,0.00,2.18,0.82,130,769,-63.67,-64.00,-64.00,-64.00,-63.00,-63.00,12,5,-45.89,6.94,38.50,32.00,0,1,0.00,0.00,0.29,0.02,0.00,0.00,1,0,0,
1754586580800,0,0,0,39,0,0,0.00,0.74,0.78,40,759,-63.69,-64.00,-64.00,-64.00,-63.00,-63.00,13,5,-45.91,6.94,39.00,31.00,0,0,0.00,0.00,0.29,0.02,0.00,0.00,0,0,0,
1754586581800,0,0,0,39,0,0,0.00,0.74,0.82,40,759,-63.83,-64.00,-64.00,-64.00,-64.00,-63.00,12,5,-46.05,6.93,39.50,27.00,0,0,0.00,0.00,0.29,0.02,0.00,0.00,0,0,0,
1754586582800,0,0,0,39,0,0,0.00,2.18,0.82,81,769,-64.00,-64.00,-64.00,-64.00,-64.00,-64.00,13,5,-46.22,6.92,39.00,27.00,0,0,0.00,0.00,0.29,0.02,0.00,0.00,0,0,0,
1754586583800,0,0,0,39,0,0,0.00,2.18,0.82,90,784,-64.00,-64.00,-64.00,-64.00,-64.00,-64.00,12,5,-46.22,6.92,38.50,26.00,0,1,0.00,0.00,0.29,0.02,0.00,0.00,1,0,0,
1754586584800,0,0,0,39,0,0,0.00,2.18,0.82,90,784,-64.00,-64.00,-64.00,-64.00,-64.00,-64.00,13,5,-46.22,6.92,38.00,27.00,0,1,0.00,0.00,0.29,0.02,0.00,0.00,1,0,0,
1754586585800,0,0,0,39,4,1,0.00,5.15,2.18,239,794,-64.00,-64.00,-64.00,-64.00,-64.00,-64.00,12,5,-46.22,6.92,38.50,26.00,0,1,0.00,0.00,0.29,0.02,0.00,0.00,1,0,0,
1754586586800,0,0,0,39,1,1,0.00,1.27,1.34,59,789,-64.00,-64.00,-64.00,-64.00,-64.00,-64.00,13,5,-46.22,6.92,38.00,28.00,0,1,0.00,0.00,0.29,0.02,0.00,0.00,1,0,0,
1754586587800,1,50,0,39,3,2,0.00,3.62,3.00,171,471,-63.92,-64.00,-64.00,-64.00,-64.00,-63.00,12,5,-46.14,6.93,38.00,31.00,0,1,0.00,0.00,0.29,0.02,0.00,0.00,1,0,0,
1754586588800,1,50,0,39,0,0,0.00,0.00,0.00,112,1367,-64.00,-64.00,-64.00,-64.00,-64.00,-64.00,1,5,-46.22,6.92,37.00,27.00,0,0,0.07,0.00,0.29,0.02,0.00,0.00,0,0,0,
1754586589800,1,50,0,39,0,0,0.00,3.71,0.00,341,40,,,,,,,0,5,,0.00,38.50,28.00,0,0,0.06,0.00,0.29,0.02,0.00,0.00,0,0,0,
1754586590800,1,50,0,39,0,0,0.00,9.13,0.19,488,50,,,,,,,0,5,,0.00,37.00,28.00,0,0,0.02,0.00,0.29,0.02,0.00,0.00,0,0,0,
1754586591800,1,50,0,39,0,0,271384.00,1.79,0.73,346,1332,,,,,,,0,106,,0.00,5.00,33.00,0,0,0.08,0.00,0.29,0.02,0.00,0.00,0,0,0,
1754586592800,1,50,0,39,2,2,0.00,17.22,2.97,684,195,-63.89,-64.00,-64.00,-64.00,-64.00,-63.00,9,5,-46.11,6.93,36.00,25.00,1,0,0.05,0.00,0.29,0.02,0.00,0.00,0,0,0,
1754586593800,1,50,0,39,0,0,0.00,9.36,0.00,493,423,-63.67,-64.00,-64.00,-64.00,-63.00,-63.00,3,5,-45.89,6.94,37.50,30.00,1,0,0.03,0.00,0.29,0.02,0.00,0.00,0,0,0,
1754586594800,1,50,0,39,0,0,0.00,10.56,0.00,676,756,-64.00,-64.00,-64.00,-64.00,-64.00,-64.00,7,5,-46.22,6.92,37.50,27.00,1,4,0.11,0.00,0.29,0.02,0.00,0.00,3,0,0,
1754586595800,1,50,0,39,0,0,0.00,15.96,0.00,545,50,,,,,,,0,5,,0.00,37.50,29.00,0,1,0.04,0.00,0.29,0.02,0.00,0.00,1,0,0,
1754586596800,1,50,0,39,0,0,0.00,16.72,0.00,716,50,,,,,,,0,5,,0.00,37.00,33.00,0,0,0.01,0.00,0.29,0.02,0.00,0.00,0,0,0,
1754586597800,1,50,0,39,0,0,0.00,10.07,0.09,517,681,-64.00,-64.00,-64.00,-64.00,-64.00,-64.00,1,5,-46.22,6.92,39.50,27.00,0,2,0.01,0.00,0.29,0.02,0.00,0.00,2,0,0,
1754586598800,1,50,0,39,0,0,0.00,0.00,0.00,198,50,,,,,,,0,5,,0.00,38.00,31.00,0,0,0.03,0.00,0.29,0.02,0.00,0.00,0,0,0,
1754586599800,1,50,0,40,4292865,4293043,0.00,34353211.74,34357313.90,-328811,-1762881,-64.00,-64.00,-64.00,-64.00,-64.00,-64.00,3,21,-39.99,33.61,27.00,29.00,0,0,0.15,0.08,0.96,0.00,0.00,0.00,0,0,0,
1754586600800,1,50,0,40,0,0,0.00,0.13,0.24,245,2203,-64.00,-64.00,-64.00,-64.00,-64.00,-64.00,1,5,-46.22,6.92,60.50,26.00,0,0,0.24,0.05,1.12,0.00,0.00,0.00,0,0,0,
1754586601800,1,50,0,40,1,1,0.00,2.21,1.50,134,1107,,,,,,,0,5,,0.00,37.50,25.00,0,2,0.16,0.04,0.99,0.00,0.00,0.00,2,0,0,
1754586602800,1,50,0,40,0,0,0.00,2.93,0.76,212,1902,-63.50,-64.00,-64.00,-63.50,-63.00,-63.00,2,5,-45.72,6.94,39.00,29.00,0,0,0.19,0.05,1.03,0.04,0.00,0.00,0,0,0,
1754586603800,1,50,0,40,0,0,0.00,2.29,1.13,168,1318,-64.00,-64.00,-64.00,-64.00,-64.00,-64.00,2,5,-46.22,6.92,39.50,30.00,0,0,0.17,0.07,1.06,0.04,0.00,0.00,0,0,0,
1754586604800,1,50,0,40,0,0,0.00,1.49,0.78,137,1922,-64.00,-64.00,-64.00,-64.00,-64.00,-64.00,3,5,-46.22,6.92,38.00,27.00,0,0,0.16,0.06,0.97,0.03,0.00,0.00,0,0,0,
1754586605800,1,50,0,40,0,0,0.00,0.00,0.27,217,1285,,,,,,,0,5,,0.00,37.50,24.00,0,1,0.25,0.04,1.00,0.03,0.00,0.00,1,0,0,
1754586606800,1,50,0,40,0,0,0.00,0.07,0.67,76,664,,,,,,,0,106,,0.00,5.00,32.00,0,0,0.11,0.03,1.05,0.06,0.00,0.00,0,0,0,
1754586607800,1,50,0,40,1,1,0.00,3.13,2.47,572,2375,-64.00,-64.00,-64.00,-64.00,-64.00,-64.00,2,5,-46.22,6.92,38.00,31.00,0,0,0.20,0.05,1.03,0.04,0.00,0.00,0,0,0,
1754586608800,1,50,0,40,0,0,0.00,0.02,0.81,254,1312,-64.00,-64.00,-64.00,-64.00,-64.00,-64.00,1,5,-46.22,6.92,37.50,30.00,0,0,0.27,0.04,1.03,0.04,0.00,0.00,0,0,0,
1754586609800,1,50,0,40,1,1,0.00,15.91,1.54,801,1420,-64.00,-64.00,-64.00,-64.00,-64.00,-64.00,12,5,-46.22,6.92,41.00,32.00,0,0,0.17,0.02,1.04,0.03,0.00,0.00,0,0,0,
1754586610800,1,50,0,40,0,0,0.00,14.50,0.26,674,774,-62.40,-64.00,-64.00,-64.00,-64.00,-56.00,5,106,-31.36,210.95,5.00,26.00,0,0,0.07,0.03,1.05,0.03,0.00,0.00,0,0,0,
1754586611800,0,0,0,40,1,1,0.00,1.50,1.31,173,1318,-64.00,-64.00,-64.00,-64.00,-64.00,-64.00,7,5,-46.22,6.92,40.00,23.00,0,1,0.07,0.02,1.05,0.03,0.00,0.00,1,0,0,
1754586612800,0,0,0,40,0,0,0.00,11.54,0.78,498,1398,-64.08,-65.00,-64.00,-64.00,-64.00,-64.00,12,106,-33.04,205.60,28.00,27.00,1,0,0.03,0.04,0.98,0.03,0.00,0.00,0,0,0,
1754586613800,0,0,0,40,7,1,296.75,7.46,2.10,239,774,-64.00,-64.00,-64.00,-64.00,-64.00,-64.00,12,5,-46.22,6.92,39.50,29.00,0,0,0.01,0.03,0.95,0.03,0.00,0.00,0,0,0,
1754586614800,0,0,0,40,0,0,127.00,2.18,0.86,81,791,-64.00,-64.00,-64.00,-64.00,-64.00,-64.00,13,5,-46.22,6.92,39.50,30.00,0,0,0.00,0.02,0.91,0.03,0.00,0.00,0,0,0,
1754586615800,0,0,0,40,0,0,73.00,2.18,0.82,130,774,-64.00,-64.00,-64.00,-64.00,-64.00,-64.00,12,106,-32.96,205.86,22.00,27.00,0,0,0.00,0.02,0.88,0.03,0.00,0.00,0,0,0,
1754586616800,0,0,0,40,0,0,0.00,1.44,0.14,55,170,-63.85,-64.00,-64.00,-64.00,-64.00,-63.00,13,5,-46.06,6.93,60.00,26.00,0,1,0.00,0.02,0.88,0.03,0.00,0.00,1,0,0,
1754586617800,0,0,0,40,0,0,0.00,2.18,0.75,90,774,-63.92,-64.00,-64.00,-64.00,-64.00,-63.00,12,5,-46.14,6.93,40.00,27.00,0,1,0.00,0.01,0.85,0.02,0.00,0.00,1,0,0,
1754586618800,0,0,0,40,0,0,0.00,0.74,0.89,40,779,-63.85,-64.00,-64.00,-64.00,-64.00,-63.00,13,5,-46.06,6.93,39.00,24.00,0,0,0.00,0.01,0.82,0.02,0.00,0.00,0,0,0,
1754586619800,0,0,0,40,0,0,0.00,0.74,0.79,75,466,-63.58,-64.00,-64.00,-64.00,-63.00,-63.00,12,5,-45.80,6.94,39.50,27.00,0,0,0.00,0.01,0.81,0.02,0.00,0.00,0,0,0,
1754586620800,0,0,0,40,0,0,0.00,2.18,0.75,81,801,-63.77,-64.00,-64.00,-64.00,-64.00,-63.00,13,5,-45.99,6.93,39.00,27.00,0,0,0.00,0.01,0.78,0.02,0.00,0.00,0,0,0,
1754586621800,0,0,0,40,0,0,0.00,2.18,0.78,90,774,-63.33,-64.00,-64.00,-63.00,-63.00,-63.00,12,5,-45.55,6.95,39.50,23.00,0,1,0.00,0.01,0.76,0.02,0.00,0.00,1,0,0,
1754586622800,0,0,0,40,0,0,0.00,0.74,0.89,40,789,-63.77,-64.00,-64.00,-64.00,-64.00,-63.00,13,5,-45.99,6.93,39.50,29.00,0,0,0.00,0.00,0.74,0.02,0.00,0.00,0,0,0,
1754586623800,0,0,0,40,0,0,0.00,0.74,0.86,40,789,-63.75,-64.00,-64.00,-64.00,-63.50,-63.00,12,5,-45.97,6.93,40.00,25.00,0,0,0.00,0.00,0.72,0.02,0.00,0.00,0,0,0,
1754586624800,0,0,0,40,0,0,0.00,0.74,0.86,40,789,-63.92,-64.00,-64.00,-64.00,-64.00,-63.00,13,5,-46.14,6.93,40.50,27.00,0,0,0.00,0.00,0.70,0.02,0.00,0.00,0,0,0,
1754586625800,0,0,0,40,0,0,0.00,0.74,0.86,40,784,-64.00,-64.00,-64.00,-64.00,-64.00,-64.00,12,5,-46.22,6.92,39.00,25.00,0,0,0.00,0.00,0.68,0.02,0.00,0.00,0,0,0,
1754586626800,0,0,0,40,0,0,0.00,0.74,0.86,40,779,-64.00,-64.00,-64.00,-64.00,-64.00,-64.00,13,5,-46.22,6.92,39.00,20.00,0,0,0.00,0.00,0.66,0.02,0.00,0.00,0,0,0,
1754586627800,0,0,0,40,0,0,0.00,2.18,0.76,90,789,-64.00,-64.00,-64.00,-64.00,-64.00,-64.00,12,5,-46.22,6.92,40.00,25.00,0,0,0.00,0.09,0.65,0.02,0.00,0.00,0,0,0,
1754586628800,0,0,0,40,0,0,0.00,0.74,0.89,40,789,-64.31,-65.00,-65.00,-64.00,-64.00,-64.00,13,5,-46.53,6.91,39.00,26.00,0,0,0.00,0.07,0.63,0.02,0.00,0.00,0,0,0,
1754586629800,0,0,0,40,0,0,0.00,0.74,0.86,40,789,-64.25,-65.00,-64.50,-64.00,-64.00,-64.00,12,5,-46.47,6.91,39.00,25.00,0,0,0.00,0.06,0.62,0.02,0.00,0.00,0,0,0,
1754586630800,0,0,0,40,1,1,0.00,1.46,1.48,60,719,-64.15,-65.00,-64.00,-64.00,-64.00,-64.00,13,5,-46.37,6.92,38.00,23.00,0,0,0.00,0.05,0.60,0.02,0.00,0.00,0,0,0,
1754586631800,0,0,0,40,0,0,0.00,2.18,0.78,130,398,-64.25,-65.00,-64.50,-64.00,-64.00,-64.00,12,5,-46.47,6.91,37.50,23.00,0,1,0.00,0.04,0.60,0.02,0.00,0.00,1,0,0,
1754586632800,0,0,0,40,0,0,0.00,0.74,0.74,75,401,-64.23,-65.00,-64.00,-64.00,-64.00,-64.00,13,5,-46.45,6.91,38.00,23.00,0,0,0.00,0.03,0.59,0.02,0.00,0.00,0,0,0,
1754586633800,0,0,0,40,0,0,0.00,2.18,0.78,130,719,-64.50,-65.00,-65.00,-64.50,-64.00,-64.00,12,5,-46.72,6.90,38.00,24.00,0,0,0.00,0.12,0.58,0.02,0.00,0.00,0,0,0,
1754586634800,0,0,0,40,0,0,0.00,0.74,0.78,40,709,-64.62,-65.00,-65.00,-65.00,-64.00,-64.00,13,5,-46.83,6.90,38.00,28.00,0,0,0.00,0.09,0.57,0.02,0.00,0.00,0,0,0,
1754586635800,0,0,0,40,0,0,0.00,0.74,0.78,40,709,-64.50,-65.00,-65.00,-64.50,-64.00,-64.00,12,5,-46.72,6.90,38.50,33.00,0,0,0.00,0.08,0.56,0.02,0.00,0.00,0,0,0,
1754586636800,0,0,0,40,0,0,0.00,0.74,0.78,80,699,-64.38,-65.00,-65.00,-64.00,-64.00,-64.00,13,5,-46.60,6.91,38.50,30.00,0,0,0.00,0.06,0.55,0.02,0.00,0.00,0,0,0,
1754586637800,0,0,0,40,0,0,0.00,2.18,0.78,130,734,-64.42,-65.00,-65.00,-64.00,-64.00,-64.00,12,5,-46.64,6.91,38.00,27.00,0,1,0.00,0.05,0.54,0.02,0.00,0.00,1,0,0,
1754586638800,0,0,0,40,0,0,0.00,2.18,0.78,90,729,-64.46,-65.00,-65.00,-64.00,-64.00,-64.00,13,5,-46.68,6.90,39.00,29.00,0,1,0.00,0.04,0.53,0.02,0.00,0.00,1,0,0,
1754586639800,0,0,0,40,6,3,0.00,7.29,3.64,349,456,-64.58,-65.00,-65.00,-65.00,-64.00,-64.00,12,5,-46.80,6.90,39.00,24.00,0,0,0.00,0.04,0.52,0.02,0.00,0.00,0,0,0,
1754586640800,0,0,0,40,0,2,0.00,0.74,2.48,31,739,-64.15,-65.00,-64.00,-64.00,-64.00,-64.00,13,5,-46.37,6.92,39.00,27.00,0,0,0.00,0.03,0.51,0.02,0.00,0.00,0,0,0,
1754586641800,0,0,0,40,0,0,0.00,0.74,0.78,80,714,-64.42,-65.00,-65.00,-64.00,-64.00,-64.00,12,5,-46.64,6.91,38.50,27.00,0,0,0.00,0.02,0.50,0.02,0.00,0.00,0,0,0,
1754586642800,0,0,0,40,2,1,0.00,4.37,1.47,148,729,-64.23,-65.00,-64.00,-64.00,-64.00,-64.00,13,5,-46.45,6.91,39.00,26.00,0,1,0.00,0.02,0.49,0.02,0.00,0.00,1,0,0,
1754586643800,0,0,0,40,0,0,0.00,2.18,0.82,81,741,-64.25,-65.00,-64.50,-64.00,-64.00,-64.00,12,5,-46.47,6.91,38.50,28.00,0,1,0.00,0.02,0.48,0.02,0.00,0.00,1,0,0,
1754586644800,0,0,0,40,0,0,0.00,2.18,0.82,130,744,-64.08,-65.00,-64.00,-64.00,-64.00,-64.00,13,5,-46.30,6.92,38.50,27.00,0,1,0.00,0.01,0.48,0.02,0.00,0.00,1,0,0,
1754586645800,0,0,0,40,0,0,0.00,2.18,0.82,90,734,-64.00,-64.00,-64.00,-64.00,-64.00,-64.00,12,5,-46.22,6.92,38.50,27.00,0,0,0.00,0.01,0.47,0.02,0.00,0.00,0,0,0,
1754586646800,0,0,0,40,0,0,0.00,0.74,0.78,56,724,-64.00,-64.00,-64.00,-64.00,-64.00,-64.00,13,5,-46.22,6.92,39.50,24.00,0,1,0.00,0.01,0.46,0.02,0.00,0.00,1,0,0,
1754586647800,0,0,0,40,0,0,0.00,2.18,0.82,61,739,-64.00,-64.00,-64.00,-64.00,-64.00,-64.00,12,5,-46.22,6.92,39.00,23.00,0,2,0.00,0.01,0.45,0.02,0.00,0.00,2,0,0,
1754586648800,0,0,0,40,0,0,0.00,1.46,0.82,29,729,-64.00,-64.00,-64.00,-64.00,-64.00,-64.00,13,5,-46.22,6.92,38.50,23.00,0,3,0.00,0.01,0.44,0.02,0.00,0.00,3,0,0,
1754586649800,0,0,0,40,0,0,0.00,2.18,0.82,30,739,-64.00,-64.00,-64.00,-64.00,-64.00,-64.00,12,5,-46.22,6.92,39.50,24.00,0,4,0.00,0.03,0.44,0.02,0.00,0.00,3,0,0,
1754586650800,0,0,0,40,0,0,0.00,0.74,0.82,26,734,-64.00,-64.00,-64.00,-64.00,-64.00,-64.00,13,5,-46.22,6.92,38.50,20.00,0,5,0.00,0.02,0.43,0.02,0.00,0.00,4,0,0,
1754586651800,0,0,0,40,0,0,0.00,0.74,0.82,24,734,-64.00,-64.00,-64.00,-64.00,-64.00,-64.00,12,5,-46.22,6.92,39.00,25.00,1,6,0.00,0.02,0.42,0.02,0.00,0.00,4,0,0,
1754586652800,0,0,0,40,0,0,0.00,2.18,0.82,30,749,-64.00,-64.00,-64.00,-64.00,-64.00,-64.00,13,5,-46.22,6.92,39.00,27.00,0,8,0.00,0.02,0.42,0.02,0.00,0.00,5,0,0,
1754586653800,0,0,0,40,0,0,0.00,2.18,0.78,29,749,-64.00,-64.00,-64.00,-64.00,-64.00,-64.00,12,5,-46.22,6.92,38.50,27.00,0,6,0.00,0.01,0.41,0.02,0.00,0.00,4,0,0,
1754586654800,0,0,0,40,0,0,0.00,2.18,0.78,38,754,-64.00,-64.00,-64.00,-64.00,-64.00,-64.00,13,5,-46.22,6.92,39.00,27.00,1,4,0.00,0.01,0.41,0.02,0.00,0.00,3,0,0,
1754586655800,0,0,0,40,0,0,0.00,0.74,0.82,20,739,-64.00,-64.00,-64.00,-64.00,-64.00,-64.00,12,5,-46.22,6.92,38.00,27.00,1,4,0.00,0.01,0.40,0.02,0.00,0.00,3,0,0,
1754586656800,0,0,0,40,0,0,0.00,2.18,0.78,42,756,-64.23,-65.00,-64.00,-64.00,-64.00,-64.00,13,5,-46.45,6.91,39.50,26.00,0,3,0.00,0.01,0.39,0.02,0.00,0.00,3,0,0,
1754586657800,1,50,0,40,0,0,0.00,0.00,0.04,5,731,-64.00,-64.00,-64.00,-64.00,-64.00,-64.00,9,5,-46.22,6.92,38.50,24.00,0,2,0.00,0.01,0.41,0.02,0.00,0.00,2,0,0,
1754586658800,1,50,0,40,1,1,0.00,2.98,1.57,273,1929,-62.40,-64.00,-64.00,-64.00,-64.00,-56.00,5,5,-44.62,6.99,43.00,25.00,0,0,0.15,0.08,0.42,0.04,0.00,0.00,0,0,0,
1754586659800,1,50,0,40,0,0,0.00,2.90,0.76,115,766,-64.00,-64.00,-64.00,-64.00,-64.00,-64.00,12,5,-46.22,6.92,39.50,24.00,0,0,0.10,0.08,0.42,0.04,0.00,0.00,0,0,0,
1754586660800,1,50,0,40,0,0,0.00,13.68,0.00,680,431,-64.00,-64.00,-64.00,-64.00,-64.00,-64.00,5,5,-46.22,6.92,37.00,26.00,1,0,0.04,0.04,0.43,0.03,0.00,0.00,0,0,0,
1754586661800,1,50,0,40,0,0,0.00,12.86,0.76,807,764,-63.22,-65.00,-64.00,-64.00,-64.00,-56.00,9,5,-45.44,6.96,38.50,24.00,1,5,0.06,0.03,0.43,0.03,0.00,0.00,4,0,0,
1754586662800,1,50,0,40,0,0,0.00,12.16,0.73,401,1422,-64.00,-64.00,-64.00,-64.00,-64.00,-64.00,11,26,-39.06,42.60,26.00,22.00,0,5,0.08,0.02,0.46,0.03,0.00,0.00,4,0,0,
1754586663800,1,50,0,40,1,1,0.00,5.92,0.86,152,644,,,,,,,0,5,,0.00,36.00,29.00,0,1,0.16,0.01,0.47,0.03,0.00,0.00,1,0,0,
1754586664800,1,50,0,40,1,1,538.00,4.37,1.82,258,669,-64.00,-64.00,-64.00,-64.00,-64.00,-64.00,1,94,-33.48,179.71,5.50,29.00,0,0,0.06,0.01,0.49,0.03,0.00,0.00,0,0,0,
1754586665800,1,50,0,40,0,0,0.00,0.00,0.13,61,1373,-64.00,-64.00,-64.00,-64.00,-64.00,-64.00,12,5,-46.22,6.92,39.00,28.00,0,0,0.06,0.01,0.51,0.03,0.00,0.00,0,0,0,
1754586666800,1,50,0,40,0,0,0.00,0.00,0.00,196,634,,,,,,,0,5,,0.00,38.00,30.00,0,1,0.30,0.02,0.52,0.03,0.00,0.00,1,0,0,
1754586667800,1,50,0,40,0,0,0.00,0.00,0.00,52,50,,,,,,,0,5,,0.00,39.50,26.00,0,0,0.10,0.01,0.52,0.03,0.00,0.00,0,0,0,
1754586668800,1,50,0,40,0,0,0.00,0.84,0.62,100,50,,,,,,,0,5,,0.00,38.00,32.00,0,0,0.04,0.00,0.52,0.03,0.00,0.00,0,0,0,
1754586669800,1,50,0,40,0,0,0.00,2.70,0.69,172,50,,,,,,,0,5,,0.00,36.50,24.00,0,0,0.01,0.00,0.52,0.03,0.00,0.00,0,0,0,
1754586670800,1,50,0,40,0,0,0.00,0.00,0.73,5,50,,,,,,,0,5,,0.00,39.00,30.00,0,0,0.00,0.00,0.52,0.03,0.00,0.00,0,0,0,
1754586671800,1,50,0,40,3,3,0.00,3.70,3.31,254,1348,-64.00,-64.00,-64.00,-64.00,-64.00,-64.00,5,5,-46.22,6.92,40.00,32.00,0,0,0.03,0.00,0.53,0.03,0.00,0.00,0,0,0,
1754586672800,1,50,0,40,1,1,0.00,1.69,1.78,194,1932,-64.00,-64.00,-64.00,-64.00,-64.00,-64.00,8,5,-46.22,6.92,39.50,24.00,0,0,0.06,0.01,0.53,0.04,0.00,0.00,0,0,0,
1754586673800,1,50,0,40,0,0,0.00,1.57,0.82,185,1982,-64.14,-65.00,-64.00,-64.00,-64.00,-64.00,7,5,-46.36,6.92,38.00,22.00,0,0,0.13,0.06,0.55,0.04,0.00,0.00,0,0,0,
1754586674800,1,50,0,40,0,0,210.00,0.74,0.76,132,1661,-64.00,-64.00,-64.00,-64.00,-64.00,-64.00,2,5,-46.22,6.92,63.00,24.00,0,0,0.13,0.05,0.56,0.04,0.00,0.00,0,0,0,
1754586675800,1,50,0,40,0,0,0.00,8.66,0.78,324,1092,-63.88,-64.00,-64.00,-64.00,-64.00,-63.00,8,5,-46.09,6.93,38.50,23.00,0,0,0.09,0.03,0.57,0.04,0.00,0.00,0,0,0,
1754586676800,0,0,0,40,0,0,0.00,4.38,0.78,308,1932,-63.43,-64.00,-64.00,-63.00,-63.00,-63.00,7,5,-45.65,6.95,43.00,22.00,0,0,0.10,0.02,0.57,0.05,0.00,0.00,0,0,0,
1754586677800,0,0,0,40,0,0,0.00,8.66,0.76,390,764,-62.92,-64.00,-64.00,-63.50,-63.00,-56.00,12,5,-45.14,6.97,38.50,27.00,0,0,0.04,0.07,0.57,0.05,0.00,0.00,0,0,0,
1754586678800,0,0,0,40,0,0,0.00,2.88,0.06,145,769,-63.85,-64.00,-64.00,-64.00,-64.00,-63.00,13,5,-46.06,6.93,38.00,27.00,0,0,0.01,0.06,0.56,0.05,0.00,0.00,0,0,0,
1754586679800,0,0,0,40,0,0,0.00,0.74,0.78,75,774,-63.75,-64.00,-64.00,-64.00,-63.50,-63.00,12,5,-45.97,6.93,39.00,27.00,0,0,0.00,0.05,0.56,0.05,0.00,0.00,0,0,0,
1754586680800,0,0,0,40,0,0,0.00,0.74,0.82,35,779,-63.85,-64.00,-64.00,-64.00,-64.00,-63.00,13,5,-46.06,6.93,39.50,21.00,0,0,0.00,0.05,0.55,0.05,0.00,0.00,0,0,0,
1754586681800,0,0,0,40,0,0,0.00,2.90,0.89,141,764,-63.92,-64.00,-64.00,-64.00,-64.00,-63.00,12,5,-46.14,6.93,39.50,23.00,0,1,0.00,0.04,0.54,0.05,0.00,0.00,1,0,0,
1754586682800,0,0,0,40,0,0,0.00,2.18,0.87,125,799,-63.69,-64.00,-64.00,-64.00,-63.00,-63.00,13,5,-45.91,6.94,40.00,24.00,0,0,0.00,0.04,0.54,0.05,0.00,0.00,0,0,0,
1754586683800,0,0,0,40,0,0,0.00,2.18,0.86,58,789,-63.75,-64.00,-64.00,-64.00,-63.50,-63.00,12,5,-45.97,6.93,38.00,26.00,0,1,0.00,0.03,0.53,0.05,0.00,0.00,1,0,0,
1754586684800,0,0,0,40,0,0,0.00,0.74,0.76,36,784,-63.77,-64.00,-64.00,-64.00,-64.00,-63.00,13,5,-45.99,6.93,38.50,27.00,0,2,0.00,0.03,0.53,0.05,0.00,0.00,2,0,0,
1754586685800,0,0,0,40,0,0,0.00,0.74,0.89,80,789,-63.58,-64.00,-64.00,-64.00,-63.00,-63.00,12,5,-45.80,6.94,40.00,24.00,0,0,0.00,0.02,0.52,0.05,0.00,0.00,0,0,0,
1754586686800,0,0,0,40,0,0,0.00,2.18,0.92,130,774,-63.69,-64.00,-64.00,-64.00,-63.00,-63.00,13,5,-45.91,6.94,39.00,21.00,0,0,0.00,0.02,0.52,0.05,0.00,0.00,0,0,0,
1754586687800,0,0,0,40,0,0,0.00,0.74,0.78,40,784,-63.67,-64.00,-64.00,-64.00,-63.00,-63.00,12,5,-45.89,6.94,39.00,27.00,0,0,0.00,0.02,0.51,0.05,0.00,0.00,0,0,0,
1754586688800,0,0,0,40,0,0,0.00,2.18,0.75,90,789,-63.46,-64.00,-64.00,-63.00,-63.00,-63.00,13,5,-45.68,6.95,39.00,27.00,0,0,0.00,0.01,0.51,0.05,0.00,0.00,0,0,0,
1754586689800,0,0,0,40,0,0,0.00,0.74,0.89,40,789,-63.50,-64.00,-64.00,-63.50,-63.00,-63.00,12,5,-45.72,6.94,39.50,30.00,0,0,0.00,0.01,0.50,0.05,0.00,0.00,0,0,0,
1754586690800,0,0,0,40,0,0,0.00,0.74,0.86,40,789,-63.85,-64.00,-64.00,-64.00,-64.00,-63.00,13,5,-46.06,6.93,41.00,30.00,0,0,0.00,0.01,0.50,0.05,0.00,0.00,0,0,0,
1754586691800,0,0,0,40,0,0,0.00,0.74,0.86,40,789,-63.75,-64.00,-64.00,-64.00,-63.50,-63.00,12,5,-45.97,6.93,40.00,30.00,0,0,0.00,0.01,0.49,0.05,0.00,0.00,0,0,0,
1754586692800,0,0,0,40,0,0,0.00,0.74,0.86,80,774,-63.77,-64.00,-64.00,-64.00,-64.00,-63.00,13,5,-45.99,6.93,39.00,24.00,0,0,0.00,0.01,0.49,0.05,0.00,0.00,0,0,0,
1754586693800,0,0,0,40,0,0,0.00,0.74,0.86,80,789,-63.92,-64.00,-64.00,-64.00,-64.00,-63.00,12,5,-46.14,6.93,38.00,24.00,0,0,0.00,0.00,0.48,0.05,0.00,0.00,0,0,0,
1754586694800,0,0,0,40,0,0,0.00,0.74,0.86,80,789,-63.92,-64.00,-64.00,-64.00,-64.00,-63.00,13,5,-46.14,6.93,38.50,27.00,0,0,0.00,0.00,0.48,0.05,0.00,0.00,0,0,0,
1754586695800,0,0,0,40,1,1,0.00,1.46,1.48,60,749,-64.00,-64.00,-64.00,-64.00,-64.00,-64.00,12,5,-46.22,6.92,38.50,31.00,0,0,0.00,0.00,0.47,0.05,0.00,0.00,0,0,0,
1754586696800,0,0,0,40,0,0,0.00,0.74,0.78,40,699,-64.00,-64.00,-64.00,-64.00,-64.00,-64.00,13,5,-46.22,6.92,38.50,27.00,0,0,0.00,0.00,0.47,0.05,0.00,0.00,0,0,0,
1754586697800,0,0,0,40,0,0,0.00,0.74,0.78,80,704,-64.00,-64.00,-64.00,-64.00,-64.00,-64.00,12,5,-46.22,6.92,37.00,30.00,0,0,0.00,0.00,0.47,0.05,0.00,0.00,0,0,0,
1754586698800,0,0,0,40,0,0,0.00,0.74,0.78,40,714,-64.00,-64.00,-64.00,-64.00,-64.00,-64.00,13,5,-46.22,6.92,38.50,32.00,0,0,0.00,0.00,0.46,0.05,0.00,0.00,0,0,0,
1754586699800,0,0,0,40,0,0,0.00,0.74,0.78,40,709,-64.00,-64.00,-64.00,-64.00,-64.00,-64.00,12,5,-46.22,6.92,38.50,27.00,0,0,0.00,0.00,0.46,0.04,0.00,0.00,0,0,0,
1754586700800,0,0,0,40,0,0,0.00,0.74,0.78,40,709,-64.15,-65.00,-64.00,-64.00,-64.00,-64.00,13,5,-46.37,6.92,37.50,34.00,0,0,0.00,0.00,0.46,0.04,0.00,0.00,0,0,0,
1754586701800,0,0,0,40,0,0,0.00,0.74,0.78,40,704,-64.17,-65.00,-64.00,-64.00,-64.00,-64.00,12,5,-46.39,6.92,38.50,33.00,0,0,0.00,0.00,0.45,0.04,0.00,0.00,0,0,0,
1754586702800,0,0,0,40,0,0,0.00,2.18,0.78,130,729,-64.00,-64.00,-64.00,-64.00,-64.00,-64.00,13,5,-46.22,6.92,60.00,26.00,1,0,0.00,0.00,0.45,0.04,0.00,0.00,0,0,0,
1754586703800,0,0,0,40,0,0,0.00,2.18,0.78,90,729,-64.25,-65.00,-64.50,-64.00,-64.00,-64.00,12,5,-46.47,6.91,38.50,27.00,0,0,0.00,0.00,0.45,0.04,0.00,0.00,0,0,0,
1754586704800,0,0,0,40,0,0,506.00,0.74,0.78,75,426,-64.46,-65.00,-65.00,-64.00,-64.00,-64.00,13,5,-46.68,6.90,37.50,28.00,1,0,0.00,0.00,0.44,0.04,0.00,0.00,0,0,0,
1754586705800,0,0,0,40,0,0,425.00,0.74,0.78,75,426,-64.42,-65.00,-65.00,-64.00,-64.00,-64.00,12,5,-46.64,6.91,39.00,26.00,1,0,0.00,0.00,0.44,0.04,0.00,0.00,0,0,0,
1754586706800,0,0,0,40,0,0,0.00,0.00,0.04,10,90,-64.69,-65.00,-65.00,-65.00,-64.00,-64.00,13,5,-46.91,6.90,38.50,19.00,0,0,0.00,0.00,0.44,0.04,0.00,0.00,0,0,0,
1754586707800,0,0,0,40,1,1,0.00,2.90,1.50,101,791,-64.50,-65.00,-65.00,-64.50,-64.00,-64.00,12,5,-46.72,6.90,39.50,24.00,0,1,0.00,0.00,0.44,0.04,0.00,0.00,1,0,0,
1754586708800,0,0,0,40,0,0,0.00,2.18,0.82,90,724,-64.62,-65.00,-65.00,-65.00,-64.00,-64.00,13,5,-46.83,6.90,38.00,30.00,1,0,0.00,0.00,0.43,0.04,0.00,0.00,0,0,0,
1754586709800,0,0,0,40,0,0,0.00,2.18,0.82,90,744,-64.75,-65.00,-65.00,-65.00,-64.50,-64.00,12,5,-46.97,6.89,60.00,27.00,1,0,0.00,0.00,0.43,0.04,0.00,0.00,0,0,0,
1754586710800,0,0,0,40,0,0,0.00,2.18,0.82,90,744,-64.92,-65.00,-65.00,-65.00,-65.00,-64.00,13,5,-47.14,6.89,38.50,27.00,1,0,0.00,0.00,0.43,0.04,0.00,0.00,0,0,0,
1754586711800,0,0,0,40,0,0,0.00,0.74,0.82,40,734,-65.00,-65.00,-65.00,-65.00,-65.00,-65.00,12,5,-47.22,6.88,37.50,27.00,0,0,0.00,0.00,0.42,0.04,0.00,0.00,0,0,0,
1754586712800,0,0,0,40,0,0,0.00,2.18,0.76,90,714,-64.69,-65.00,-65.00,-65.00,-64.00,-64.00,13,5,-46.91,6.90,38.00,25.00,0,0,0.00,0.00,0.42,0.04,0.00,0.00,0,0,0,
1754586713800,0,0,0,40,0,0,150.00,1.46,0.82,65,739,-64.58,-65.00,-65.00,-65.00,-64.00,-64.00,12,5,-46.80,6.90,38.50,26.00,0,0,0.00,0.00,0.42,0.04,0.00,0.00,0,0,0,
1754586714800,0,0,0,40,0,0,65.00,2.18,0.82,90,751,-64.00,-64.00,-64.00,-64.00,-64.00,-64.00,13,5,-46.22,6.92,38.50,23.00,0,0,0.00,0.00,0.41,0.04,0.00,0.00,0,0,0,
1754586715800,0,0,0,40,0,0,65.00,2.18,0.82,81,749,-64.00,-64.00,-64.00,-64.00,-64.00,-64.00,12,5,-46.22,6.92,38.00,26.00,0,0,0.00,0.00,0.41,0.04,0.00,0.00,0,0,0,
1754586716800,0,0,0,40,0,0,184.00,1.46,0.81,65,749,-64.23,-65.00,-64.00,-64.00,-64.00,-64.00,13,5,-46.45,6.91,60.00,25.00,1,0,0.00,0.00,0.41,0.04,0.00,0.00,0,0,0,
1754586717800,0,0,0,40,0,0,16.00,0.74,0.80,80,724,-64.00,-64.00,-64.00,-64.00,-64.00,-64.00,12,106,-32.96,205.86,18.50,25.00,1,0,0.00,0.00,0.41,0.04,0.00,0.00,0,0,0,
1754586718800,0,0,0,40,0,0,0.00,0.00,0.02,5,110,-64.00,-64.00,-64.00,-64.00,-64.00,-64.00,13,5,-46.22,6.92,60.00,22.00,0,0,0.00,0.00,0.41,0.04,0.00,0.00,0,0,0,
1754586719800,0,0,0,40,0,0,0.00,2.18,0.82,90,744,-64.00,-64.00,-64.00,-64.00,-64.00,-64.00,12,5,-46.22,6.92,40.00,24.00,0,1,0.00,0.00,0.40,0.04,0.00,0.00,1,0,0,
1754586720800,0,0,0,40,0,0,0.00,2.18,0.78,81,746,-64.00,-64.00,-64.00,-64.00,-64.00,-64.00,13,5,-46.22,6.92,39.00,27.00,0,1,0.00,0.00,0.40,0.04,0.00,0.00,1,0,0,
1754586721800,0,0,0,40,0,0,0.00,2.18,0.82,90,754,-64.00,-64.00,-64.00,-64.00,-64.00,-64.00,12,5,-46.22,6.92,38.50,27.00,0,0,0.00,0.00,0.40,0.04,0.00,0.00,0,0,0,
1754586722800,0,0,0,40,0,0,0.00,2.18,0.89,63,764,-64.00,-64.00,-64.00,-64.00,-64.00,-64.00,13,5,-46.22,6.92,60.00,28.00,0,1,0.00,0.00,0.39,0.04,0.00,0.00,1,0,0,
1754586723800,0,0,0,40,0,0,0.00,0.74,0.72,25,734,-64.00,-64.00,-64.00,-64.00,-64.00,-64.00,12,5,-46.22,6.92,40.50,26.00,0,2,0.00,0.00,0.39,0.04,0.00,0.00,2,0,0,
1754586724800,0,0,0,40,0,0,0.00,0.74,0.78,22,744,-64.00,-64.00,-64.00,-64.00,-64.00,-64.00,13,5,-46.22,6.92,39.00,27.00,0,3,0.00,0.00,0.39,0.04,0.00,0.00,3,0,0,
1754586725800,0,0,0,40,0,0,0.00,2.18,0.82,30,751,-63.92,-64.00,-64.00,-64.00,-64.00,-63.00,12,5,-46.14,6.93,39.00,27.00,0,4,0.00,0.00,0.39,0.04,0.00,0.00,3,0,0,
1754586726800,0,0,0,40,0,0,0.00,2.18,0.82,30,761,-63.77,-64.00,-64.00,-64.00,-64.00,-63.00,13,5,-45.99,6.93,60.00,33.00,0,6,0.00,0.00,0.38,0.04,0.00,0.00,4,0,0,
1754586727800,0,0,0,40,0,0,0.00,2.18,0.82,36,774,-64.00,-64.00,-64.00,-64.00,-64.00,-64.00,12,5,-46.22,6.92,39.00,32.00,0,6,0.00,0.00,0.38,0.04,0.00,0.00,4,0,0,
1754586728800,0,0,0,40,0,0,0.00,0.74,0.82,20,739,-64.00,-64.00,-64.00,-64.00,-64.00,-64.00,13,5,-46.22,6.92,38.00,25.00,0,5,0.00,0.00,0.38,0.04,0.00,0.00,4,0,0,
1754586729800,0,0,0,40,0,0,0.00,0.74,0.82,20,754,-64.00,-64.00,-64.00,-64.00,-64.00,-64.00,12,5,-46.22,6.92,38.50,26.00,0,6,0.00,0.00,0.37,0.04,0.00,0.00,4,0,0,
1754586730800,0,0,0,40,0,0,0.00,2.18,0.82,30,764,-64.00,-64.00,-64.00,-64.00,-64.00,-64.00,13,5,-46.22,6.92,38.50,27.00,0,6,0.00,0.00,0.37,0.04,0.00,0.00,4,0,0,
1754586731800,0,0,0,40,0,0,0.00,2.18,0.82,30,774,-64.00,-64.00,-64.00,-64.00,-64.00,-64.00,12,5,-46.22,6.92,38.50,27.00,0,6,0.00,0.00,0.37,0.04,0.00,0.00,4,0,0,
1754586732800,0,0,0,40,0,0,0.00,2.18,0.89,30,779,-64.00,-64.00,-64.00,-64.00,-64.00,-64.00,13,5,-46.22,6.92,39.00,27.00,0,6,0.00,0.00,0.37,0.04,0.00,0.00,4,0,0,
1754586733800,0,0,0,40,0,0,0.00,0.74,0.72,20,754,-64.00,-64.00,-64.00,-64.00,-64.00,-64.00,12,5,-46.22,6.92,38.00,27.00,0,6,0.00,0.00,0.36,0.04,0.00,0.00,4,0,0,
1754586734800,0,0,0,40,0,0,0.00,0.74,0.90,28,769,-64.00,-64.00,-64.00,-64.00,-64.00,-64.00,13,5,-46.22,6.92,38.00,21.00,0,4,0.00,0.00,0.36,0.04,0.00,0.00,3,0,0,
1754586735800,0,0,0,40,0,0,0.00,0.74,0.82,20,481,-64.00,-64.00,-64.00,-64.00,-64.00,-64.00,12,5,-46.22,6.92,40.50,27.00,0,2,0.00,0.10,0.36,0.04,0.00,0.00,2,0,0,
1754586736800,0,0,0,40,0,0,0.00,2.18,0.80,130,776,-64.00,-64.00,-64.00,-64.00,-64.00,-64.00,13,5,-46.22,6.92,38.00,26.00,0,0,0.00,0.07,0.36,0.04,0.00,0.00,0,0,0,
1754586737800,0,0,0,40,0,0,0.00,2.18,0.89,130,784,-64.00,-64.00,-64.00,-64.00,-64.00,-64.00,12,5,-46.22,6.92,39.00,27.00,0,0,0.00,0.06,0.36,0.04,0.00,0.00,0,0,0,
1754586738800,0,0,0,40,0,0,0.00,0.74,0.72,40,769,-64.00,-64.00,-64.00,-64.00,-64.00,-64.00,13,5,-46.22,6.92,38.00,26.00,0,0,0.00,0.05,0.35,0.04,0.00,0.00,0,0,0,
1754586739800,0,0,0,40,0,0,0.00,0.74,1.22,80,779,-64.00,-64.00,-64.00,-64.00,-64.00,-64.00,12,5,-46.22,6.92,39.00,24.00,1,0,0.00,0.04,0.35,0.04,0.00,0.00,0,0,0,
1754586740800,0,0,0,40,0,0,0.00,2.90,0.66,150,794,-64.00,-64.00,-64.00,-64.00,-64.00,-64.00,13,5,-46.22,6.92,39.50,24.00,0,0,0.00,0.05,0.35,0.04,0.00,0.00,0,0,0,
1754586741800,0,0,0,40,0,0,0.00,2.18,0.97,81,786,-64.00,-64.00,-64.00,-64.00,-64.00,-64.00,12,5,-46.22,6.92,38.50,23.00,0,1,0.00,0.04,0.35,0.04,0.00,0.00,1,0,0,
1754586742800,0,0,0,40,0,0,0.00,2.18,0.80,90,799,-64.08,-65.00,-64.00,-64.00,-64.00,-64.00,13,5,-46.30,6.92,37.50,26.00,0,0,0.00,0.03,0.34,0.04,0.00,0.00,0,0,0,
1754586743800,0,0,0,40,0,0,0.00,0.74,0.86,40,784,-64.00,-64.00,-64.00,-64.00,-64.00,-64.00,12,5,-46.22,6.92,38.50,24.00,0,0,0.00,0.03,0.34,0.04,0.00,0.00,0,0,0,
1754586744800,0,0,0,40,0,0,0.00,0.74,0.82,40,784,-64.00,-64.00,-64.00,-64.00,-64.00,-64.00,13,5,-46.22,6.92,38.00,29.00,0,0,0.00,0.02,0.34,0.04,0.00,0.00,0,0,0,
1754586745800,0,0,0,40,0,0,0.00,2.18,0.90,130,769,-64.00,-64.00,-64.00,-64.00,-64.00,-64.00,12,5,-46.22,6.92,39.00,24.00,0,0,0.00,0.02,0.34,0.04,0.00,0.00,0,0,0,
1754586746800,0,0,0,40,0,0,0.00,0.74,0.83,40,779,-64.00,-64.00,-64.00,-64.00,-64.00,-64.00,13,5,-46.22,6.92,39.50,26.00,0,0,0.00,0.01,0.34,0.04,0.00,0.00,0,0,0,
1754586747800,0,0,0,40,0,0,0.00,2.18,0.75,90,804,-64.00,-64.00,-64.00,-64.00,-64.00,-64.00,12,5,-46.22,6.92,40.00,28.00,0,0,0.00,0.01,0.33,0.04,0.00,0.00,0,0,0,
1754586748800,0,0,0,40,0,0,0.00,0.74,0.89,40,774,-64.00,-64.00,-64.00,-64.00,-64.00,-64.00,13,5,-46.22,6.92,39.50,26.00,0,0,0.00,0.01,0.33,0.04,0.00,0.00,0,0,0,
1754586749800,0,0,0,40,0,0,0.00,0.74,0.86,40,789,-64.00,-64.00,-64.00,-64.00,-64.00,-64.00,12,5,-46.22,6.92,38.50,24.00,0,0,0.00,0.01,0.33,0.04,0.00,0.00,0,0,0,
1754586750800,0,0,0,40,0,0,0.00,0.74,0.86,40,789,-64.38,-65.00,-65.00,-64.00,-64.00,-64.00,13,5,-46.60,6.91,39.00,23.00,0,0,0.00,0.01,0.33,0.04,0.00,0.00,0,0,0,
1754586751800,0,0,0,40,0,0,0.00,0.74,0.86,80,789,-64.33,-65.00,-65.00,-64.00,-64.00,-64.00,12,5,-46.55,6.91,39.00,27.00,0,0,0.00,0.00,0.32,0.04,0.00,0.00,0,0,0,
1754586752800,0,0,0,40,0,0,0.00,0.74,0.86,40,789,-64.31,-65.00,-65.00,-64.00,-64.00,-64.00,13,5,-46.53,6.91,60.00,27.00,0,0,0.00,0.00,0.32,0.04,0.00,0.00,0,0,0,
1754586753800,0,0,0,40,0,0,0.00,0.74,0.86,80,774,-64.25,-65.00,-64.50,-64.00,-64.00,-64.00,12,5,-46.47,6.91,39.00,26.00,1,0,0.00,0.00,0.32,0.04,0.00,0.00,0,0,0,
1754586754800,0,0,0,40,0,0,0.00,0.74,0.86,80,789,-64.23,-65.00,-64.00,-64.00,-64.00,-64.00,13,5,-46.45,6.91,38.00,25.00,1,0,0.00,0.00,0.32,0.04,0.00,0.00,0,0,0,
1754586755800,0,0,0,40,0,0,0.00,0.74,0.86,80,789,-64.08,-65.00,-64.00,-64.00,-64.00,-64.00,12,5,-46.30,6.92,38.00,25.00,1,0,0.00,0.00,0.32,0.04,0.00,0.00,0,0,0,
1754586756800,0,0,0,40,0,0,0.00,0.74,0.86,40,789,-64.00,-64.00,-64.00,-64.00,-64.00,-64.00,13,5,-46.22,6.92,37.50,27.00,1,0,0.00,0.00,0.31,0.04,0.00,0.00,0,0,0,
1754586757800,0,0,0,40,0,0,0.00,0.74,0.86,40,774,-64.17,-65.00,-64.00,-64.00,-64.00,-64.00,12,5,-46.39,6.92,38.50,27.00,1,0,0.00,0.00,0.31,0.04,0.00,0.00,0,0,0,
1754586758800,0,0,0,40,0,0,0.00,0.74,0.86,75,431,-64.08,-65.00,-64.00,-64.00,-64.00,-64.00,13,5,-46.30,6.92,60.00,26.00,2,0,0.00,0.00,0.31,0.04,0.00,0.00,0,0,0,
1754586759800,0,0,0,40,0,0,0.00,0.74,0.76,40,794,-64.00,-64.00,-64.00,-64.00,-64.00,-64.00,12,5,-46.22,6.92,38.00,23.00,0,0,0.00,0.10,0.31,0.04,0.00,0.00,0,0,0,
1754586760800,0,0,0,40,1,1,0.00,1.46,1.54,60,774,-64.00,-64.00,-64.00,-64.00,-64.00,-64.00,13,5,-46.22,6.92,38.50,25.00,2,0,0.00,0.08,0.31,0.04,0.00,0.00,0,0,0,
1754586761800,0,0,0,40,0,0,0.00,0.74,0.78,40,699,-64.00,-64.00,-64.00,-64.00,-64.00,-64.00,12,5,-46.22,6.92,39.50,23.00,0,0,0.00,0.07,0.31,0.04,0.00,0.00,0,0,0,
1754586762800,0,0,0,40,0,0,0.00,0.74,0.78,40,709,-64.23,-65.00,-64.00,-64.00,-64.00,-64.00,13,5,-46.45,6.91,38.50,25.00,0,0,0.00,0.05,0.31,0.04,0.00,0.00,0,0,0,
1754586763800,1,51,0,40,0,0,0.00,0.00,0.00,5,694,-64.11,-65.00,-64.00,-64.00,-64.00,-64.00,9,5,-46.33,6.92,38.50,28.00,1,0,0.00,0.05,0.31,0.04,0.00,0.00,0,0,0,
1754586764800,1,51,0,40,0,0,0.00,0.00,0.00,218,644,,,,,,,0,5,,0.00,37.00,25.00,0,0,0.20,0.03,0.32,0.04,0.00,0.00,0,0,0,
1754586765800,1,51,0,40,0,0,0.00,0.00,0.00,48,50,,,,,,,0,5,,0.00,38.50,20.00,0,0,0.07,0.02,0.32,0.04,0.00,0.00,0,0,0,
1754586766800,1,51,0,40,0,0,0.00,0.14,0.62,91,669,,,,,,,0,5,,0.00,38.00,24.00,0,0,0.03,0.01,0.32,0.04,0.00,0.00,0,0,0,
1754586767800,1,51,0,40,0,0,0.00,0.00,0.00,207,341,,,,,,,0,5,,0.00,38.50,21.00,0,0,0.12,0.00,0.33,0.04,0.00,0.00,0,0,0,
1754586768800,1,51,0,40,0,0,0.00,2.08,1.06,204,2566,,,,,,,0,5,,0.00,39.00,24.00,0,0,0.24,0.21,0.35,0.04,0.00,0.00,0,0,0,
1754586769800,1,51,0,40,0,0,0.00,0.00,0.00,216,341,,,,,,,0,5,,0.00,39.50,24.00,0,0,0.15,0.11,0.35,0.04,0.00,0.00,0,0,0,
1754586770800,1,51,0,40,0,0,0.00,0.52,0.71,168,681,-64.00,-64.00,-64.00,-64.00,-64.00,-64.00,1,21,-39.99,33.61,31.50,25.00,0,0,0.08,0.06,0.36,0.04,0.00,0.00,0,0,0,
1754586771800,1,51,0,40,0,0,0.00,0.29,0.20,328,1312,,,,,,,0,5,,0.00,39.00,24.00,0,1,0.23,0.05,0.36,0.04,0.00,0.00,1,0,0,
1754586772800,1,51,0,40,0,0,0.00,0.98,0.42,146,50,,,,,,,0,5,,0.00,38.00,23.00,0,0,0.08,0.02,0.36,0.04,0.00,0.00,0,0,0,
1754586773800,1,51,0,40,0,0,0.00,0.18,0.06,266,965,,,,,,,0,5,,0.00,39.50,26.00,0,0,0.16,0.06,0.37,0.04,0.00,0.00,0,0,0,
1754586774800,1,51,0,40,0,0,0.00,0.96,0.31,125,50,,,,,,,0,5,,0.00,38.50,25.00,0,0,0.05,0.03,0.37,0.04,0.00,0.00,0,0,0,
1754586775800,0,0,0,40,0,0,0.00,1.90,0.73,177,50,,,,,,,0,5,,0.00,38.50,27.00,0,0,0.02,0.01,0.37,0.04,0.00,0.00,0,0,0,
1754586776800,0,0,0,40,0,0,0.00,1.82,0.70,192,50,,,,,,,0,5,,0.00,38.50,29.00,0,0,0.01,0.00,0.37,0.04,0.00,0.00,0,0,0,
1754586777800,0,0,0,40,6,6,0.00,15.11,6.91,1031,1367,-63.20,-64.00,-64.00,-64.00,-64.00,-56.00,10,5,-45.42,6.96,38.00,26.00,0,4,0.00,0.04,0.37,0.05,0.00,0.00,3,0,0,
1754586778800,0,0,0,40,0,0,0.00,2.18,0.78,30,709,-64.08,-65.00,-64.00,-64.00,-64.00,-64.00,13,5,-46.30,6.92,38.50,28.00,0,4,0.00,0.05,0.37,0.05,0.00,0.00,3,0,0,
1754586779800,0,0,0,40,0,0,0.00,0.74,0.78,22,704,-64.00,-64.00,-64.00,-64.00,-64.00,-64.00,12,5,-46.22,6.92,38.00,25.00,0,2,0.00,0.04,0.36,0.05,0.00,0.00,2,0,0,
1754586780800,0,0,0,40,0,0,0.00,0.74,0.78,56,714,-64.08,-65.00,-64.00,-64.00,-64.00,-64.00,13,5,-46.30,6.92,38.50,27.00,0,0,0.00,0.03,0.36,0.05,0.00,0.00,0,0,0,
1754586781800,0,0,0,40,0,0,0.00,0.74,0.78,40,709,-64.25,-65.00,-64.50,-64.00,-64.00,-64.00,12,5,-46.47,6.91,38.50,30.00,0,0,0.00,0.03,0.36,0.05,0.00,0.00,0,0,0,
1754586782800,0,0,0,40,0,0,0.00,0.74,0.78,40,709,-64.08,-65.00,-64.00,-64.00,-64.00,-64.00,13,5,-46.30,6.92,38.50,32.00,0,0,0.00,0.02,0.36,0.05,0.00,0.00,0,0,0,
1754586783800,0,0,0,40,0,0,0.00,0.74,0.78,40,704,-64.25,-65.00,-64.50,-64.00,-64.00,-64.00,12,5,-46.47,6.91,39.00,28.00,0,0,0.00,0.02,0.36,0.05,0.00,0.00,0,0,0,
1754586784800,0,0,0,40,0,0,0.00,2.18,0.78,81,729,-64.31,-65.00,-65.00,-64.00,-64.00,-64.00,13,5,-46.53,6.91,38.50,33.00,0,1,0.00,0.01,0.36,0.05,0.00,0.00,1,0,0,
1754586785800,0,0,0,40,0,0,0.00,2.18,0.78,90,729,-64.00,-64.00,-64.00,-64.00,-64.00,-64.00,12,5,-46.22,6.92,40.00,27.00,0,0,0.00,0.01,0.35,0.05,0.00,0.00,0,0,0,
1754586786800,0,0,0,40,0,0,0.00,0.74,0.78,75,426,-64.00,-64.00,-64.00,-64.00,-64.00,-64.00,13,5,-46.22,6.92,39.00,27.00,0,0,0.00,0.01,0.35,0.05,0.00,0.00,0,0,0,
1754586787800,0,0,0,40,0,0,0.00,0.74,0.82,80,714,-64.00,-64.00,-64.00,-64.00,-64.00,-64.00,12,5,-46.22,6.92,39.00,26.00,0,0,0.00,0.01,0.35,0.05,0.00,0.00,0,0,0,
1754586788800,0,0,0,40,0,0,0.00,0.74,0.78,56,719,-64.00,-64.00,-64.00,-64.00,-64.00,-64.00,13,5,-46.22,6.92,39.00,26.00,0,1,0.00,0.01,0.35,0.05,0.00,0.00,1,0,0,
1754586789800,0,0,0,40,0,0,0.00,2.18,0.82,42,724,-64.00,-64.00,-64.00,-64.00,-64.00,-64.00,12,5,-46.22,6.92,39.00,27.00,0,3,0.00,0.01,0.35,0.05,0.00,0.00,3,0,0,
1754586790800,0,0,0,40,0,0,0.00,2.18,0.82,42,741,-64.00,-64.00,-64.00,-64.00,-64.00,-64.00,13,5,-46.22,6.92,38.50,27.00,0,3,0.00,0.01,0.35,0.05,0.00,0.00,3,0,0,
1754586791800,0,0,0,40,0,0,0.00,2.18,0.82,55,744,-64.00,-64.00,-64.00,-64.00,-64.00,-64.00,12,5,-46.22,6.92,39.00,24.00,0,3,0.00,0.00,0.34,0.05,0.00,0.00,3,0,0,
1754586792800,0,0,0,40,0,0,0.00,0.74,0.82,41,734,-64.00,-64.00,-64.00,-64.00,-64.00,-64.00,13,5,-46.22,6.92,37.50,27.00,0,2,0.00,0.00,0.34,0.05,0.00,0.00,2,0,0,
1754586793800,0,0,0,40,0,0,0.00,0.74,0.78,25,729,-64.00,-64.00,-64.00,-64.00,-64.00,-64.00,12,5,-46.22,6.92,38.50,25.00,0,2,0.00,0.00,0.34,0.05,0.00,0.00,2,0,0,
1754586794800,0,0,0,40,0,0,0.00,2.18,0.82,90,734,-64.00,-64.00,-64.00,-64.00,-64.00,-64.00,13,5,-46.22,6.92,38.00,27.00,0,0,0.00,0.00,0.34,0.05,0.00,0.00,0,0,0,
1754586795800,0,0,0,40,0,0,0.00,2.18,0.82,81,751,-64.00,-64.00,-64.00,-64.00,-64.00,-64.00,12,5,-46.22,6.92,38.50,30.00,0,1,0.00,0.00,0.34,0.05,0.00,0.00,1,0,0,
1754586796800,0,0,0,40,0,0,0.00,2.18,0.82,130,754,-64.00,-64.00,-64.00,-64.00,-64.00,-64.00,13,5,-46.22,6.92,39.50,26.00,0,0,0.00,0.00,0.34,0.05,0.00,0.00,0,0,0,
1754586797800,0,0,0,40,0,0,0.00,0.74,0.82,40,744,-64.00,-64.00,-64.00,-64.00,-64.00,-64.00,12,5,-46.22,6.92,39.50,27.00,0,0,0.00,0.00,0.33,0.05,0.00,0.00,0,0,0,
1754586798800,0,0,0,40,0,0,0.00,0.74,0.78,40,739,-64.00,-64.00,-64.00,-64.00,-64.00,-64.00,13,5,-46.22,6.92,39.50,27.00,0,0,0.00,0.00,0.33,0.05,0.00,0.00,0,0,0,
1754586799800,0,0,0,40,0,0,0.00,2.18,0.82,130,744,-64.00,-64.00,-64.00,-64.00,-64.00,-64.00,12,5,-46.22,6.92,39.50,25.00,0,0,0.00,0.00,0.33,0.05,0.00,0.00,0,0,0,
1754586800800,0,0,0,40,0,0,0.00,2.18,0.82,81,761,-64.00,-64.00,-64.00,-64.00,-64.00,-64.00,13,5,-46.22,6.92,39.00,26.00,0,1,0.00,0.00,0.33,0.05,0.00,0.00,1,0,0,
1754586801800,0,0,0,40,0,0,0.00,2.18,0.82,90,764,-64.00,-64.00,-64.00,-64.00,-64.00,-64.00,12,5,-46.22,6.92,39.00,26.00,0,0,0.00,0.00,0.33,0.05,0.00,0.00,0,0,0,
1754586802800,0,0,0,40,0,0,0.00,0.74,0.82,40,739,-64.00,-64.00,-64.00,-64.00,-64.00,-64.00,13,5,-46.22,6.92,37.50,24.00,0,0,0.00,0.00,0.33,0.05,0.00,0.00,0,0,0,
1754586803800,0,0,0,40,0,0,0.00,0.74,0.78,40,749,-64.08,-65.00,-64.00,-64.00,-64.00,-64.00,12,5,-46.30,6.92,38.00,26.00,0,0,0.00,0.00,0.33,0.05,0.00,0.00,0,0,0,
1754586804800,0,0,0,40,0,0,0.00,2.18,0.82,90,754,-64.00,-64.00,-64.00,-64.00,-64.00,-64.00,13,5,-46.22,6.92,39.00,26.00,0,0,0.00,0.00,0.32,0.05,0.00,0.00,0,0,0,
1754586805800,0,0,0,40,0,0,0.00,2.18,0.82,81,771,-64.42,-65.00,-65.00,-64.00,-64.00,-64.00,12,5,-46.64,6.91,37.50,27.00,0,1,0.00,0.00,0.32,0.05,0.00,0.00,1,0,0,
1754586806800,0,0,0,40,0,0,0.00,2.18,0.82,90,774,-64.23,-65.00,-64.00,-64.00,-64.00,-64.00,13,5,-46.45,6.91,38.00,25.00,0,0,0.00,0.00,0.32,0.05,0.00,0.00,0,0,0,
1754586807800,0,0,0,40,0,0,0.00,0.74,0.82,40,749,-64.00,-64.00,-64.00,-64.00,-64.00,-64.00,12,5,-46.22,6.92,38.50,27.00,0,0,0.00,0.00,0.32,0.05,0.00,0.00,0,0,0,
1754586808800,0,0,0,40,0,0,0.00,0.74,0.86,40,739,-64.00,-64.00,-64.00,-64.00,-64.00,-64.00,13,5,-46.22,6.92,38.50,30.00,1,0,0.00,0.00,0.32,0.05,0.00,0.00,0,0,0,
1754586809800,0,0,0,40,0,0,0.00,2.18,0.82,90,764,-64.00,-64.00,-64.00,-64.00,-64.00,-64.00,12,5,-46.22,6.92,38.50,26.00,1,0,0.00,0.00,0.32,0.05,0.00,0.00,0,0,0,
1754586810800,0,0,0,40,0,0,0.00,2.18,0.82,81,781,-64.08,-65.00,-64.00,-64.00,-64.00,-64.00,13,5,-46.30,6.92,39.00,23.00,1,1,0.00,0.00,0.32,0.05,0.00,0.00,1,0,0,
1754586811800,0,0,0,40,0,0,0.00,2.18,0.82,130,784,-64.00,-64.00,-64.00,-64.00,-64.00,-64.00,12,5,-46.22,6.92,59.50,25.00,1,0,0.00,0.00,0.31,0.05,0.00,0.00,0,0,0,
1754586812800,0,0,0,40,0,0,0.00,0.74,0.82,40,774,-64.00,-64.00,-64.00,-64.00,-64.00,-64.00,13,5,-46.22,6.92,39.00,26.00,0,0,0.00,0.00,0.31,0.05,0.00,0.00,0,0,0,
1754586813800,0,0,0,40,0,0,0.00,0.74,0.78,40,764,-64.00,-64.00,-64.00,-64.00,-64.00,-64.00,12,5,-46.22,6.92,38.50,23.00,2,0,0.00,0.00,0.31,0.05,0.00,0.00,0,0,0,
1754586814800,0,0,0,40,0,0,0.00,2.18,0.84,90,764,-64.00,-64.00,-64.00,-64.00,-64.00,-64.00,13,5,-46.22,6.92,59.50,24.00,0,0,0.00,0.00,0.31,0.05,0.00,0.00,0,0,0,
1754586815800,0,0,0,40,8,2,359.50,8.53,2.79,338,779,-64.00,-64.00,-64.00,-64.00,-64.00,-64.00,12,5,-46.22,6.92,38.50,23.00,1,0,0.00,0.00,0.31,0.05,0.00,0.00,0,0,0,
1754586816800,0,0,0,40,0,0,68.00,0.74,0.82,40,784,-64.00,-64.00,-64.00,-64.00,-64.00,-64.00,13,5,-46.22,6.92,38.50,22.00,1,0,0.00,0.00,0.31,0.05,0.00,0.00,0,0,0,
1754586817800,0,0,0,40,0,0,509.00,1.46,0.76,65,764,-64.00,-64.00,-64.00,-64.00,-64.00,-64.00,12,106,-32.96,205.86,19.00,21.00,0,0,0.00,0.03,0.31,0.05,0.00,0.00,0,0,0,
1754586818800,0,0,0,40,0,0,214.00,15.86,0.78,723,779,-64.15,-65.00,-64.00,-64.00,-64.00,-64.00,13,5,-46.37,6.92,59.50,26.00,0,0,0.00,0.01,0.30,0.05,0.00,0.00,0,0,0,
1754586819800,0,0,0,40,5,2,357.75,7.19,2.99,232,774,-64.25,-65.00,-64.50,-64.00,-64.00,-64.00,12,106,-33.21,205.10,18.50,26.00,0,0,0.00,0.01,0.30,0.05,0.00,0.00,0,0,0,
1754586820800,0,0,0,40,0,0,80.00,2.18,0.90,81,801,-64.15,-65.00,-64.00,-64.00,-64.00,-64.00,13,106,-33.11,205.39,18.50,24.00,0,0,0.00,0.01,0.30,0.05,0.00,0.00,0,0,0,
1754586821800,0,0,0,40,0,0,0.00,1.44,0.14,46,165,-64.25,-65.00,-64.50,-64.00,-64.00,-64.00,12,5,-46.47,6.91,38.00,24.00,0,0,0.00,0.01,0.30,0.05,0.00,0.00,0,0,0,
1754586822800,0,0,0,40,0,0,0.00,2.18,0.75,90,789,-64.54,-65.00,-65.00,-65.00,-64.00,-64.00,13,5,-46.76,6.90,37.50,23.00,0,1,0.00,0.00,0.30,0.05,0.00,0.00,1,0,0,
1754586823800,0,0,0,40,0,0,0.00,0.74,0.89,40,789,-64.33,-65.00,-65.00,-64.00,-64.00,-64.00,12,5,-46.55,6.91,39.00,25.00,0,0,0.00,0.00,0.30,0.05,0.00,0.00,0,0,0,
1754586824800,0,0,0,40,0,0,0.00,0.74,0.83,40,789,-64.38,-65.00,-65.00,-64.00,-64.00,-64.00,13,5,-46.60,6.91,39.00,23.00,0,0,0.00,0.00,0.30,0.05,0.00,0.00,0,0,0,
1754586825800,0,0,0,40,0,0,0.00,2.18,0.75,130,774,-64.50,-65.00,-65.00,-64.50,-64.00,-64.00,12,5,-46.72,6.90,38.50,28.00,0,1,0.00,0.00,0.30,0.05,0.00,0.00,1,0,0,
1754586826800,0,0,0,40,0,0,0.00,0.74,0.90,40,804,-64.62,-65.00,-65.00,-65.00,-64.00,-64.00,13,5,-46.83,6.90,39.00,24.00,0,0,0.00,0.00,0.29,0.05,0.00,0.00,0,0,0,
1754586827800,0,0,0,40,0,0,0.00,2.18,0.75,130,789,-64.75,-65.00,-65.00,-65.00,-64.50,-64.00,12,5,-46.97,6.89,39.00,28.00,0,1,0.00,0.00,0.29,0.05,0.00,0.00,1,0,0,
1754586828800,0,0,0,40,0,0,0.00,0.74,0.89,40,789,-64.85,-65.00,-65.00,-65.00,-65.00,-64.00,13,5,-47.06,6.89,38.00,23.00,0,0,0.00,0.00,0.29,0.05,0.00,0.00,0,0,0,
